stop_id	candidate_identity	seed_paper_id	parent_paper_id	depth	direction	decision_score	score_breakdown	architecture_question_ids	provider_name	provider_id	reason
STOP-G03-b928062731efcf01	PAPER-HASH-1deb2dfe1ee85c12	PAPER-0708.4284	PAPER-0708.4284	1	BACKWARD	0	ALG=0;MECH=0;ROLE=0;AGE=10;FALS=0	NONE	SemanticScholar	S2:9a5a7a1b13f51af9369ef4ddeb75bb8b5ff87e70	NO_DECISION_IMPACT
STOP-G03-4050bd0d004a4b0c	PAPER-HASH-294ea92d49c6de3d	PAPER-0708.4284	PAPER-0708.4284	1	BACKWARD	25	ALG=0;MECH=25;ROLE=0;AGE=0;FALS=0	AQ-003|AQ-004|AQ-006|AQ-008|AQ-010|AQ-011|AQ-012	SemanticScholar	S2:62b3718644aa59d23df6a17dbf81b93b5854c595	PER_SEED_DIRECTION_QUOTA
STOP-G03-e6e57b98cde1049f	PAPER-HASH-2b92f5eb4bc5c439	PAPER-0708.4284	PAPER-0708.4284	1	BACKWARD	65	ALG=40;MECH=25;ROLE=0;AGE=0;FALS=0	AQ-003|AQ-004|AQ-005|AQ-006|AQ-007|AQ-008|AQ-010|AQ-011|AQ-012	SemanticScholar	S2:c9bb3728b1e2afe09def0733caffcb99a68baef3	PER_SEED_DIRECTION_QUOTA
STOP-G03-0ce647e14f03490c	PAPER-HASH-3150deeb9f638a4c	PAPER-0708.4284	PAPER-0708.4284	1	BACKWARD	65	ALG=40;MECH=25;ROLE=0;AGE=0;FALS=0	AQ-003|AQ-004|AQ-005|AQ-006|AQ-007|AQ-008|AQ-010|AQ-011|AQ-012	SemanticScholar	S2:d04cc7932eeca4b4f2bd1a26a07acb91507e0f89	PER_SEED_DIRECTION_QUOTA
STOP-G03-fc0b10a726b870ea	PAPER-HASH-34e37b190bfe5b8b	PAPER-0708.4284	PAPER-0708.4284	1	BACKWARD	35	ALG=0;MECH=25;ROLE=0;AGE=10;FALS=0	AQ-002|AQ-006|AQ-009	SemanticScholar	S2:de211a0abd7d966a0980d9e196101272f5b9f335	PER_SEED_DIRECTION_QUOTA
STOP-G03-48f20604d8acb237	PAPER-HASH-4f7716c0ca82ce53	PAPER-0708.4284	PAPER-0708.4284	1	BACKWARD	35	ALG=0;MECH=25;ROLE=0;AGE=10;FALS=0	AQ-001|AQ-003|AQ-010	SemanticScholar	S2:e60cbae0a44a5b5d94888946ef2a15c7036ce853	PER_SEED_DIRECTION_QUOTA
STOP-G03-7c2e7f67e3ddd24b	PAPER-HASH-4fa8c10b0907aaa7	PAPER-0708.4284	PAPER-0708.4284	1	BACKWARD	25	ALG=0;MECH=25;ROLE=0;AGE=0;FALS=0	AQ-003|AQ-004|AQ-008|AQ-010|AQ-011|AQ-012	SemanticScholar	S2:9d2796bba8813e29013ba9874cd125aba9b8748f	PER_SEED_DIRECTION_QUOTA
STOP-G03-305f8c8f73e8cc4f	PAPER-HASH-c6919084606ae520	PAPER-0708.4284	PAPER-0708.4284	1	BACKWARD	25	ALG=0;MECH=25;ROLE=0;AGE=0;FALS=0	AQ-003|AQ-004|AQ-008|AQ-010|AQ-011|AQ-012	SemanticScholar	S2:71ce98cbb01319b2796a1fd6e2deb124df0cc975	PER_SEED_DIRECTION_QUOTA
STOP-G03-2350ebfa39051b2f	PAPER-HASH-ce0644a8e0c4ff44	PAPER-0708.4284	PAPER-0708.4284	1	BACKWARD	25	ALG=0;MECH=25;ROLE=0;AGE=0;FALS=0	AQ-003|AQ-004|AQ-005|AQ-006|AQ-008|AQ-011	SemanticScholar	S2:9386590554c429e80402c082e9d6a2398bcc36b3	PER_SEED_DIRECTION_QUOTA
STOP-G03-3694affd1e395a4e	PAPER-HASH-d9d5d6e0ca1dd8db	PAPER-0708.4284	PAPER-0708.4284	1	BACKWARD	25	ALG=0;MECH=25;ROLE=0;AGE=0;FALS=0	AQ-003|AQ-004|AQ-006|AQ-008|AQ-010|AQ-011|AQ-012	SemanticScholar	S2:c08dace68db893edb2b0a12fe7ee5ea34003b1e6	PER_SEED_DIRECTION_QUOTA
STOP-G03-3d108027fc328680	PAPER-HASH-f478915265c975b6	PAPER-0708.4284	PAPER-0708.4284	1	BACKWARD	65	ALG=40;MECH=25;ROLE=0;AGE=0;FALS=0	AQ-003|AQ-004|AQ-005|AQ-006|AQ-007|AQ-008|AQ-010|AQ-011|AQ-012	SemanticScholar	S2:d8a157b56e2ea876087f7bb9ebd44a44263b2e94	PER_SEED_DIRECTION_QUOTA
STOP-G03-620a9eda350ceab6	PAPER-HASH-fd9a39d57d32fc62	PAPER-0708.4284	PAPER-0708.4284	1	BACKWARD	35	ALG=0;MECH=25;ROLE=0;AGE=10;FALS=0	AQ-002|AQ-006|AQ-009	SemanticScholar	S2:d824406bc3175c7732e2c68bd4c1c989d65ef7bb	PER_SEED_DIRECTION_QUOTA
STOP-G03-3db08da5cec54273	PAPER-LEGACY-7ed88638a311b7f7	PAPER-0708.4284	PAPER-0708.4284	1	BACKWARD	65	ALG=40;MECH=25;ROLE=0;AGE=0;FALS=0	AQ-003|AQ-004|AQ-005|AQ-006|AQ-007|AQ-008|AQ-010|AQ-011|AQ-012	SemanticScholar	S2:499d7c0ba24163c8b42db6920ba45704bb71c28a	PER_SEED_DIRECTION_QUOTA
STOP-G03-6c665f25c433a44b	PAPER-HASH-dd6c988819324097	PAPER-0708.4284	PAPER-0708.4284	1	FORWARD	0	ALG=0;MECH=0;ROLE=0;AGE=0;FALS=0	NONE	SemanticScholar	S2:48afe2e40de892b877c14e8e24b12448776d3cd7	NO_DECISION_IMPACT
STOP-G03-158b444e393b3d69	PAPER-0709.3384	PAPER-0708.4284	PAPER-0708.4284	1	FORWARD	65	ALG=40;MECH=25;ROLE=0;AGE=0;FALS=0	AQ-003|AQ-004|AQ-005|AQ-006|AQ-007|AQ-008|AQ-010|AQ-011|AQ-012	SemanticScholar	S2:dd838a0de7c9533acf694c06a82ef338943edf25	PER_SEED_DIRECTION_QUOTA
STOP-G03-b98e0e16d80fc94f	PAPER-HASH-422ca7ab683afe50	PAPER-0708.4284	PAPER-0708.4284	1	FORWARD	25	ALG=0;MECH=25;ROLE=0;AGE=0;FALS=0	AQ-003|AQ-004|AQ-005|AQ-006|AQ-007|AQ-008|AQ-010|AQ-011|AQ-012	SemanticScholar	S2:43ab97f13d4bce1eab75023646e01531e49abdca	PER_SEED_DIRECTION_QUOTA
STOP-G03-1006a58accfbf560	PAPER-HASH-b13b639c5a157835	PAPER-0708.4284	PAPER-0708.4284	1	FORWARD	25	ALG=0;MECH=25;ROLE=0;AGE=0;FALS=0	AQ-001|AQ-006|AQ-008|AQ-009|AQ-010|AQ-011	SemanticScholar	S2:7749ddcc77861caf60ebaa0f78de2d7bac995550	PER_SEED_DIRECTION_QUOTA
STOP-G03-565ed96fcb724f47	PAPER-HASH-ec47d3fed28cc4f4	PAPER-0708.4284	PAPER-HASH-ec47d3fed28cc4f4	2	BACKWARD	75	ALG=40;MECH=25;ROLE=0;AGE=10;FALS=0	AQ-002|AQ-003|AQ-004|AQ-006|AQ-008|AQ-011|AQ-012	SemanticScholar	S2:2faa34cebd5b93601b85cd1f33010ea289660ab2	REQUEST_RETRY_RESERVE
STOP-G03-73ac42ee944a8e2f	PAPER-HASH-6b92d584bf9c06be	PAPER-0708.4284	PAPER-HASH-6b92d584bf9c06be	2	FORWARD	65	ALG=40;MECH=25;ROLE=0;AGE=0;FALS=0	AQ-003|AQ-004|AQ-005|AQ-006|AQ-007|AQ-008|AQ-011|AQ-012	SemanticScholar	S2:8f79e0f17435169351ce82495ef4b5e7572c22ff	REQUEST_RETRY_RESERVE
STOP-G03-3621bc818b2ae13b	PAPER-HASH-1d57c0e10433388b	PAPER-1304.4453	PAPER-1304.4453	1	BACKWARD	0	ALG=0;MECH=0;ROLE=0;AGE=0;FALS=0	NONE	SemanticScholar	S2:UNAVAILABLE:1d57c0e10433388b	NO_DECISION_IMPACT
STOP-G03-a949508165e84106	PAPER-HASH-fef93e594ebabfa7	PAPER-1304.4453	PAPER-1304.4453	1	BACKWARD	0	ALG=0;MECH=0;ROLE=0;AGE=0;FALS=0	NONE	SemanticScholar	S2:UNAVAILABLE:fef93e594ebabfa7	NO_DECISION_IMPACT
STOP-G03-64412877375c872b	PAPER-0709.2938	PAPER-1304.4453	PAPER-1304.4453	1	BACKWARD	65	ALG=40;MECH=25;ROLE=0;AGE=0;FALS=0	AQ-001|AQ-003|AQ-006|AQ-008|AQ-009|AQ-010	SemanticScholar	S2:69dc367c30240fcbbde0a2be04f16b02f2f7e73e	PER_SEED_DIRECTION_QUOTA
STOP-G03-9c3b355b53ffcd5b	PAPER-0803.0476	PAPER-1304.4453	PAPER-1304.4453	1	BACKWARD	65	ALG=40;MECH=25;ROLE=0;AGE=0;FALS=0	AQ-001|AQ-003|AQ-006|AQ-009|AQ-010	SemanticScholar	S2:274a4b1b7ef7811c5cbf9a2127b7dbd21244122a	PER_SEED_DIRECTION_QUOTA
STOP-G03-1eacb985a6b0ed35	PAPER-0805.4770	PAPER-1304.4453	PAPER-1304.4453	1	BACKWARD	65	ALG=40;MECH=25;ROLE=0;AGE=0;FALS=0	AQ-001|AQ-003|AQ-005|AQ-006|AQ-008|AQ-009|AQ-010|AQ-011|AQ-012	SemanticScholar	S2:3e0f02e92c6b148c45fc672095ac654000eec5e5	PER_SEED_DIRECTION_QUOTA
STOP-G03-d23ee6b85966c4f5	PAPER-0903.1072	PAPER-1304.4453	PAPER-1304.4453	1	BACKWARD	65	ALG=40;MECH=25;ROLE=0;AGE=0;FALS=0	AQ-001|AQ-002|AQ-003|AQ-004|AQ-006|AQ-007|AQ-008|AQ-009|AQ-010|AQ-011	SemanticScholar	S2:c39eb4343933a36f2fe6bd918ee5d057a25f3457	PER_SEED_DIRECTION_QUOTA
STOP-G03-af6f07dd0849edd2	PAPER-0906.0612	PAPER-1304.4453	PAPER-1304.4453	1	BACKWARD	65	ALG=40;MECH=25;ROLE=0;AGE=0;FALS=0	AQ-001|AQ-006|AQ-008|AQ-009	SemanticScholar	S2:9be428c9383d47b86570b1b9fc20faf006346c5d	PER_SEED_DIRECTION_QUOTA
STOP-G03-b3da08e9ef6c8c09	PAPER-1004.4268	PAPER-1304.4453	PAPER-1304.4453	1	BACKWARD	65	ALG=40;MECH=25;ROLE=0;AGE=0;FALS=0	AQ-003|AQ-006|AQ-008|AQ-009|AQ-010|AQ-012	SemanticScholar	S2:c8898d71fbe69bcefda01448e2efe87711b19baa	PER_SEED_DIRECTION_QUOTA
STOP-G03-70a92864fc7b7c18	PAPER-1006.5169	PAPER-1304.4453	PAPER-1304.4453	1	BACKWARD	25	ALG=0;MECH=25;ROLE=0;AGE=0;FALS=0	AQ-003|AQ-010	SemanticScholar	S2:ef8458353c245bbe3bcf81b055fe5313b93a9f66	PER_SEED_DIRECTION_QUOTA
STOP-G03-361e913098a6e8ab	PAPER-1210.3735	PAPER-1304.4453	PAPER-1304.4453	1	BACKWARD	65	ALG=40;MECH=25;ROLE=0;AGE=0;FALS=0	AQ-001|AQ-002|AQ-004|AQ-006|AQ-008|AQ-009|AQ-010|AQ-011|AQ-012	SemanticScholar	S2:1e297ee503aa2471d83e4a551a4b38dd7f97d301	PER_SEED_DIRECTION_QUOTA
STOP-G03-a3d112495dd68db0	PAPER-1303.1738	PAPER-1304.4453	PAPER-1304.4453	1	BACKWARD	65	ALG=40;MECH=25;ROLE=0;AGE=0;FALS=0	AQ-001|AQ-003|AQ-005|AQ-006|AQ-008|AQ-009|AQ-010	SemanticScholar	S2:8e696c74e7c02070cb2862578f3ab201c6e679aa	PER_SEED_DIRECTION_QUOTA
STOP-G03-15e23eaea2820e11	PAPER-1306.5268	PAPER-1304.4453	PAPER-1304.4453	1	BACKWARD	25	ALG=0;MECH=25;ROLE=0;AGE=0;FALS=0	AQ-002|AQ-003|AQ-006|AQ-008|AQ-009|AQ-010	SemanticScholar	S2:9cf873ddd05c06c235a61954e765f325b5f2509f	PER_SEED_DIRECTION_QUOTA
STOP-G03-3488eec1de3832f0	PAPER-1311.3144	PAPER-1304.4453	PAPER-1304.4453	1	BACKWARD	65	ALG=40;MECH=25;ROLE=0;AGE=0;FALS=0	AQ-002|AQ-004|AQ-006|AQ-008|AQ-009|AQ-012	SemanticScholar	S2:fc4a3dc48a1e209a87829919fb237c5c7f7ae357	PER_SEED_DIRECTION_QUOTA
STOP-G03-584f722cbf5e0db5	PAPER-1403.3005	PAPER-1304.4453	PAPER-1304.4453	1	BACKWARD	25	ALG=0;MECH=25;ROLE=0;AGE=0;FALS=0	AQ-002|AQ-003|AQ-006|AQ-008|AQ-009|AQ-010|AQ-011|AQ-012	SemanticScholar	S2:beec1f9a3a04465e2bc590dc291dc6a6902929f5	PER_SEED_DIRECTION_QUOTA
STOP-G03-0a57a1a22d4d48c5	PAPER-1404.4797	PAPER-1304.4453	PAPER-1304.4453	1	BACKWARD	65	ALG=40;MECH=25;ROLE=0;AGE=0;FALS=0	AQ-002|AQ-003|AQ-004|AQ-006|AQ-008|AQ-009|AQ-010|AQ-012	SemanticScholar	S2:f0c61e52d8c2aedad517bda9a8418f1ed77dc9ba	PER_SEED_DIRECTION_QUOTA
STOP-G03-ac5b27cc6482653f	PAPER-HASH-002fe4e490d7c173	PAPER-1304.4453	PAPER-1304.4453	1	BACKWARD	65	ALG=40;MECH=25;ROLE=0;AGE=0;FALS=0	AQ-001|AQ-006|AQ-008|AQ-009	SemanticScholar	S2:ea3dbf4a6828cbe215b3f198a06fd4b189364bc2	PER_SEED_DIRECTION_QUOTA
STOP-G03-e597b80cd4646c85	PAPER-HASH-1a7ee1e41117bf60	PAPER-1304.4453	PAPER-1304.4453	1	BACKWARD	65	ALG=40;MECH=25;ROLE=0;AGE=0;FALS=0	AQ-003|AQ-005|AQ-007|AQ-009|AQ-011	SemanticScholar	S2:UNAVAILABLE:1a7ee1e41117bf60	PER_SEED_DIRECTION_QUOTA
STOP-G03-025f39bf5f088bc4	PAPER-HASH-1aa4862b1b8f73fc	PAPER-1304.4453	PAPER-1304.4453	1	BACKWARD	65	ALG=40;MECH=25;ROLE=0;AGE=0;FALS=0	AQ-001|AQ-003|AQ-006|AQ-008|AQ-009	SemanticScholar	S2:UNAVAILABLE:1aa4862b1b8f73fc	PER_SEED_DIRECTION_QUOTA
STOP-G03-a487bd16e4e89b7f	PAPER-HASH-211264c87093001c	PAPER-1304.4453	PAPER-1304.4453	1	BACKWARD	65	ALG=40;MECH=25;ROLE=0;AGE=0;FALS=0	AQ-005|AQ-007|AQ-008|AQ-009|AQ-012	SemanticScholar	S2:UNAVAILABLE:211264c87093001c	PER_SEED_DIRECTION_QUOTA
STOP-G03-9d92f0ccd4391dd2	PAPER-HASH-2e1b2199afae691e	PAPER-1304.4453	PAPER-1304.4453	1	BACKWARD	65	ALG=40;MECH=25;ROLE=0;AGE=0;FALS=0	AQ-001|AQ-006|AQ-008|AQ-009	SemanticScholar	S2:3e8464dfec833b1629beb2dd04a6db816627b4c0	PER_SEED_DIRECTION_QUOTA
STOP-G03-60294668aa3d0977	PAPER-HASH-3c05c3684d66a85d	PAPER-1304.4453	PAPER-1304.4453	1	BACKWARD	65	ALG=40;MECH=25;ROLE=0;AGE=0;FALS=0	AQ-001|AQ-002|AQ-003|AQ-006|AQ-007|AQ-009|AQ-010|AQ-012	SemanticScholar	S2:a09dbe5284ce20b9c8bdfa9e5dfb187950399fd0	PER_SEED_DIRECTION_QUOTA
STOP-G03-2317505eb5a0f4b7	PAPER-HASH-3e089567cee59a18	PAPER-1304.4453	PAPER-1304.4453	1	BACKWARD	65	ALG=40;MECH=25;ROLE=0;AGE=0;FALS=0	AQ-001|AQ-002|AQ-003|AQ-006|AQ-008|AQ-009|AQ-010|AQ-011|AQ-012	SemanticScholar	S2:91d2375ca5e8a913aadb2b864231f8fc25f948dc	PER_SEED_DIRECTION_QUOTA
STOP-G03-5a8e1e77654c1568	PAPER-HASH-4832ffb9a1767215	PAPER-1304.4453	PAPER-1304.4453	1	BACKWARD	25	ALG=0;MECH=25;ROLE=0;AGE=0;FALS=0	AQ-002|AQ-005|AQ-006|AQ-010	SemanticScholar	S2:469754d5889487ce97fe5626a55739b48d5780de	PER_SEED_DIRECTION_QUOTA
STOP-G03-02fe655f6401013d	PAPER-HASH-4cdc661eef6742e3	PAPER-1304.4453	PAPER-1304.4453	1	BACKWARD	65	ALG=40;MECH=25;ROLE=0;AGE=0;FALS=0	AQ-001|AQ-003|AQ-004|AQ-005|AQ-006|AQ-008|AQ-009|AQ-010|AQ-011|AQ-012	SemanticScholar	S2:bb45aca206f08ba954cb7b18abc1c02209e43e73	PER_SEED_DIRECTION_QUOTA
STOP-G03-16fe8435caba7cab	PAPER-HASH-524997ea656b8401	PAPER-1304.4453	PAPER-1304.4453	1	BACKWARD	65	ALG=40;MECH=25;ROLE=0;AGE=0;FALS=0	AQ-004|AQ-005|AQ-006|AQ-012	SemanticScholar	S2:f99939c9c396de3ba12b3326c50dca00dab4060d	PER_SEED_DIRECTION_QUOTA
STOP-G03-1600cf4a0cefec5e	PAPER-HASH-538a72db1e18e84e	PAPER-1304.4453	PAPER-1304.4453	1	BACKWARD	25	ALG=0;MECH=25;ROLE=0;AGE=0;FALS=0	AQ-010	SemanticScholar	S2:331fb64d2076cc92223500094f10b799b0c81a6d	PER_SEED_DIRECTION_QUOTA
STOP-G03-1d20b42e18f61c3a	PAPER-HASH-5c29bd655b40c689	PAPER-1304.4453	PAPER-1304.4453	1	BACKWARD	65	ALG=40;MECH=25;ROLE=0;AGE=0;FALS=0	AQ-003|AQ-004|AQ-005|AQ-006|AQ-007|AQ-008|AQ-009|AQ-012	SemanticScholar	S2:f561159bf0e3450e5539091af30c7e50fb5a8d55	PER_SEED_DIRECTION_QUOTA
STOP-G03-1f22dad67d3741b9	PAPER-HASH-633603b78b81d800	PAPER-1304.4453	PAPER-1304.4453	1	BACKWARD	65	ALG=40;MECH=25;ROLE=0;AGE=0;FALS=0	AQ-001|AQ-003|AQ-004|AQ-005|AQ-006|AQ-007|AQ-008|AQ-009|AQ-010|AQ-011	SemanticScholar	S2:e332a1dc20966365d52a452ce69aa9107d7aa128	PER_SEED_DIRECTION_QUOTA
STOP-G03-3db2306e08f944c9	PAPER-HASH-64bb19e97656a6ce	PAPER-1304.4453	PAPER-1304.4453	1	BACKWARD	65	ALG=40;MECH=25;ROLE=0;AGE=0;FALS=0	AQ-002|AQ-004|AQ-005|AQ-006|AQ-008|AQ-009|AQ-012	SemanticScholar	S2:18e1b9e0a50d481c4c37482bd9f80a4c6ef83c4f	PER_SEED_DIRECTION_QUOTA
STOP-G03-a47a86e5bf337384	PAPER-HASH-6ebcb6ac1148163b	PAPER-1304.4453	PAPER-1304.4453	1	BACKWARD	65	ALG=40;MECH=25;ROLE=0;AGE=0;FALS=0	AQ-001|AQ-006|AQ-012	SemanticScholar	S2:34a5b0da794154767b110072f19974691ad608b2	PER_SEED_DIRECTION_QUOTA
STOP-G03-cc01312cc2fdfba4	PAPER-HASH-7af1f6c8dcf0f17c	PAPER-1304.4453	PAPER-1304.4453	1	BACKWARD	25	ALG=0;MECH=25;ROLE=0;AGE=0;FALS=0	AQ-003|AQ-004|AQ-008|AQ-011|AQ-012	SemanticScholar	S2:651d9e6d5d50aafcba897196222375ad2e8a38f5	PER_SEED_DIRECTION_QUOTA
STOP-G03-c5a8efae9eeab19a	PAPER-HASH-7f4ca6a2a6b18eed	PAPER-1304.4453	PAPER-1304.4453	1	BACKWARD	25	ALG=0;MECH=25;ROLE=0;AGE=0;FALS=0	AQ-009	SemanticScholar	S2:UNAVAILABLE:7f4ca6a2a6b18eed	PER_SEED_DIRECTION_QUOTA
STOP-G03-c20be4000bba313d	PAPER-HASH-886c6554f5a1f611	PAPER-1304.4453	PAPER-1304.4453	1	BACKWARD	65	ALG=40;MECH=25;ROLE=0;AGE=0;FALS=0	AQ-004|AQ-005|AQ-006|AQ-007|AQ-012	SemanticScholar	S2:1e75819e6532b25f7d2e5647798a29933ed7332c	PER_SEED_DIRECTION_QUOTA
STOP-G03-2c944274c9dcc5d8	PAPER-HASH-9b5f94f6f219a249	PAPER-1304.4453	PAPER-1304.4453	1	BACKWARD	65	ALG=40;MECH=25;ROLE=0;AGE=0;FALS=0	AQ-001|AQ-003|AQ-006|AQ-008|AQ-009|AQ-010	SemanticScholar	S2:6262bd246f32404ec289c311c6aab5654154923d	PER_SEED_DIRECTION_QUOTA
STOP-G03-9fcdf487f3f7aca7	PAPER-HASH-9ea0736d86e7a183	PAPER-1304.4453	PAPER-1304.4453	1	BACKWARD	65	ALG=40;MECH=25;ROLE=0;AGE=0;FALS=0	AQ-001|AQ-002|AQ-004|AQ-006|AQ-008|AQ-009|AQ-010|AQ-011|AQ-012	SemanticScholar	S2:e9e9b7324e528a3de483099fe106486ef8cd4c36	PER_SEED_DIRECTION_QUOTA
STOP-G03-50b44659e151f4dd	PAPER-HASH-9f83de0ce1fe3262	PAPER-1304.4453	PAPER-1304.4453	1	BACKWARD	65	ALG=40;MECH=25;ROLE=0;AGE=0;FALS=0	AQ-004|AQ-005|AQ-006|AQ-012	SemanticScholar	S2:71603a73b908c36bcf03c586319ea7e274634546	PER_SEED_DIRECTION_QUOTA
STOP-G03-c071be0f2f3cbec8	PAPER-HASH-a91fa3612a8e9a78	PAPER-1304.4453	PAPER-1304.4453	1	BACKWARD	25	ALG=0;MECH=25;ROLE=0;AGE=0;FALS=0	AQ-001|AQ-006|AQ-009|AQ-010|AQ-011	SemanticScholar	S2:UNAVAILABLE:a91fa3612a8e9a78	PER_SEED_DIRECTION_QUOTA
STOP-G03-e3849dcde854f3e5	PAPER-HASH-ca6bcce9b8b459c3	PAPER-1304.4453	PAPER-1304.4453	1	BACKWARD	65	ALG=40;MECH=25;ROLE=0;AGE=0;FALS=0	AQ-004|AQ-005|AQ-006|AQ-012	SemanticScholar	S2:4be8e86de6ecd38d0b5204476d296fcc70004568	PER_SEED_DIRECTION_QUOTA
STOP-G03-3b8184e6ae37b021	PAPER-HASH-cbfef6248a6f6eb4	PAPER-1304.4453	PAPER-1304.4453	1	BACKWARD	65	ALG=40;MECH=25;ROLE=0;AGE=0;FALS=0	AQ-001|AQ-002|AQ-005|AQ-006|AQ-008|AQ-009	SemanticScholar	S2:1267347de992c524b933040cb96fabb93cba1738	PER_SEED_DIRECTION_QUOTA
STOP-G03-d4f3d22741a8826a	PAPER-HASH-cebde7135ea0c096	PAPER-1304.4453	PAPER-1304.4453	1	BACKWARD	65	ALG=40;MECH=25;ROLE=0;AGE=0;FALS=0	AQ-001|AQ-002|AQ-003|AQ-006|AQ-007|AQ-009|AQ-010|AQ-012	SemanticScholar	S2:UNAVAILABLE:cebde7135ea0c096	PER_SEED_DIRECTION_QUOTA
STOP-G03-efa4cbed52d453e0	PAPER-HASH-d2b4b972a6de59aa	PAPER-1304.4453	PAPER-1304.4453	1	BACKWARD	65	ALG=40;MECH=25;ROLE=0;AGE=0;FALS=0	AQ-002|AQ-004|AQ-006|AQ-008|AQ-009|AQ-012	SemanticScholar	S2:bf6ac5741df9e815b514a4fd35d10a22b02607e8	PER_SEED_DIRECTION_QUOTA
STOP-G03-a7485b14b68a715a	PAPER-HASH-d9519fda260b6504	PAPER-1304.4453	PAPER-1304.4453	1	BACKWARD	65	ALG=40;MECH=25;ROLE=0;AGE=0;FALS=0	AQ-004|AQ-005|AQ-006|AQ-012	SemanticScholar	S2:be0127c2aea3ae3a2a1ab9a034d49514d2558ffa	PER_SEED_DIRECTION_QUOTA
STOP-G03-b959da4a769c50d5	PAPER-HASH-f8e1ccb3157bea14	PAPER-1304.4453	PAPER-1304.4453	1	BACKWARD	65	ALG=40;MECH=25;ROLE=0;AGE=0;FALS=0	AQ-001|AQ-006|AQ-008|AQ-009|AQ-010|AQ-011|AQ-012	SemanticScholar	S2:95b1f6ec9376dbe721f15b2f8357b7f5feb02a30	PER_SEED_DIRECTION_QUOTA
STOP-G03-59a7885a5d8b2602	PAPER-LEGACY-4740c7e29cc9ba86	PAPER-1304.4453	PAPER-1304.4453	1	BACKWARD	65	ALG=40;MECH=25;ROLE=0;AGE=0;FALS=0	AQ-001|AQ-006|AQ-007|AQ-008|AQ-009|AQ-010	SemanticScholar	S2:39433dcfe25535df4398742432f2fb11330b0097	PER_SEED_DIRECTION_QUOTA
STOP-G03-080b99308d942e02	PAPER-2010.10272	PAPER-1304.4453	PAPER-1304.4453	1	FORWARD	65	ALG=40;MECH=25;ROLE=0;AGE=0;FALS=0	AQ-001|AQ-002|AQ-003|AQ-004|AQ-006|AQ-008|AQ-009|AQ-010|AQ-012	SemanticScholar	S2:c01ffa412730b87c64c497f26c7a3e7a94d2302d	PER_SEED_DIRECTION_QUOTA
STOP-G03-75ea608a7ba88331	PAPER-2011.05954	PAPER-1304.4453	PAPER-1304.4453	1	FORWARD	65	ALG=40;MECH=25;ROLE=0;AGE=0;FALS=0	AQ-001|AQ-003|AQ-006|AQ-008|AQ-009|AQ-010	SemanticScholar	S2:1a54b9904383a31d422a284166b01544690cf3b0	PER_SEED_DIRECTION_QUOTA
STOP-G03-3c3473353403a3aa	PAPER-2011.06845	PAPER-1304.4453	PAPER-1304.4453	1	FORWARD	25	ALG=0;MECH=25;ROLE=0;AGE=0;FALS=0	AQ-001|AQ-011|AQ-012	SemanticScholar	S2:b6fdddfd5c89f654c98da4940198fdf114d18f22	PER_SEED_DIRECTION_QUOTA
STOP-G03-705e2cf3bc268cd8	PAPER-2103.03653	PAPER-1304.4453	PAPER-1304.4453	1	FORWARD	25	ALG=0;MECH=25;ROLE=0;AGE=0;FALS=0	AQ-010|AQ-011|AQ-012	SemanticScholar	S2:6957a14503962507e54ba81f6de389c1d4f3efc6	PER_SEED_DIRECTION_QUOTA
STOP-G03-f503005713586fb8	PAPER-2103.06145	PAPER-1304.4453	PAPER-1304.4453	1	FORWARD	65	ALG=40;MECH=25;ROLE=0;AGE=0;FALS=0	AQ-001|AQ-002|AQ-003|AQ-006|AQ-007|AQ-008|AQ-009|AQ-010|AQ-011|AQ-012	SemanticScholar	S2:90d6d1fa47700b23711d32b696fd4f4677b80c48	PER_SEED_DIRECTION_QUOTA
STOP-G03-81da8246d475b0e2	PAPER-2104.08107	PAPER-1304.4453	PAPER-1304.4453	1	FORWARD	65	ALG=40;MECH=25;ROLE=0;AGE=0;FALS=0	AQ-001|AQ-002|AQ-003|AQ-004|AQ-006|AQ-008|AQ-009|AQ-010|AQ-012	SemanticScholar	S2:2f0fb8948a1957d7b7e3e7a4bd3f1ef6eee3e9c7	PER_SEED_DIRECTION_QUOTA
STOP-G03-805b592cc90c974e	PAPER-2108.01731	PAPER-1304.4453	PAPER-1304.4453	1	FORWARD	65	ALG=40;MECH=25;ROLE=0;AGE=0;FALS=0	AQ-001|AQ-004|AQ-005|AQ-006|AQ-008|AQ-009|AQ-012	SemanticScholar	S2:d1ace46536cbcd308592152c500001ad01dbfd64	PER_SEED_DIRECTION_QUOTA
STOP-G03-6df29e8f12d0ba28	PAPER-2110.12511	PAPER-1304.4453	PAPER-1304.4453	1	FORWARD	65	ALG=40;MECH=25;ROLE=0;AGE=0;FALS=0	AQ-003|AQ-005|AQ-007|AQ-010	SemanticScholar	S2:0257095e3454425641671ab2017983d3fb1d7f80	PER_SEED_DIRECTION_QUOTA
STOP-G03-3c5f09b589aa184e	PAPER-2112.12704	PAPER-1304.4453	PAPER-1304.4453	1	FORWARD	65	ALG=40;MECH=25;ROLE=0;AGE=0;FALS=0	AQ-002|AQ-004|AQ-006|AQ-008|AQ-009|AQ-010|AQ-012	SemanticScholar	S2:0b5fc14b1621846639872d06b7c6ed9b9cae082c	PER_SEED_DIRECTION_QUOTA
STOP-G03-f61c9508be3c76c4	PAPER-2205.02485	PAPER-1304.4453	PAPER-1304.4453	1	FORWARD	25	ALG=0;MECH=25;ROLE=0;AGE=0;FALS=0	AQ-001|AQ-003|AQ-008|AQ-010|AQ-011	SemanticScholar	S2:9ef081b03cdcd2cbe1aec9fa13513613680237fa	PER_SEED_DIRECTION_QUOTA
STOP-G03-e0bbd66170d1f581	PAPER-2209.13355	PAPER-1304.4453	PAPER-1304.4453	1	FORWARD	25	ALG=0;MECH=25;ROLE=0;AGE=0;FALS=0	AQ-002|AQ-003|AQ-006|AQ-008|AQ-009|AQ-010|AQ-012	SemanticScholar	S2:3ba705dde6631f79030592bc6ca8a6faa5741cbd	PER_SEED_DIRECTION_QUOTA
STOP-G03-42a7fc3dbaae58e4	PAPER-2210.03211	PAPER-1304.4453	PAPER-1304.4453	1	FORWARD	65	ALG=40;MECH=25;ROLE=0;AGE=0;FALS=0	AQ-001|AQ-002|AQ-006|AQ-008|AQ-009|AQ-010|AQ-011	SemanticScholar	S2:06169781b5ace9d24eace02c051b7f38a683359c	PER_SEED_DIRECTION_QUOTA
STOP-G03-ad7910df6a6a84b6	PAPER-2301.03032	PAPER-1304.4453	PAPER-1304.4453	1	FORWARD	65	ALG=40;MECH=25;ROLE=0;AGE=0;FALS=0	AQ-002|AQ-003|AQ-004|AQ-005|AQ-006|AQ-007|AQ-008|AQ-009|AQ-010|AQ-011|AQ-012	SemanticScholar	S2:9e31989b5d817bd13a76d727907ddca7c736a288	PER_SEED_DIRECTION_QUOTA
STOP-G03-805d4f7db6fbb195	PAPER-2303.17679	PAPER-1304.4453	PAPER-1304.4453	1	FORWARD	65	ALG=40;MECH=25;ROLE=0;AGE=0;FALS=0	AQ-002|AQ-004|AQ-006|AQ-008|AQ-009|AQ-010|AQ-012	SemanticScholar	S2:e2437cb57fc293a8b8c7f18927558435f11d73e6	PER_SEED_DIRECTION_QUOTA
STOP-G03-9370eae7c17fc2dc	PAPER-2312.08140	PAPER-1304.4453	PAPER-1304.4453	1	FORWARD	65	ALG=40;MECH=25;ROLE=0;AGE=0;FALS=0	AQ-001|AQ-002|AQ-003|AQ-004|AQ-006|AQ-008|AQ-009|AQ-010|AQ-011|AQ-012	SemanticScholar	S2:3c309750e6922f1c2be222dfc18ee830fb889279	PER_SEED_DIRECTION_QUOTA
STOP-G03-9fc65831ff383c3f	PAPER-2403.01261	PAPER-1304.4453	PAPER-1304.4453	1	FORWARD	65	ALG=40;MECH=25;ROLE=0;AGE=0;FALS=0	AQ-001|AQ-002|AQ-004|AQ-006|AQ-008|AQ-009|AQ-011|AQ-012	SemanticScholar	S2:fd3ac406229e7d839f27cf1be046bc748b95a17a	PER_SEED_DIRECTION_QUOTA
STOP-G03-0e0da1c76e7ca578	PAPER-2411.02268	PAPER-1304.4453	PAPER-1304.4453	1	FORWARD	65	ALG=40;MECH=25;ROLE=0;AGE=0;FALS=0	AQ-001|AQ-003|AQ-006|AQ-007|AQ-008|AQ-009|AQ-010	SemanticScholar	S2:3c4cc1d293b1c5a28f0f931e53f2d8dc713290bf	PER_SEED_DIRECTION_QUOTA
STOP-G03-8a18af7d6dc940b6	PAPER-2411.10290	PAPER-1304.4453	PAPER-1304.4453	1	FORWARD	65	ALG=40;MECH=25;ROLE=0;AGE=0;FALS=0	AQ-002|AQ-003|AQ-004|AQ-005|AQ-006|AQ-008|AQ-009|AQ-010|AQ-011|AQ-012	SemanticScholar	S2:3341caa46eaaa214841f9e20ffcb5f0e8a8fb550	PER_SEED_DIRECTION_QUOTA
STOP-G03-b8742c36c67080fa	PAPER-2412.12382	PAPER-1304.4453	PAPER-1304.4453	1	FORWARD	65	ALG=40;MECH=25;ROLE=0;AGE=0;FALS=0	AQ-001|AQ-005|AQ-006|AQ-008|AQ-009|AQ-011|AQ-012	SemanticScholar	S2:6fe0a58ddcd50640ae8a3a334d76fd11f5071284	PER_SEED_DIRECTION_QUOTA
STOP-G03-644fb767d8f9445c	PAPER-2504.17615	PAPER-1304.4453	PAPER-1304.4453	1	FORWARD	65	ALG=40;MECH=25;ROLE=0;AGE=0;FALS=0	AQ-002|AQ-003|AQ-004|AQ-006|AQ-008|AQ-009|AQ-010|AQ-011|AQ-012	SemanticScholar	S2:29f87b7f8be88fe98d4f270b0f84cf6cf268d341	PER_SEED_DIRECTION_QUOTA
STOP-G03-9ac9deb41850d22a	PAPER-2507.06471	PAPER-1304.4453	PAPER-1304.4453	1	FORWARD	65	ALG=40;MECH=25;ROLE=0;AGE=0;FALS=0	AQ-001|AQ-006|AQ-008|AQ-009	SemanticScholar	S2:7350c1aae1086736868570095c263be3aed550a1	PER_SEED_DIRECTION_QUOTA
STOP-G03-fb04129b24ff0c63	PAPER-HASH-05b5423f3f17b92e	PAPER-1304.4453	PAPER-1304.4453	1	FORWARD	65	ALG=40;MECH=25;ROLE=0;AGE=0;FALS=0	AQ-002|AQ-003|AQ-004|AQ-007|AQ-008|AQ-009|AQ-010|AQ-011|AQ-012	SemanticScholar	S2:57232ec6295b219bbee25fa3421b9be3a42431b2	PER_SEED_DIRECTION_QUOTA
STOP-G03-131da6ffe19f1cd3	PAPER-HASH-0bde26ae57a7447d	PAPER-1304.4453	PAPER-1304.4453	1	FORWARD	25	ALG=0;MECH=25;ROLE=0;AGE=0;FALS=0	AQ-002|AQ-003|AQ-005|AQ-008|AQ-009|AQ-010|AQ-011|AQ-012	SemanticScholar	S2:42de064d6edc267bf56e4adfaf6f6ed61ab537b0	PER_SEED_DIRECTION_QUOTA
STOP-G03-18cdbdd01c9724d4	PAPER-HASH-0f9926f9a65de004	PAPER-1304.4453	PAPER-1304.4453	1	FORWARD	65	ALG=40;MECH=25;ROLE=0;AGE=0;FALS=0	AQ-002|AQ-004|AQ-006|AQ-008|AQ-009|AQ-011|AQ-012	SemanticScholar	S2:11e734e06e66d1b423453983877a48cf37b9b522	PER_SEED_DIRECTION_QUOTA
STOP-G03-26dd91aa717fd440	PAPER-HASH-12e431bd7656f390	PAPER-1304.4453	PAPER-1304.4453	1	FORWARD	65	ALG=40;MECH=25;ROLE=0;AGE=0;FALS=0	AQ-001|AQ-004|AQ-006|AQ-008|AQ-009|AQ-012	SemanticScholar	S2:55e36a03bdb922b7c8648785d33313a2fb79e808	PER_SEED_DIRECTION_QUOTA
STOP-G03-98f52b74244140ac	PAPER-HASH-2402a12a8775517b	PAPER-1304.4453	PAPER-1304.4453	1	FORWARD	65	ALG=40;MECH=25;ROLE=0;AGE=0;FALS=0	AQ-001|AQ-002|AQ-003|AQ-005|AQ-006|AQ-007|AQ-008|AQ-009	SemanticScholar	S2:e76856d0ef10c929238a0184304aa4ee0fdec56f	PER_SEED_DIRECTION_QUOTA
STOP-G03-c855dcddd620d78c	PAPER-HASH-34d8078e741492d5	PAPER-1304.4453	PAPER-1304.4453	1	FORWARD	65	ALG=40;MECH=25;ROLE=0;AGE=0;FALS=0	AQ-001|AQ-002|AQ-003|AQ-004|AQ-005|AQ-006|AQ-007|AQ-008|AQ-009|AQ-010|AQ-011|AQ-012	SemanticScholar	S2:ea1818da50951c6194de0cdaf33a1d78a6e5b0aa	PER_SEED_DIRECTION_QUOTA
STOP-G03-de9f215a8d9e31e7	PAPER-HASH-3c6d7bfee8c60d14	PAPER-1304.4453	PAPER-1304.4453	1	FORWARD	65	ALG=40;MECH=25;ROLE=0;AGE=0;FALS=0	AQ-002|AQ-006|AQ-012	SemanticScholar	S2:28b5ded28f12628fb89af55fbca3f7e35930639e	PER_SEED_DIRECTION_QUOTA
STOP-G03-69f205ab9044a350	PAPER-HASH-483d11d1f63ca99b	PAPER-1304.4453	PAPER-1304.4453	1	FORWARD	25	ALG=0;MECH=25;ROLE=0;AGE=0;FALS=0	AQ-001|AQ-003|AQ-009|AQ-010|AQ-011|AQ-012	SemanticScholar	S2:955b61749d9fc7510696931cdf619bd3f1db8379	PER_SEED_DIRECTION_QUOTA
STOP-G03-b8ed4b80e998fedf	PAPER-HASH-4849b700ce9394f0	PAPER-1304.4453	PAPER-1304.4453	1	FORWARD	65	ALG=40;MECH=25;ROLE=0;AGE=0;FALS=0	AQ-001|AQ-003|AQ-006|AQ-008|AQ-009|AQ-010	SemanticScholar	S2:4bef3229d5d40906d76db678f41863633c7ba22e	PER_SEED_DIRECTION_QUOTA
STOP-G03-a2b19ea9f13726c5	PAPER-HASH-49d021045342fc96	PAPER-1304.4453	PAPER-1304.4453	1	FORWARD	65	ALG=40;MECH=25;ROLE=0;AGE=0;FALS=0	AQ-002|AQ-003|AQ-004|AQ-006|AQ-008|AQ-010|AQ-011	SemanticScholar	S2:9e983248a04436f12b4c9d680652fe3b63b845a1	PER_SEED_DIRECTION_QUOTA
STOP-G03-a622084001ce3fd8	PAPER-HASH-4dc87a3fa26b767a	PAPER-1304.4453	PAPER-1304.4453	1	FORWARD	65	ALG=40;MECH=25;ROLE=0;AGE=0;FALS=0	AQ-001|AQ-003|AQ-006|AQ-007|AQ-008|AQ-009|AQ-010|AQ-011	SemanticScholar	S2:d189b531388a6b82370f99c8a9cb9182f7f30697	PER_SEED_DIRECTION_QUOTA
STOP-G03-03eebb0fbb9a7c49	PAPER-HASH-5033bfd43d4ffe53	PAPER-1304.4453	PAPER-1304.4453	1	FORWARD	65	ALG=40;MECH=25;ROLE=0;AGE=0;FALS=0	AQ-001|AQ-006|AQ-008|AQ-009	SemanticScholar	S2:3232a9bc382cea8503862a7af8b6b8848b9a9d08	PER_SEED_DIRECTION_QUOTA
STOP-G03-9b1dc9cdf0792bca	PAPER-HASH-5309504f962afa2b	PAPER-1304.4453	PAPER-1304.4453	1	FORWARD	65	ALG=40;MECH=25;ROLE=0;AGE=0;FALS=0	AQ-001|AQ-006|AQ-009	SemanticScholar	S2:5df757a4638036f2e3d858026ea7fb0d60f3dad4	PER_SEED_DIRECTION_QUOTA
STOP-G03-6893f9a57f92112c	PAPER-HASH-56a017dd4fe2c454	PAPER-1304.4453	PAPER-1304.4453	1	FORWARD	65	ALG=40;MECH=25;ROLE=0;AGE=0;FALS=0	AQ-001|AQ-003|AQ-006|AQ-008|AQ-009|AQ-010|AQ-012	SemanticScholar	S2:0c94536da93dde613516083aef63b29ea3d59523	PER_SEED_DIRECTION_QUOTA
STOP-G03-893d8387b0e42c10	PAPER-HASH-5924fd1684c1bcae	PAPER-1304.4453	PAPER-1304.4453	1	FORWARD	65	ALG=40;MECH=25;ROLE=0;AGE=0;FALS=0	AQ-001|AQ-003|AQ-005|AQ-006|AQ-008|AQ-009|AQ-010	SemanticScholar	S2:4b72c16db191f13011f599bf1e2f83d01eee16b3	PER_SEED_DIRECTION_QUOTA
STOP-G03-0a3ebf4f3db7087a	PAPER-HASH-61748078e4f7a9d4	PAPER-1304.4453	PAPER-1304.4453	1	FORWARD	80	ALG=40;MECH=25;ROLE=15;AGE=0;FALS=0	AQ-001|AQ-006|AQ-008|AQ-009	SemanticScholar	S2:957dc98e96c2c98819913277709c65356e701495	PER_SEED_DIRECTION_QUOTA
STOP-G03-178cb238f5dac540	PAPER-HASH-61f3b261de657e17	PAPER-1304.4453	PAPER-1304.4453	1	FORWARD	65	ALG=40;MECH=25;ROLE=0;AGE=0;FALS=0	AQ-002|AQ-003|AQ-005|AQ-008|AQ-010|AQ-011|AQ-012	SemanticScholar	S2:839db1a6529346759bb03446a231b60bcc5ea10e	PER_SEED_DIRECTION_QUOTA
STOP-G03-d27f7e6465b9b95e	PAPER-HASH-65d3c75f209d0636	PAPER-1304.4453	PAPER-1304.4453	1	FORWARD	65	ALG=40;MECH=25;ROLE=0;AGE=0;FALS=0	AQ-001|AQ-002|AQ-004|AQ-005|AQ-006|AQ-007|AQ-008|AQ-009|AQ-011|AQ-012	SemanticScholar	S2:1ee769b51c89ac2035de66d534a43579b6b582e9	PER_SEED_DIRECTION_QUOTA
STOP-G03-548b32f5dd64b603	PAPER-HASH-66898595afbfc312	PAPER-1304.4453	PAPER-1304.4453	1	FORWARD	65	ALG=40;MECH=25;ROLE=0;AGE=0;FALS=0	AQ-002|AQ-004|AQ-006|AQ-008|AQ-009|AQ-012	SemanticScholar	S2:84ff0f2c1da5a161b1a3851434c439d864939c76	PER_SEED_DIRECTION_QUOTA
STOP-G03-0ec8ed20d70f09bb	PAPER-HASH-7646431d5343a2c4	PAPER-1304.4453	PAPER-1304.4453	1	FORWARD	65	ALG=40;MECH=25;ROLE=0;AGE=0;FALS=0	AQ-003|AQ-004|AQ-005|AQ-006|AQ-007|AQ-008|AQ-009|AQ-011|AQ-012	SemanticScholar	S2:28bf200108a8a3e98e75d3ba20ce4921a724f2b8	PER_SEED_DIRECTION_QUOTA
STOP-G03-73b46f5a15df6a99	PAPER-HASH-79829a956b270c7b	PAPER-1304.4453	PAPER-1304.4453	1	FORWARD	65	ALG=40;MECH=25;ROLE=0;AGE=0;FALS=0	AQ-001|AQ-003|AQ-004|AQ-006|AQ-007|AQ-008|AQ-009|AQ-010|AQ-011|AQ-012	SemanticScholar	S2:bc8f73c8828c786ceaf7776d555bdcb178797970	PER_SEED_DIRECTION_QUOTA
STOP-G03-40bd54a8db4df742	PAPER-HASH-7a36d24367f13a6f	PAPER-1304.4453	PAPER-1304.4453	1	FORWARD	65	ALG=40;MECH=25;ROLE=0;AGE=0;FALS=0	AQ-001|AQ-002|AQ-003|AQ-004|AQ-005|AQ-006|AQ-008|AQ-009|AQ-010|AQ-011|AQ-012	SemanticScholar	S2:43f8e7f34f3feafbff7ceb0c3cb4f9d192037068	PER_SEED_DIRECTION_QUOTA
STOP-G03-cddccb7265989add	PAPER-HASH-80b4df473d634c92	PAPER-1304.4453	PAPER-1304.4453	1	FORWARD	65	ALG=40;MECH=25;ROLE=0;AGE=0;FALS=0	AQ-003|AQ-004|AQ-005|AQ-006|AQ-012	SemanticScholar	S2:d7163c218d6d84d77fe6870ce63ffa728579a46c	PER_SEED_DIRECTION_QUOTA
STOP-G03-34f5c6125588f0bd	PAPER-HASH-8a2800795fbc0bce	PAPER-1304.4453	PAPER-1304.4453	1	FORWARD	65	ALG=40;MECH=25;ROLE=0;AGE=0;FALS=0	AQ-001|AQ-002|AQ-003|AQ-007|AQ-008|AQ-009|AQ-010|AQ-011|AQ-012	SemanticScholar	S2:e5605c21b8b141d93ddeaa04611115359635fdcf	PER_SEED_DIRECTION_QUOTA
STOP-G03-c5f2344ef983094e	PAPER-HASH-90d06cf37e12786d	PAPER-1304.4453	PAPER-1304.4453	1	FORWARD	65	ALG=40;MECH=25;ROLE=0;AGE=0;FALS=0	AQ-001|AQ-006|AQ-008|AQ-009	SemanticScholar	S2:ac28ee3ace5f38f67371e01e865c8e478534b9e6	PER_SEED_DIRECTION_QUOTA
STOP-G03-8499065efcad7d59	PAPER-HASH-93c16cc3af02ea73	PAPER-1304.4453	PAPER-1304.4453	1	FORWARD	65	ALG=40;MECH=25;ROLE=0;AGE=0;FALS=0	AQ-001|AQ-002|AQ-003|AQ-004|AQ-006|AQ-008|AQ-009|AQ-010|AQ-011|AQ-012	SemanticScholar	S2:250f70e12ca5b8cd76e2a83b373b28b4e903757c	PER_SEED_DIRECTION_QUOTA
STOP-G03-aa2ff824b2b6dd03	PAPER-HASH-96d72fa289fd74d8	PAPER-1304.4453	PAPER-1304.4453	1	FORWARD	25	ALG=0;MECH=25;ROLE=0;AGE=0;FALS=0	AQ-001|AQ-008|AQ-010	SemanticScholar	S2:3d432179b3e124950be9c1f17d3485ce23abfcb7	PER_SEED_DIRECTION_QUOTA
STOP-G03-7f1360d4c7d0f322	PAPER-HASH-99961c9904981f0f	PAPER-1304.4453	PAPER-1304.4453	1	FORWARD	65	ALG=40;MECH=25;ROLE=0;AGE=0;FALS=0	AQ-001|AQ-006|AQ-008|AQ-009|AQ-011|AQ-012	SemanticScholar	S2:abe9745a482817a96f7d7f3b899055bcfa05820b	PER_SEED_DIRECTION_QUOTA
STOP-G03-384863b150811779	PAPER-HASH-9f824ff9bbe9428e	PAPER-1304.4453	PAPER-1304.4453	1	FORWARD	65	ALG=40;MECH=25;ROLE=0;AGE=0;FALS=0	AQ-001|AQ-006|AQ-008|AQ-009	SemanticScholar	S2:1111a0b43fc370cb29664569857e735c1bf1cdcb	PER_SEED_DIRECTION_QUOTA
STOP-G03-8f5494bf5c0ab45f	PAPER-HASH-a256c5540a98dfc3	PAPER-1304.4453	PAPER-1304.4453	1	FORWARD	65	ALG=40;MECH=25;ROLE=0;AGE=0;FALS=0	AQ-001|AQ-006|AQ-008|AQ-009|AQ-011|AQ-012	SemanticScholar	S2:9836abfc103eb97cc0169b0933279f77f6b63490	PER_SEED_DIRECTION_QUOTA
STOP-G03-4e1b0700adfd9af7	PAPER-HASH-a3d2008c597de7b3	PAPER-1304.4453	PAPER-1304.4453	1	FORWARD	65	ALG=40;MECH=25;ROLE=0;AGE=0;FALS=0	AQ-001|AQ-003|AQ-006|AQ-008|AQ-009|AQ-010|AQ-011|AQ-012	SemanticScholar	S2:f31e596956ace804a05f2e7755f628064cd7ea1c	PER_SEED_DIRECTION_QUOTA
STOP-G03-2fbc61e13c0b0127	PAPER-HASH-ac8e8d3de01011c3	PAPER-1304.4453	PAPER-1304.4453	1	FORWARD	25	ALG=0;MECH=25;ROLE=0;AGE=0;FALS=0	AQ-002|AQ-006|AQ-008|AQ-009|AQ-010|AQ-011|AQ-012	SemanticScholar	S2:889181f63fd388b43288375279425bf606ec9975	PER_SEED_DIRECTION_QUOTA
STOP-G03-d2833d04e6359752	PAPER-HASH-acdaad2ee2341eba	PAPER-1304.4453	PAPER-1304.4453	1	FORWARD	25	ALG=0;MECH=25;ROLE=0;AGE=0;FALS=0	AQ-001|AQ-009|AQ-011	SemanticScholar	S2:4409ac54aa8379eb604e2a49aa9e74ce7e796ce6	PER_SEED_DIRECTION_QUOTA
STOP-G03-3951cc55c0fcffe4	PAPER-HASH-afc041354b1ec6c4	PAPER-1304.4453	PAPER-1304.4453	1	FORWARD	65	ALG=40;MECH=25;ROLE=0;AGE=0;FALS=0	AQ-001|AQ-003|AQ-006|AQ-008|AQ-009|AQ-010	SemanticScholar	S2:ed2755b92eeeaf5545f46d1692e2539527972fac	PER_SEED_DIRECTION_QUOTA
STOP-G03-950a77240828f2b8	PAPER-HASH-bd89b7a4872ff6b5	PAPER-1304.4453	PAPER-1304.4453	1	FORWARD	65	ALG=40;MECH=25;ROLE=0;AGE=0;FALS=0	AQ-001|AQ-006|AQ-008|AQ-009|AQ-010|AQ-011	SemanticScholar	S2:89435161158c851fc39766f5f6d7a7536a0fa968	PER_SEED_DIRECTION_QUOTA
STOP-G03-52caa7a2fe4c9577	PAPER-HASH-bf5077d963f99d24	PAPER-1304.4453	PAPER-1304.4453	1	FORWARD	65	ALG=40;MECH=25;ROLE=0;AGE=0;FALS=0	AQ-001|AQ-003|AQ-006|AQ-008|AQ-009|AQ-010|AQ-011|AQ-012	SemanticScholar	S2:1a8a02d7e943d4adfa2aba1cb62e2d5c5a339635	PER_SEED_DIRECTION_QUOTA
STOP-G03-7cfc599dc7942954	PAPER-HASH-ceffe6ea425b7239	PAPER-1304.4453	PAPER-1304.4453	1	FORWARD	65	ALG=40;MECH=25;ROLE=0;AGE=0;FALS=0	AQ-001|AQ-002|AQ-003|AQ-004|AQ-006|AQ-008|AQ-009|AQ-010|AQ-011|AQ-012	SemanticScholar	S2:3e1e3e1500be94e484d4bc7842924bbd8eb225bb	PER_SEED_DIRECTION_QUOTA
STOP-G03-04d66111ccf9679c	PAPER-HASH-d3f7f82cf6af604b	PAPER-1304.4453	PAPER-1304.4453	1	FORWARD	65	ALG=40;MECH=25;ROLE=0;AGE=0;FALS=0	AQ-001|AQ-006|AQ-008|AQ-009	SemanticScholar	S2:d9e812f67b488bfbb8f08398e85312c4876844c0	PER_SEED_DIRECTION_QUOTA
STOP-G03-bdcfc475583524f3	PAPER-HASH-d5b94a479eaddcef	PAPER-1304.4453	PAPER-1304.4453	1	FORWARD	40	ALG=40;MECH=0;ROLE=0;AGE=0;FALS=0	AQ-004|AQ-006	SemanticScholar	S2:8a6d6653723cecc167fbec5311aac111fb93b1e1	PER_SEED_DIRECTION_QUOTA
STOP-G03-e79c52a300d4a6d1	PAPER-HASH-d6f4d26f5409007f	PAPER-1304.4453	PAPER-1304.4453	1	FORWARD	65	ALG=40;MECH=25;ROLE=0;AGE=0;FALS=0	AQ-001|AQ-002|AQ-004|AQ-005|AQ-006|AQ-007|AQ-008|AQ-009|AQ-010|AQ-011|AQ-012	SemanticScholar	S2:a1e847bab3d3587aa161ecf211a45ea937045d5e	PER_SEED_DIRECTION_QUOTA
STOP-G03-b10e5834664b15dc	PAPER-HASH-dc111a18990e6546	PAPER-1304.4453	PAPER-1304.4453	1	FORWARD	65	ALG=40;MECH=25;ROLE=0;AGE=0;FALS=0	AQ-001|AQ-002|AQ-003|AQ-005|AQ-006|AQ-009|AQ-010	SemanticScholar	S2:fb78688f175a1de37fedf91323cceb093fa71b14	PER_SEED_DIRECTION_QUOTA
STOP-G03-5f2f9cacca6d5797	PAPER-HASH-e3316ce7aa6938a1	PAPER-1304.4453	PAPER-1304.4453	1	FORWARD	65	ALG=40;MECH=25;ROLE=0;AGE=0;FALS=0	AQ-001|AQ-002|AQ-006|AQ-008|AQ-009|AQ-010|AQ-011|AQ-012	SemanticScholar	S2:88876524a72983a372b74686a2d7f4fc22ec72ce	PER_SEED_DIRECTION_QUOTA
STOP-G03-da0d47d028b271f0	PAPER-HASH-e394b315f218ae99	PAPER-1304.4453	PAPER-1304.4453	1	FORWARD	65	ALG=40;MECH=25;ROLE=0;AGE=0;FALS=0	AQ-001|AQ-003|AQ-005|AQ-006|AQ-010	SemanticScholar	S2:3da967063ea0ef9e769c739d05d9ddc1f48f3b08	PER_SEED_DIRECTION_QUOTA
STOP-G03-0b6ff9ca6989dc6d	PAPER-HASH-e7b018aae7ca91af	PAPER-1304.4453	PAPER-1304.4453	1	FORWARD	65	ALG=40;MECH=25;ROLE=0;AGE=0;FALS=0	AQ-004|AQ-005|AQ-006|AQ-007|AQ-012	SemanticScholar	S2:17c0baedc1f26d2b9435d3a80d3e6d3eae773759	PER_SEED_DIRECTION_QUOTA
STOP-G03-7d599d1f13dc623a	PAPER-HASH-e884c9a86e4b6638	PAPER-1304.4453	PAPER-1304.4453	1	FORWARD	65	ALG=40;MECH=25;ROLE=0;AGE=0;FALS=0	AQ-001|AQ-006|AQ-008|AQ-009	SemanticScholar	S2:d1507da63bb1f5fb083c1e69155c0847aa8e8cc6	PER_SEED_DIRECTION_QUOTA
STOP-G03-3bf9539e2c7e62a4	PAPER-HASH-f018302761f7f335	PAPER-1304.4453	PAPER-1304.4453	1	FORWARD	65	ALG=40;MECH=25;ROLE=0;AGE=0;FALS=0	AQ-001|AQ-003|AQ-004|AQ-006|AQ-008|AQ-009|AQ-010	SemanticScholar	S2:0976a48bf05de1b4fe875c2dcdda199bcbcee992	PER_SEED_DIRECTION_QUOTA
STOP-G03-c74bf96b34ac0640	PAPER-HASH-f2dbcfb3d89ade2c	PAPER-1304.4453	PAPER-1304.4453	1	FORWARD	65	ALG=40;MECH=25;ROLE=0;AGE=0;FALS=0	AQ-001|AQ-003|AQ-006|AQ-008|AQ-009|AQ-010|AQ-011|AQ-012	SemanticScholar	S2:9fbdf0b058ff6f6b07f1852f704f98d9394c1b99	PER_SEED_DIRECTION_QUOTA
STOP-G03-eb51f41fa5ec540b	PAPER-HASH-f7bd45068b2bfca8	PAPER-1304.4453	PAPER-1304.4453	1	FORWARD	65	ALG=40;MECH=25;ROLE=0;AGE=0;FALS=0	AQ-001|AQ-006|AQ-009|AQ-012	SemanticScholar	S2:3e189b98454eb4fe827d6e25fdc09ca3077820d6	PER_SEED_DIRECTION_QUOTA
STOP-G03-42625a7af3d39c0e	PAPER-HASH-f8b08fd250a7e161	PAPER-1304.4453	PAPER-1304.4453	1	FORWARD	25	ALG=0;MECH=25;ROLE=0;AGE=0;FALS=0	AQ-001|AQ-003|AQ-004|AQ-005|AQ-006|AQ-008|AQ-011	SemanticScholar	S2:fbe3ef235277dd69220ff953423f0ba1ccba945a	PER_SEED_DIRECTION_QUOTA
STOP-G03-e3329f0debd8ed9b	PAPER-1205.6233	PAPER-1304.4453	PAPER-1205.6233	2	BACKWARD	80	ALG=40;MECH=25;ROLE=15;AGE=0;FALS=0	AQ-001|AQ-003|AQ-006|AQ-009|AQ-010|AQ-011|AQ-012	SemanticScholar	S2:7fb27e0123ca907b55b8ef57afa1612731eba034	REQUEST_RETRY_RESERVE
STOP-G03-7cff4d8796f25e1a	PAPER-HASH-b3b01325cae00d33	PAPER-1304.4453	PAPER-HASH-b3b01325cae00d33	2	FORWARD	80	ALG=40;MECH=25;ROLE=15;AGE=0;FALS=0	AQ-002|AQ-003|AQ-004|AQ-006|AQ-008|AQ-009|AQ-010|AQ-011|AQ-012	SemanticScholar	S2:d18e8e112d58c31be8d407ab2e6a19bab17cc12c	REQUEST_RETRY_RESERVE
STOP-G03-08593348b13ac656	PAPER-HASH-56e98b993fbb0790	PAPER-1407.6755	PAPER-1407.6755	1	BACKWARD	0	ALG=0;MECH=0;ROLE=0;AGE=0;FALS=0	NONE	SemanticScholar	S2:be7b7b177b3031e764530224e9b9466c470b82a6	NO_DECISION_IMPACT
STOP-G03-20cf1ba904b540f9	PAPER-HASH-9bfdfe307000dab3	PAPER-1407.6755	PAPER-1407.6755	1	BACKWARD	0	ALG=0;MECH=0;ROLE=0;AGE=10;FALS=0	NONE	SemanticScholar	S2:2e376d07bb2317969a5fec3d2dcead4e2bb885b9	NO_DECISION_IMPACT
STOP-G03-c3e64b33bfe8e824	PAPER-HASH-fcb5f38f9cd392cb	PAPER-1407.6755	PAPER-1407.6755	1	BACKWARD	0	ALG=0;MECH=0;ROLE=0;AGE=0;FALS=0	NONE	SemanticScholar	S2:32963052061d9eda815f996a57ea735099372975	NO_DECISION_IMPACT
STOP-G03-e8a62f892c7bc5c3	PAPER-HASH-ff0308097639e5cf	PAPER-1407.6755	PAPER-1407.6755	1	BACKWARD	0	ALG=0;MECH=0;ROLE=0;AGE=0;FALS=0	NONE	SemanticScholar	S2:fede3a863f606e16854a500c77f277febbc53938	NO_DECISION_IMPACT
STOP-G03-da079aee5124ccfa	PAPER-1102.1783	PAPER-1407.6755	PAPER-1407.6755	1	BACKWARD	25	ALG=0;MECH=25;ROLE=0;AGE=0;FALS=0	AQ-004|AQ-006|AQ-008|AQ-009|AQ-010|AQ-012	SemanticScholar	S2:08d41ce08c573b44d130ed6ae3d98740825af6bf	PER_SEED_DIRECTION_QUOTA
STOP-G03-3c1e030a0864b210	PAPER-1209.5608	PAPER-1407.6755	PAPER-1407.6755	1	BACKWARD	65	ALG=40;MECH=25;ROLE=0;AGE=0;FALS=0	AQ-002|AQ-004|AQ-006|AQ-008|AQ-009|AQ-010|AQ-012	SemanticScholar	S2:71062413ef1f7c7d94292f18b1459adfb6ae5243	PER_SEED_DIRECTION_QUOTA
STOP-G03-986d916fa661c6e3	PAPER-HASH-0183cf1792f6f4e8	PAPER-1407.6755	PAPER-1407.6755	1	BACKWARD	60	ALG=0;MECH=25;ROLE=15;AGE=10;FALS=10	AQ-002|AQ-003|AQ-008|AQ-009|AQ-010|AQ-012	SemanticScholar	S2:1f97a894ae6b649ea749dbe7d5cadeb04ab2cfc2	PER_SEED_DIRECTION_QUOTA
STOP-G03-9129c57be278648b	PAPER-HASH-062ef3509bb6e86e	PAPER-1407.6755	PAPER-1407.6755	1	BACKWARD	75	ALG=40;MECH=25;ROLE=0;AGE=10;FALS=0	AQ-002|AQ-006|AQ-008|AQ-009|AQ-010|AQ-012	SemanticScholar	S2:0e1b46ed26b0b9d9b8196055f68e1a72f9377a30	PER_SEED_DIRECTION_QUOTA
STOP-G03-f5d5999ceb458a4d	PAPER-HASH-1011671f5a51f5bd	PAPER-1407.6755	PAPER-1407.6755	1	BACKWARD	65	ALG=40;MECH=25;ROLE=0;AGE=0;FALS=0	AQ-001|AQ-003|AQ-004|AQ-005|AQ-006|AQ-007|AQ-008|AQ-010|AQ-011|AQ-012	SemanticScholar	S2:d6fcff1686581070e1384d6c7db361a99d3e0820	PER_SEED_DIRECTION_QUOTA
STOP-G03-f6bbf0fd492ebdaf	PAPER-HASH-183d980bd4a2ee1b	PAPER-1407.6755	PAPER-1407.6755	1	BACKWARD	65	ALG=40;MECH=25;ROLE=0;AGE=0;FALS=0	AQ-001|AQ-003|AQ-004|AQ-005|AQ-006|AQ-007|AQ-008|AQ-011|AQ-012	SemanticScholar	S2:5026aca3bd8fce0267d5cbeaf9f54c4770bbaf51	PER_SEED_DIRECTION_QUOTA
STOP-G03-bc00157c00b595e1	PAPER-HASH-2209b4434b173244	PAPER-1407.6755	PAPER-1407.6755	1	BACKWARD	65	ALG=40;MECH=25;ROLE=0;AGE=0;FALS=0	AQ-004|AQ-005|AQ-007|AQ-012	SemanticScholar	S2:392caca3c05177f63ffb133db458f9652c8b6e16	PER_SEED_DIRECTION_QUOTA
STOP-G03-726b9240a241315d	PAPER-HASH-267713fdc904d126	PAPER-1407.6755	PAPER-1407.6755	1	BACKWARD	75	ALG=40;MECH=25;ROLE=0;AGE=10;FALS=0	AQ-002|AQ-003|AQ-004|AQ-006|AQ-008|AQ-009|AQ-010|AQ-011|AQ-012	SemanticScholar	S2:1f63499a9cb43f0f4d6a56b37de551c7e0c94971	PER_SEED_DIRECTION_QUOTA
STOP-G03-4eef71ee5777b8a6	PAPER-HASH-319764146c05729e	PAPER-1407.6755	PAPER-1407.6755	1	BACKWARD	35	ALG=0;MECH=25;ROLE=0;AGE=10;FALS=0	AQ-007	SemanticScholar	S2:a928f958e815d8c2433842799d050c4ac5a727fa	PER_SEED_DIRECTION_QUOTA
STOP-G03-97af2fea244b6b02	PAPER-HASH-32b3b5378f4b92f5	PAPER-1407.6755	PAPER-1407.6755	1	BACKWARD	75	ALG=40;MECH=25;ROLE=0;AGE=10;FALS=0	AQ-003|AQ-004|AQ-005|AQ-006|AQ-007|AQ-008	SemanticScholar	S2:79e69f6a619c2d088ed8139a569e30c9628c1e1e	PER_SEED_DIRECTION_QUOTA
STOP-G03-67b5a34bd9b94f9e	PAPER-HASH-3eb0996e331e7521	PAPER-1407.6755	PAPER-1407.6755	1	BACKWARD	75	ALG=40;MECH=25;ROLE=0;AGE=10;FALS=0	AQ-003|AQ-004|AQ-005|AQ-008|AQ-012	SemanticScholar	S2:f5c0978ee0166d19ede8184650dfae64d2784af1	PER_SEED_DIRECTION_QUOTA
STOP-G03-601bc7ee12e186af	PAPER-HASH-4039344973f27bd6	PAPER-1407.6755	PAPER-1407.6755	1	BACKWARD	75	ALG=40;MECH=25;ROLE=0;AGE=10;FALS=0	AQ-003|AQ-005|AQ-007	SemanticScholar	S2:5115d25f00b18ab1372879525489b3c27b5c4697	PER_SEED_DIRECTION_QUOTA
STOP-G03-fff67fd88fc0c450	PAPER-HASH-76411434020c752a	PAPER-1407.6755	PAPER-1407.6755	1	BACKWARD	35	ALG=0;MECH=25;ROLE=0;AGE=10;FALS=0	AQ-002|AQ-003|AQ-008|AQ-009|AQ-010|AQ-011|AQ-012	SemanticScholar	S2:539c451b5775d05f5f67ec0e520b4e9e1769f726	PER_SEED_DIRECTION_QUOTA
STOP-G03-d3b35bd96ad208ba	PAPER-HASH-78bbcf3e76e794d7	PAPER-1407.6755	PAPER-1407.6755	1	BACKWARD	25	ALG=0;MECH=25;ROLE=0;AGE=0;FALS=0	AQ-008	SemanticScholar	S2:b895ce5539a96d08aaec7d7cffb33d65c27e421d	PER_SEED_DIRECTION_QUOTA
STOP-G03-902a46a953e90b96	PAPER-HASH-7ccf29f0bb4d980f	PAPER-1407.6755	PAPER-1407.6755	1	BACKWARD	75	ALG=40;MECH=25;ROLE=0;AGE=10;FALS=0	AQ-002|AQ-003|AQ-004|AQ-006|AQ-008|AQ-009|AQ-010|AQ-012	SemanticScholar	S2:ed622b6a56afe2feedd947049a8bd5a7deb22544	PER_SEED_DIRECTION_QUOTA
STOP-G03-99c2e238e6331746	PAPER-HASH-7ea75e1c2d39f562	PAPER-1407.6755	PAPER-1407.6755	1	BACKWARD	65	ALG=40;MECH=25;ROLE=0;AGE=0;FALS=0	AQ-001|AQ-003|AQ-004|AQ-005|AQ-006|AQ-007|AQ-008|AQ-010|AQ-011|AQ-012	SemanticScholar	S2:fb42362474b5e97f92bc5927444107026539aaeb	PER_SEED_DIRECTION_QUOTA
STOP-G03-9ea649d97ca5149b	PAPER-HASH-87acd6d508bc10cc	PAPER-1407.6755	PAPER-1407.6755	1	BACKWARD	75	ALG=40;MECH=25;ROLE=0;AGE=10;FALS=0	AQ-002|AQ-004|AQ-006|AQ-008|AQ-009|AQ-010|AQ-012	SemanticScholar	S2:e8b7ea5c61ec8dcd782d087838e46125472a0195	PER_SEED_DIRECTION_QUOTA
STOP-G03-ab5c86b0468c2df5	PAPER-HASH-88296b53e461fcbd	PAPER-1407.6755	PAPER-1407.6755	1	BACKWARD	35	ALG=0;MECH=25;ROLE=0;AGE=10;FALS=0	AQ-008	SemanticScholar	S2:e01a5590d8fe56843450de0667bd700b1931a7c9	PER_SEED_DIRECTION_QUOTA
STOP-G03-710987d845ff9f12	PAPER-HASH-a00c7d6b98aa1603	PAPER-1407.6755	PAPER-1407.6755	1	BACKWARD	35	ALG=0;MECH=25;ROLE=0;AGE=10;FALS=0	AQ-001|AQ-002|AQ-006|AQ-009	SemanticScholar	S2:df5aa89cb863a10ca66994f2857c7acf9b709428	PER_SEED_DIRECTION_QUOTA
STOP-G03-efc8fdd4bdcbfef2	PAPER-HASH-b4a17243d7843b54	PAPER-1407.6755	PAPER-1407.6755	1	BACKWARD	35	ALG=0;MECH=25;ROLE=0;AGE=10;FALS=0	AQ-002|AQ-004|AQ-007|AQ-008|AQ-009|AQ-010|AQ-011|AQ-012	SemanticScholar	S2:483cbaed5e632361eac822112110cd101ef14a12	PER_SEED_DIRECTION_QUOTA
STOP-G03-30a3d334317f83db	PAPER-HASH-b982a2bff80e7dea	PAPER-1407.6755	PAPER-1407.6755	1	BACKWARD	65	ALG=40;MECH=25;ROLE=0;AGE=0;FALS=0	AQ-002|AQ-004|AQ-006|AQ-008|AQ-009|AQ-010|AQ-011|AQ-012	SemanticScholar	S2:36fcc0a6589ca39d30c605aae400e074dc1b1ebe	PER_SEED_DIRECTION_QUOTA
STOP-G03-8b0fcb10361cc6e0	PAPER-HASH-bc48184b52e078bb	PAPER-1407.6755	PAPER-1407.6755	1	BACKWARD	65	ALG=40;MECH=25;ROLE=0;AGE=0;FALS=0	AQ-005|AQ-012	SemanticScholar	S2:a5919d80b34f46e7cfd6504db38e20633d1e8bea	PER_SEED_DIRECTION_QUOTA
STOP-G03-ff61dfbf63e3bc67	PAPER-HASH-d884b4e236ec3364	PAPER-1407.6755	PAPER-1407.6755	1	BACKWARD	35	ALG=0;MECH=25;ROLE=0;AGE=10;FALS=0	AQ-004	SemanticScholar	S2:df9594d5ef9a8f14c81453f6b9cef959e024b35d	PER_SEED_DIRECTION_QUOTA
STOP-G03-24b07b8babb15ee7	PAPER-HASH-da62693a6dfa47f9	PAPER-1407.6755	PAPER-1407.6755	1	BACKWARD	50	ALG=0;MECH=25;ROLE=15;AGE=10;FALS=0	AQ-003|AQ-004|AQ-005|AQ-006|AQ-007|AQ-008	SemanticScholar	S2:edec58ffdf1e293b5b2ef844c75fd910e4a5aaa6	PER_SEED_DIRECTION_QUOTA
STOP-G03-3e5cff7a6b6b6601	PAPER-HASH-f0018f6ca79d3bb1	PAPER-1407.6755	PAPER-1407.6755	1	BACKWARD	35	ALG=0;MECH=25;ROLE=0;AGE=10;FALS=0	AQ-001|AQ-003|AQ-004|AQ-008|AQ-010|AQ-011|AQ-012	SemanticScholar	S2:8f3b12508b82bbcac5e605469aebc7c94ec5b4bb	PER_SEED_DIRECTION_QUOTA
STOP-G03-271698ce4a15aa81	PAPER-HASH-f3c19e0ab138069a	PAPER-1407.6755	PAPER-1407.6755	1	BACKWARD	35	ALG=0;MECH=25;ROLE=0;AGE=10;FALS=0	AQ-001|AQ-003|AQ-004|AQ-008|AQ-010|AQ-011|AQ-012	SemanticScholar	S2:57e321514281882ecfa45cc6fc73645e8eecdbbe	PER_SEED_DIRECTION_QUOTA
STOP-G03-b68f28b22cf2bf81	PAPER-HASH-fd9a39d57d32fc62	PAPER-1407.6755	PAPER-1407.6755	1	BACKWARD	35	ALG=0;MECH=25;ROLE=0;AGE=10;FALS=0	AQ-002|AQ-006|AQ-009	SemanticScholar	S2:d824406bc3175c7732e2c68bd4c1c989d65ef7bb	PER_SEED_DIRECTION_QUOTA
STOP-G03-986cef2066ac9cbb	PAPER-LEGACY-c5561cc2ef64f2f5	PAPER-1407.6755	PAPER-1407.6755	1	BACKWARD	50	ALG=0;MECH=25;ROLE=15;AGE=0;FALS=10	AQ-002|AQ-003|AQ-008|AQ-009|AQ-010|AQ-011|AQ-012	SemanticScholar	S2:b2c59a02298d01499e6803a41f4ccaf1d0227183	PER_SEED_DIRECTION_QUOTA
STOP-G03-45de807b3cbf38dc	PAPER-HASH-586f7dee44fe35d8	PAPER-1407.6755	PAPER-HASH-586f7dee44fe35d8	2	BACKWARD	100	ALG=40;MECH=25;ROLE=15;AGE=10;FALS=10	AQ-002|AQ-003|AQ-004|AQ-006|AQ-008|AQ-009|AQ-010|AQ-012	SemanticScholar	S2:6dcca27f3f5db656e6f0ccfcb07b1ac1ac6f4ce3	S2_SELECTED_PAYLOAD_REJECTED
STOP-G03-2dd5db53b70a79b1	PAPER-1604.06264	PAPER-1407.6755	PAPER-1604.06264	2	FORWARD	90	ALG=40;MECH=25;ROLE=15;AGE=0;FALS=10	AQ-001|AQ-002|AQ-003|AQ-004|AQ-007|AQ-008|AQ-009|AQ-010|AQ-012	SemanticScholar	S2:57335ef1431d7f6930fe3fa824c10785e521d1d3	REQUEST_RETRY_RESERVE
STOP-G03-77d5007fdfa77c27	PAPER-1408.0393	PAPER-1602.02864	PAPER-1602.02864	1	BACKWARD	0	ALG=0;MECH=0;ROLE=0;AGE=0;FALS=0	NONE	SemanticScholar	S2:90b62e3797e912b75663783e3c74b5b17961e23e	NO_DECISION_IMPACT
STOP-G03-0e1dcd69ce487bd1	PAPER-HASH-1d51d06a71ecdc06	PAPER-1602.02864	PAPER-1602.02864	1	BACKWARD	0	ALG=0;MECH=0;ROLE=0;AGE=10;FALS=0	NONE	SemanticScholar	S2:57a795187ee5b28ea07f3747b40916e874390117	NO_DECISION_IMPACT
STOP-G03-cea396b8d5fc81c6	PAPER-HASH-6597af9aed7b6d0f	PAPER-1602.02864	PAPER-1602.02864	1	BACKWARD	0	ALG=0;MECH=0;ROLE=0;AGE=0;FALS=0	NONE	SemanticScholar	S2:546661858712a2088dad174773428955f650cace	NO_DECISION_IMPACT
STOP-G03-95167d0b8bd625f4	PAPER-HASH-772f376a67d7cf56	PAPER-1602.02864	PAPER-1602.02864	1	BACKWARD	0	ALG=0;MECH=0;ROLE=0;AGE=0;FALS=0	NONE	SemanticScholar	S2:d376583056708013f571d4a937d126e382299df3	NO_DECISION_IMPACT
STOP-G03-e2889de582704c23	PAPER-HASH-98a67799248ca5b3	PAPER-1602.02864	PAPER-1602.02864	1	BACKWARD	0	ALG=0;MECH=0;ROLE=0;AGE=0;FALS=0	NONE	SemanticScholar	S2:a83d6476bd25c3cc1cbfb89eab245a8fa895ece8	NO_DECISION_IMPACT
STOP-G03-4c7ecde5f3e6b05c	PAPER-HASH-9e95ff889a574261	PAPER-1602.02864	PAPER-1602.02864	1	BACKWARD	0	ALG=0;MECH=0;ROLE=0;AGE=10;FALS=0	NONE	SemanticScholar	S2:fa8060428d8620a14d92e85307cccea469aa7be4	NO_DECISION_IMPACT
STOP-G03-93ece0b678b6e9ec	PAPER-HASH-a1bb3da017361905	PAPER-1602.02864	PAPER-1602.02864	1	BACKWARD	0	ALG=0;MECH=0;ROLE=0;AGE=10;FALS=0	NONE	SemanticScholar	S2:329ea533c0834195fc43f0d7c523c5ac7b0b0001	NO_DECISION_IMPACT
STOP-G03-8042b7b8382b58ec	PAPER-HASH-f86a9cbfb4556d4c	PAPER-1602.02864	PAPER-1602.02864	1	BACKWARD	0	ALG=0;MECH=0;ROLE=0;AGE=0;FALS=0	NONE	SemanticScholar	S2:83cee2606be3ceda59ef28fe1a9f179cd4e1144d	NO_DECISION_IMPACT
STOP-G03-7b742d605c412cab	PAPER-0810.1355	PAPER-1602.02864	PAPER-1602.02864	1	BACKWARD	65	ALG=40;MECH=25;ROLE=0;AGE=0;FALS=0	AQ-001|AQ-003|AQ-006|AQ-007|AQ-008|AQ-009|AQ-010	SemanticScholar	S2:a1959624b143dc067898a1cda20b80307a963ac4	PER_SEED_DIRECTION_QUOTA
STOP-G03-4f170c8cd89c338c	PAPER-1108.2228	PAPER-1602.02864	PAPER-1602.02864	1	BACKWARD	65	ALG=40;MECH=25;ROLE=0;AGE=0;FALS=0	AQ-001|AQ-002|AQ-003|AQ-005|AQ-006|AQ-007|AQ-008|AQ-010|AQ-011|AQ-012	SemanticScholar	S2:c3cb2511b03088b10e057f54d564bb5d4da0071a	PER_SEED_DIRECTION_QUOTA
STOP-G03-2cf645b316c52c8d	PAPER-1408.0500	PAPER-1602.02864	PAPER-1602.02864	1	BACKWARD	65	ALG=40;MECH=25;ROLE=0;AGE=0;FALS=0	AQ-002|AQ-003|AQ-004|AQ-005|AQ-007|AQ-008|AQ-010|AQ-011	SemanticScholar	S2:23c2282d751ed5ef1bb55abf81a6451159a866f1	PER_SEED_DIRECTION_QUOTA
STOP-G03-df9340bb52be5096	PAPER-1602.01421	PAPER-1602.02864	PAPER-1602.02864	1	BACKWARD	65	ALG=40;MECH=25;ROLE=0;AGE=0;FALS=0	AQ-002|AQ-003|AQ-005|AQ-006|AQ-007|AQ-008|AQ-009|AQ-010|AQ-011|AQ-012	SemanticScholar	S2:dae0386c39878463692763abb74ae9f01a65b357	PER_SEED_DIRECTION_QUOTA
STOP-G03-50f8652644a3627d	PAPER-HASH-00135e3784d68ba1	PAPER-1602.02864	PAPER-1602.02864	1	BACKWARD	65	ALG=40;MECH=25;ROLE=0;AGE=0;FALS=0	AQ-002|AQ-004|AQ-007|AQ-008|AQ-009|AQ-012	SemanticScholar	S2:0ad8e89091eed09217e66adc98136126addc2619	PER_SEED_DIRECTION_QUOTA
STOP-G03-c5e173a4f08e308e	PAPER-HASH-0d8af1c9f9acd6cc	PAPER-1602.02864	PAPER-1602.02864	1	BACKWARD	25	ALG=0;MECH=25;ROLE=0;AGE=0;FALS=0	AQ-002|AQ-005|AQ-008|AQ-012	SemanticScholar	S2:d3f8647537cb136fb5d48bf4ca4eaa309a937dda	PER_SEED_DIRECTION_QUOTA
STOP-G03-db81f746cfdda92f	PAPER-HASH-12e6c3790a2d2a85	PAPER-1602.02864	PAPER-1602.02864	1	BACKWARD	25	ALG=0;MECH=25;ROLE=0;AGE=0;FALS=0	AQ-009	SemanticScholar	S2:25c4f37ca49c25b2c7540b156a979814ff8df510	PER_SEED_DIRECTION_QUOTA
STOP-G03-e05d5e523d5d78bd	PAPER-HASH-162b187a4d40a18b	PAPER-1602.02864	PAPER-1602.02864	1	BACKWARD	35	ALG=0;MECH=25;ROLE=0;AGE=10;FALS=0	AQ-002|AQ-005|AQ-007|AQ-008|AQ-011	SemanticScholar	S2:6fb07b90b7fd2785ffec0da1069e75c53f7313c2	PER_SEED_DIRECTION_QUOTA
STOP-G03-42fb0f78bde0448c	PAPER-HASH-1713294bef3bc245	PAPER-1602.02864	PAPER-1602.02864	1	BACKWARD	65	ALG=40;MECH=25;ROLE=0;AGE=0;FALS=0	AQ-001|AQ-002|AQ-005|AQ-006|AQ-007|AQ-008|AQ-009|AQ-011	SemanticScholar	S2:4c452668e6f1e82d8ffd28fde96cfe4f5bfffa64	PER_SEED_DIRECTION_QUOTA
STOP-G03-0b895803f904015f	PAPER-HASH-1ba9f92f6e5b88b0	PAPER-1602.02864	PAPER-1602.02864	1	BACKWARD	75	ALG=40;MECH=25;ROLE=0;AGE=10;FALS=0	AQ-002|AQ-004|AQ-006|AQ-008|AQ-009|AQ-011|AQ-012	SemanticScholar	S2:2a4ca461fa847e8433bab67e7bfe4620371c1f77	PER_SEED_DIRECTION_QUOTA
STOP-G03-6e76834052e8cf1a	PAPER-HASH-261e3c343805f994	PAPER-1602.02864	PAPER-1602.02864	1	BACKWARD	65	ALG=40;MECH=25;ROLE=0;AGE=0;FALS=0	AQ-001|AQ-002|AQ-003|AQ-004|AQ-005|AQ-006|AQ-007|AQ-008|AQ-009|AQ-011	SemanticScholar	S2:8138ab11231447708f13d1a593389ded2b845b1b	PER_SEED_DIRECTION_QUOTA
STOP-G03-7c09c71d84de44c6	PAPER-HASH-2a709a36449c5d45	PAPER-1602.02864	PAPER-1602.02864	1	BACKWARD	25	ALG=0;MECH=25;ROLE=0;AGE=0;FALS=0	AQ-002|AQ-012	SemanticScholar	S2:1aefcfd6d10e225f9592975c4dff9eee4309fe36	PER_SEED_DIRECTION_QUOTA
STOP-G03-8e49ccd6f182234f	PAPER-HASH-2dffdfa60400f356	PAPER-1602.02864	PAPER-1602.02864	1	BACKWARD	75	ALG=40;MECH=25;ROLE=0;AGE=10;FALS=0	AQ-001|AQ-002|AQ-003|AQ-005|AQ-006|AQ-007|AQ-008|AQ-009|AQ-010|AQ-011	SemanticScholar	S2:66ba6dd1b746aa0e10c3a4f62a5c4dd6b955b503	PER_SEED_DIRECTION_QUOTA
STOP-G03-bb735c386263c56b	PAPER-HASH-38a205ea3ef372a4	PAPER-1602.02864	PAPER-1602.02864	1	BACKWARD	40	ALG=0;MECH=25;ROLE=15;AGE=0;FALS=0	AQ-002|AQ-003|AQ-005|AQ-006|AQ-007|AQ-008|AQ-011|AQ-012	SemanticScholar	S2:909af43008cf4efe5753cc0778a2c30a82ecdf58	PER_SEED_DIRECTION_QUOTA
STOP-G03-9703a1089ee5f193	PAPER-HASH-3a05023067746ab8	PAPER-1602.02864	PAPER-1602.02864	1	BACKWARD	35	ALG=0;MECH=25;ROLE=0;AGE=10;FALS=0	AQ-002|AQ-006|AQ-009|AQ-010|AQ-011|AQ-012	SemanticScholar	S2:60c1bb1e999c33d7af79c243ffa5c0e3e8fb04e2	PER_SEED_DIRECTION_QUOTA
STOP-G03-44e22ade2e905f49	PAPER-HASH-3c9f31256ad8626c	PAPER-1602.02864	PAPER-1602.02864	1	BACKWARD	65	ALG=40;MECH=25;ROLE=0;AGE=0;FALS=0	AQ-002|AQ-003|AQ-004|AQ-005|AQ-007|AQ-008|AQ-009|AQ-010|AQ-011|AQ-012	SemanticScholar	S2:8e80a6e27c048ff90ee10a4d20010927736a6287	PER_SEED_DIRECTION_QUOTA
STOP-G03-7cd9ff5b4b044857	PAPER-HASH-576636547168b3a5	PAPER-1602.02864	PAPER-1602.02864	1	BACKWARD	25	ALG=0;MECH=25;ROLE=0;AGE=0;FALS=0	AQ-002|AQ-005|AQ-007|AQ-008|AQ-011	SemanticScholar	S2:7db9bac1d25b11c57449c35b0ef91fc18d29f036	PER_SEED_DIRECTION_QUOTA
STOP-G03-2360aa914e22a27b	PAPER-HASH-6195ccc43bc8e1ef	PAPER-1602.02864	PAPER-1602.02864	1	BACKWARD	35	ALG=0;MECH=25;ROLE=0;AGE=10;FALS=0	AQ-001|AQ-004|AQ-005|AQ-009|AQ-011|AQ-012	SemanticScholar	S2:70ef942ceda757cea71ee2c53f7deb4f09b0df7b	PER_SEED_DIRECTION_QUOTA
STOP-G03-ec70ea77f349f65c	PAPER-HASH-686560ccc2be9537	PAPER-1602.02864	PAPER-1602.02864	1	BACKWARD	65	ALG=40;MECH=25;ROLE=0;AGE=0;FALS=0	AQ-001|AQ-002|AQ-005|AQ-006|AQ-007|AQ-008|AQ-009|AQ-011	SemanticScholar	S2:df89be8356e1f2c6bd2269ef6fb1bc326c149e50	PER_SEED_DIRECTION_QUOTA
STOP-G03-a44cc0137aa628bd	PAPER-HASH-6e07adc3b14a4567	PAPER-1602.02864	PAPER-1602.02864	1	BACKWARD	65	ALG=40;MECH=25;ROLE=0;AGE=0;FALS=0	AQ-001|AQ-002|AQ-005|AQ-006|AQ-007|AQ-008|AQ-009|AQ-010|AQ-011	SemanticScholar	S2:d2eba33fa43e040158ce7aee9f0430b1224fb7ea	PER_SEED_DIRECTION_QUOTA
STOP-G03-811c657221868e83	PAPER-HASH-70e4d8ab205be5ec	PAPER-1602.02864	PAPER-1602.02864	1	BACKWARD	35	ALG=0;MECH=25;ROLE=0;AGE=10;FALS=0	AQ-002|AQ-004|AQ-006|AQ-008|AQ-009|AQ-010|AQ-011|AQ-012	SemanticScholar	S2:bdffb01c5c3c68f5e6219c13f18ecbb868e933a1	PER_SEED_DIRECTION_QUOTA
STOP-G03-d490e4ee40fd6c83	PAPER-HASH-72afe799465d28af	PAPER-1602.02864	PAPER-1602.02864	1	BACKWARD	25	ALG=0;MECH=25;ROLE=0;AGE=0;FALS=0	AQ-003|AQ-004|AQ-008	SemanticScholar	S2:9eb7b32d0756cb7a6c7b557398d0a448745ba6a2	PER_SEED_DIRECTION_QUOTA
STOP-G03-25b3512a858cf184	PAPER-HASH-7374d9a726902ea7	PAPER-1602.02864	PAPER-1602.02864	1	BACKWARD	35	ALG=0;MECH=25;ROLE=0;AGE=10;FALS=0	AQ-008|AQ-010|AQ-011|AQ-012	SemanticScholar	S2:01c1f0e97ce5c74c714dc7aa43cb064f45cc3b04	PER_SEED_DIRECTION_QUOTA
STOP-G03-f01bf69f7e83a790	PAPER-HASH-749d77a51edf3d60	PAPER-1602.02864	PAPER-1602.02864	1	BACKWARD	25	ALG=0;MECH=25;ROLE=0;AGE=0;FALS=0	AQ-003|AQ-010	SemanticScholar	S2:b2b057987c398ecf332f50f42891161c99e14aa4	PER_SEED_DIRECTION_QUOTA
STOP-G03-167a56906c21aeb4	PAPER-HASH-74fad56ec2bc4723	PAPER-1602.02864	PAPER-1602.02864	1	BACKWARD	65	ALG=40;MECH=25;ROLE=0;AGE=0;FALS=0	AQ-002|AQ-003|AQ-004|AQ-005|AQ-007|AQ-009|AQ-011	SemanticScholar	S2:UNAVAILABLE:74fad56ec2bc4723	PER_SEED_DIRECTION_QUOTA
STOP-G03-1fea116933db29f0	PAPER-HASH-74fd2bad5a91527e	PAPER-1602.02864	PAPER-1602.02864	1	BACKWARD	65	ALG=40;MECH=25;ROLE=0;AGE=0;FALS=0	AQ-001|AQ-002|AQ-003|AQ-004|AQ-005|AQ-006|AQ-007|AQ-008|AQ-009|AQ-010|AQ-011	SemanticScholar	S2:400c8f6d1bc0284b887f3f6412e07f9be70650f8	PER_SEED_DIRECTION_QUOTA
STOP-G03-8ddc219b978b0095	PAPER-HASH-784e944c7a354301	PAPER-1602.02864	PAPER-1602.02864	1	BACKWARD	35	ALG=0;MECH=25;ROLE=0;AGE=10;FALS=0	AQ-002|AQ-009|AQ-010|AQ-011	SemanticScholar	S2:abaff99aa3175aeb6f16bbfeac420c0879d00b34	PER_SEED_DIRECTION_QUOTA
STOP-G03-eee7b7f53b04c961	PAPER-HASH-7e11d5cf99017203	PAPER-1602.02864	PAPER-1602.02864	1	BACKWARD	65	ALG=40;MECH=25;ROLE=0;AGE=0;FALS=0	AQ-001|AQ-002|AQ-006|AQ-009|AQ-010|AQ-011|AQ-012	SemanticScholar	S2:a04678ad8398a2579c249fff4b59bfbcfdd7e25b	PER_SEED_DIRECTION_QUOTA
STOP-G03-3921e38f64388241	PAPER-HASH-84c0ef7e7efec820	PAPER-1602.02864	PAPER-1602.02864	1	BACKWARD	65	ALG=40;MECH=25;ROLE=0;AGE=0;FALS=0	AQ-001|AQ-002|AQ-003|AQ-006|AQ-008|AQ-011|AQ-012	SemanticScholar	S2:42b0f865735aa95d22e207d199c311b8560119bc	PER_SEED_DIRECTION_QUOTA
STOP-G03-cac212eeb218866c	PAPER-HASH-8ae557f64e199496	PAPER-1602.02864	PAPER-1602.02864	1	BACKWARD	40	ALG=0;MECH=25;ROLE=15;AGE=0;FALS=0	AQ-012	SemanticScholar	S2:337bb008eb531c4e8152d6c99423e715ce0d9b05	PER_SEED_DIRECTION_QUOTA
STOP-G03-13461390ea0df53b	PAPER-HASH-a2e7e38e9e086a30	PAPER-1602.02864	PAPER-1602.02864	1	BACKWARD	65	ALG=40;MECH=25;ROLE=0;AGE=0;FALS=0	AQ-005|AQ-007|AQ-011|AQ-012	SemanticScholar	S2:UNAVAILABLE:a2e7e38e9e086a30	PER_SEED_DIRECTION_QUOTA
STOP-G03-27ccbbd86147aba0	PAPER-HASH-a78c018316b8d481	PAPER-1602.02864	PAPER-1602.02864	1	BACKWARD	65	ALG=40;MECH=25;ROLE=0;AGE=0;FALS=0	AQ-001|AQ-002|AQ-003|AQ-004|AQ-005|AQ-006|AQ-008|AQ-009|AQ-010|AQ-011	SemanticScholar	S2:c5dbe5e1ef758351054fbad48a4fad0413fbb735	PER_SEED_DIRECTION_QUOTA
STOP-G03-2f0a47d74f6639df	PAPER-HASH-a91fa3612a8e9a78	PAPER-1602.02864	PAPER-1602.02864	1	BACKWARD	25	ALG=0;MECH=25;ROLE=0;AGE=0;FALS=0	AQ-001|AQ-006|AQ-009|AQ-010|AQ-011	SemanticScholar	S2:UNAVAILABLE:a91fa3612a8e9a78	PER_SEED_DIRECTION_QUOTA
STOP-G03-180b7821c67d1f3a	PAPER-HASH-aa450285c63f3e33	PAPER-1602.02864	PAPER-1602.02864	1	BACKWARD	25	ALG=0;MECH=25;ROLE=0;AGE=0;FALS=0	AQ-009	SemanticScholar	S2:d133ef683d10af9102dad8a2a974b388fa42526a	PER_SEED_DIRECTION_QUOTA
STOP-G03-7589e5481a7d2ef5	PAPER-HASH-ace790d2c974f78c	PAPER-1602.02864	PAPER-1602.02864	1	BACKWARD	40	ALG=0;MECH=25;ROLE=15;AGE=0;FALS=0	AQ-007|AQ-012	SemanticScholar	S2:2240f9231920ebfaee305537281d9fe0643779b8	PER_SEED_DIRECTION_QUOTA
STOP-G03-02e6019693e9599f	PAPER-HASH-b05110a93df505a4	PAPER-1602.02864	PAPER-1602.02864	1	BACKWARD	65	ALG=40;MECH=25;ROLE=0;AGE=0;FALS=0	AQ-002|AQ-003|AQ-004|AQ-006|AQ-007|AQ-008|AQ-009|AQ-010|AQ-011|AQ-012	SemanticScholar	S2:96f927ca20b614b3387b1187258e9a6877dbee53	PER_SEED_DIRECTION_QUOTA
STOP-G03-7d648c8df97e3e0e	PAPER-HASH-b62a56913550957e	PAPER-1602.02864	PAPER-1602.02864	1	BACKWARD	65	ALG=40;MECH=25;ROLE=0;AGE=0;FALS=0	AQ-002|AQ-004|AQ-005|AQ-006|AQ-007|AQ-008|AQ-009|AQ-011|AQ-012	SemanticScholar	S2:61def61024aff1805b1fc215624f1fe8fe600697	PER_SEED_DIRECTION_QUOTA
STOP-G03-1e8b5e275838a3e6	PAPER-HASH-b8f5b58747214c76	PAPER-1602.02864	PAPER-1602.02864	1	BACKWARD	65	ALG=40;MECH=25;ROLE=0;AGE=0;FALS=0	AQ-002|AQ-004|AQ-005|AQ-006|AQ-007|AQ-008|AQ-010|AQ-011|AQ-012	SemanticScholar	S2:UNAVAILABLE:b8f5b58747214c76	PER_SEED_DIRECTION_QUOTA
STOP-G03-d3f3af30e968bc15	PAPER-HASH-cf114b3435080e3f	PAPER-1602.02864	PAPER-1602.02864	1	BACKWARD	25	ALG=0;MECH=25;ROLE=0;AGE=0;FALS=0	AQ-001|AQ-009|AQ-011	SemanticScholar	S2:cd6fb16882cdad5ebc9b46b890232e87d0d7f000	PER_SEED_DIRECTION_QUOTA
STOP-G03-a954cd291d745018	PAPER-HASH-cf4a73b66a19d7d4	PAPER-1602.02864	PAPER-1602.02864	1	BACKWARD	65	ALG=40;MECH=25;ROLE=0;AGE=0;FALS=0	AQ-002|AQ-004|AQ-006|AQ-008|AQ-009|AQ-012	SemanticScholar	S2:d5979a56da1fbab0639cbfcade3b416de9225076	PER_SEED_DIRECTION_QUOTA
STOP-G03-be86bd58505d86ea	PAPER-HASH-d4f6085c333b84e1	PAPER-1602.02864	PAPER-1602.02864	1	BACKWARD	25	ALG=0;MECH=25;ROLE=0;AGE=0;FALS=0	AQ-008|AQ-010|AQ-011|AQ-012	SemanticScholar	S2:c746b8bd3bc106336ffdbc634cb571d09fd44fcf	PER_SEED_DIRECTION_QUOTA
STOP-G03-a4455de1fe65837e	PAPER-HASH-d579d434188f0748	PAPER-1602.02864	PAPER-1602.02864	1	BACKWARD	25	ALG=0;MECH=25;ROLE=0;AGE=0;FALS=0	AQ-002|AQ-005|AQ-006|AQ-007|AQ-008|AQ-009|AQ-010|AQ-011|AQ-012	SemanticScholar	S2:757ff9f08a2029005faafee660bab2c21287b095	PER_SEED_DIRECTION_QUOTA
STOP-G03-05255903a5ddc106	PAPER-HASH-d7fd0c37f6804298	PAPER-1602.02864	PAPER-1602.02864	1	BACKWARD	35	ALG=0;MECH=25;ROLE=0;AGE=10;FALS=0	AQ-003|AQ-004|AQ-005|AQ-006|AQ-007|AQ-008|AQ-012	SemanticScholar	S2:88c6a7c6999740e4e9f67cdb298099c2bf9779d8	PER_SEED_DIRECTION_QUOTA
STOP-G03-d5ae377c5a4350a7	PAPER-HASH-dbf0ea404df45c50	PAPER-1602.02864	PAPER-1602.02864	1	BACKWARD	65	ALG=40;MECH=25;ROLE=0;AGE=0;FALS=0	AQ-001|AQ-002|AQ-003|AQ-004|AQ-005|AQ-006|AQ-007|AQ-008|AQ-009|AQ-011	SemanticScholar	S2:0a31052cee37994e2746508e788ca8bce52f106f	PER_SEED_DIRECTION_QUOTA
STOP-G03-12e0ef4be44be206	PAPER-HASH-dc14a07409fee91c	PAPER-1602.02864	PAPER-1602.02864	1	BACKWARD	25	ALG=0;MECH=25;ROLE=0;AGE=0;FALS=0	AQ-001|AQ-007|AQ-008|AQ-009|AQ-010	SemanticScholar	S2:7fe0f0bcc92f1a0b61d4ba1639eb6cf60408fb2e	PER_SEED_DIRECTION_QUOTA
STOP-G03-d95e00a69e680f10	PAPER-HASH-e1a13cdaeed1146c	PAPER-1602.02864	PAPER-1602.02864	1	BACKWARD	25	ALG=0;MECH=25;ROLE=0;AGE=0;FALS=0	AQ-006|AQ-007|AQ-008|AQ-010|AQ-011	SemanticScholar	S2:627be67feb084f1266cfc36e5aed3c3e7e6ce5f0	PER_SEED_DIRECTION_QUOTA
STOP-G03-694c80d9c3edd79a	PAPER-HASH-e22daebefe638319	PAPER-1602.02864	PAPER-1602.02864	1	BACKWARD	35	ALG=0;MECH=25;ROLE=0;AGE=10;FALS=0	AQ-001|AQ-002|AQ-008|AQ-009|AQ-011	SemanticScholar	S2:b933b3a12c2217c425837de81f7c10e70a10803a	PER_SEED_DIRECTION_QUOTA
STOP-G03-34e50870b164b0e7	PAPER-HASH-ebabc4988ee83a6f	PAPER-1602.02864	PAPER-1602.02864	1	BACKWARD	75	ALG=40;MECH=25;ROLE=0;AGE=10;FALS=0	AQ-002|AQ-009	SemanticScholar	S2:05a281df21f4cb2b01e7751c50a4cba3ae0b992f	PER_SEED_DIRECTION_QUOTA
STOP-G03-457973c58a82d88c	PAPER-HASH-f282c913c904b309	PAPER-1602.02864	PAPER-1602.02864	1	BACKWARD	25	ALG=0;MECH=25;ROLE=0;AGE=0;FALS=0	AQ-001|AQ-002|AQ-005|AQ-006|AQ-008|AQ-009	SemanticScholar	S2:3edef062698ab35fbe4cc5a5ffce633e09f8b6f2	PER_SEED_DIRECTION_QUOTA
STOP-G03-d1158eca694d0acd	PAPER-HASH-f97ad414f2cbbdb5	PAPER-1602.02864	PAPER-1602.02864	1	BACKWARD	25	ALG=0;MECH=25;ROLE=0;AGE=0;FALS=0	AQ-002|AQ-005|AQ-007|AQ-008|AQ-011	SemanticScholar	S2:9238de967f7bd30d5fb5b2a9450e42023add7910	PER_SEED_DIRECTION_QUOTA
STOP-G03-c6c39a6b1ff2f18d	PAPER-1602.02864	PAPER-1602.02864	PAPER-1602.02864	1	FORWARD	NOT_SCORED	NOT_APPLICABLE_PROVIDER_CONTROL_STOP	AQ-002|AQ-008	SemanticScholar	b9b71722a322946a89db1f375fce12e9bf6d0e05	S2_RATE_LIMIT_ATTEMPTS_EXHAUSTED
STOP-G03-a97fb8ec765fe527	PAPER-1205.6233	PAPER-1602.02864	PAPER-1205.6233	2	BACKWARD	80	ALG=40;MECH=25;ROLE=15;AGE=0;FALS=0	AQ-001|AQ-003|AQ-006|AQ-009|AQ-010|AQ-011|AQ-012	SemanticScholar	S2:7fb27e0123ca907b55b8ef57afa1612731eba034	REQUEST_RETRY_RESERVE
STOP-G03-5834f2eae7b7e709	PAPER-HASH-0585112e36cdfa05	PAPER-1603.01876	PAPER-1603.01876	1	BACKWARD	0	ALG=0;MECH=0;ROLE=0;AGE=0;FALS=0	NONE	SemanticScholar	S2:UNAVAILABLE:0585112e36cdfa05	NO_DECISION_IMPACT
STOP-G03-1f962703eeb65d30	PAPER-HASH-45f989e910cccf54	PAPER-1603.01876	PAPER-1603.01876	1	BACKWARD	0	ALG=0;MECH=0;ROLE=0;AGE=0;FALS=0	NONE	SemanticScholar	S2:UNAVAILABLE:45f989e910cccf54	NO_DECISION_IMPACT
STOP-G03-cae91f3b4b1007fe	PAPER-HASH-52557f020cc52377	PAPER-1603.01876	PAPER-1603.01876	1	BACKWARD	0	ALG=0;MECH=0;ROLE=0;AGE=0;FALS=0	NONE	SemanticScholar	S2:UNAVAILABLE:52557f020cc52377	NO_DECISION_IMPACT
STOP-G03-f3606b30eda77df3	PAPER-HASH-624180f50fd19774	PAPER-1603.01876	PAPER-1603.01876	1	BACKWARD	0	ALG=0;MECH=0;ROLE=0;AGE=0;FALS=0	NONE	SemanticScholar	S2:UNAVAILABLE:624180f50fd19774	NO_DECISION_IMPACT
STOP-G03-92d0ff06cb1d76a5	PAPER-HASH-b3d38afa2d413c38	PAPER-1603.01876	PAPER-1603.01876	1	BACKWARD	0	ALG=0;MECH=0;ROLE=0;AGE=0;FALS=0	NONE	SemanticScholar	S2:b9976fa9b182c9c85593a66801c7c3b3ad3679fd	NO_DECISION_IMPACT
STOP-G03-d9c101eda09e1f15	PAPER-1112.3644	PAPER-1603.01876	PAPER-1603.01876	1	BACKWARD	65	ALG=40;MECH=25;ROLE=0;AGE=0;FALS=0	AQ-001|AQ-006|AQ-008|AQ-009	SemanticScholar	S2:25b45310978dae2bdf899e8e473f98edb09dc364	PER_SEED_DIRECTION_QUOTA
STOP-G03-b7a408177c5e0bc6	PAPER-1208.0088	PAPER-1603.01876	PAPER-1603.01876	1	BACKWARD	25	ALG=0;MECH=25;ROLE=0;AGE=0;FALS=0	AQ-002|AQ-010|AQ-011|AQ-012	SemanticScholar	S2:10fe4c8697a4d3dfda601a86a19f58aa27282ef1	PER_SEED_DIRECTION_QUOTA
STOP-G03-8978d21d37f3309a	PAPER-1406.4923	PAPER-1603.01876	PAPER-1603.01876	1	BACKWARD	25	ALG=0;MECH=25;ROLE=0;AGE=0;FALS=0	AQ-001|AQ-009|AQ-011	SemanticScholar	S2:57a40440be2c8f38ebde172cddca3925d2827c62	PER_SEED_DIRECTION_QUOTA
STOP-G03-dffca0771f7650f8	PAPER-1509.00504	PAPER-1603.01876	PAPER-1603.01876	1	BACKWARD	65	ALG=40;MECH=25;ROLE=0;AGE=0;FALS=0	AQ-002|AQ-010	SemanticScholar	S2:0100c46bed2095affeb5087df886b0aa63a6807b	PER_SEED_DIRECTION_QUOTA
STOP-G03-adc8edea0ba1ea61	PAPER-HASH-07bf306477503ec4	PAPER-1603.01876	PAPER-1603.01876	1	BACKWARD	25	ALG=0;MECH=25;ROLE=0;AGE=0;FALS=0	AQ-002|AQ-003|AQ-008|AQ-010|AQ-011|AQ-012	SemanticScholar	S2:4a0bb4eece00f3e9445d1a0d933422aa408ce8d1	PER_SEED_DIRECTION_QUOTA
STOP-G03-f577114a9440f776	PAPER-HASH-10833091820d5c77	PAPER-1603.01876	PAPER-1603.01876	1	BACKWARD	25	ALG=0;MECH=25;ROLE=0;AGE=0;FALS=0	AQ-003|AQ-006|AQ-007|AQ-008|AQ-010	SemanticScholar	S2:19a22753a1ef61c2bd19e97961f8ed1b5a073c2c	PER_SEED_DIRECTION_QUOTA
STOP-G03-95f5ff35fa9cb501	PAPER-HASH-10920ae4810aac8f	PAPER-1603.01876	PAPER-1603.01876	1	BACKWARD	35	ALG=0;MECH=25;ROLE=0;AGE=10;FALS=0	AQ-001|AQ-003|AQ-008|AQ-010	SemanticScholar	S2:32ef8d891edde06cc01357fa5c4d1ab7fe631720	PER_SEED_DIRECTION_QUOTA
STOP-G03-a55400218251585c	PAPER-HASH-15cc336a1474a8a5	PAPER-1603.01876	PAPER-1603.01876	1	BACKWARD	25	ALG=0;MECH=25;ROLE=0;AGE=0;FALS=0	AQ-003|AQ-008|AQ-010|AQ-011	SemanticScholar	S2:d6adbafb07c7a5590516404208fe8776f1363eb3	PER_SEED_DIRECTION_QUOTA
STOP-G03-52c21dcb276f38bb	PAPER-HASH-1b18279ef513c283	PAPER-1603.01876	PAPER-1603.01876	1	BACKWARD	35	ALG=0;MECH=25;ROLE=0;AGE=10;FALS=0	AQ-002|AQ-003|AQ-008|AQ-010|AQ-011|AQ-012	SemanticScholar	S2:UNAVAILABLE:1b18279ef513c283	PER_SEED_DIRECTION_QUOTA
STOP-G03-54e0ecef7040db44	PAPER-HASH-1c68aed96844f6cb	PAPER-1603.01876	PAPER-1603.01876	1	BACKWARD	65	ALG=40;MECH=25;ROLE=0;AGE=0;FALS=0	AQ-002|AQ-003|AQ-005|AQ-007|AQ-008|AQ-009	SemanticScholar	S2:4201c587e9e17458be82fe52053040949042cfdc	PER_SEED_DIRECTION_QUOTA
STOP-G03-c978a61cd0706dd3	PAPER-HASH-25e7f66f700df33c	PAPER-1603.01876	PAPER-1603.01876	1	BACKWARD	25	ALG=0;MECH=25;ROLE=0;AGE=0;FALS=0	AQ-009	SemanticScholar	S2:b767f569f82d13e71e712e8c600f6db0bda856fa	PER_SEED_DIRECTION_QUOTA
STOP-G03-eaa94e0aa9cf7211	PAPER-HASH-27c8550d231c96db	PAPER-1603.01876	PAPER-1603.01876	1	BACKWARD	25	ALG=0;MECH=25;ROLE=0;AGE=0;FALS=0	AQ-002|AQ-003|AQ-006|AQ-007|AQ-008|AQ-009|AQ-010|AQ-011|AQ-012	SemanticScholar	S2:72c2958810686a4f6efde55095b14c66720e782d	PER_SEED_DIRECTION_QUOTA
STOP-G03-0a812f871bf222f8	PAPER-HASH-36c6b2164f7b39e1	PAPER-1603.01876	PAPER-1603.01876	1	BACKWARD	35	ALG=0;MECH=25;ROLE=0;AGE=10;FALS=0	AQ-002|AQ-003|AQ-008|AQ-010|AQ-011|AQ-012	SemanticScholar	S2:UNAVAILABLE:36c6b2164f7b39e1	PER_SEED_DIRECTION_QUOTA
STOP-G03-d76710a610030d93	PAPER-HASH-3906fa64cee28fe6	PAPER-1603.01876	PAPER-1603.01876	1	BACKWARD	75	ALG=40;MECH=25;ROLE=0;AGE=10;FALS=0	AQ-002|AQ-003|AQ-007|AQ-009|AQ-011|AQ-012	SemanticScholar	S2:96345a5eb4d0b4cb8990cccaf9f3e65439d3db60	PER_SEED_DIRECTION_QUOTA
STOP-G03-dde88f638fb637e9	PAPER-HASH-4a91385e8b2a129e	PAPER-1603.01876	PAPER-1603.01876	1	BACKWARD	75	ALG=40;MECH=25;ROLE=0;AGE=10;FALS=0	AQ-002|AQ-003|AQ-004|AQ-006|AQ-007|AQ-008|AQ-009|AQ-010|AQ-011|AQ-012	SemanticScholar	S2:b6f1c2fdd994d35513c5e41468faf994218eb44c	PER_SEED_DIRECTION_QUOTA
STOP-G03-0337f27e1b7875d9	PAPER-HASH-4bc834d35e915061	PAPER-1603.01876	PAPER-1603.01876	1	BACKWARD	25	ALG=0;MECH=25;ROLE=0;AGE=0;FALS=0	AQ-003|AQ-008|AQ-010	SemanticScholar	S2:UNAVAILABLE:4bc834d35e915061	PER_SEED_DIRECTION_QUOTA
STOP-G03-eeea601894b54711	PAPER-HASH-4c4d44a9800f9a5b	PAPER-1603.01876	PAPER-1603.01876	1	BACKWARD	35	ALG=0;MECH=25;ROLE=0;AGE=10;FALS=0	AQ-001|AQ-003|AQ-008|AQ-009|AQ-010|AQ-011|AQ-012	SemanticScholar	S2:ece7a415781ba9299d56975291cbac71821335a7	PER_SEED_DIRECTION_QUOTA
STOP-G03-0ae3cddba91de35b	PAPER-HASH-749d77a51edf3d60	PAPER-1603.01876	PAPER-1603.01876	1	BACKWARD	25	ALG=0;MECH=25;ROLE=0;AGE=0;FALS=0	AQ-003|AQ-010	SemanticScholar	S2:b2b057987c398ecf332f50f42891161c99e14aa4	PER_SEED_DIRECTION_QUOTA
STOP-G03-a7f35cbce2d4f1be	PAPER-HASH-7b0ce35797e4cb12	PAPER-1603.01876	PAPER-1603.01876	1	BACKWARD	25	ALG=0;MECH=25;ROLE=0;AGE=0;FALS=0	AQ-001|AQ-009	SemanticScholar	S2:e7ac8f7db691c04c4d7c3703eded5f70e8861812	PER_SEED_DIRECTION_QUOTA
STOP-G03-573151f0fde9a7ef	PAPER-HASH-7b449f1d72c1423f	PAPER-1603.01876	PAPER-1603.01876	1	BACKWARD	35	ALG=0;MECH=25;ROLE=0;AGE=10;FALS=0	AQ-002|AQ-003|AQ-008|AQ-010|AQ-011|AQ-012	SemanticScholar	S2:e3b958f93eb28d8cb6780480501a414c11361206	PER_SEED_DIRECTION_QUOTA
STOP-G03-f3b18bd6187bb6ef	PAPER-HASH-8028c11cfdd56fd9	PAPER-1603.01876	PAPER-1603.01876	1	BACKWARD	25	ALG=0;MECH=25;ROLE=0;AGE=0;FALS=0	AQ-003|AQ-010	SemanticScholar	S2:1daa28ff7473ad849059cb78c9be7751023cfb60	PER_SEED_DIRECTION_QUOTA
STOP-G03-a7296e23a463b848	PAPER-HASH-80dba0667bd27fd6	PAPER-1603.01876	PAPER-1603.01876	1	BACKWARD	25	ALG=0;MECH=25;ROLE=0;AGE=0;FALS=0	AQ-003|AQ-008|AQ-010	SemanticScholar	S2:24281c886cd9339fe2fc5881faf5ed72b731a03e	PER_SEED_DIRECTION_QUOTA
STOP-G03-772b7ff1ccd1ce7b	PAPER-HASH-8d8f99f699f5b1f0	PAPER-1603.01876	PAPER-1603.01876	1	BACKWARD	25	ALG=0;MECH=25;ROLE=0;AGE=0;FALS=0	AQ-002|AQ-004|AQ-007|AQ-008|AQ-009|AQ-012	SemanticScholar	S2:b6d3df4881f8c211ac5a6449b1fd9bb26f93f76b	PER_SEED_DIRECTION_QUOTA
STOP-G03-1b36ac9b903854b3	PAPER-HASH-8dbaf4b1aef3025a	PAPER-1603.01876	PAPER-1603.01876	1	BACKWARD	35	ALG=0;MECH=25;ROLE=0;AGE=10;FALS=0	AQ-001|AQ-012	SemanticScholar	S2:119d1f3012e75eed43729d4369a53537368813bb	PER_SEED_DIRECTION_QUOTA
STOP-G03-721d40f74ad8315a	PAPER-HASH-916c7b9f30bfb5a9	PAPER-1603.01876	PAPER-1603.01876	1	BACKWARD	65	ALG=40;MECH=25;ROLE=0;AGE=0;FALS=0	AQ-002|AQ-003|AQ-006|AQ-010|AQ-012	SemanticScholar	S2:873af2ddbd126938bb3eb9b01e8d5a13e052c8ac	PER_SEED_DIRECTION_QUOTA
STOP-G03-b69c8c788ae2f30e	PAPER-HASH-960d2552e9da5342	PAPER-1603.01876	PAPER-1603.01876	1	BACKWARD	25	ALG=0;MECH=25;ROLE=0;AGE=0;FALS=0	AQ-001|AQ-008|AQ-009|AQ-012	SemanticScholar	S2:6cbd8b1decf115ae3024d1281708bb0ca622e0ee	PER_SEED_DIRECTION_QUOTA
STOP-G03-42d00d42d43dabbf	PAPER-HASH-a3f7a5e094db36f7	PAPER-1603.01876	PAPER-1603.01876	1	BACKWARD	65	ALG=40;MECH=25;ROLE=0;AGE=0;FALS=0	AQ-002|AQ-006|AQ-007|AQ-009|AQ-010|AQ-012	SemanticScholar	S2:c6ef363d5df863595bc4d42bd388b1e95e1c0eb3	PER_SEED_DIRECTION_QUOTA
STOP-G03-ac7b431612e398fd	PAPER-HASH-aa09ce8a95fde3b4	PAPER-1603.01876	PAPER-1603.01876	1	BACKWARD	25	ALG=0;MECH=25;ROLE=0;AGE=0;FALS=0	AQ-001|AQ-002|AQ-006|AQ-008|AQ-009|AQ-010|AQ-012	SemanticScholar	S2:UNAVAILABLE:aa09ce8a95fde3b4	PER_SEED_DIRECTION_QUOTA
STOP-G03-ac01c03c776dd645	PAPER-HASH-aa450285c63f3e33	PAPER-1603.01876	PAPER-1603.01876	1	BACKWARD	25	ALG=0;MECH=25;ROLE=0;AGE=0;FALS=0	AQ-009	SemanticScholar	S2:d133ef683d10af9102dad8a2a974b388fa42526a	PER_SEED_DIRECTION_QUOTA
STOP-G03-001437bad925b162	PAPER-HASH-b1db7336e72f7303	PAPER-1603.01876	PAPER-1603.01876	1	BACKWARD	65	ALG=40;MECH=25;ROLE=0;AGE=0;FALS=0	AQ-002|AQ-007|AQ-008|AQ-009|AQ-010|AQ-012	SemanticScholar	S2:93fe1fd172e0c28340744d566135cff0b3c372b5	PER_SEED_DIRECTION_QUOTA
STOP-G03-78f4ff16a0e784ba	PAPER-HASH-b600d1222112ae7d	PAPER-1603.01876	PAPER-1603.01876	1	BACKWARD	25	ALG=0;MECH=25;ROLE=0;AGE=0;FALS=0	AQ-001|AQ-003|AQ-006|AQ-008|AQ-010|AQ-011	SemanticScholar	S2:5355687e1dab8b770e7c79c8a626d8a4052eff43	PER_SEED_DIRECTION_QUOTA
STOP-G03-f37362c625eb2ab1	PAPER-HASH-c047332332c44216	PAPER-1603.01876	PAPER-1603.01876	1	BACKWARD	25	ALG=0;MECH=25;ROLE=0;AGE=0;FALS=0	AQ-008|AQ-010|AQ-011|AQ-012	SemanticScholar	S2:5105b69b51180a8f5067fad26780178913c7d740	PER_SEED_DIRECTION_QUOTA
STOP-G03-9941a8b52226555e	PAPER-HASH-cb6f0321d2504adf	PAPER-1603.01876	PAPER-1603.01876	1	BACKWARD	25	ALG=0;MECH=25;ROLE=0;AGE=0;FALS=0	AQ-003|AQ-009|AQ-010|AQ-012	SemanticScholar	S2:c69859fd9ee74e5287c5dbf22ee7e82663fe8bdd	PER_SEED_DIRECTION_QUOTA
STOP-G03-467e1c2a073ccfbd	PAPER-HASH-ccb38475711c0bbc	PAPER-1603.01876	PAPER-1603.01876	1	BACKWARD	35	ALG=0;MECH=25;ROLE=0;AGE=10;FALS=0	AQ-001|AQ-003|AQ-007|AQ-008|AQ-009|AQ-012	SemanticScholar	S2:dee02c09cb8ddd4f054515855c9ae48a54353da2	PER_SEED_DIRECTION_QUOTA
STOP-G03-b037293931781427	PAPER-HASH-d0732e7f7d827680	PAPER-1603.01876	PAPER-1603.01876	1	BACKWARD	25	ALG=0;MECH=25;ROLE=0;AGE=0;FALS=0	AQ-002|AQ-004|AQ-006|AQ-008|AQ-009|AQ-010|AQ-011|AQ-012	SemanticScholar	S2:18b89ae68d587b5150fbf2e933bcbc1c3404bee9	PER_SEED_DIRECTION_QUOTA
STOP-G03-ea87fae57b55a696	PAPER-HASH-d95336754f5b2dc0	PAPER-1603.01876	PAPER-1603.01876	1	BACKWARD	50	ALG=0;MECH=25;ROLE=15;AGE=10;FALS=0	AQ-008|AQ-010|AQ-011|AQ-012	SemanticScholar	S2:61608bde8d502dbac561b9de1f36e676491b0b30	PER_SEED_DIRECTION_QUOTA
STOP-G03-856c6e5d99e7dda8	PAPER-HASH-da66e88d814db4a2	PAPER-1603.01876	PAPER-1603.01876	1	BACKWARD	35	ALG=0;MECH=25;ROLE=0;AGE=10;FALS=0	AQ-002|AQ-005|AQ-008	SemanticScholar	S2:abd1549962d6eb668a49dc2da5d977b7e9fe3e52	PER_SEED_DIRECTION_QUOTA
STOP-G03-69f0dd9677ab52bc	PAPER-HASH-e39203d6319c5b1c	PAPER-1603.01876	PAPER-1603.01876	1	BACKWARD	25	ALG=0;MECH=25;ROLE=0;AGE=0;FALS=0	AQ-001|AQ-002|AQ-004|AQ-006|AQ-007|AQ-008|AQ-009|AQ-010|AQ-011|AQ-012	SemanticScholar	S2:4db047c54882e4585d8260c5f626b540b6a246ae	PER_SEED_DIRECTION_QUOTA
STOP-G03-d1282f76a422bc93	PAPER-HASH-e436202370204958	PAPER-1603.01876	PAPER-1603.01876	1	BACKWARD	25	ALG=0;MECH=25;ROLE=0;AGE=0;FALS=0	AQ-009|AQ-011|AQ-012	SemanticScholar	S2:a3d6d8d562870750943fd955dc86206e4c6a8dfd	PER_SEED_DIRECTION_QUOTA
STOP-G03-c218633b85471567	PAPER-HASH-e9932a17b391a804	PAPER-1603.01876	PAPER-1603.01876	1	BACKWARD	35	ALG=0;MECH=25;ROLE=0;AGE=10;FALS=0	AQ-003|AQ-004|AQ-005|AQ-006|AQ-007|AQ-008|AQ-009|AQ-010|AQ-012	SemanticScholar	S2:UNAVAILABLE:e9932a17b391a804	PER_SEED_DIRECTION_QUOTA
STOP-G03-95312d527eaf46ca	PAPER-HASH-ea76d9cf287bb383	PAPER-1603.01876	PAPER-1603.01876	1	BACKWARD	25	ALG=0;MECH=25;ROLE=0;AGE=0;FALS=0	AQ-002|AQ-003|AQ-008|AQ-010|AQ-011|AQ-012	SemanticScholar	S2:3e375c8d996b8c46c83b9d3f72732d7477e5fd86	PER_SEED_DIRECTION_QUOTA
STOP-G03-31e2d454ea270461	PAPER-HASH-eb976c98cb8b351e	PAPER-1603.01876	PAPER-1603.01876	1	BACKWARD	35	ALG=0;MECH=25;ROLE=0;AGE=10;FALS=0	AQ-003|AQ-009|AQ-010|AQ-012	SemanticScholar	S2:21698935af6f3422d0f725b8d4503c745b2cbc1a	PER_SEED_DIRECTION_QUOTA
STOP-G03-d19a8ddf024f5af2	PAPER-HASH-ec65f4d32b149866	PAPER-1603.01876	PAPER-1603.01876	1	BACKWARD	65	ALG=40;MECH=25;ROLE=0;AGE=0;FALS=0	AQ-002|AQ-003|AQ-004|AQ-005|AQ-007|AQ-008|AQ-009|AQ-010|AQ-012	SemanticScholar	S2:88391d7c1cf1d1f2f5e9d35324aa0ef957b0c051	PER_SEED_DIRECTION_QUOTA
STOP-G03-99ad0c22cac44c20	PAPER-HASH-f394b69ea813a3c1	PAPER-1603.01876	PAPER-1603.01876	1	BACKWARD	65	ALG=40;MECH=25;ROLE=0;AGE=0;FALS=0	AQ-005|AQ-011	SemanticScholar	S2:0c325c32039656541760b2d8f02be4636e026785	PER_SEED_DIRECTION_QUOTA
STOP-G03-622af89995bc766c	PAPER-HASH-f94eb8680ed5bed6	PAPER-1603.01876	PAPER-1603.01876	1	BACKWARD	25	ALG=0;MECH=25;ROLE=0;AGE=0;FALS=0	AQ-003|AQ-007|AQ-010	SemanticScholar	S2:UNAVAILABLE:f94eb8680ed5bed6	PER_SEED_DIRECTION_QUOTA
STOP-G03-7d2c45a3176a9b39	PAPER-HASH-fa280884473a7436	PAPER-1603.01876	PAPER-1603.01876	1	BACKWARD	40	ALG=0;MECH=25;ROLE=15;AGE=0;FALS=0	AQ-001|AQ-003|AQ-009|AQ-010|AQ-011|AQ-012	SemanticScholar	S2:e913949c1e12d492fad8773ca318cb245884ea03	PER_SEED_DIRECTION_QUOTA
STOP-G03-518ae66a0f51457f	PAPER-HASH-fc220964d883a5ce	PAPER-1603.01876	PAPER-1603.01876	1	BACKWARD	25	ALG=0;MECH=25;ROLE=0;AGE=0;FALS=0	AQ-002|AQ-003|AQ-006|AQ-008|AQ-009|AQ-010|AQ-012	SemanticScholar	S2:UNAVAILABLE:fc220964d883a5ce	PER_SEED_DIRECTION_QUOTA
STOP-G03-9ce76e0c4222df0c	PAPER-1805.09675	PAPER-1603.01876	PAPER-1603.01876	1	FORWARD	0	ALG=0;MECH=0;ROLE=0;AGE=0;FALS=0	NONE	SemanticScholar	S2:0d5245b44dc311da3746bf5ceb6e357df2d894df	NO_DECISION_IMPACT
STOP-G03-0de42f7a5898b7f2	PAPER-1611.03380	PAPER-1603.01876	PAPER-1603.01876	1	FORWARD	25	ALG=0;MECH=25;ROLE=0;AGE=0;FALS=0	AQ-001|AQ-002|AQ-005|AQ-006|AQ-008|AQ-009|AQ-010|AQ-011|AQ-012	SemanticScholar	S2:d285ec7909da9c59fc8a92a5c63b82d586a04552	PER_SEED_DIRECTION_QUOTA
STOP-G03-327d123280ca7223	PAPER-1708.06866	PAPER-1603.01876	PAPER-1603.01876	1	FORWARD	25	ALG=0;MECH=25;ROLE=0;AGE=0;FALS=0	AQ-004|AQ-008|AQ-010|AQ-012	SemanticScholar	S2:bae9bd3fa9dc123d131a30d8d73e765eed0cd888	PER_SEED_DIRECTION_QUOTA
STOP-G03-d20b79fb68f927b7	PAPER-1708.07883	PAPER-1603.01876	PAPER-1603.01876	1	FORWARD	65	ALG=40;MECH=25;ROLE=0;AGE=0;FALS=0	AQ-003|AQ-004|AQ-005|AQ-006|AQ-007|AQ-008|AQ-009|AQ-011|AQ-012	SemanticScholar	S2:a4c88f0afcc5ba68b3860f8507d50649642158b1	PER_SEED_DIRECTION_QUOTA
STOP-G03-71921a075a108a14	PAPER-1803.01281	PAPER-1603.01876	PAPER-1603.01876	1	FORWARD	65	ALG=40;MECH=25;ROLE=0;AGE=0;FALS=0	AQ-001|AQ-002|AQ-006|AQ-007|AQ-009|AQ-010|AQ-012	SemanticScholar	S2:2eca0851b8ab7991739ffe7f84b930e771b14d1b	PER_SEED_DIRECTION_QUOTA
STOP-G03-a77803ba5a05e891	PAPER-1909.05631	PAPER-1603.01876	PAPER-1603.01876	1	FORWARD	25	ALG=0;MECH=25;ROLE=0;AGE=0;FALS=0	AQ-002|AQ-003|AQ-005|AQ-006|AQ-010	SemanticScholar	S2:4022bd72825fd9e3b778550e1a9483ab55f66e02	PER_SEED_DIRECTION_QUOTA
STOP-G03-c4fa11d0fc2a83f7	PAPER-2004.01181	PAPER-1603.01876	PAPER-1603.01876	1	FORWARD	25	ALG=0;MECH=25;ROLE=0;AGE=0;FALS=0	AQ-002|AQ-003|AQ-005|AQ-006|AQ-010	SemanticScholar	S2:19df3f66303a8c304aaa233602bf26b37bee54bd	PER_SEED_DIRECTION_QUOTA
STOP-G03-08415090b83b2ed0	PAPER-2409.08115	PAPER-1603.01876	PAPER-1603.01876	1	FORWARD	25	ALG=0;MECH=25;ROLE=0;AGE=0;FALS=0	AQ-003|AQ-010	SemanticScholar	S2:b2f729eb246dd01013cc05f75d168c44d3601bde	PER_SEED_DIRECTION_QUOTA
STOP-G03-86e2f60427e4dcfe	PAPER-HASH-2ba2649164c2690f	PAPER-1603.01876	PAPER-1603.01876	1	FORWARD	65	ALG=40;MECH=25;ROLE=0;AGE=0;FALS=0	AQ-004|AQ-006|AQ-009|AQ-012	SemanticScholar	S2:943e04e8740e9d4a76146134ca71a33ffba6a984	PER_SEED_DIRECTION_QUOTA
STOP-G03-56b9599de1b70f17	PAPER-HASH-313bc90338e72f16	PAPER-1603.01876	PAPER-1603.01876	1	FORWARD	25	ALG=0;MECH=25;ROLE=0;AGE=0;FALS=0	AQ-001|AQ-003|AQ-008|AQ-009|AQ-010|AQ-011|AQ-012	SemanticScholar	S2:93a97c4483dd4afbee63b245a52780a33268e858	PER_SEED_DIRECTION_QUOTA
STOP-G03-44a4cb168e4b60a4	PAPER-HASH-5d45fcc024131466	PAPER-1603.01876	PAPER-1603.01876	1	FORWARD	25	ALG=0;MECH=25;ROLE=0;AGE=0;FALS=0	AQ-010	SemanticScholar	S2:ff8c9f1ce9072f3cda7e87f3d6a70519e586160e	PER_SEED_DIRECTION_QUOTA
STOP-G03-42f00ebd05d1c2fc	PAPER-HASH-60bf130a12a50858	PAPER-1603.01876	PAPER-1603.01876	1	FORWARD	40	ALG=0;MECH=25;ROLE=15;AGE=0;FALS=0	AQ-002|AQ-003|AQ-005|AQ-006|AQ-010|AQ-012	SemanticScholar	S2:5761c171f57f2eb08c73b6426d13ccf12ac9e008	PER_SEED_DIRECTION_QUOTA
STOP-G03-02aaf0c60813ed04	PAPER-HASH-7b92d050f9a0dc19	PAPER-1603.01876	PAPER-1603.01876	1	FORWARD	25	ALG=0;MECH=25;ROLE=0;AGE=0;FALS=0	AQ-003	SemanticScholar	S2:e5d7d9552466576a9490b82d22f604b34159e676	PER_SEED_DIRECTION_QUOTA
STOP-G03-21bb2bf0067d8671	PAPER-HASH-cd5491730e87ccea	PAPER-1603.01876	PAPER-1603.01876	1	FORWARD	40	ALG=0;MECH=25;ROLE=15;AGE=0;FALS=0	AQ-003|AQ-008|AQ-009|AQ-010|AQ-012	SemanticScholar	S2:5f75f744bddfe38493d78d75cf494825fef15375	PER_SEED_DIRECTION_QUOTA
STOP-G03-1dae760439e51c4a	PAPER-HASH-dbdc25c387dcc3fa	PAPER-1603.01876	PAPER-1603.01876	1	FORWARD	40	ALG=0;MECH=25;ROLE=15;AGE=0;FALS=0	AQ-001|AQ-003|AQ-004|AQ-005|AQ-009|AQ-010|AQ-011|AQ-012	SemanticScholar	S2:33572d19d80f3dd31ff2740cb059f7ffbea61ce1	PER_SEED_DIRECTION_QUOTA
STOP-G03-17b6fc40b220db37	PAPER-HASH-ab142af809564673	PAPER-1603.01876	PAPER-HASH-ab142af809564673	2	BACKWARD	75	ALG=40;MECH=25;ROLE=0;AGE=10;FALS=0	AQ-003|AQ-007|AQ-011|AQ-012	SemanticScholar	S2:10d6778bc45aebcd58d336b4062b935861d2fe8a	REQUEST_RETRY_RESERVE
STOP-G03-f3a11e6cc063d808	PAPER-HASH-6d247d25d59aa0a2	PAPER-1603.01876	PAPER-HASH-6d247d25d59aa0a2	2	FORWARD	80	ALG=40;MECH=25;ROLE=15;AGE=0;FALS=0	AQ-002|AQ-004|AQ-007|AQ-008|AQ-009|AQ-012	SemanticScholar	S2:4806bedf4c8e2abd9fb2b7a50739ee06c0f459f8	REQUEST_RETRY_RESERVE
STOP-G03-85a9edd0d2bc7d8e	PAPER-1601.06919	PAPER-1708.07271	PAPER-1708.07271	1	BACKWARD	0	ALG=0;MECH=0;ROLE=0;AGE=0;FALS=0	NONE	SemanticScholar	S2:1380770ef5a4f479c4920e6678858883dc027f14	NO_DECISION_IMPACT
STOP-G03-0567a7505ead5f2c	PAPER-HASH-45d8bb36026f6ef5	PAPER-1708.07271	PAPER-1708.07271	1	BACKWARD	0	ALG=0;MECH=0;ROLE=0;AGE=10;FALS=0	NONE	SemanticScholar	S2:45d8da8bc31bb77af77a7a45f1b8449e43fd3006	NO_DECISION_IMPACT
STOP-G03-86a2c31127875c3a	PAPER-1004.1194	PAPER-1708.07271	PAPER-1708.07271	1	BACKWARD	25	ALG=0;MECH=25;ROLE=0;AGE=0;FALS=0	AQ-001|AQ-002|AQ-004|AQ-007|AQ-008|AQ-009|AQ-011|AQ-012	SemanticScholar	S2:076fa7b0431b542fc356795d8ce53a2cbb0bc688	PER_SEED_DIRECTION_QUOTA
STOP-G03-b390cd24ecd991d5	PAPER-1407.4286	PAPER-1708.07271	PAPER-1708.07271	1	BACKWARD	25	ALG=0;MECH=25;ROLE=0;AGE=0;FALS=0	AQ-003|AQ-007|AQ-008|AQ-010|AQ-011	SemanticScholar	S2:c8d0690c341d6976839b840b842c22aaa21ec4eb	PER_SEED_DIRECTION_QUOTA
STOP-G03-78fa3870c587e75e	PAPER-1511.06773	PAPER-1708.07271	PAPER-1708.07271	1	BACKWARD	65	ALG=40;MECH=25;ROLE=0;AGE=0;FALS=0	AQ-002|AQ-003|AQ-004|AQ-005|AQ-006|AQ-007|AQ-008|AQ-009|AQ-010|AQ-011	SemanticScholar	S2:c5b4235baf2c5263feb216036354bf3d940aba61	PER_SEED_DIRECTION_QUOTA
STOP-G03-8b00565ebb8b295a	PAPER-1605.01695	PAPER-1708.07271	PAPER-1708.07271	1	BACKWARD	65	ALG=40;MECH=25;ROLE=0;AGE=0;FALS=0	AQ-002|AQ-003|AQ-004|AQ-005|AQ-007|AQ-008|AQ-009|AQ-010|AQ-011	SemanticScholar	S2:6fa82f13d018b3677c85f1f26a7fde82c07a78df	PER_SEED_DIRECTION_QUOTA
STOP-G03-8b8cabdaf72bf05c	PAPER-1712.07246	PAPER-1708.07271	PAPER-1708.07271	1	BACKWARD	35	ALG=0;MECH=25;ROLE=0;AGE=0;FALS=10	AQ-002|AQ-005|AQ-007|AQ-008|AQ-009|AQ-010|AQ-011	SemanticScholar	S2:c244b9be51db410763f4d83542dc68fde5cf50ab	PER_SEED_DIRECTION_QUOTA
STOP-G03-003c8227d8e9717a	PAPER-HASH-3c99384f15f1945c	PAPER-1708.07271	PAPER-1708.07271	1	BACKWARD	35	ALG=0;MECH=25;ROLE=0;AGE=10;FALS=0	AQ-003|AQ-010	SemanticScholar	S2:8fc012941dccba5017bfd73dfd40e414001b74c4	PER_SEED_DIRECTION_QUOTA
STOP-G03-2deca207e7170faa	PAPER-HASH-4c7f7c86b2a00357	PAPER-1708.07271	PAPER-1708.07271	1	BACKWARD	35	ALG=0;MECH=25;ROLE=0;AGE=10;FALS=0	AQ-001|AQ-003|AQ-009|AQ-010	SemanticScholar	S2:73b59a9a5e9642d3b80469dce828b626d85457b8	PER_SEED_DIRECTION_QUOTA
STOP-G03-dec001ac8e89d227	PAPER-HASH-50c3e1d3b2b6f44e	PAPER-1708.07271	PAPER-1708.07271	1	BACKWARD	25	ALG=0;MECH=25;ROLE=0;AGE=0;FALS=0	AQ-003|AQ-010	SemanticScholar	S2:effa683ec6111aaf4b4d29ab2fb26b832844d9e1	PER_SEED_DIRECTION_QUOTA
STOP-G03-4922cb7e22c35766	PAPER-HASH-58d6d99b153f627c	PAPER-1708.07271	PAPER-1708.07271	1	BACKWARD	25	ALG=0;MECH=25;ROLE=0;AGE=0;FALS=0	AQ-001|AQ-002|AQ-004|AQ-007|AQ-008|AQ-009|AQ-011|AQ-012	SemanticScholar	S2:0a4102d2a6905c81c41a980aa9cad26cde27465d	PER_SEED_DIRECTION_QUOTA
STOP-G03-4146e4aff7445ac3	PAPER-HASH-5aab6b5787f31cea	PAPER-1708.07271	PAPER-1708.07271	1	BACKWARD	25	ALG=0;MECH=25;ROLE=0;AGE=0;FALS=0	AQ-001|AQ-002|AQ-003|AQ-004|AQ-006|AQ-007|AQ-008|AQ-009|AQ-010|AQ-011	SemanticScholar	S2:2e1c33f55f80cb7e440435deb6f5fdf8bed95f47	PER_SEED_DIRECTION_QUOTA
STOP-G03-78feece9c1419d88	PAPER-HASH-683ace4b457059b8	PAPER-1708.07271	PAPER-1708.07271	1	BACKWARD	35	ALG=0;MECH=25;ROLE=0;AGE=10;FALS=0	AQ-007	SemanticScholar	S2:5055db687594129f1e2653a7ba3e3aa451a53568	PER_SEED_DIRECTION_QUOTA
STOP-G03-b89e5c863def7bf7	PAPER-HASH-89f7b16398c6a4a1	PAPER-1708.07271	PAPER-1708.07271	1	BACKWARD	25	ALG=0;MECH=25;ROLE=0;AGE=0;FALS=0	AQ-001|AQ-006|AQ-012	SemanticScholar	S2:685be4f2163fecd236391da88225d920129b26cb	PER_SEED_DIRECTION_QUOTA
STOP-G03-f51b1793b6b7dc74	PAPER-HASH-9ca49468fe4cc080	PAPER-1708.07271	PAPER-1708.07271	1	BACKWARD	40	ALG=0;MECH=25;ROLE=15;AGE=0;FALS=0	AQ-002|AQ-003|AQ-007	SemanticScholar	S2:df5dbe2199fe7110387818eb28d2e84668ac90a3	PER_SEED_DIRECTION_QUOTA
STOP-G03-1f0d47bb6196d23b	PAPER-HASH-b463b9c73c7b8957	PAPER-1708.07271	PAPER-1708.07271	1	BACKWARD	65	ALG=40;MECH=25;ROLE=0;AGE=0;FALS=0	AQ-002|AQ-003|AQ-007|AQ-008	SemanticScholar	S2:cf9a1c25e7b7269aff1d40c0540ecd530851e938	PER_SEED_DIRECTION_QUOTA
STOP-G03-505c666e682af2ba	PAPER-HASH-b7c4dbac8d95b790	PAPER-1708.07271	PAPER-1708.07271	1	BACKWARD	65	ALG=40;MECH=25;ROLE=0;AGE=0;FALS=0	AQ-001|AQ-002|AQ-003|AQ-004|AQ-005|AQ-006|AQ-007|AQ-008|AQ-009|AQ-011|AQ-012	SemanticScholar	S2:c2b76a104d98de3c4d8b537eb064ecec70a5810e	PER_SEED_DIRECTION_QUOTA
STOP-G03-23af700fc598bca6	PAPER-HASH-c2c3d8a0b575d354	PAPER-1708.07271	PAPER-1708.07271	1	BACKWARD	65	ALG=40;MECH=25;ROLE=0;AGE=0;FALS=0	AQ-001|AQ-002|AQ-003|AQ-004|AQ-005|AQ-006|AQ-007|AQ-008|AQ-009	SemanticScholar	S2:d8d47b0ee3c080138b48e00f6322383d41f7809d	PER_SEED_DIRECTION_QUOTA
STOP-G03-d2248c83f04069fc	PAPER-HASH-dc79f55ea14d6642	PAPER-1708.07271	PAPER-1708.07271	1	BACKWARD	25	ALG=0;MECH=25;ROLE=0;AGE=0;FALS=0	AQ-002|AQ-003|AQ-007	SemanticScholar	S2:c8c4a820973364d5f39f49e24686154d504755bd	PER_SEED_DIRECTION_QUOTA
STOP-G03-df7281a01d83accb	PAPER-HASH-e553be8b75fef233	PAPER-1708.07271	PAPER-1708.07271	1	BACKWARD	25	ALG=0;MECH=25;ROLE=0;AGE=0;FALS=0	AQ-003|AQ-010	SemanticScholar	S2:f8fda7abca9a2af1b572ead5cbb9655daa7aa4f1	PER_SEED_DIRECTION_QUOTA
STOP-G03-11f5a43259775e1a	PAPER-HASH-e66a9b73d1d52bf1	PAPER-1708.07271	PAPER-1708.07271	1	BACKWARD	25	ALG=0;MECH=25;ROLE=0;AGE=0;FALS=0	AQ-001	SemanticScholar	S2:f54c9fb870f0a9d77db73cb1144a3b655fe0374f	PER_SEED_DIRECTION_QUOTA
STOP-G03-52a7894f3a23d47c	PAPER-1807.07937	PAPER-1708.07271	PAPER-1708.07271	1	FORWARD	65	ALG=40;MECH=25;ROLE=0;AGE=0;FALS=0	AQ-001|AQ-002|AQ-006|AQ-007|AQ-008|AQ-009|AQ-010|AQ-012	SemanticScholar	S2:01024d235aea2572aaf227aea4c97e9510dcc222	PER_SEED_DIRECTION_QUOTA
STOP-G03-e548284e237c3719	PAPER-HASH-0966ff8e15aa06c2	PAPER-1708.07271	PAPER-1708.07271	1	FORWARD	25	ALG=0;MECH=25;ROLE=0;AGE=0;FALS=0	AQ-001|AQ-002|AQ-005|AQ-007|AQ-008|AQ-009|AQ-011	SemanticScholar	S2:be76b5359bbb27cd0428ff79389bcfad476ddbbc	PER_SEED_DIRECTION_QUOTA
STOP-G03-1dcbfeb1329eaa92	PAPER-HASH-2159b3946b5bc607	PAPER-1708.07271	PAPER-1708.07271	1	FORWARD	25	ALG=0;MECH=25;ROLE=0;AGE=0;FALS=0	AQ-001|AQ-003|AQ-008|AQ-010	SemanticScholar	S2:49fd4f8150080d3b5c3b9f08ae2e7bc1313bb663	PER_SEED_DIRECTION_QUOTA
STOP-G03-ccbffcdac7eedce1	PAPER-HASH-8971926ea4f982b8	PAPER-1708.07271	PAPER-1708.07271	1	FORWARD	25	ALG=0;MECH=25;ROLE=0;AGE=0;FALS=0	AQ-002|AQ-003|AQ-004|AQ-007|AQ-008|AQ-009|AQ-012	SemanticScholar	S2:e3328b8739bc7054bb85192facc3eb8c8f182910	PER_SEED_DIRECTION_QUOTA
STOP-G03-00f1a827f5fde838	PAPER-HASH-d84dd734ef8e9856	PAPER-1708.07271	PAPER-HASH-d84dd734ef8e9856	2	BACKWARD	75	ALG=40;MECH=25;ROLE=0;AGE=10;FALS=0	AQ-002|AQ-007|AQ-008|AQ-009|AQ-010|AQ-012	SemanticScholar	S2:eb82d3035849cd23578096462ba419b53198a556	REQUEST_RETRY_RESERVE
STOP-G03-a2eaae5a82914a84	PAPER-HASH-e1d33f3b1ccee67e	PAPER-1708.07271	PAPER-HASH-e1d33f3b1ccee67e	2	FORWARD	80	ALG=40;MECH=25;ROLE=15;AGE=0;FALS=0	AQ-001|AQ-003|AQ-008|AQ-009|AQ-010|AQ-011	SemanticScholar	S2:50ebb9bc412b0b15b51420bd23e5cf25aa6d7c1a	REQUEST_RETRY_RESERVE
STOP-G03-0b46d2edc5d13a89	PAPER-HASH-18285d059bda521e	PAPER-1709.07122	PAPER-1709.07122	1	BACKWARD	0	ALG=0;MECH=0;ROLE=0;AGE=0;FALS=0	NONE	SemanticScholar	S2:39ac2e0fc4ec63753306f99e71e0f38133e58ead	NO_DECISION_IMPACT
STOP-G03-3ee3267a13755545	PAPER-HASH-3cba88d511f05111	PAPER-1709.07122	PAPER-1709.07122	1	BACKWARD	0	ALG=0;MECH=0;ROLE=0;AGE=0;FALS=0	NONE	SemanticScholar	S2:27239e63adb9dd197134eaa1bc33f20908772000	NO_DECISION_IMPACT
STOP-G03-a0c2ab22964a2abe	PAPER-HASH-b3d38afa2d413c38	PAPER-1709.07122	PAPER-1709.07122	1	BACKWARD	0	ALG=0;MECH=0;ROLE=0;AGE=0;FALS=0	NONE	SemanticScholar	S2:b9976fa9b182c9c85593a66801c7c3b3ad3679fd	NO_DECISION_IMPACT
STOP-G03-c025c20727e6930b	PAPER-HASH-cfb0f0020c2ff6e2	PAPER-1709.07122	PAPER-1709.07122	1	BACKWARD	0	ALG=0;MECH=0;ROLE=0;AGE=0;FALS=0	NONE	SemanticScholar	S2:UNAVAILABLE:cfb0f0020c2ff6e2	NO_DECISION_IMPACT
STOP-G03-54ab50d786296153	PAPER-1011.5425	PAPER-1709.07122	PAPER-1709.07122	1	BACKWARD	65	ALG=40;MECH=25;ROLE=0;AGE=0;FALS=0	AQ-002|AQ-003|AQ-004|AQ-005|AQ-006|AQ-007|AQ-008|AQ-009|AQ-010|AQ-011|AQ-012	SemanticScholar	S2:e41956966fbbde4a25b420ab0cf32b62ab6e2589	PER_SEED_DIRECTION_QUOTA
STOP-G03-2862aeba1a9e251f	PAPER-1209.0835	PAPER-1709.07122	PAPER-1709.07122	1	BACKWARD	25	ALG=0;MECH=25;ROLE=0;AGE=0;FALS=0	AQ-003|AQ-008|AQ-010|AQ-011|AQ-012	SemanticScholar	S2:552b8cda3ed49bfa2e712666c739d2bffae23d94	PER_SEED_DIRECTION_QUOTA
STOP-G03-58ef95e66df2b6f3	PAPER-1411.1460	PAPER-1709.07122	PAPER-1709.07122	1	BACKWARD	25	ALG=0;MECH=25;ROLE=0;AGE=0;FALS=0	AQ-001	SemanticScholar	S2:a72a6bbef914c7177d8eb5ef168527c6d0ad1b67	PER_SEED_DIRECTION_QUOTA
STOP-G03-a56c0cc4d9ddcca7	PAPER-1501.05387	PAPER-1709.07122	PAPER-1709.07122	1	BACKWARD	25	ALG=0;MECH=25;ROLE=0;AGE=0;FALS=0	AQ-008|AQ-010|AQ-011	SemanticScholar	S2:923da3bc69c6ed6a2b0b155b6cd759ede373d933	PER_SEED_DIRECTION_QUOTA
STOP-G03-92290123210218dc	PAPER-1503.07241	PAPER-1709.07122	PAPER-1709.07122	1	BACKWARD	25	ALG=0;MECH=25;ROLE=0;AGE=0;FALS=0	AQ-007|AQ-008|AQ-010	SemanticScholar	S2:b513711621e81d0abd042e0877ca751581a993f5	PER_SEED_DIRECTION_QUOTA
STOP-G03-b056703cd498b128	PAPER-HASH-00135e3784d68ba1	PAPER-1709.07122	PAPER-1709.07122	1	BACKWARD	65	ALG=40;MECH=25;ROLE=0;AGE=0;FALS=0	AQ-002|AQ-004|AQ-007|AQ-008|AQ-009|AQ-012	SemanticScholar	S2:0ad8e89091eed09217e66adc98136126addc2619	PER_SEED_DIRECTION_QUOTA
STOP-G03-d82f0d97f074a876	PAPER-HASH-02bdfd0b6f29464b	PAPER-1709.07122	PAPER-1709.07122	1	BACKWARD	50	ALG=0;MECH=25;ROLE=15;AGE=10;FALS=0	AQ-001|AQ-004|AQ-005|AQ-009|AQ-011|AQ-012	SemanticScholar	S2:64a857fb29720c7fe1965c6f3bff7746acfd965a	PER_SEED_DIRECTION_QUOTA
STOP-G03-0a9a5896f1719cb0	PAPER-HASH-0a86cfe99a974907	PAPER-1709.07122	PAPER-1709.07122	1	BACKWARD	25	ALG=0;MECH=25;ROLE=0;AGE=0;FALS=0	AQ-003|AQ-008|AQ-010|AQ-011	SemanticScholar	S2:acd13b907c9acf16c6bf7c0a1cff0d7f2402c669	PER_SEED_DIRECTION_QUOTA
STOP-G03-642a381c32f4b30f	PAPER-HASH-0f6cfa09ac049606	PAPER-1709.07122	PAPER-1709.07122	1	BACKWARD	25	ALG=0;MECH=25;ROLE=0;AGE=0;FALS=0	AQ-005|AQ-008|AQ-010|AQ-011	SemanticScholar	S2:33f818fb992688d035957eaeaa11f559f218da01	PER_SEED_DIRECTION_QUOTA
STOP-G03-e50aae241d4de31d	PAPER-HASH-148aa15ded164aa9	PAPER-1709.07122	PAPER-1709.07122	1	BACKWARD	65	ALG=40;MECH=25;ROLE=0;AGE=0;FALS=0	AQ-001|AQ-002|AQ-003|AQ-004|AQ-005|AQ-006|AQ-007|AQ-008|AQ-009|AQ-010|AQ-011|AQ-012	SemanticScholar	S2:5c0d56404b4e21d0e485c2e08abda2d12ae7b953	PER_SEED_DIRECTION_QUOTA
STOP-G03-1f06f0716b3d8562	PAPER-HASH-261e3c343805f994	PAPER-1709.07122	PAPER-1709.07122	1	BACKWARD	75	ALG=40;MECH=25;ROLE=0;AGE=10;FALS=0	AQ-001|AQ-002|AQ-003|AQ-004|AQ-005|AQ-006|AQ-007|AQ-008|AQ-009|AQ-011	SemanticScholar	S2:8138ab11231447708f13d1a593389ded2b845b1b	PER_SEED_DIRECTION_QUOTA
STOP-G03-21daf4143aa4660d	PAPER-HASH-307b93314f539bf5	PAPER-1709.07122	PAPER-1709.07122	1	BACKWARD	35	ALG=0;MECH=25;ROLE=0;AGE=10;FALS=0	AQ-011|AQ-012	SemanticScholar	S2:bd014331774ef7becae11a3c8af5005b3a75630d	PER_SEED_DIRECTION_QUOTA
STOP-G03-b2a385d79caf377c	PAPER-HASH-39ac2bacd402df83	PAPER-1709.07122	PAPER-1709.07122	1	BACKWARD	25	ALG=0;MECH=25;ROLE=0;AGE=0;FALS=0	AQ-002|AQ-003|AQ-004|AQ-006|AQ-008|AQ-010|AQ-011	SemanticScholar	S2:fe144e378650f0cd2704f8f039170c1bd3e7f353	PER_SEED_DIRECTION_QUOTA
STOP-G03-270917a130b53f60	PAPER-HASH-4dcdf8b09499e451	PAPER-1709.07122	PAPER-1709.07122	1	BACKWARD	65	ALG=40;MECH=25;ROLE=0;AGE=0;FALS=0	AQ-002|AQ-007|AQ-008|AQ-009|AQ-010|AQ-012	SemanticScholar	S2:652640d1226131fbeb66aba6eab681196c2d5222	PER_SEED_DIRECTION_QUOTA
STOP-G03-1afdfe818b2215bb	PAPER-HASH-4f72cd601d5fff6d	PAPER-1709.07122	PAPER-1709.07122	1	BACKWARD	65	ALG=40;MECH=25;ROLE=0;AGE=0;FALS=0	AQ-002|AQ-003|AQ-004|AQ-005|AQ-006|AQ-007|AQ-008|AQ-009|AQ-011	SemanticScholar	S2:2d7bf91ca184def17e15bf515532651fd5fe5f01	PER_SEED_DIRECTION_QUOTA
STOP-G03-d7aed0e3932f49d6	PAPER-HASH-513fa076248aee66	PAPER-1709.07122	PAPER-1709.07122	1	BACKWARD	75	ALG=40;MECH=25;ROLE=0;AGE=10;FALS=0	AQ-001|AQ-002|AQ-003|AQ-004|AQ-005|AQ-006|AQ-007|AQ-008|AQ-009|AQ-010|AQ-011|AQ-012	SemanticScholar	S2:da5f6c3f436d6ec554113ba4590fe0a5cc049ab4	PER_SEED_DIRECTION_QUOTA
STOP-G03-fcaceaebbc2c9012	PAPER-HASH-5184db9e54f1d3d1	PAPER-1709.07122	PAPER-1709.07122	1	BACKWARD	35	ALG=0;MECH=25;ROLE=0;AGE=10;FALS=0	AQ-003|AQ-004|AQ-005|AQ-006|AQ-008|AQ-009|AQ-010|AQ-011|AQ-012	SemanticScholar	S2:UNAVAILABLE:5184db9e54f1d3d1	PER_SEED_DIRECTION_QUOTA
STOP-G03-2930d1ff5587a4b7	PAPER-HASH-548ae7d63e65a948	PAPER-1709.07122	PAPER-1709.07122	1	BACKWARD	75	ALG=40;MECH=25;ROLE=0;AGE=10;FALS=0	AQ-002|AQ-003|AQ-004|AQ-006|AQ-008|AQ-009|AQ-012	SemanticScholar	S2:aa8eb7db54fd5c7648b0d3379a431c1590c13072	PER_SEED_DIRECTION_QUOTA
STOP-G03-82a681c2ed2394df	PAPER-HASH-5536f8a6b75e6203	PAPER-1709.07122	PAPER-1709.07122	1	BACKWARD	25	ALG=0;MECH=25;ROLE=0;AGE=0;FALS=0	AQ-005|AQ-009|AQ-012	SemanticScholar	S2:UNAVAILABLE:5536f8a6b75e6203	PER_SEED_DIRECTION_QUOTA
STOP-G03-1634c9dee41582e0	PAPER-HASH-6754c2a4fc4c9974	PAPER-1709.07122	PAPER-1709.07122	1	BACKWARD	35	ALG=0;MECH=25;ROLE=0;AGE=10;FALS=0	AQ-002|AQ-005|AQ-006|AQ-008|AQ-009|AQ-010|AQ-012	SemanticScholar	S2:95af99ac3a56ade5416659123b7d57514a808636	PER_SEED_DIRECTION_QUOTA
STOP-G03-1310216e53e23ec7	PAPER-HASH-68044910f003b9c7	PAPER-1709.07122	PAPER-1709.07122	1	BACKWARD	25	ALG=0;MECH=25;ROLE=0;AGE=0;FALS=0	AQ-002|AQ-005|AQ-008|AQ-009|AQ-010|AQ-011	SemanticScholar	S2:98a576874f99447baf07c0e4118853a7be7c9b31	PER_SEED_DIRECTION_QUOTA
STOP-G03-d8baf552a8959ac2	PAPER-HASH-6874fdb2ba1fcd5f	PAPER-1709.07122	PAPER-1709.07122	1	BACKWARD	65	ALG=40;MECH=25;ROLE=0;AGE=0;FALS=0	AQ-001|AQ-003|AQ-005|AQ-006|AQ-007|AQ-008|AQ-011|AQ-012	SemanticScholar	S2:b5d588298e6845b4bfd40ea779ce21e628239ef3	PER_SEED_DIRECTION_QUOTA
STOP-G03-a78b8dfd443610c6	PAPER-HASH-6d8c3ac40fe8f543	PAPER-1709.07122	PAPER-1709.07122	1	BACKWARD	40	ALG=0;MECH=25;ROLE=15;AGE=0;FALS=0	AQ-001|AQ-003|AQ-008|AQ-009|AQ-010|AQ-012	SemanticScholar	S2:UNAVAILABLE:6d8c3ac40fe8f543	PER_SEED_DIRECTION_QUOTA
STOP-G03-354ce6bea48af894	PAPER-HASH-729d4f89e77dac4f	PAPER-1709.07122	PAPER-1709.07122	1	BACKWARD	65	ALG=40;MECH=25;ROLE=0;AGE=0;FALS=0	AQ-002|AQ-003|AQ-004|AQ-006|AQ-008|AQ-009|AQ-011|AQ-012	SemanticScholar	S2:0a3b2d2ddf6e832a0b282380abb9b2eeb7d97177	PER_SEED_DIRECTION_QUOTA
STOP-G03-6ba97ca7109b0976	PAPER-HASH-73c0cd4a98f43f8a	PAPER-1709.07122	PAPER-1709.07122	1	BACKWARD	35	ALG=0;MECH=25;ROLE=0;AGE=10;FALS=0	AQ-003|AQ-008|AQ-010	SemanticScholar	S2:4cdde0eafec8bdbf043dd27686234bee57687aba	PER_SEED_DIRECTION_QUOTA
STOP-G03-767258e1d2f9c0b5	PAPER-HASH-749d77a51edf3d60	PAPER-1709.07122	PAPER-1709.07122	1	BACKWARD	25	ALG=0;MECH=25;ROLE=0;AGE=0;FALS=0	AQ-003|AQ-010	SemanticScholar	S2:b2b057987c398ecf332f50f42891161c99e14aa4	PER_SEED_DIRECTION_QUOTA
STOP-G03-5a940729c8cbee43	PAPER-HASH-767baeea40741ecd	PAPER-1709.07122	PAPER-1709.07122	1	BACKWARD	65	ALG=40;MECH=25;ROLE=0;AGE=0;FALS=0	AQ-002|AQ-003|AQ-008|AQ-010|AQ-011|AQ-012	SemanticScholar	S2:c61e7cc717959304f0b7ce4168f88529dff25ae5	PER_SEED_DIRECTION_QUOTA
STOP-G03-390f8496f9de3a56	PAPER-HASH-7c204e30903815cd	PAPER-1709.07122	PAPER-1709.07122	1	BACKWARD	25	ALG=0;MECH=25;ROLE=0;AGE=0;FALS=0	AQ-001|AQ-006|AQ-008	SemanticScholar	S2:3d985a05e4a49be71d497e7a2ff3fcbeb74c4bc8	PER_SEED_DIRECTION_QUOTA
STOP-G03-a0cb96e234cf68b3	PAPER-HASH-886c95f4412cc11d	PAPER-1709.07122	PAPER-1709.07122	1	BACKWARD	75	ALG=40;MECH=25;ROLE=0;AGE=10;FALS=0	AQ-002|AQ-003|AQ-006|AQ-008|AQ-010|AQ-011|AQ-012	SemanticScholar	S2:6b6ae4ff053bcee2834b5e7718810cb5bc15c36c	PER_SEED_DIRECTION_QUOTA
STOP-G03-1ed2ae34e0784ec7	PAPER-HASH-a5d2d3d1f71361df	PAPER-1709.07122	PAPER-1709.07122	1	BACKWARD	40	ALG=0;MECH=25;ROLE=15;AGE=0;FALS=0	AQ-002|AQ-008|AQ-012	SemanticScholar	S2:8c084e71c986c17ed32f9c2ada413725ef00c670	PER_SEED_DIRECTION_QUOTA
STOP-G03-dee1132f718731bc	PAPER-HASH-a8865b6d9417494a	PAPER-1709.07122	PAPER-1709.07122	1	BACKWARD	25	ALG=0;MECH=25;ROLE=0;AGE=0;FALS=0	AQ-001|AQ-002|AQ-003|AQ-004|AQ-006|AQ-008|AQ-009|AQ-010|AQ-011|AQ-012	SemanticScholar	S2:UNAVAILABLE:a8865b6d9417494a	PER_SEED_DIRECTION_QUOTA
STOP-G03-84092af80a9af053	PAPER-HASH-aa450285c63f3e33	PAPER-1709.07122	PAPER-1709.07122	1	BACKWARD	25	ALG=0;MECH=25;ROLE=0;AGE=0;FALS=0	AQ-009	SemanticScholar	S2:d133ef683d10af9102dad8a2a974b388fa42526a	PER_SEED_DIRECTION_QUOTA
STOP-G03-c498a90a779f81b0	PAPER-HASH-b05110a93df505a4	PAPER-1709.07122	PAPER-1709.07122	1	BACKWARD	65	ALG=40;MECH=25;ROLE=0;AGE=0;FALS=0	AQ-002|AQ-003|AQ-004|AQ-006|AQ-007|AQ-008|AQ-009|AQ-010|AQ-011|AQ-012	SemanticScholar	S2:96f927ca20b614b3387b1187258e9a6877dbee53	PER_SEED_DIRECTION_QUOTA
STOP-G03-f515cbc0e07810cb	PAPER-HASH-b2bc54de714e7bd4	PAPER-1709.07122	PAPER-1709.07122	1	BACKWARD	25	ALG=0;MECH=25;ROLE=0;AGE=0;FALS=0	AQ-001|AQ-002|AQ-005|AQ-008|AQ-009|AQ-010	SemanticScholar	S2:9207a7356d90343b5107e3e445fa7de86f3078eb	PER_SEED_DIRECTION_QUOTA
STOP-G03-4454941de3161261	PAPER-HASH-b600d1222112ae7d	PAPER-1709.07122	PAPER-1709.07122	1	BACKWARD	25	ALG=0;MECH=25;ROLE=0;AGE=0;FALS=0	AQ-001|AQ-003|AQ-006|AQ-008|AQ-010|AQ-011	SemanticScholar	S2:5355687e1dab8b770e7c79c8a626d8a4052eff43	PER_SEED_DIRECTION_QUOTA
STOP-G03-3e448be7e08e84cf	PAPER-HASH-c6385afecce87070	PAPER-1709.07122	PAPER-1709.07122	1	BACKWARD	65	ALG=40;MECH=25;ROLE=0;AGE=0;FALS=0	AQ-002|AQ-003|AQ-004|AQ-005|AQ-006|AQ-007|AQ-008|AQ-009|AQ-010|AQ-011|AQ-012	SemanticScholar	S2:4bc31853ab9de45df2e03a0ea991f89d9449e42b	PER_SEED_DIRECTION_QUOTA
STOP-G03-200515129d9e0558	PAPER-HASH-caad1673d65b68f7	PAPER-1709.07122	PAPER-1709.07122	1	BACKWARD	35	ALG=0;MECH=25;ROLE=0;AGE=10;FALS=0	AQ-001	SemanticScholar	S2:b59aad57ca1baeca15f497ead7bbb2db01b3c952	PER_SEED_DIRECTION_QUOTA
STOP-G03-2fa13305ad5cd03a	PAPER-HASH-f6cbddbebd649328	PAPER-1709.07122	PAPER-1709.07122	1	BACKWARD	25	ALG=0;MECH=25;ROLE=0;AGE=0;FALS=0	AQ-001|AQ-011|AQ-012	SemanticScholar	S2:UNAVAILABLE:f6cbddbebd649328	PER_SEED_DIRECTION_QUOTA
STOP-G03-d9bb39f54f91620b	PAPER-HASH-f71d91b6ac4a84f2	PAPER-1709.07122	PAPER-1709.07122	1	BACKWARD	65	ALG=40;MECH=25;ROLE=0;AGE=0;FALS=0	AQ-002|AQ-003|AQ-004|AQ-005|AQ-006|AQ-007|AQ-008|AQ-009|AQ-010|AQ-011|AQ-012	SemanticScholar	S2:UNAVAILABLE:f71d91b6ac4a84f2	PER_SEED_DIRECTION_QUOTA
STOP-G03-0a8e149a2fccc672	PAPER-HASH-f762d412343c65b7	PAPER-1709.07122	PAPER-1709.07122	1	BACKWARD	65	ALG=40;MECH=25;ROLE=0;AGE=0;FALS=0	AQ-002|AQ-003|AQ-004|AQ-006|AQ-008|AQ-009|AQ-010|AQ-011|AQ-012	SemanticScholar	S2:25be1e75c750185b37135006789217da86507313	PER_SEED_DIRECTION_QUOTA
STOP-G03-e025a029bf407aba	PAPER-HASH-f82f8ed6f9caaa3c	PAPER-1709.07122	PAPER-1709.07122	1	BACKWARD	25	ALG=0;MECH=25;ROLE=0;AGE=0;FALS=0	AQ-008|AQ-010|AQ-011	SemanticScholar	S2:2d867297dfe0d3ce2ed5b1d0f2dff88cac46ee94	PER_SEED_DIRECTION_QUOTA
STOP-G03-a9f808083141fbb8	PAPER-HASH-f91bb20e7a11cec8	PAPER-1709.07122	PAPER-1709.07122	1	BACKWARD	50	ALG=0;MECH=25;ROLE=15;AGE=10;FALS=0	AQ-001|AQ-002|AQ-005|AQ-008|AQ-009|AQ-010|AQ-012	SemanticScholar	S2:4a98c0a38825233ce80a4c754296d35df45b440b	PER_SEED_DIRECTION_QUOTA
STOP-G03-0797d66b0b8df50f	PAPER-HASH-fd18776aa93bfa41	PAPER-1709.07122	PAPER-1709.07122	1	BACKWARD	65	ALG=40;MECH=25;ROLE=0;AGE=0;FALS=0	AQ-001|AQ-002|AQ-005|AQ-007|AQ-008|AQ-009|AQ-010|AQ-011|AQ-012	SemanticScholar	S2:28613f311914cbb7737692673c2385bf16f50091	PER_SEED_DIRECTION_QUOTA
STOP-G03-6105038fe810ee14	PAPER-LEGACY-034a395dfcb30b0f	PAPER-1709.07122	PAPER-1709.07122	1	BACKWARD	35	ALG=0;MECH=25;ROLE=0;AGE=10;FALS=0	AQ-007	SemanticScholar	S2:45d9a0db23906842f4c3385e4f231ede34d32db0	PER_SEED_DIRECTION_QUOTA
STOP-G03-ab63f1239232568e	PAPER-2404.06037	PAPER-1709.07122	PAPER-1709.07122	1	FORWARD	0	ALG=0;MECH=0;ROLE=15;AGE=0;FALS=0	NONE	SemanticScholar	S2:a28a1e3caf78bdfb04469532b0896b5fa96237f6	NO_DECISION_IMPACT
STOP-G03-11be3d6617d4aa5b	PAPER-HASH-048273db57a95173	PAPER-1709.07122	PAPER-1709.07122	1	FORWARD	0	ALG=0;MECH=0;ROLE=0;AGE=0;FALS=0	NONE	SemanticScholar	S2:ebe5c24b9c4f301d4e3fecc02dd002e04ba8d7fa	NO_DECISION_IMPACT
STOP-G03-5868e4e7af9b9598	PAPER-HASH-d8cbece109306a5f	PAPER-1709.07122	PAPER-1709.07122	1	FORWARD	0	ALG=0;MECH=0;ROLE=0;AGE=0;FALS=0	NONE	SemanticScholar	S2:03e1f0469c2743b1cc95ff2e17d70de54d473bd1	NO_DECISION_IMPACT
STOP-G03-052d5a365da7a296	PAPER-1806.08092	PAPER-1709.07122	PAPER-1709.07122	1	FORWARD	65	ALG=40;MECH=25;ROLE=0;AGE=0;FALS=0	AQ-001|AQ-002|AQ-003|AQ-004|AQ-005|AQ-006|AQ-007|AQ-008|AQ-009|AQ-010|AQ-011|AQ-012	SemanticScholar	S2:0ade258065beec6e56a6789dc9ee9ec4867c3c86	PER_SEED_DIRECTION_QUOTA
STOP-G03-b8b2ff0d452ceb36	PAPER-1810.11899	PAPER-1709.07122	PAPER-1709.07122	1	FORWARD	65	ALG=40;MECH=25;ROLE=0;AGE=0;FALS=0	AQ-007|AQ-008	SemanticScholar	S2:c724f501acd836c1cd617b60927659720b3aea0d	PER_SEED_DIRECTION_QUOTA
STOP-G03-9e2dfd6ab0af8c95	PAPER-1903.04395	PAPER-1709.07122	PAPER-1709.07122	1	FORWARD	65	ALG=40;MECH=25;ROLE=0;AGE=0;FALS=0	AQ-005|AQ-007|AQ-008|AQ-009|AQ-012	SemanticScholar	S2:9e134aec26f258784e4929977457acba1e9f2eba	PER_SEED_DIRECTION_QUOTA
STOP-G03-409ef2bb46e66567	PAPER-1907.00140	PAPER-1709.07122	PAPER-1709.07122	1	FORWARD	65	ALG=40;MECH=25;ROLE=0;AGE=0;FALS=0	AQ-001|AQ-003|AQ-004|AQ-006|AQ-008|AQ-009|AQ-010|AQ-011|AQ-012	SemanticScholar	S2:c819f150cb458f0e69cf3b73f21e20712f607338	PER_SEED_DIRECTION_QUOTA
STOP-G03-77fa17c91362cc3a	PAPER-2010.03166	PAPER-1709.07122	PAPER-1709.07122	1	FORWARD	25	ALG=0;MECH=25;ROLE=0;AGE=0;FALS=0	AQ-003|AQ-008|AQ-010	SemanticScholar	S2:9f17b03e5e9b9df14476d612fd593880d207dd61	PER_SEED_DIRECTION_QUOTA
STOP-G03-d5c1b31f6a975a87	PAPER-2010.08695	PAPER-1709.07122	PAPER-1709.07122	1	FORWARD	25	ALG=0;MECH=25;ROLE=0;AGE=0;FALS=0	AQ-006|AQ-007|AQ-008|AQ-011|AQ-012	SemanticScholar	S2:0c7e84d906bf37b030dce5a9b7810c1e90bada40	PER_SEED_DIRECTION_QUOTA
STOP-G03-3ddc506b7de14bc8	PAPER-2011.08451	PAPER-1709.07122	PAPER-1709.07122	1	FORWARD	65	ALG=40;MECH=25;ROLE=0;AGE=0;FALS=0	AQ-002|AQ-003|AQ-008|AQ-009|AQ-010|AQ-011	SemanticScholar	S2:7eec96cff72fb7ab821ea7c7a4e8ae315c487b21	PER_SEED_DIRECTION_QUOTA
STOP-G03-929c32f056b69610	PAPER-2212.05250	PAPER-1709.07122	PAPER-1709.07122	1	FORWARD	65	ALG=40;MECH=25;ROLE=0;AGE=0;FALS=0	AQ-001|AQ-005|AQ-007|AQ-008|AQ-010|AQ-011|AQ-012	SemanticScholar	S2:18de776a58f3c1768c9c3bdf52020b0201ba7f92	PER_SEED_DIRECTION_QUOTA
STOP-G03-b22cfae77e5702bf	PAPER-2402.13441	PAPER-1709.07122	PAPER-1709.07122	1	FORWARD	65	ALG=40;MECH=25;ROLE=0;AGE=0;FALS=0	AQ-001|AQ-002|AQ-003|AQ-004|AQ-006|AQ-007|AQ-008|AQ-010|AQ-011|AQ-012	SemanticScholar	S2:c10b1dd2b9f335b8c837f154bab07775eeed398e	PER_SEED_DIRECTION_QUOTA
STOP-G03-b9b9a53a89109d24	PAPER-2411.14554	PAPER-1709.07122	PAPER-1709.07122	1	FORWARD	25	ALG=0;MECH=25;ROLE=0;AGE=0;FALS=0	AQ-003|AQ-008|AQ-009|AQ-010	SemanticScholar	S2:00086799eac391486574e4e725381a114adf4d45	PER_SEED_DIRECTION_QUOTA
STOP-G03-b954909b8ff705c2	PAPER-2412.04698	PAPER-1709.07122	PAPER-1709.07122	1	FORWARD	25	ALG=0;MECH=25;ROLE=0;AGE=0;FALS=0	AQ-001|AQ-002|AQ-003|AQ-004|AQ-005|AQ-007|AQ-008|AQ-009|AQ-010|AQ-011|AQ-012	SemanticScholar	S2:e1df5aca06a058af113bba8910c0447e29a11737	PER_SEED_DIRECTION_QUOTA
STOP-G03-2325dadb6fa615aa	PAPER-HASH-0280e410e5428da0	PAPER-1709.07122	PAPER-1709.07122	1	FORWARD	65	ALG=40;MECH=25;ROLE=0;AGE=0;FALS=0	AQ-001|AQ-005|AQ-007|AQ-008|AQ-010|AQ-011|AQ-012	SemanticScholar	S2:22ef64d39c862086ffc3d7cda14ade67c1b221f6	PER_SEED_DIRECTION_QUOTA
STOP-G03-150415f36eab6a07	PAPER-HASH-077f3b570fef75fa	PAPER-1709.07122	PAPER-1709.07122	1	FORWARD	25	ALG=0;MECH=25;ROLE=0;AGE=0;FALS=0	AQ-002|AQ-008	SemanticScholar	S2:607627f0eac0c3d109f30bb4e747589bcf78839d	PER_SEED_DIRECTION_QUOTA
STOP-G03-368af990504c2210	PAPER-HASH-17483137549ecef1	PAPER-1709.07122	PAPER-1709.07122	1	FORWARD	25	ALG=0;MECH=25;ROLE=0;AGE=0;FALS=0	AQ-002|AQ-003|AQ-004|AQ-006|AQ-008|AQ-010|AQ-011	SemanticScholar	S2:5045484d9947ecaedb116ad6c36b59e0f200b8da	PER_SEED_DIRECTION_QUOTA
STOP-G03-9330ca7e577965b3	PAPER-HASH-1b2ebdd981139388	PAPER-1709.07122	PAPER-1709.07122	1	FORWARD	25	ALG=0;MECH=25;ROLE=0;AGE=0;FALS=0	AQ-002|AQ-003|AQ-004|AQ-005|AQ-006|AQ-007|AQ-008|AQ-009|AQ-010|AQ-011|AQ-012	SemanticScholar	S2:a208313307821cfc5cc4d3b466d7533be30546c3	PER_SEED_DIRECTION_QUOTA
STOP-G03-09bd966e0cc7ab41	PAPER-HASH-327bbf79b9421b35	PAPER-1709.07122	PAPER-1709.07122	1	FORWARD	25	ALG=0;MECH=25;ROLE=0;AGE=0;FALS=0	AQ-003|AQ-005|AQ-011	SemanticScholar	S2:712792f7537385508815a1ad20ff7e4f67ffee00	PER_SEED_DIRECTION_QUOTA
STOP-G03-f9dff416a77bb439	PAPER-HASH-32f7acab8ba046b9	PAPER-1709.07122	PAPER-1709.07122	1	FORWARD	65	ALG=40;MECH=25;ROLE=0;AGE=0;FALS=0	AQ-002|AQ-005|AQ-007|AQ-008|AQ-010	SemanticScholar	S2:aeb3f1ccffc5c8e281ff30385aca8e1abb620da5	PER_SEED_DIRECTION_QUOTA
STOP-G03-42abec3eae39b177	PAPER-HASH-45315924c7a1be91	PAPER-1709.07122	PAPER-1709.07122	1	FORWARD	25	ALG=0;MECH=25;ROLE=0;AGE=0;FALS=0	AQ-001|AQ-002|AQ-003|AQ-005|AQ-008|AQ-009|AQ-010|AQ-011|AQ-012	SemanticScholar	S2:a8a44f59d562a21c0c18632cd42cd43d90cb6db5	PER_SEED_DIRECTION_QUOTA
STOP-G03-83d67eb76335bbfe	PAPER-HASH-5be5c5e2b814bcb5	PAPER-1709.07122	PAPER-1709.07122	1	FORWARD	65	ALG=40;MECH=25;ROLE=0;AGE=0;FALS=0	AQ-001|AQ-002|AQ-003|AQ-004|AQ-005|AQ-006|AQ-007|AQ-008|AQ-009|AQ-010|AQ-011|AQ-012	SemanticScholar	S2:71196312e1a31e7b1520daad31568622b0585092	PER_SEED_DIRECTION_QUOTA
STOP-G03-98ee59520546fb1a	PAPER-HASH-62aefb52aa344bed	PAPER-1709.07122	PAPER-1709.07122	1	FORWARD	65	ALG=40;MECH=25;ROLE=0;AGE=0;FALS=0	AQ-003|AQ-008	SemanticScholar	S2:d7b9625ddae42c70b7f9ee8de0f4e90296461c60	PER_SEED_DIRECTION_QUOTA
STOP-G03-638946fe0f389cf5	PAPER-HASH-664ea8800f2479dd	PAPER-1709.07122	PAPER-1709.07122	1	FORWARD	65	ALG=40;MECH=25;ROLE=0;AGE=0;FALS=0	AQ-002|AQ-007|AQ-008|AQ-009|AQ-010|AQ-012	SemanticScholar	S2:f8f67755ca3756f79b37b8d5b4c92151f2f31027	PER_SEED_DIRECTION_QUOTA
STOP-G03-8c90a50efafc8cb2	PAPER-HASH-68ecb112a47de7e9	PAPER-1709.07122	PAPER-1709.07122	1	FORWARD	65	ALG=40;MECH=25;ROLE=0;AGE=0;FALS=0	AQ-002|AQ-005|AQ-006|AQ-008|AQ-010|AQ-011|AQ-012	SemanticScholar	S2:231b88e974b3117fbbeade9fa4f758ed4f15369b	PER_SEED_DIRECTION_QUOTA
STOP-G03-b68d87dd598f5aca	PAPER-HASH-6a126c3462b03234	PAPER-1709.07122	PAPER-1709.07122	1	FORWARD	25	ALG=0;MECH=25;ROLE=0;AGE=0;FALS=0	AQ-001|AQ-002|AQ-003|AQ-005|AQ-008|AQ-009|AQ-010	SemanticScholar	S2:7e523f77371854390aaf2c757e792636eaf877eb	PER_SEED_DIRECTION_QUOTA
STOP-G03-7f6f1ba7a48f779f	PAPER-HASH-6f62907e7eafeb39	PAPER-1709.07122	PAPER-1709.07122	1	FORWARD	25	ALG=0;MECH=25;ROLE=0;AGE=0;FALS=0	AQ-003|AQ-005|AQ-011	SemanticScholar	S2:7a02ca6260b7e6b1420d98f6b09abe955ae1a4f4	PER_SEED_DIRECTION_QUOTA
STOP-G03-f59218aea1bd22b6	PAPER-HASH-70230ecb0bf865f6	PAPER-1709.07122	PAPER-1709.07122	1	FORWARD	65	ALG=40;MECH=25;ROLE=0;AGE=0;FALS=0	AQ-001|AQ-002|AQ-005|AQ-007|AQ-008|AQ-009|AQ-010|AQ-011	SemanticScholar	S2:ae255980af427de5ba6b99df22dadbc347b1a29e	PER_SEED_DIRECTION_QUOTA
STOP-G03-09c3a4460590d630	PAPER-HASH-72491e1d8d776373	PAPER-1709.07122	PAPER-1709.07122	1	FORWARD	25	ALG=0;MECH=25;ROLE=0;AGE=0;FALS=0	AQ-001|AQ-003|AQ-008|AQ-010	SemanticScholar	S2:8df23131487b3d9acebb598a86102e4d5ba390a5	PER_SEED_DIRECTION_QUOTA
STOP-G03-cfc196a6fe943dcc	PAPER-HASH-730de7a6ff36d9f4	PAPER-1709.07122	PAPER-1709.07122	1	FORWARD	65	ALG=40;MECH=25;ROLE=0;AGE=0;FALS=0	AQ-002|AQ-007|AQ-008|AQ-009|AQ-010|AQ-011|AQ-012	SemanticScholar	S2:2ef5cf1f45958f3a42719064ad92ff989377b653	PER_SEED_DIRECTION_QUOTA
STOP-G03-c2d7ea3677757e47	PAPER-HASH-873b5cc9f33a7a97	PAPER-1709.07122	PAPER-1709.07122	1	FORWARD	65	ALG=40;MECH=25;ROLE=0;AGE=0;FALS=0	AQ-002|AQ-007|AQ-008|AQ-009|AQ-010|AQ-012	SemanticScholar	S2:a8c65c9543c1af39ced30d16e186946743bd5dcf	PER_SEED_DIRECTION_QUOTA
STOP-G03-70d97a5b213cc7d9	PAPER-HASH-8db0442dcbefd1ec	PAPER-1709.07122	PAPER-1709.07122	1	FORWARD	65	ALG=40;MECH=25;ROLE=0;AGE=0;FALS=0	AQ-001|AQ-002|AQ-004|AQ-006|AQ-007|AQ-008|AQ-009|AQ-010|AQ-012	SemanticScholar	S2:f81753bde9a195d173fdfe7e36afc9b7c86d99f5	PER_SEED_DIRECTION_QUOTA
STOP-G03-92c82f7fa4541437	PAPER-HASH-92e677d967fa8c18	PAPER-1709.07122	PAPER-1709.07122	1	FORWARD	65	ALG=40;MECH=25;ROLE=0;AGE=0;FALS=0	AQ-003|AQ-004|AQ-006|AQ-008|AQ-009|AQ-011|AQ-012	SemanticScholar	S2:6514031c9a5f75d8c496167de40bbef7d0683288	PER_SEED_DIRECTION_QUOTA
STOP-G03-78bfa189afbe521a	PAPER-HASH-a0c126daf9a00ad1	PAPER-1709.07122	PAPER-1709.07122	1	FORWARD	65	ALG=40;MECH=25;ROLE=0;AGE=0;FALS=0	AQ-002|AQ-005|AQ-006|AQ-007|AQ-008|AQ-009|AQ-010	SemanticScholar	S2:efa7a4154f5987ab485184597f4eabcc572e7360	PER_SEED_DIRECTION_QUOTA
STOP-G03-a6abd875322cd9d6	PAPER-HASH-ac8d6e31fd315cce	PAPER-1709.07122	PAPER-1709.07122	1	FORWARD	65	ALG=40;MECH=25;ROLE=0;AGE=0;FALS=0	AQ-001|AQ-002|AQ-003|AQ-007|AQ-008|AQ-009|AQ-010|AQ-012	SemanticScholar	S2:4176fa8d5a4f1c7d0abf85ce873d5bfe5cd41bd7	PER_SEED_DIRECTION_QUOTA
STOP-G03-b828f4de1c9936c2	PAPER-HASH-cd1d7cedd720a87c	PAPER-1709.07122	PAPER-1709.07122	1	FORWARD	65	ALG=40;MECH=25;ROLE=0;AGE=0;FALS=0	AQ-001|AQ-002|AQ-003|AQ-004|AQ-005|AQ-006|AQ-007|AQ-008|AQ-009|AQ-010|AQ-011|AQ-012	SemanticScholar	S2:11fe64c39d5d029034ca5cddab030a8c2088157f	PER_SEED_DIRECTION_QUOTA
STOP-G03-8b2d69ce710ab7db	PAPER-HASH-f18a0c9c12824bdd	PAPER-1709.07122	PAPER-1709.07122	1	FORWARD	65	ALG=40;MECH=25;ROLE=0;AGE=0;FALS=0	AQ-002|AQ-004|AQ-005|AQ-006|AQ-007|AQ-008|AQ-009|AQ-010|AQ-012	SemanticScholar	S2:7e6ca251a6e5565a4c0ff40687033c5150732a0e	PER_SEED_DIRECTION_QUOTA
STOP-G03-5c246e53a63d61c8	PAPER-HASH-f75cca7f7f4a1f68	PAPER-1709.07122	PAPER-1709.07122	1	FORWARD	25	ALG=0;MECH=25;ROLE=0;AGE=0;FALS=0	AQ-002|AQ-005|AQ-006|AQ-007|AQ-008|AQ-011	SemanticScholar	S2:804d4e014be4bc6b74c82f45225321a256d32583	PER_SEED_DIRECTION_QUOTA
STOP-G03-1478a9edb99cb5ae	PAPER-HASH-fa279c8f8f723b2c	PAPER-1709.07122	PAPER-1709.07122	1	FORWARD	65	ALG=40;MECH=25;ROLE=0;AGE=0;FALS=0	AQ-001|AQ-003|AQ-007|AQ-008|AQ-010	SemanticScholar	S2:c18a68485f9f09426d3906d51d6a81e1f6298422	PER_SEED_DIRECTION_QUOTA
STOP-G03-1e938312cadcdecd	PAPER-HASH-fedae2d3c2339e1a	PAPER-1709.07122	PAPER-1709.07122	1	FORWARD	40	ALG=0;MECH=25;ROLE=15;AGE=0;FALS=0	AQ-002|AQ-005|AQ-008|AQ-009|AQ-010|AQ-011|AQ-012	SemanticScholar	S2:9d5f91b8e93e4e0194330447b0b8108fd5b08380	PER_SEED_DIRECTION_QUOTA
STOP-G03-d00e36b668f3c9a6	PAPER-HASH-45105a9c93fc6719	PAPER-1709.07122	PAPER-HASH-45105a9c93fc6719	2	BACKWARD	80	ALG=40;MECH=25;ROLE=15;AGE=0;FALS=0	AQ-002|AQ-003|AQ-007|AQ-008|AQ-009|AQ-010|AQ-012	SemanticScholar	S2:9d172fa71c257e8c67a8ca0d3346130f20eebad7	REQUEST_RETRY_RESERVE
STOP-G03-d92b55149c430fe1	PAPER-2404.08299	PAPER-1709.07122	PAPER-2404.08299	2	FORWARD	80	ALG=40;MECH=25;ROLE=15;AGE=0;FALS=0	AQ-002|AQ-006|AQ-007|AQ-008|AQ-009|AQ-010|AQ-012	SemanticScholar	S2:b522e106638981c308b597b1be89f467104081bf	REQUEST_RETRY_RESERVE
STOP-G03-eae7f13eb226dff7	PAPER-0709.2938	PAPER-1810.08473	PAPER-1810.08473	1	BACKWARD	75	ALG=40;MECH=25;ROLE=0;AGE=10;FALS=0	AQ-001|AQ-003|AQ-006|AQ-008|AQ-009|AQ-010	SemanticScholar	S2:69dc367c30240fcbbde0a2be04f16b02f2f7e73e	PER_SEED_DIRECTION_QUOTA
STOP-G03-e820099e4b83ce96	PAPER-0803.0476	PAPER-1810.08473	PAPER-1810.08473	1	BACKWARD	75	ALG=40;MECH=25;ROLE=0;AGE=10;FALS=0	AQ-001|AQ-003|AQ-006|AQ-009|AQ-010	SemanticScholar	S2:274a4b1b7ef7811c5cbf9a2127b7dbd21244122a	PER_SEED_DIRECTION_QUOTA
STOP-G03-6343323091a146b1	PAPER-0805.4770	PAPER-1810.08473	PAPER-1810.08473	1	BACKWARD	75	ALG=40;MECH=25;ROLE=0;AGE=10;FALS=0	AQ-001|AQ-003|AQ-005|AQ-006|AQ-008|AQ-009|AQ-010|AQ-011|AQ-012	SemanticScholar	S2:3e0f02e92c6b148c45fc672095ac654000eec5e5	PER_SEED_DIRECTION_QUOTA
STOP-G03-b739cc4f00b4a337	PAPER-0902.3788	PAPER-1810.08473	PAPER-1810.08473	1	BACKWARD	65	ALG=40;MECH=25;ROLE=0;AGE=0;FALS=0	AQ-001|AQ-003|AQ-006|AQ-009|AQ-010	SemanticScholar	S2:beecc2eb2b2a9754668110d07ab98e52d870ad28	PER_SEED_DIRECTION_QUOTA
STOP-G03-2cdbba1f31254cab	PAPER-0906.0612	PAPER-1810.08473	PAPER-1810.08473	1	BACKWARD	65	ALG=40;MECH=25;ROLE=0;AGE=0;FALS=0	AQ-001|AQ-006|AQ-008|AQ-009	SemanticScholar	S2:9be428c9383d47b86570b1b9fc20faf006346c5d	PER_SEED_DIRECTION_QUOTA
STOP-G03-43beb773e248eda4	PAPER-0908.1062	PAPER-1810.08473	PAPER-1810.08473	1	BACKWARD	65	ALG=40;MECH=25;ROLE=0;AGE=0;FALS=0	AQ-001|AQ-002|AQ-006|AQ-008|AQ-009|AQ-010|AQ-012	SemanticScholar	S2:a641960669100a3de0b1dfc80b34dbdfc951d023	PER_SEED_DIRECTION_QUOTA
STOP-G03-91a42e1178597fd5	PAPER-0910.0165	PAPER-1810.08473	PAPER-1810.08473	1	BACKWARD	65	ALG=40;MECH=25;ROLE=0;AGE=0;FALS=0	AQ-006|AQ-012	SemanticScholar	S2:2b08ec87801de2ec614cbbc881a74e1e820c13cf	PER_SEED_DIRECTION_QUOTA
STOP-G03-ddea00079dd40941	PAPER-1104.3083	PAPER-1810.08473	PAPER-1810.08473	1	BACKWARD	65	ALG=40;MECH=25;ROLE=0;AGE=0;FALS=0	AQ-001|AQ-006|AQ-007|AQ-008|AQ-009|AQ-010|AQ-011	SemanticScholar	S2:cbd8b666ab348ccb2bd3a6e0b3d21a1d53d89179	PER_SEED_DIRECTION_QUOTA
STOP-G03-266918252f335d48	PAPER-1203.0532	PAPER-1810.08473	PAPER-1810.08473	1	BACKWARD	65	ALG=40;MECH=25;ROLE=0;AGE=0;FALS=0	AQ-001|AQ-003|AQ-004|AQ-006|AQ-007|AQ-009|AQ-010|AQ-011|AQ-012	SemanticScholar	S2:e44cf9c68836c7ac7b0b5757435ee25bda480af7	PER_SEED_DIRECTION_QUOTA
STOP-G03-6bdd3dcc80bb34dc	PAPER-1308.6604	PAPER-1810.08473	PAPER-1810.08473	1	BACKWARD	65	ALG=40;MECH=25;ROLE=0;AGE=0;FALS=0	AQ-001|AQ-005|AQ-006|AQ-008|AQ-009|AQ-011|AQ-012	SemanticScholar	S2:589c3bc81af17918b5145ad042d189b19b83502d	PER_SEED_DIRECTION_QUOTA
STOP-G03-20377c6d14a784b3	PAPER-1511.05078	PAPER-1810.08473	PAPER-1810.08473	1	BACKWARD	40	ALG=0;MECH=25;ROLE=15;AGE=0;FALS=0	AQ-002|AQ-003|AQ-004|AQ-006|AQ-008|AQ-009|AQ-010|AQ-011|AQ-012	SemanticScholar	S2:adf4913bb6bb12fd533b4f608eff1ce2cbabab92	PER_SEED_DIRECTION_QUOTA
STOP-G03-b5dbaabf57c2e0cd	PAPER-1608.00763	PAPER-1810.08473	PAPER-1810.08473	1	BACKWARD	65	ALG=40;MECH=25;ROLE=0;AGE=0;FALS=0	AQ-001|AQ-002|AQ-003|AQ-006|AQ-008|AQ-009|AQ-010|AQ-012	SemanticScholar	S2:fb163d68fae1af914e177e46b779542b9d816c08	PER_SEED_DIRECTION_QUOTA
STOP-G03-b29f01c2f0ef9646	PAPER-HASH-04812a0cfa83e8cd	PAPER-1810.08473	PAPER-1810.08473	1	BACKWARD	65	ALG=40;MECH=25;ROLE=0;AGE=0;FALS=0	AQ-001|AQ-002|AQ-003|AQ-006|AQ-008|AQ-009|AQ-010|AQ-012	SemanticScholar	S2:04eabca4fea5e1ea96d33679679712c03e25f1e6	PER_SEED_DIRECTION_QUOTA
STOP-G03-c927d131f77a486e	PAPER-HASH-0fe9cf2d488604a2	PAPER-1810.08473	PAPER-1810.08473	1	BACKWARD	35	ALG=0;MECH=25;ROLE=0;AGE=10;FALS=0	AQ-002|AQ-003|AQ-008	SemanticScholar	S2:2153bd13bf4b094bd4be8e5e764a344930d5209f	PER_SEED_DIRECTION_QUOTA
STOP-G03-cb002c52fdfc8044	PAPER-HASH-179a339b3cc1ea7d	PAPER-1810.08473	PAPER-1810.08473	1	BACKWARD	25	ALG=0;MECH=25;ROLE=0;AGE=0;FALS=0	AQ-002|AQ-003|AQ-006|AQ-008|AQ-009|AQ-010|AQ-012	SemanticScholar	S2:59cdf849049627e4c30f3bd866e3a7e03e893251	PER_SEED_DIRECTION_QUOTA
STOP-G03-fb94cb22c5b7c0a6	PAPER-HASH-18346e619861925c	PAPER-1810.08473	PAPER-1810.08473	1	BACKWARD	65	ALG=40;MECH=25;ROLE=0;AGE=0;FALS=0	AQ-001|AQ-002|AQ-006|AQ-008|AQ-009|AQ-010|AQ-011|AQ-012	SemanticScholar	S2:55641fad0f153cf4fd9e7eea3d1f9c02a95fd9d8	PER_SEED_DIRECTION_QUOTA
STOP-G03-1c95e39eb737d477	PAPER-HASH-1cbe53b6f45df83f	PAPER-1810.08473	PAPER-1810.08473	1	BACKWARD	25	ALG=0;MECH=25;ROLE=0;AGE=0;FALS=0	AQ-002|AQ-006|AQ-008|AQ-009|AQ-010|AQ-012	SemanticScholar	S2:ef0c0a5dfcaa4a4597a117df335e844b81a23226	PER_SEED_DIRECTION_QUOTA
STOP-G03-e5605bcdb3851da6	PAPER-HASH-36a73602a5432276	PAPER-1810.08473	PAPER-1810.08473	1	BACKWARD	65	ALG=40;MECH=25;ROLE=0;AGE=0;FALS=0	AQ-002|AQ-003|AQ-006|AQ-008|AQ-009|AQ-010|AQ-012	SemanticScholar	S2:UNAVAILABLE:36a73602a5432276	PER_SEED_DIRECTION_QUOTA
STOP-G03-772b62ddb6e6510b	PAPER-HASH-4a3de848e32b9219	PAPER-1810.08473	PAPER-1810.08473	1	BACKWARD	40	ALG=40;MECH=0;ROLE=0;AGE=0;FALS=0	AQ-006	SemanticScholar	S2:UNAVAILABLE:4a3de848e32b9219	PER_SEED_DIRECTION_QUOTA
STOP-G03-f3ea97144c91e6e5	PAPER-HASH-50d27d40bde122ea	PAPER-1810.08473	PAPER-1810.08473	1	BACKWARD	40	ALG=40;MECH=0;ROLE=0;AGE=0;FALS=0	AQ-006	SemanticScholar	S2:4ea974f0fadb57a0b1ec35cbc5b3eb28e9b966d8	PER_SEED_DIRECTION_QUOTA
STOP-G03-38e51ab44eebe62c	PAPER-HASH-524997ea656b8401	PAPER-1810.08473	PAPER-1810.08473	1	BACKWARD	75	ALG=40;MECH=25;ROLE=0;AGE=10;FALS=0	AQ-004|AQ-005|AQ-006|AQ-012	SemanticScholar	S2:f99939c9c396de3ba12b3326c50dca00dab4060d	PER_SEED_DIRECTION_QUOTA
STOP-G03-08b1114a883189d6	PAPER-HASH-5c29bd655b40c689	PAPER-1810.08473	PAPER-1810.08473	1	BACKWARD	65	ALG=40;MECH=25;ROLE=0;AGE=0;FALS=0	AQ-003|AQ-004|AQ-005|AQ-006|AQ-007|AQ-008|AQ-009|AQ-012	SemanticScholar	S2:f561159bf0e3450e5539091af30c7e50fb5a8d55	PER_SEED_DIRECTION_QUOTA
STOP-G03-8836ebb3ff720e1b	PAPER-HASH-c2b8dd89f3b18985	PAPER-1810.08473	PAPER-1810.08473	1	BACKWARD	65	ALG=40;MECH=25;ROLE=0;AGE=0;FALS=0	AQ-002|AQ-003|AQ-004|AQ-006|AQ-007|AQ-008|AQ-009|AQ-010|AQ-012	SemanticScholar	S2:761c6d496e6da9410e40f385992548a3f78d9125	PER_SEED_DIRECTION_QUOTA
STOP-G03-eaec0ecd7957b91b	PAPER-HASH-c5a158f2cc61c17f	PAPER-1810.08473	PAPER-1810.08473	1	BACKWARD	65	ALG=40;MECH=25;ROLE=0;AGE=0;FALS=0	AQ-001|AQ-004|AQ-005|AQ-006|AQ-009|AQ-010|AQ-011|AQ-012	SemanticScholar	S2:23c4c953fc4e1072fc857f48749807a4738cabc3	PER_SEED_DIRECTION_QUOTA
STOP-G03-6b5b20228507ed04	PAPER-LEGACY-4740c7e29cc9ba86	PAPER-1810.08473	PAPER-1810.08473	1	BACKWARD	75	ALG=40;MECH=25;ROLE=0;AGE=10;FALS=0	AQ-001|AQ-006|AQ-007|AQ-008|AQ-009|AQ-010	SemanticScholar	S2:39433dcfe25535df4398742432f2fb11330b0097	PER_SEED_DIRECTION_QUOTA
STOP-G03-2f1b94e798250c58	PAPER-LEGACY-610b9da905f702fa	PAPER-1810.08473	PAPER-1810.08473	1	BACKWARD	75	ALG=40;MECH=25;ROLE=0;AGE=10;FALS=0	AQ-001|AQ-002|AQ-003|AQ-004|AQ-005|AQ-006|AQ-007|AQ-008|AQ-009|AQ-010|AQ-011	SemanticScholar	S2:0250b5c0f7a414dec8c7a0aa7be20c9637eeb6ec	PER_SEED_DIRECTION_QUOTA
STOP-G03-91c251ea68eca9f7	PAPER-LEGACY-785c59a3b899032b	PAPER-1810.08473	PAPER-1810.08473	1	BACKWARD	35	ALG=0;MECH=25;ROLE=0;AGE=10;FALS=0	AQ-003|AQ-006|AQ-010|AQ-012	SemanticScholar	S2:f43fd1b3ff9d6e6d36d43428460e531c7dabe322	PER_SEED_DIRECTION_QUOTA
STOP-G03-023b6fa30b4b1a9b	PAPER-LEGACY-ec900bac5592fca5	PAPER-1810.08473	PAPER-1810.08473	1	BACKWARD	75	ALG=40;MECH=25;ROLE=0;AGE=10;FALS=0	AQ-001|AQ-006|AQ-008|AQ-009	SemanticScholar	S2:9b34b60e74cf01d2950166d3cce268b7091cba9c	PER_SEED_DIRECTION_QUOTA
STOP-G03-d500b0274d18038a	PAPER-HASH-374d31cddcbbac0c	PAPER-1810.08473	PAPER-1810.08473	1	FORWARD	0	ALG=0;MECH=0;ROLE=0;AGE=0;FALS=0	NONE	SemanticScholar	S2:8d4fa00cd7cffc8691c80c62fb6167e635a5280a	NO_DECISION_IMPACT
STOP-G03-cb6fb45372c37876	PAPER-2607.16668	PAPER-1810.08473	PAPER-1810.08473	1	FORWARD	25	ALG=0;MECH=25;ROLE=0;AGE=0;FALS=0	AQ-001|AQ-012	SemanticScholar	S2:567c6149876391aa8cc06c6a684830aaca4ffcd6	PER_SEED_DIRECTION_QUOTA
STOP-G03-5065dda1f91908ef	PAPER-2607.16848	PAPER-1810.08473	PAPER-1810.08473	1	FORWARD	40	ALG=0;MECH=25;ROLE=15;AGE=0;FALS=0	AQ-003|AQ-008|AQ-010	SemanticScholar	S2:950daac2c72136cab0bd5f2ac9fcd2a0339996d6	PER_SEED_DIRECTION_QUOTA
STOP-G03-f48cb740b76844d3	PAPER-2607.19301	PAPER-1810.08473	PAPER-1810.08473	1	FORWARD	65	ALG=40;MECH=25;ROLE=0;AGE=0;FALS=0	AQ-003|AQ-004|AQ-005|AQ-007|AQ-008|AQ-009|AQ-010|AQ-011|AQ-012	SemanticScholar	S2:8c2f668a3819b797a77a9735a259d257e2d3829f	PER_SEED_DIRECTION_QUOTA
STOP-G03-dc0c7ff985c69c59	PAPER-2607.21255	PAPER-1810.08473	PAPER-1810.08473	1	FORWARD	25	ALG=0;MECH=25;ROLE=0;AGE=0;FALS=0	AQ-002|AQ-003|AQ-008|AQ-010|AQ-011|AQ-012	SemanticScholar	S2:7b64941b9970ce0abdb66c94f9bcae7c19483a89	PER_SEED_DIRECTION_QUOTA
STOP-G03-577c444a95cd2025	PAPER-2607.22287	PAPER-1810.08473	PAPER-1810.08473	1	FORWARD	65	ALG=40;MECH=25;ROLE=0;AGE=0;FALS=0	AQ-002|AQ-004|AQ-006|AQ-007|AQ-008|AQ-009|AQ-011|AQ-012	SemanticScholar	S2:92d6325c9fe1c0085fd13f0286a0384471c3affa	PER_SEED_DIRECTION_QUOTA
STOP-G03-91fca6ae77d9d9f4	PAPER-2607.22505	PAPER-1810.08473	PAPER-1810.08473	1	FORWARD	65	ALG=40;MECH=25;ROLE=0;AGE=0;FALS=0	AQ-002|AQ-005|AQ-006|AQ-007|AQ-008|AQ-009|AQ-010|AQ-012	SemanticScholar	S2:882afa3485f9add31475ff6b801a66b892cb60e4	PER_SEED_DIRECTION_QUOTA
STOP-G03-61f22931b2f18c6a	PAPER-2607.24506	PAPER-1810.08473	PAPER-1810.08473	1	FORWARD	65	ALG=40;MECH=25;ROLE=0;AGE=0;FALS=0	AQ-001|AQ-002|AQ-003|AQ-004|AQ-006|AQ-008|AQ-009|AQ-010|AQ-012	SemanticScholar	S2:7cb4631e94c7b4ba31dd2294916cddaf97556c20	PER_SEED_DIRECTION_QUOTA
STOP-G03-740dea5db0f04326	PAPER-2607.24536	PAPER-1810.08473	PAPER-1810.08473	1	FORWARD	25	ALG=0;MECH=25;ROLE=0;AGE=0;FALS=0	AQ-009|AQ-011|AQ-012	SemanticScholar	S2:0824e8331a3c434c1d75aa4c9599fe42c73fc5ca	PER_SEED_DIRECTION_QUOTA
STOP-G03-9d73db8a35615572	PAPER-2607.24984	PAPER-1810.08473	PAPER-1810.08473	1	FORWARD	25	ALG=0;MECH=25;ROLE=0;AGE=0;FALS=0	AQ-002|AQ-003|AQ-004|AQ-006|AQ-008|AQ-009|AQ-011	SemanticScholar	S2:c8babb448ee35d0d215abbc6d57556870fdd682a	PER_SEED_DIRECTION_QUOTA
STOP-G03-3a5afe58bed6a329	PAPER-2607.25288	PAPER-1810.08473	PAPER-1810.08473	1	FORWARD	65	ALG=40;MECH=25;ROLE=0;AGE=0;FALS=0	AQ-001|AQ-003|AQ-004|AQ-005|AQ-006|AQ-009|AQ-010|AQ-012	SemanticScholar	S2:49c833b58a8a81169e872f49b861a2b5f193a414	PER_SEED_DIRECTION_QUOTA
STOP-G03-a73219fb04837900	PAPER-2607.27654	PAPER-1810.08473	PAPER-1810.08473	1	FORWARD	25	ALG=0;MECH=25;ROLE=0;AGE=0;FALS=0	AQ-002|AQ-003|AQ-006|AQ-008|AQ-009|AQ-010|AQ-011|AQ-012	SemanticScholar	S2:029ac96c7a83f3d09f406232d484a36ffda40303	PER_SEED_DIRECTION_QUOTA
STOP-G03-a928aeb54b65d49a	PAPER-2607.28798	PAPER-1810.08473	PAPER-1810.08473	1	FORWARD	25	ALG=0;MECH=25;ROLE=0;AGE=0;FALS=0	AQ-002|AQ-003|AQ-008|AQ-010|AQ-011|AQ-012	SemanticScholar	S2:7a9d53c95a90a0c58bac5c04503805bd4c80447f	PER_SEED_DIRECTION_QUOTA
STOP-G03-26c40fdb4744f57e	PAPER-2608.01936	PAPER-1810.08473	PAPER-1810.08473	1	FORWARD	65	ALG=40;MECH=25;ROLE=0;AGE=0;FALS=0	AQ-001|AQ-003|AQ-006|AQ-008|AQ-009|AQ-010|AQ-011	SemanticScholar	S2:c6bff4bb1e38aaac529fd76e96b9c4431e1b8472	PER_SEED_DIRECTION_QUOTA
STOP-G03-ebfdf18a6d2b55e9	PAPER-2608.03695	PAPER-1810.08473	PAPER-1810.08473	1	FORWARD	65	ALG=40;MECH=25;ROLE=0;AGE=0;FALS=0	AQ-002|AQ-004|AQ-005|AQ-006|AQ-009|AQ-012	SemanticScholar	S2:7e47ebd011c5f2be75818df4156c8cff2739021e	PER_SEED_DIRECTION_QUOTA
STOP-G03-f70a6917302344a9	PAPER-2608.03696	PAPER-1810.08473	PAPER-1810.08473	1	FORWARD	65	ALG=40;MECH=25;ROLE=0;AGE=0;FALS=0	AQ-004|AQ-005|AQ-006|AQ-008|AQ-010|AQ-012	SemanticScholar	S2:f5f439cd6ce7a80e9bfdf3342ed8286a5cffcdba	PER_SEED_DIRECTION_QUOTA
STOP-G03-65f72e5a08887d9a	PAPER-2608.06402	PAPER-1810.08473	PAPER-1810.08473	1	FORWARD	65	ALG=40;MECH=25;ROLE=0;AGE=0;FALS=0	AQ-001|AQ-006|AQ-008|AQ-009|AQ-010|AQ-011|AQ-012	SemanticScholar	S2:692f3e061f8b3faca24cf91853d0a507f184aea3	PER_SEED_DIRECTION_QUOTA
STOP-G03-4207019c9faefdf4	PAPER-HASH-0aaf8ad7a6941574	PAPER-1810.08473	PAPER-1810.08473	1	FORWARD	25	ALG=0;MECH=25;ROLE=0;AGE=0;FALS=0	AQ-001|AQ-002|AQ-003|AQ-004|AQ-006|AQ-008|AQ-009|AQ-010|AQ-011|AQ-012	SemanticScholar	S2:8149c726a067bb073fedc20c05cc746b8b2520ce	PER_SEED_DIRECTION_QUOTA
STOP-G03-2be707a529a9a04b	PAPER-HASH-0ecb57bb4c1c5a0c	PAPER-1810.08473	PAPER-1810.08473	1	FORWARD	65	ALG=40;MECH=25;ROLE=0;AGE=0;FALS=0	AQ-002|AQ-003|AQ-006|AQ-007|AQ-008|AQ-009|AQ-010|AQ-012	SemanticScholar	S2:35e913d90e6df7e4fb51826dc07f48ab5cb68d01	PER_SEED_DIRECTION_QUOTA
STOP-G03-b3b47d299f3b2c0c	PAPER-HASH-1300c8250694cdca	PAPER-1810.08473	PAPER-1810.08473	1	FORWARD	65	ALG=40;MECH=25;ROLE=0;AGE=0;FALS=0	AQ-001|AQ-003|AQ-006|AQ-009|AQ-010|AQ-011|AQ-012	SemanticScholar	S2:d2297b5f242cd6ceb5dbe1a2fabf5acc72dec905	PER_SEED_DIRECTION_QUOTA
STOP-G03-f3564a884b29e26a	PAPER-HASH-19072ab1a6f895e0	PAPER-1810.08473	PAPER-1810.08473	1	FORWARD	65	ALG=40;MECH=25;ROLE=0;AGE=0;FALS=0	AQ-003|AQ-004|AQ-005|AQ-006|AQ-009|AQ-010|AQ-011|AQ-012	SemanticScholar	S2:2449b02ea12f09bbaa590581ff11d96cdcd251cd	PER_SEED_DIRECTION_QUOTA
STOP-G03-507521b5f65f50be	PAPER-HASH-19595caf5fae7b75	PAPER-1810.08473	PAPER-1810.08473	1	FORWARD	25	ALG=0;MECH=25;ROLE=0;AGE=0;FALS=0	AQ-009|AQ-011|AQ-012	SemanticScholar	S2:e44463431bbbedf6f322c955334a8644b6aeedf9	PER_SEED_DIRECTION_QUOTA
STOP-G03-909f3633f07f6792	PAPER-HASH-209ecf67c8d91535	PAPER-1810.08473	PAPER-1810.08473	1	FORWARD	25	ALG=0;MECH=25;ROLE=0;AGE=0;FALS=0	AQ-001|AQ-002|AQ-003|AQ-006|AQ-008|AQ-009|AQ-010|AQ-011|AQ-012	SemanticScholar	S2:caaa8d1fc4a52455140ed9d8fa30432923488912	PER_SEED_DIRECTION_QUOTA
STOP-G03-63369c8b71ba06ee	PAPER-HASH-2d9fb72867155e5b	PAPER-1810.08473	PAPER-1810.08473	1	FORWARD	25	ALG=0;MECH=25;ROLE=0;AGE=0;FALS=0	AQ-003|AQ-005|AQ-009|AQ-010|AQ-011|AQ-012	SemanticScholar	S2:9b081ecbe5b0d5e94d036cb202d09c956915ac0d	PER_SEED_DIRECTION_QUOTA
STOP-G03-65b150ad7de315b4	PAPER-HASH-31ca7699cca24e5b	PAPER-1810.08473	PAPER-1810.08473	1	FORWARD	65	ALG=40;MECH=25;ROLE=0;AGE=0;FALS=0	AQ-001|AQ-002|AQ-006|AQ-007|AQ-008|AQ-009|AQ-010|AQ-011|AQ-012	SemanticScholar	S2:5e3c97a91873105b6066efb2db2e14ee8437a619	PER_SEED_DIRECTION_QUOTA
STOP-G03-847f11b2322caee4	PAPER-HASH-3282843fb3b95c3c	PAPER-1810.08473	PAPER-1810.08473	1	FORWARD	25	ALG=0;MECH=25;ROLE=0;AGE=0;FALS=0	AQ-002|AQ-003|AQ-004|AQ-007|AQ-008|AQ-009|AQ-010|AQ-012	SemanticScholar	S2:5af9a57dfa4eb3e53eaed26587954a71efb21dbc	PER_SEED_DIRECTION_QUOTA
STOP-G03-31a2737496b06d22	PAPER-HASH-339b8216ffb5b067	PAPER-1810.08473	PAPER-1810.08473	1	FORWARD	65	ALG=40;MECH=25;ROLE=0;AGE=0;FALS=0	AQ-001|AQ-003|AQ-005|AQ-006|AQ-008|AQ-009	SemanticScholar	S2:09225c0b661eec40f160b36435a3e918435f403b	PER_SEED_DIRECTION_QUOTA
STOP-G03-241b2275955e049b	PAPER-HASH-347bd8448a2ab928	PAPER-1810.08473	PAPER-1810.08473	1	FORWARD	65	ALG=40;MECH=25;ROLE=0;AGE=0;FALS=0	AQ-003|AQ-005|AQ-010	SemanticScholar	S2:815610a953a63156099d0283ca270fa6b18737c7	PER_SEED_DIRECTION_QUOTA
STOP-G03-7fd7e001911ff447	PAPER-HASH-3a756242c7a25a90	PAPER-1810.08473	PAPER-1810.08473	1	FORWARD	65	ALG=40;MECH=25;ROLE=0;AGE=0;FALS=0	AQ-001|AQ-006|AQ-008|AQ-009|AQ-011|AQ-012	SemanticScholar	S2:5a0aad4c46fc8e1fee3c195c0ab34a3e522634ff	PER_SEED_DIRECTION_QUOTA
STOP-G03-9240cf9437c1bafd	PAPER-HASH-3d2b5b6fb9b565a1	PAPER-1810.08473	PAPER-1810.08473	1	FORWARD	25	ALG=0;MECH=25;ROLE=0;AGE=0;FALS=0	AQ-001|AQ-002|AQ-003|AQ-004|AQ-006|AQ-008|AQ-009|AQ-010|AQ-011|AQ-012	SemanticScholar	S2:f6a5dda75a3f73fd33c32cc496026415ae8cefb3	PER_SEED_DIRECTION_QUOTA
STOP-G03-3f8e0be767e4eaa7	PAPER-HASH-418a063879c5e170	PAPER-1810.08473	PAPER-1810.08473	1	FORWARD	25	ALG=0;MECH=25;ROLE=0;AGE=0;FALS=0	AQ-001|AQ-008|AQ-009|AQ-010|AQ-011|AQ-012	SemanticScholar	S2:d82e3d0dd6ac7277bd76cf6292393bbcc2f70e40	PER_SEED_DIRECTION_QUOTA
STOP-G03-7c923a75d4f4d657	PAPER-HASH-45e04a9aed4a8e71	PAPER-1810.08473	PAPER-1810.08473	1	FORWARD	65	ALG=40;MECH=25;ROLE=0;AGE=0;FALS=0	AQ-003|AQ-004|AQ-005|AQ-006|AQ-012	SemanticScholar	S2:81d98abb39b5600454179d4f07484b3c2ec8a192	PER_SEED_DIRECTION_QUOTA
STOP-G03-86803ef77b5a9f50	PAPER-HASH-4aa6644e51c861af	PAPER-1810.08473	PAPER-1810.08473	1	FORWARD	65	ALG=40;MECH=25;ROLE=0;AGE=0;FALS=0	AQ-004|AQ-005|AQ-006|AQ-009|AQ-011|AQ-012	SemanticScholar	S2:37301db2fb42da70846ec66fe900edbb6d4e74c1	PER_SEED_DIRECTION_QUOTA
STOP-G03-f00da6fc8f08d87b	PAPER-HASH-4eb24c4188971803	PAPER-1810.08473	PAPER-1810.08473	1	FORWARD	25	ALG=0;MECH=25;ROLE=0;AGE=0;FALS=0	AQ-009|AQ-011|AQ-012	SemanticScholar	S2:a670e0a085f83b3c59ee9856dfc1fc7a54231d55	PER_SEED_DIRECTION_QUOTA
STOP-G03-734437c25a0f23a0	PAPER-HASH-565fde4386463ba4	PAPER-1810.08473	PAPER-1810.08473	1	FORWARD	25	ALG=0;MECH=25;ROLE=0;AGE=0;FALS=0	AQ-001|AQ-011	SemanticScholar	S2:37eac6a4b591cb5e3dc86e51081f641e7d09eb25	PER_SEED_DIRECTION_QUOTA
STOP-G03-d2d33a8ce8c45aba	PAPER-HASH-56a82d9877f73854	PAPER-1810.08473	PAPER-1810.08473	1	FORWARD	65	ALG=40;MECH=25;ROLE=0;AGE=0;FALS=0	AQ-003|AQ-007|AQ-011|AQ-012	SemanticScholar	S2:9e666faff5ce36d586c42172cf6acac56175f235	PER_SEED_DIRECTION_QUOTA
STOP-G03-fff8cba8d7b2ac1f	PAPER-HASH-5c27b451ebeab6cc	PAPER-1810.08473	PAPER-1810.08473	1	FORWARD	65	ALG=40;MECH=25;ROLE=0;AGE=0;FALS=0	AQ-002|AQ-006|AQ-012	SemanticScholar	S2:81cd0655637fb01deeec21332df318b6a86c5965	PER_SEED_DIRECTION_QUOTA
STOP-G03-ee445461a34caedd	PAPER-HASH-61139133f5cb53c0	PAPER-1810.08473	PAPER-1810.08473	1	FORWARD	25	ALG=0;MECH=25;ROLE=0;AGE=0;FALS=0	AQ-001	SemanticScholar	S2:b7c6e41d3966423e06adca8c238ec0d70fab169a	PER_SEED_DIRECTION_QUOTA
STOP-G03-a2540a1292330497	PAPER-HASH-65153feb9450aa28	PAPER-1810.08473	PAPER-1810.08473	1	FORWARD	40	ALG=40;MECH=0;ROLE=0;AGE=0;FALS=0	AQ-007	SemanticScholar	S2:69311cb9b8bc253076edb78bbb242974430ca730	PER_SEED_DIRECTION_QUOTA
STOP-G03-b96c71f100c14563	PAPER-HASH-69003704e220d595	PAPER-1810.08473	PAPER-1810.08473	1	FORWARD	25	ALG=0;MECH=25;ROLE=0;AGE=0;FALS=0	AQ-008|AQ-009|AQ-010	SemanticScholar	S2:7fc0935b3354dca8fe0813017fe4489d61311326	PER_SEED_DIRECTION_QUOTA
STOP-G03-4074e18745024d36	PAPER-HASH-6ae861b00e54f95e	PAPER-1810.08473	PAPER-1810.08473	1	FORWARD	25	ALG=0;MECH=25;ROLE=0;AGE=0;FALS=0	AQ-001|AQ-002|AQ-004|AQ-006|AQ-007|AQ-009|AQ-012	SemanticScholar	S2:3b6870e20ba4f81c3a5333deab8a05ab83be18f0	PER_SEED_DIRECTION_QUOTA
STOP-G03-d3929bd4e1b654cd	PAPER-HASH-71859a2bb554317c	PAPER-1810.08473	PAPER-1810.08473	1	FORWARD	25	ALG=0;MECH=25;ROLE=0;AGE=0;FALS=0	AQ-012	SemanticScholar	S2:a2ff12d6b076adc91f0d6e3cb287e3b4d5588d21	PER_SEED_DIRECTION_QUOTA
STOP-G03-f2b36beecc31c4c9	PAPER-HASH-73df9e10173870d9	PAPER-1810.08473	PAPER-1810.08473	1	FORWARD	65	ALG=40;MECH=25;ROLE=0;AGE=0;FALS=0	AQ-001|AQ-002|AQ-003|AQ-006|AQ-007|AQ-008|AQ-009|AQ-010|AQ-012	SemanticScholar	S2:fc834877d70b2ee131eb94f5b6782e17a028aa4c	PER_SEED_DIRECTION_QUOTA
STOP-G03-ef6130ed10dbf1dd	PAPER-HASH-7487b7c747899ac2	PAPER-1810.08473	PAPER-1810.08473	1	FORWARD	25	ALG=0;MECH=25;ROLE=0;AGE=0;FALS=0	AQ-002|AQ-003|AQ-004|AQ-006|AQ-008|AQ-009|AQ-010|AQ-011|AQ-012	SemanticScholar	S2:a0edbdcfcc0fe89d5d0f7e3e1f817d8979d2b20f	PER_SEED_DIRECTION_QUOTA
STOP-G03-2efb7c70a8a7cd56	PAPER-HASH-79601a8a0880afc6	PAPER-1810.08473	PAPER-1810.08473	1	FORWARD	65	ALG=40;MECH=25;ROLE=0;AGE=0;FALS=0	AQ-007|AQ-008|AQ-010|AQ-011|AQ-012	SemanticScholar	S2:d49b4e8340903e225f2e3c09d1fffd7ec90b3677	PER_SEED_DIRECTION_QUOTA
STOP-G03-f8d50870fcd4a069	PAPER-HASH-7bdb80dd5601a9ba	PAPER-1810.08473	PAPER-1810.08473	1	FORWARD	25	ALG=0;MECH=25;ROLE=0;AGE=0;FALS=0	AQ-003|AQ-011|AQ-012	SemanticScholar	S2:90ca6b8268c6d0f4c370c87c3440507b6c18f3a0	PER_SEED_DIRECTION_QUOTA
STOP-G03-4144f4189d040fc8	PAPER-HASH-7d17b7c08c4219f7	PAPER-1810.08473	PAPER-1810.08473	1	FORWARD	65	ALG=40;MECH=25;ROLE=0;AGE=0;FALS=0	AQ-001|AQ-004|AQ-006|AQ-009|AQ-012	SemanticScholar	S2:b9a6330f0ddfebae6c2c6da36ebbc216b2167993	PER_SEED_DIRECTION_QUOTA
STOP-G03-02d7e5d5c45e1ff8	PAPER-HASH-7f5464d49f1e2227	PAPER-1810.08473	PAPER-1810.08473	1	FORWARD	65	ALG=40;MECH=25;ROLE=0;AGE=0;FALS=0	AQ-001|AQ-002|AQ-003|AQ-004|AQ-006|AQ-008|AQ-009|AQ-010|AQ-011|AQ-012	SemanticScholar	S2:50fb67291fee6e362bc0b9da85c78d82ce052269	PER_SEED_DIRECTION_QUOTA
STOP-G03-43837343087266a3	PAPER-HASH-8d4869af50838d2a	PAPER-1810.08473	PAPER-1810.08473	1	FORWARD	25	ALG=0;MECH=25;ROLE=0;AGE=0;FALS=0	AQ-001|AQ-003|AQ-008|AQ-009|AQ-010|AQ-011	SemanticScholar	S2:911a4180dbc21a188b3ea96908ec0a27e5c7cc39	PER_SEED_DIRECTION_QUOTA
STOP-G03-9a4be2ae1746459c	PAPER-HASH-8d59abd85db0ef62	PAPER-1810.08473	PAPER-1810.08473	1	FORWARD	25	ALG=0;MECH=25;ROLE=0;AGE=0;FALS=0	AQ-002|AQ-003|AQ-006|AQ-008|AQ-009|AQ-010|AQ-012	SemanticScholar	S2:f02eed5c82b20047db1c1d6396cb3c70e07a84c5	PER_SEED_DIRECTION_QUOTA
STOP-G03-27d4e967511a9bae	PAPER-HASH-8dfc80dcd590d263	PAPER-1810.08473	PAPER-1810.08473	1	FORWARD	25	ALG=0;MECH=25;ROLE=0;AGE=0;FALS=0	AQ-002|AQ-008|AQ-010	SemanticScholar	S2:ed32aef075fbf1d33f74140e62ec63c05cf68f07	PER_SEED_DIRECTION_QUOTA
STOP-G03-21687329e5d93073	PAPER-HASH-8f270875cf8e2ebd	PAPER-1810.08473	PAPER-1810.08473	1	FORWARD	25	ALG=0;MECH=25;ROLE=0;AGE=0;FALS=0	AQ-002|AQ-006|AQ-008|AQ-009|AQ-010|AQ-012	SemanticScholar	S2:f9c74e8e52c6eea658a27ae78d9d8e26f892e02e	PER_SEED_DIRECTION_QUOTA
STOP-G03-0f210f1a20f844e6	PAPER-HASH-90bc32e8f3dc5ac7	PAPER-1810.08473	PAPER-1810.08473	1	FORWARD	25	ALG=0;MECH=25;ROLE=0;AGE=0;FALS=0	AQ-003|AQ-004|AQ-009|AQ-010|AQ-011|AQ-012	SemanticScholar	S2:f02a9b6786ea4fd470704db02b4126f8454b137e	PER_SEED_DIRECTION_QUOTA
STOP-G03-99cc89f7b7d1657e	PAPER-HASH-97f66398bcc57e76	PAPER-1810.08473	PAPER-1810.08473	1	FORWARD	25	ALG=0;MECH=25;ROLE=0;AGE=0;FALS=0	AQ-008|AQ-010|AQ-011|AQ-012	SemanticScholar	S2:f93f77fc9a0301ea74f57ded244c1e2e3041f1f4	PER_SEED_DIRECTION_QUOTA
STOP-G03-3ce5ba9ab0036789	PAPER-HASH-a02713e7dd45094d	PAPER-1810.08473	PAPER-1810.08473	1	FORWARD	65	ALG=40;MECH=25;ROLE=0;AGE=0;FALS=0	AQ-007|AQ-009|AQ-011	SemanticScholar	S2:b9eeabd348b4f4aedaea9283c25c74d0fd9a64a7	PER_SEED_DIRECTION_QUOTA
STOP-G03-e77b54983ce9b08b	PAPER-HASH-a6ebf718a76dbd07	PAPER-1810.08473	PAPER-1810.08473	1	FORWARD	65	ALG=40;MECH=25;ROLE=0;AGE=0;FALS=0	AQ-004|AQ-005|AQ-006|AQ-012	SemanticScholar	S2:aca5650269368578320c16fa3fe0e29e7f6e01ba	PER_SEED_DIRECTION_QUOTA
STOP-G03-38221838e15da0c0	PAPER-HASH-aa4cfd25860f3db5	PAPER-1810.08473	PAPER-1810.08473	1	FORWARD	65	ALG=40;MECH=25;ROLE=0;AGE=0;FALS=0	AQ-001|AQ-003|AQ-007|AQ-008|AQ-009|AQ-010|AQ-011|AQ-012	SemanticScholar	S2:80c7ef418da224c766fe41491dd4fc89b962074f	PER_SEED_DIRECTION_QUOTA
STOP-G03-3b1a59b1042dc076	PAPER-HASH-aa650ab4918daa23	PAPER-1810.08473	PAPER-1810.08473	1	FORWARD	25	ALG=0;MECH=25;ROLE=0;AGE=0;FALS=0	AQ-011|AQ-012	SemanticScholar	S2:ce9c39feb9b2b863565468ee1f5c3ea7caea3824	PER_SEED_DIRECTION_QUOTA
STOP-G03-baad49610982680b	PAPER-HASH-b8f34fb60a6ea35e	PAPER-1810.08473	PAPER-1810.08473	1	FORWARD	65	ALG=40;MECH=25;ROLE=0;AGE=0;FALS=0	AQ-001|AQ-002|AQ-006|AQ-008|AQ-009|AQ-010|AQ-011|AQ-012	SemanticScholar	S2:a2832db38652f5f8c451b17c5838bc8485576b3f	PER_SEED_DIRECTION_QUOTA
STOP-G03-8e36a8e4f8bd5415	PAPER-HASH-bcc31780ca1e0de2	PAPER-1810.08473	PAPER-1810.08473	1	FORWARD	25	ALG=0;MECH=25;ROLE=0;AGE=0;FALS=0	AQ-001|AQ-002|AQ-003|AQ-005|AQ-008|AQ-009|AQ-010|AQ-011|AQ-012	SemanticScholar	S2:e9b9863e45b259a3a84e55d8fcd061a97539fc81	PER_SEED_DIRECTION_QUOTA
STOP-G03-652ebb7344828a80	PAPER-HASH-c05f4d9ced7c1ece	PAPER-1810.08473	PAPER-1810.08473	1	FORWARD	65	ALG=40;MECH=25;ROLE=0;AGE=0;FALS=0	AQ-002|AQ-011	SemanticScholar	S2:596634998ed5068e96154d54a68ec0aedff1afe9	PER_SEED_DIRECTION_QUOTA
STOP-G03-ec5d05f3a84f189c	PAPER-HASH-d8af794ec217186c	PAPER-1810.08473	PAPER-1810.08473	1	FORWARD	25	ALG=0;MECH=25;ROLE=0;AGE=0;FALS=0	AQ-004|AQ-005|AQ-006|AQ-008|AQ-009|AQ-010|AQ-011|AQ-012	SemanticScholar	S2:80a4e2f2a496006b1f27930fd5f8d3b2747b041b	PER_SEED_DIRECTION_QUOTA
STOP-G03-3df1c87d61b675a0	PAPER-HASH-d9f5e85f03d67d28	PAPER-1810.08473	PAPER-1810.08473	1	FORWARD	65	ALG=40;MECH=25;ROLE=0;AGE=0;FALS=0	AQ-004|AQ-006|AQ-008|AQ-011	SemanticScholar	S2:59390ed79d334454ce342cdf860ce247a7d1d5a3	PER_SEED_DIRECTION_QUOTA
STOP-G03-8edceff934617f34	PAPER-HASH-e5dfc685f840ec06	PAPER-1810.08473	PAPER-1810.08473	1	FORWARD	25	ALG=0;MECH=25;ROLE=0;AGE=0;FALS=0	AQ-001|AQ-004|AQ-008|AQ-009	SemanticScholar	S2:2241a5499ddc442efac1d47a28501a917d43d3f7	PER_SEED_DIRECTION_QUOTA
STOP-G03-bca00e22d7489cc8	PAPER-HASH-e8cde75db897b7e9	PAPER-1810.08473	PAPER-1810.08473	1	FORWARD	65	ALG=40;MECH=25;ROLE=0;AGE=0;FALS=0	AQ-002|AQ-004|AQ-006|AQ-008|AQ-009|AQ-010|AQ-011|AQ-012	SemanticScholar	S2:b91bc9820edaa7e96c8a3c8e03bbf9c33e148527	PER_SEED_DIRECTION_QUOTA
STOP-G03-60650334d210662c	PAPER-HASH-e8fc322aebe51ce5	PAPER-1810.08473	PAPER-1810.08473	1	FORWARD	65	ALG=40;MECH=25;ROLE=0;AGE=0;FALS=0	AQ-004|AQ-005|AQ-006|AQ-009|AQ-011|AQ-012	SemanticScholar	S2:3cabb878cec83504d5b7b31b473b41fb9a586539	PER_SEED_DIRECTION_QUOTA
STOP-G03-c0aee50f97e7b062	PAPER-HASH-efececc1030d9f04	PAPER-1810.08473	PAPER-1810.08473	1	FORWARD	65	ALG=40;MECH=25;ROLE=0;AGE=0;FALS=0	AQ-007|AQ-011	SemanticScholar	S2:d9650e86d5a4c6aa661ea3ac5f97205d4dd6b33b	PER_SEED_DIRECTION_QUOTA
STOP-G03-ab1f43f998e74abf	PAPER-HASH-f316bc871afc403f	PAPER-1810.08473	PAPER-1810.08473	1	FORWARD	65	ALG=40;MECH=25;ROLE=0;AGE=0;FALS=0	AQ-001|AQ-004|AQ-005|AQ-006|AQ-008|AQ-009|AQ-011|AQ-012	SemanticScholar	S2:fec83937e312700887609bf263e6515657b4f16c	PER_SEED_DIRECTION_QUOTA
STOP-G03-c9ba9b622c8ab3b5	PAPER-HASH-f34e71fc2256ee42	PAPER-1810.08473	PAPER-1810.08473	1	FORWARD	65	ALG=40;MECH=25;ROLE=0;AGE=0;FALS=0	AQ-001|AQ-003|AQ-006|AQ-008|AQ-009|AQ-012	SemanticScholar	S2:37507abd05e66117fd47737a03727edd6d632fcd	PER_SEED_DIRECTION_QUOTA
STOP-G03-cdfd5eff76d14fa5	PAPER-HASH-f6556f20ae298ef0	PAPER-1810.08473	PAPER-1810.08473	1	FORWARD	65	ALG=40;MECH=25;ROLE=0;AGE=0;FALS=0	AQ-001|AQ-003|AQ-006|AQ-007|AQ-008|AQ-009|AQ-010	SemanticScholar	S2:b73f88bc989b64439b1eed1e8ca04fe7331157b2	PER_SEED_DIRECTION_QUOTA
STOP-G03-8f31d2cdc9d89525	PAPER-HASH-fb75188b0e39fd1c	PAPER-1810.08473	PAPER-1810.08473	1	FORWARD	25	ALG=0;MECH=25;ROLE=0;AGE=0;FALS=0	AQ-003|AQ-010	SemanticScholar	S2:5b5678216086d2824f90fd736d51bb917054ee6f	PER_SEED_DIRECTION_QUOTA
STOP-G03-b20c5405b6cc9909	PAPER-LEGACY-3c0de0428906d02c	PAPER-1810.08473	PAPER-LEGACY-3c0de0428906d02c	2	BACKWARD	90	ALG=40;MECH=25;ROLE=15;AGE=10;FALS=0	AQ-001|AQ-003|AQ-004|AQ-006|AQ-008|AQ-009|AQ-010	SemanticScholar	S2:08b39cbabc2c5b764a85a0193296f83e23a62934	REQUEST_RETRY_RESERVE
STOP-G03-aab8ed0b9b84b4fe	PAPER-2608.07254	PAPER-1810.08473	PAPER-2608.07254	2	FORWARD	80	ALG=40;MECH=25;ROLE=15;AGE=0;FALS=0	AQ-004|AQ-005|AQ-006|AQ-007|AQ-008|AQ-009|AQ-011|AQ-012	SemanticScholar	S2:35f752b7c505179e103ad997fe97fedf5936c8af	REQUEST_RETRY_RESERVE
STOP-G03-0f23a818bdbb651e	PAPER-HASH-49fb97d81bd3a1d8	PAPER-1812.10950	PAPER-1812.10950	1	BACKWARD	0	ALG=0;MECH=0;ROLE=0;AGE=0;FALS=0	NONE	SemanticScholar	S2:UNAVAILABLE:49fb97d81bd3a1d8	NO_DECISION_IMPACT
STOP-G03-9edaff53d45bd6bf	PAPER-1604.06058	PAPER-1812.10950	PAPER-1812.10950	1	BACKWARD	25	ALG=0;MECH=25;ROLE=0;AGE=0;FALS=0	AQ-009	SemanticScholar	S2:fec7f34029833e2be70913f83c119de30f9b95cf	PER_SEED_DIRECTION_QUOTA
STOP-G03-83fba66fee12b165	PAPER-1606.04718	PAPER-1812.10950	PAPER-1812.10950	1	BACKWARD	40	ALG=0;MECH=25;ROLE=15;AGE=0;FALS=0	AQ-008	SemanticScholar	S2:8f8ef72e79ed1120cd44fcc44c35db2b53643016	PER_SEED_DIRECTION_QUOTA
STOP-G03-b3ce5ad1bcb638cc	PAPER-1809.07661	PAPER-1812.10950	PAPER-1812.10950	1	BACKWARD	25	ALG=0;MECH=25;ROLE=0;AGE=0;FALS=0	AQ-007|AQ-009	SemanticScholar	S2:c14e38315e036a9a2d8ae00db431ad5076c41e9f	PER_SEED_DIRECTION_QUOTA
STOP-G03-409c01e823628fdd	PAPER-HASH-2fd0b159017aee91	PAPER-1812.10950	PAPER-1812.10950	1	BACKWARD	50	ALG=0;MECH=25;ROLE=15;AGE=10;FALS=0	AQ-001|AQ-002|AQ-003|AQ-004|AQ-005|AQ-008|AQ-009|AQ-010|AQ-011|AQ-012	SemanticScholar	S2:c8f60beb72b69e700a94a7b9e5cdab5fa9e19b50	PER_SEED_DIRECTION_QUOTA
STOP-G03-48ec171767349829	PAPER-HASH-43095cf508ceab86	PAPER-1812.10950	PAPER-1812.10950	1	BACKWARD	25	ALG=0;MECH=25;ROLE=0;AGE=0;FALS=0	AQ-001|AQ-002|AQ-006|AQ-009|AQ-010	SemanticScholar	S2:f0cd5dd8c666a8b6ce7ccd8f66c8377ce74f4299	PER_SEED_DIRECTION_QUOTA
STOP-G03-a09646a3da751df9	PAPER-HASH-513db9f98b41ad4d	PAPER-1812.10950	PAPER-1812.10950	1	BACKWARD	35	ALG=0;MECH=25;ROLE=0;AGE=10;FALS=0	AQ-002|AQ-003|AQ-004|AQ-008|AQ-010|AQ-011|AQ-012	SemanticScholar	S2:8c04fd00c786d980cb6e4519ce27c28335820d8d	PER_SEED_DIRECTION_QUOTA
STOP-G03-e8e4b493ca460a9a	PAPER-HASH-9b0a0e3e5d595885	PAPER-1812.10950	PAPER-1812.10950	1	BACKWARD	25	ALG=0;MECH=25;ROLE=0;AGE=0;FALS=0	AQ-009	SemanticScholar	S2:872cdc9f6ce762bce60aeeb6dcc51d2b9a22042d	PER_SEED_DIRECTION_QUOTA
STOP-G03-7f815c65a3dacace	PAPER-HASH-a19c8c4d6bc36754	PAPER-1812.10950	PAPER-1812.10950	1	BACKWARD	25	ALG=0;MECH=25;ROLE=0;AGE=0;FALS=0	AQ-008	SemanticScholar	S2:d2e7ae4fafacbe4dfcc0786522328e987ce72932	PER_SEED_DIRECTION_QUOTA
STOP-G03-37cf5a19cfb11b92	PAPER-HASH-a68d2d16b0b0ad7b	PAPER-1812.10950	PAPER-1812.10950	1	BACKWARD	25	ALG=0;MECH=25;ROLE=0;AGE=0;FALS=0	AQ-006|AQ-008|AQ-010	SemanticScholar	S2:34c3a4b19aa4e55b5db4ca47bbe78a16a515a42a	PER_SEED_DIRECTION_QUOTA
STOP-G03-196975d7ee30e5ce	PAPER-HASH-b13466a43802c9f9	PAPER-1812.10950	PAPER-1812.10950	1	BACKWARD	75	ALG=40;MECH=25;ROLE=0;AGE=10;FALS=0	AQ-004|AQ-006|AQ-008|AQ-010|AQ-012	SemanticScholar	S2:6b4d585a7920cc1324842c5f1ac9d0b123261525	PER_SEED_DIRECTION_QUOTA
STOP-G03-b5989d53b0e94b92	PAPER-HASH-e45e76df6793be4d	PAPER-1812.10950	PAPER-1812.10950	1	BACKWARD	25	ALG=0;MECH=25;ROLE=0;AGE=0;FALS=0	AQ-009	SemanticScholar	S2:f40d1673511f6e9e2ccef07d6de0b09c63b6d910	PER_SEED_DIRECTION_QUOTA
STOP-G03-f26a38344d036533	PAPER-1709.08900	PAPER-1812.10950	PAPER-1812.10950	1	FORWARD	25	ALG=0;MECH=25;ROLE=0;AGE=0;FALS=0	AQ-003|AQ-004|AQ-008	SemanticScholar	S2:ea832975cd962be6040ab112b888f3e8c97af605	PER_SEED_DIRECTION_QUOTA
STOP-G03-4dc82fb85b79d1e1	PAPER-HASH-43095cf508ceab86	PAPER-1812.10950	PAPER-1812.10950	1	FORWARD	25	ALG=0;MECH=25;ROLE=0;AGE=0;FALS=0	AQ-001|AQ-002|AQ-006|AQ-009|AQ-010	SemanticScholar	S2:f0cd5dd8c666a8b6ce7ccd8f66c8377ce74f4299	PER_SEED_DIRECTION_QUOTA
STOP-G03-cde7def8cf1467db	PAPER-HASH-834f3c2395068802	PAPER-1812.10950	PAPER-HASH-834f3c2395068802	2	BACKWARD	75	ALG=40;MECH=25;ROLE=0;AGE=10;FALS=0	AQ-004|AQ-005|AQ-007	SemanticScholar	S2:c92795deeea3f6765e7b5e593f4f31ffb634ed76	REQUEST_RETRY_RESERVE
STOP-G03-0cb91f15b9a1f817	PAPER-2104.12523	PAPER-1812.10950	PAPER-2104.12523	2	FORWARD	65	ALG=40;MECH=25;ROLE=0;AGE=0;FALS=0	AQ-002|AQ-004|AQ-005|AQ-007|AQ-008|AQ-009|AQ-012	SemanticScholar	S2:d2a820ad2bb8f4ade46dd8227af7a73d08dc5f2a	REQUEST_RETRY_RESERVE
STOP-G03-0d458525941bb3bc	PAPER-HASH-587b6aa4ebce0c68	PAPER-1905.04264	PAPER-1905.04264	1	BACKWARD	0	ALG=0;MECH=0;ROLE=0;AGE=0;FALS=0	NONE	SemanticScholar	S2:UNAVAILABLE:587b6aa4ebce0c68	NO_DECISION_IMPACT
STOP-G03-6a890d5618f1aceb	PAPER-HASH-e2cecd8754aa8797	PAPER-1905.04264	PAPER-1905.04264	1	BACKWARD	0	ALG=0;MECH=0;ROLE=0;AGE=0;FALS=0	NONE	SemanticScholar	S2:1cefc16d33c2edae687ebe38aef12fd2770ee8c2	NO_DECISION_IMPACT
STOP-G03-0bcef61c1c0dce21	PAPER-1006.4990	PAPER-1905.04264	PAPER-1905.04264	1	BACKWARD	25	ALG=0;MECH=25;ROLE=0;AGE=0;FALS=0	AQ-003|AQ-010|AQ-011	SemanticScholar	S2:4187caa4d0d329f47e18377a6cd31ef3f580cfcc	PER_SEED_DIRECTION_QUOTA
STOP-G03-6b6be242653d4056	PAPER-1408.0500	PAPER-1905.04264	PAPER-1905.04264	1	BACKWARD	65	ALG=40;MECH=25;ROLE=0;AGE=0;FALS=0	AQ-002|AQ-003|AQ-004|AQ-005|AQ-007|AQ-008|AQ-010|AQ-011	SemanticScholar	S2:23c2282d751ed5ef1bb55abf81a6451159a866f1	PER_SEED_DIRECTION_QUOTA
STOP-G03-82f4ce8043f7dd79	PAPER-1707.02557	PAPER-1905.04264	PAPER-1905.04264	1	BACKWARD	25	ALG=0;MECH=25;ROLE=0;AGE=0;FALS=0	AQ-003|AQ-004|AQ-005|AQ-006|AQ-007|AQ-008|AQ-010|AQ-011	SemanticScholar	S2:f84aa869a21f083133b74e23d83ab2dd1378b7ff	PER_SEED_DIRECTION_QUOTA
STOP-G03-2a3076971ba22db1	PAPER-HASH-07e45413636316ac	PAPER-1905.04264	PAPER-1905.04264	1	BACKWARD	65	ALG=40;MECH=25;ROLE=0;AGE=0;FALS=0	AQ-003|AQ-007|AQ-008|AQ-009|AQ-010|AQ-011|AQ-012	SemanticScholar	S2:ccd688b7d659c1773d29c6c4d3c651e62f4f6c37	PER_SEED_DIRECTION_QUOTA
STOP-G03-6fb03bf072b514ee	PAPER-HASH-15b10c73420d3bea	PAPER-1905.04264	PAPER-1905.04264	1	BACKWARD	25	ALG=0;MECH=25;ROLE=0;AGE=0;FALS=0	AQ-009	SemanticScholar	S2:4339f17c10b91d2def6e16ab981d7b5428e6d82c	PER_SEED_DIRECTION_QUOTA
STOP-G03-b557510a49c7827d	PAPER-HASH-16e52fe8c069c8d6	PAPER-1905.04264	PAPER-1905.04264	1	BACKWARD	25	ALG=0;MECH=25;ROLE=0;AGE=0;FALS=0	AQ-002|AQ-003|AQ-004|AQ-006|AQ-008|AQ-010|AQ-011	SemanticScholar	S2:4e28693070356f6ec08bd1246e61fd9e7aa5eac0	PER_SEED_DIRECTION_QUOTA
STOP-G03-9c7ecb0b3aa92f84	PAPER-HASH-21dcf6f11d42d594	PAPER-1905.04264	PAPER-1905.04264	1	BACKWARD	25	ALG=0;MECH=25;ROLE=0;AGE=0;FALS=0	AQ-001|AQ-008|AQ-009|AQ-010|AQ-011|AQ-012	SemanticScholar	S2:82e331cec90a1cf601c16ee5be1da40dc3a865ca	PER_SEED_DIRECTION_QUOTA
STOP-G03-52bef14a22ad0fcb	PAPER-HASH-2273c3dddb6ab5ca	PAPER-1905.04264	PAPER-1905.04264	1	BACKWARD	25	ALG=0;MECH=25;ROLE=0;AGE=0;FALS=0	AQ-001|AQ-008|AQ-009|AQ-010|AQ-012	SemanticScholar	S2:b612ddb9218382e3efa454c21d70509455f85735	PER_SEED_DIRECTION_QUOTA
STOP-G03-281de3f97d63ffe5	PAPER-HASH-686f079674acdad6	PAPER-1905.04264	PAPER-1905.04264	1	BACKWARD	25	ALG=0;MECH=25;ROLE=0;AGE=0;FALS=0	AQ-002|AQ-003|AQ-006|AQ-008|AQ-009|AQ-010|AQ-011|AQ-012	SemanticScholar	S2:71a14c91426af347409b047a0361256c35279f55	PER_SEED_DIRECTION_QUOTA
STOP-G03-1c4ec6252eca8124	PAPER-HASH-689fd754f1420227	PAPER-1905.04264	PAPER-1905.04264	1	BACKWARD	25	ALG=0;MECH=25;ROLE=0;AGE=0;FALS=0	AQ-003|AQ-010	SemanticScholar	S2:404ae4a2b31d5c2184861cf702f953e47db40cab	PER_SEED_DIRECTION_QUOTA
STOP-G03-73db3382b4df2fed	PAPER-HASH-69e5fb5740fb412e	PAPER-1905.04264	PAPER-1905.04264	1	BACKWARD	65	ALG=40;MECH=25;ROLE=0;AGE=0;FALS=0	AQ-002|AQ-006|AQ-012	SemanticScholar	S2:547f0b3ec7b04daa8e6b7527c54ba5bfa95dd542	PER_SEED_DIRECTION_QUOTA
STOP-G03-825967cc3eb4d215	PAPER-HASH-782e7edf8821ce89	PAPER-1905.04264	PAPER-1905.04264	1	BACKWARD	25	ALG=0;MECH=25;ROLE=0;AGE=0;FALS=0	AQ-002|AQ-008|AQ-010|AQ-011|AQ-012	SemanticScholar	S2:UNAVAILABLE:782e7edf8821ce89	PER_SEED_DIRECTION_QUOTA
STOP-G03-e4ec4a94566ee10e	PAPER-HASH-7c204e30903815cd	PAPER-1905.04264	PAPER-1905.04264	1	BACKWARD	25	ALG=0;MECH=25;ROLE=0;AGE=0;FALS=0	AQ-001|AQ-006|AQ-008	SemanticScholar	S2:3d985a05e4a49be71d497e7a2ff3fcbeb74c4bc8	PER_SEED_DIRECTION_QUOTA
STOP-G03-f1bd44e9aad3cee9	PAPER-HASH-7fd894e493092958	PAPER-1905.04264	PAPER-1905.04264	1	BACKWARD	25	ALG=0;MECH=25;ROLE=0;AGE=0;FALS=0	AQ-002|AQ-003|AQ-005|AQ-006|AQ-007|AQ-008|AQ-010|AQ-011	SemanticScholar	S2:60856bca6bd79a35ceb3d640f73212c2e4fe1fa9	PER_SEED_DIRECTION_QUOTA
STOP-G03-4d0d771979ae3081	PAPER-HASH-85e52842cc4de552	PAPER-1905.04264	PAPER-1905.04264	1	BACKWARD	25	ALG=0;MECH=25;ROLE=0;AGE=0;FALS=0	AQ-002|AQ-003|AQ-005|AQ-006|AQ-008|AQ-009|AQ-010	SemanticScholar	S2:UNAVAILABLE:85e52842cc4de552	PER_SEED_DIRECTION_QUOTA
STOP-G03-6a587f0946de35f0	PAPER-HASH-866e5197b69f2bb3	PAPER-1905.04264	PAPER-1905.04264	1	BACKWARD	25	ALG=0;MECH=25;ROLE=0;AGE=0;FALS=0	AQ-002|AQ-003|AQ-004|AQ-007|AQ-008|AQ-009|AQ-012	SemanticScholar	S2:9ff3a77c63b92ac682b8415e4675951081e0d887	PER_SEED_DIRECTION_QUOTA
STOP-G03-4cb49aabdd13d4eb	PAPER-HASH-8ae557f64e199496	PAPER-1905.04264	PAPER-1905.04264	1	BACKWARD	50	ALG=0;MECH=25;ROLE=15;AGE=10;FALS=0	AQ-012	SemanticScholar	S2:337bb008eb531c4e8152d6c99423e715ce0d9b05	PER_SEED_DIRECTION_QUOTA
STOP-G03-e875e5402d7ac940	PAPER-HASH-8d22e162b598d035	PAPER-1905.04264	PAPER-1905.04264	1	BACKWARD	25	ALG=0;MECH=25;ROLE=0;AGE=0;FALS=0	AQ-001|AQ-008|AQ-009|AQ-010|AQ-011|AQ-012	SemanticScholar	S2:ba7e3767594d2dcefcde605b43f823f783dbd5a0	PER_SEED_DIRECTION_QUOTA
STOP-G03-7f69e38cb705d05b	PAPER-HASH-8d8f99f699f5b1f0	PAPER-1905.04264	PAPER-1905.04264	1	BACKWARD	25	ALG=0;MECH=25;ROLE=0;AGE=0;FALS=0	AQ-002|AQ-004|AQ-007|AQ-008|AQ-009|AQ-012	SemanticScholar	S2:b6d3df4881f8c211ac5a6449b1fd9bb26f93f76b	PER_SEED_DIRECTION_QUOTA
STOP-G03-5db343339b2d9bba	PAPER-HASH-95f97e7629d7d289	PAPER-1905.04264	PAPER-1905.04264	1	BACKWARD	25	ALG=0;MECH=25;ROLE=0;AGE=0;FALS=0	AQ-001|AQ-003|AQ-004|AQ-005|AQ-006|AQ-007|AQ-008|AQ-009|AQ-012	SemanticScholar	S2:UNAVAILABLE:95f97e7629d7d289	PER_SEED_DIRECTION_QUOTA
STOP-G03-c0ad394897b75d20	PAPER-HASH-97b7c192da52329f	PAPER-1905.04264	PAPER-1905.04264	1	BACKWARD	65	ALG=40;MECH=25;ROLE=0;AGE=0;FALS=0	AQ-001|AQ-002|AQ-003|AQ-004|AQ-006|AQ-007|AQ-008|AQ-009|AQ-010|AQ-011|AQ-012	SemanticScholar	S2:2209304ccc2b0501debd5e9a90ae739f9a30cdef	PER_SEED_DIRECTION_QUOTA
STOP-G03-cb8a406e0adb254c	PAPER-HASH-a0b7f0b155b42e37	PAPER-1905.04264	PAPER-1905.04264	1	BACKWARD	65	ALG=40;MECH=25;ROLE=0;AGE=0;FALS=0	AQ-002|AQ-007|AQ-008|AQ-009|AQ-010|AQ-012	SemanticScholar	S2:UNAVAILABLE:a0b7f0b155b42e37	PER_SEED_DIRECTION_QUOTA
STOP-G03-814fdc5d0dfed405	PAPER-HASH-a1a1e737d1572644	PAPER-1905.04264	PAPER-1905.04264	1	BACKWARD	65	ALG=40;MECH=25;ROLE=0;AGE=0;FALS=0	AQ-003|AQ-008|AQ-010|AQ-011	SemanticScholar	S2:d700df1ca00147cda45ef0517376e2da8e1e011e	PER_SEED_DIRECTION_QUOTA
STOP-G03-a7dde57f54781a7b	PAPER-HASH-aa8112c01f8ca7ac	PAPER-1905.04264	PAPER-1905.04264	1	BACKWARD	25	ALG=0;MECH=25;ROLE=0;AGE=0;FALS=0	AQ-002|AQ-003|AQ-005|AQ-007|AQ-008|AQ-010|AQ-011	SemanticScholar	S2:3d879cde5e905fce83f10c35fbe0365dfda0af32	PER_SEED_DIRECTION_QUOTA
STOP-G03-499b0f659d2cb9c5	PAPER-HASH-b05110a93df505a4	PAPER-1905.04264	PAPER-1905.04264	1	BACKWARD	65	ALG=40;MECH=25;ROLE=0;AGE=0;FALS=0	AQ-002|AQ-003|AQ-004|AQ-006|AQ-007|AQ-008|AQ-009|AQ-010|AQ-011|AQ-012	SemanticScholar	S2:96f927ca20b614b3387b1187258e9a6877dbee53	PER_SEED_DIRECTION_QUOTA
STOP-G03-15f6c220b2758edb	PAPER-HASH-b1786c333bd5478e	PAPER-1905.04264	PAPER-1905.04264	1	BACKWARD	25	ALG=0;MECH=25;ROLE=0;AGE=0;FALS=0	AQ-003	SemanticScholar	S2:88c87b81bfb0ed22c18bbd1be44526ab3295e312	PER_SEED_DIRECTION_QUOTA
STOP-G03-80e85770584911eb	PAPER-HASH-b600d1222112ae7d	PAPER-1905.04264	PAPER-1905.04264	1	BACKWARD	25	ALG=0;MECH=25;ROLE=0;AGE=0;FALS=0	AQ-001|AQ-003|AQ-006|AQ-008|AQ-010|AQ-011	SemanticScholar	S2:5355687e1dab8b770e7c79c8a626d8a4052eff43	PER_SEED_DIRECTION_QUOTA
STOP-G03-2720c46922df691a	PAPER-HASH-c3f1f6fcf2d2dda6	PAPER-1905.04264	PAPER-1905.04264	1	BACKWARD	25	ALG=0;MECH=25;ROLE=0;AGE=0;FALS=0	AQ-002|AQ-005|AQ-008|AQ-009|AQ-010|AQ-011|AQ-012	SemanticScholar	S2:3b57c7bcece47f2a3198e6adec38f712f2914be5	PER_SEED_DIRECTION_QUOTA
STOP-G03-03765979d6b09a72	PAPER-HASH-c6385afecce87070	PAPER-1905.04264	PAPER-1905.04264	1	BACKWARD	65	ALG=40;MECH=25;ROLE=0;AGE=0;FALS=0	AQ-002|AQ-003|AQ-004|AQ-005|AQ-006|AQ-007|AQ-008|AQ-009|AQ-010|AQ-011|AQ-012	SemanticScholar	S2:4bc31853ab9de45df2e03a0ea991f89d9449e42b	PER_SEED_DIRECTION_QUOTA
STOP-G03-cd32713dd149cfc8	PAPER-HASH-ce6d5f7db733c4a7	PAPER-1905.04264	PAPER-1905.04264	1	BACKWARD	25	ALG=0;MECH=25;ROLE=0;AGE=0;FALS=0	AQ-002|AQ-003|AQ-004|AQ-005|AQ-006|AQ-007|AQ-008|AQ-009|AQ-011|AQ-012	SemanticScholar	S2:0c8ed7f86d881dffb82b24f718bece6cb0e5c76f	PER_SEED_DIRECTION_QUOTA
STOP-G03-ab3466b7fb87d586	PAPER-HASH-d5f6e96b8ac26a25	PAPER-1905.04264	PAPER-1905.04264	1	BACKWARD	25	ALG=0;MECH=25;ROLE=0;AGE=0;FALS=0	AQ-002|AQ-003|AQ-004|AQ-007|AQ-008|AQ-009|AQ-010|AQ-012	SemanticScholar	S2:b18aad118fbbbeadb9221a93597d06ea83f6a977	PER_SEED_DIRECTION_QUOTA
STOP-G03-f5e6e6d2bd5f0c21	PAPER-HASH-eb2c8ca0fec80928	PAPER-1905.04264	PAPER-1905.04264	1	BACKWARD	65	ALG=40;MECH=25;ROLE=0;AGE=0;FALS=0	AQ-002|AQ-003|AQ-004|AQ-005|AQ-006|AQ-007|AQ-008|AQ-009|AQ-010|AQ-011|AQ-012	SemanticScholar	S2:52ae43121568425584b4b746b8266811b204302d	PER_SEED_DIRECTION_QUOTA
STOP-G03-2c4d117f66098818	PAPER-HASH-ec67f9917e633318	PAPER-1905.04264	PAPER-1905.04264	1	BACKWARD	25	ALG=0;MECH=25;ROLE=0;AGE=0;FALS=0	AQ-005|AQ-007|AQ-011|AQ-012	SemanticScholar	S2:ef62e7be1ed849a1a58242ef74b01af9d334761f	PER_SEED_DIRECTION_QUOTA
STOP-G03-040695d2adabf05b	PAPER-HASH-f82f8ed6f9caaa3c	PAPER-1905.04264	PAPER-1905.04264	1	BACKWARD	25	ALG=0;MECH=25;ROLE=0;AGE=0;FALS=0	AQ-008|AQ-010|AQ-011	SemanticScholar	S2:2d867297dfe0d3ce2ed5b1d0f2dff88cac46ee94	PER_SEED_DIRECTION_QUOTA
STOP-G03-98c5c90d9d6a4d81	PAPER-HASH-faac84d4db22bd4b	PAPER-1905.04264	PAPER-1905.04264	1	BACKWARD	25	ALG=0;MECH=25;ROLE=0;AGE=0;FALS=0	AQ-002|AQ-004|AQ-007|AQ-008|AQ-009|AQ-010|AQ-011|AQ-012	SemanticScholar	S2:3231d62bec8e8cc1d837e85893889855767c3b13	PER_SEED_DIRECTION_QUOTA
STOP-G03-9b7d33f9d08cb14b	PAPER-HASH-fff33372291725bd	PAPER-1905.04264	PAPER-1905.04264	1	BACKWARD	35	ALG=0;MECH=25;ROLE=0;AGE=0;FALS=10	AQ-001|AQ-009|AQ-010|AQ-011|AQ-012	SemanticScholar	S2:bb985409a4b9aa688eaf949156a98cfe39b5bc87	PER_SEED_DIRECTION_QUOTA
STOP-G03-2faea13fe453eb54	PAPER-HASH-d8cbece109306a5f	PAPER-1905.04264	PAPER-1905.04264	1	FORWARD	0	ALG=0;MECH=0;ROLE=0;AGE=0;FALS=0	NONE	SemanticScholar	S2:03e1f0469c2743b1cc95ff2e17d70de54d473bd1	NO_DECISION_IMPACT
STOP-G03-fee25804648a0fb6	PAPER-HASH-fb31f720c2b9f950	PAPER-1905.04264	PAPER-HASH-fb31f720c2b9f950	2	BACKWARD	75	ALG=40;MECH=25;ROLE=0;AGE=10;FALS=0	AQ-004|AQ-007|AQ-008|AQ-009|AQ-010|AQ-012	SemanticScholar	S2:UNAVAILABLE:fb31f720c2b9f950	REQUEST_RETRY_RESERVE
STOP-G03-b9c462feba8e3403	PAPER-HASH-cd1d7cedd720a87c	PAPER-1905.04264	PAPER-HASH-cd1d7cedd720a87c	2	FORWARD	65	ALG=40;MECH=25;ROLE=0;AGE=0;FALS=0	AQ-001|AQ-002|AQ-003|AQ-004|AQ-005|AQ-006|AQ-007|AQ-008|AQ-009|AQ-010|AQ-011|AQ-012	SemanticScholar	S2:11fe64c39d5d029034ca5cddab030a8c2088157f	REQUEST_RETRY_RESERVE
STOP-G03-b68c6b8eae86c90a	PAPER-1408.0393	PAPER-2010.09913	PAPER-2010.09913	1	BACKWARD	0	ALG=0;MECH=0;ROLE=0;AGE=0;FALS=0	NONE	SemanticScholar	S2:90b62e3797e912b75663783e3c74b5b17961e23e	NO_DECISION_IMPACT
STOP-G03-01c9c83ba4e8e552	PAPER-HASH-3237b0fd9d8384fe	PAPER-2010.09913	PAPER-2010.09913	1	BACKWARD	0	ALG=0;MECH=0;ROLE=0;AGE=0;FALS=0	NONE	SemanticScholar	S2:2bcea1704afac9e6467b17f70248b4c9b74a6032	NO_DECISION_IMPACT
STOP-G03-de52169ec233fce3	PAPER-HASH-51c7d28bc6772386	PAPER-2010.09913	PAPER-2010.09913	1	BACKWARD	0	ALG=0;MECH=0;ROLE=0;AGE=10;FALS=0	NONE	SemanticScholar	S2:dff4fc8957393d2ee8b839625166d63c359b61cf	NO_DECISION_IMPACT
STOP-G03-8c02692aebd0b430	PAPER-HASH-5366381f5e059420	PAPER-2010.09913	PAPER-2010.09913	1	BACKWARD	0	ALG=0;MECH=0;ROLE=0;AGE=10;FALS=0	NONE	SemanticScholar	S2:f2c1830eedc095b92a78dc3afa39a36343ed81ad	NO_DECISION_IMPACT
STOP-G03-ca817d6326eeefc8	PAPER-HASH-9f66e1569d7877dd	PAPER-2010.09913	PAPER-2010.09913	1	BACKWARD	0	ALG=0;MECH=0;ROLE=0;AGE=0;FALS=0	NONE	SemanticScholar	S2:0fb7af235cac61c78c4d184f718b043f3a0e37a4	NO_DECISION_IMPACT
STOP-G03-9aa4b74f3dff2b4e	PAPER-HASH-b3d38afa2d413c38	PAPER-2010.09913	PAPER-2010.09913	1	BACKWARD	0	ALG=0;MECH=0;ROLE=0;AGE=10;FALS=0	NONE	SemanticScholar	S2:b9976fa9b182c9c85593a66801c7c3b3ad3679fd	NO_DECISION_IMPACT
STOP-G03-6f65bfc45ce9793d	PAPER-HASH-bea72da67b2a6f93	PAPER-2010.09913	PAPER-2010.09913	1	BACKWARD	0	ALG=0;MECH=0;ROLE=0;AGE=10;FALS=0	NONE	SemanticScholar	S2:f11f992263dd7e4ca80febd8e9ed1fbf95b55d0d	NO_DECISION_IMPACT
STOP-G03-d6ad561b7a18fd21	PAPER-HASH-fb2bf26f1306ef12	PAPER-2010.09913	PAPER-2010.09913	1	BACKWARD	0	ALG=0;MECH=0;ROLE=0;AGE=10;FALS=0	NONE	SemanticScholar	S2:ae18b99bfa8940f7a17b7f77eb7177d953a5d9f5	NO_DECISION_IMPACT
STOP-G03-e7bc7468ee558a7a	PAPER-0812.4905	PAPER-2010.09913	PAPER-2010.09913	1	BACKWARD	35	ALG=0;MECH=25;ROLE=0;AGE=10;FALS=0	AQ-003|AQ-008|AQ-010|AQ-011|AQ-012	SemanticScholar	S2:7c1a89a59c0c61f3459a53c8d8f72caa9466fcc3	PER_SEED_DIRECTION_QUOTA
STOP-G03-dee37d3eef14be35	PAPER-1103.2405	PAPER-2010.09913	PAPER-2010.09913	1	BACKWARD	65	ALG=40;MECH=25;ROLE=0;AGE=0;FALS=0	AQ-002|AQ-003|AQ-004|AQ-005|AQ-006|AQ-007|AQ-008|AQ-009|AQ-011	SemanticScholar	S2:dd318d672a50757f15b614236b6d7b0e8a3fd524	PER_SEED_DIRECTION_QUOTA
STOP-G03-c156a375a0edd705	PAPER-1307.6209	PAPER-2010.09913	PAPER-2010.09913	1	BACKWARD	65	ALG=40;MECH=25;ROLE=0;AGE=0;FALS=0	AQ-001|AQ-002|AQ-003|AQ-004|AQ-005|AQ-006|AQ-007|AQ-008|AQ-009|AQ-010|AQ-011	SemanticScholar	S2:477a2e92d2fd2ca56fd989d42de58248f1ce04ae	PER_SEED_DIRECTION_QUOTA
STOP-G03-6d4588a61760530b	PAPER-1501.05387	PAPER-2010.09913	PAPER-2010.09913	1	BACKWARD	25	ALG=0;MECH=25;ROLE=0;AGE=0;FALS=0	AQ-008|AQ-010|AQ-011	SemanticScholar	S2:923da3bc69c6ed6a2b0b155b6cd759ede373d933	PER_SEED_DIRECTION_QUOTA
STOP-G03-b35d96a0b12121f3	PAPER-1609.07008	PAPER-2010.09913	PAPER-2010.09913	1	BACKWARD	65	ALG=40;MECH=25;ROLE=0;AGE=0;FALS=0	AQ-002|AQ-005|AQ-006|AQ-007|AQ-008|AQ-009|AQ-011	SemanticScholar	S2:c9460524c970c61c8e3920dd4ad80bbb46b45f64	PER_SEED_DIRECTION_QUOTA
STOP-G03-4e4c4a3ebf2909f1	PAPER-1910.12897	PAPER-2010.09913	PAPER-2010.09913	1	BACKWARD	25	ALG=0;MECH=25;ROLE=0;AGE=0;FALS=0	AQ-001|AQ-002|AQ-003|AQ-004|AQ-007|AQ-008|AQ-009|AQ-010|AQ-012	SemanticScholar	S2:282d051959b482de8e9302167a42d334576dfb69	PER_SEED_DIRECTION_QUOTA
STOP-G03-aec0868527adf7f2	PAPER-1912.08968	PAPER-2010.09913	PAPER-2010.09913	1	BACKWARD	25	ALG=0;MECH=25;ROLE=0;AGE=0;FALS=0	AQ-001|AQ-003|AQ-009|AQ-010	SemanticScholar	S2:624431ca128f47673d4671b6df2ef8595ad6faf4	PER_SEED_DIRECTION_QUOTA
STOP-G03-9b432fc774141a6c	PAPER-2001.07747	PAPER-2010.09913	PAPER-2010.09913	1	BACKWARD	25	ALG=0;MECH=25;ROLE=0;AGE=0;FALS=0	AQ-001|AQ-003|AQ-008|AQ-010	SemanticScholar	S2:08937c92f31895e16af48de1c7d18eeceef11f6f	PER_SEED_DIRECTION_QUOTA
STOP-G03-e1a4590a0704ab87	PAPER-2010.09025	PAPER-2010.09913	PAPER-2010.09913	1	BACKWARD	25	ALG=0;MECH=25;ROLE=0;AGE=0;FALS=0	AQ-001|AQ-002|AQ-003|AQ-006|AQ-008|AQ-010|AQ-011|AQ-012	SemanticScholar	S2:975ccf843041507704f1193d0af3c6d72807b6a4	PER_SEED_DIRECTION_QUOTA
STOP-G03-3c1281e86cbfdcb5	PAPER-2010.09135	PAPER-2010.09913	PAPER-2010.09913	1	BACKWARD	25	ALG=0;MECH=25;ROLE=0;AGE=0;FALS=0	AQ-002|AQ-003|AQ-004|AQ-007|AQ-008|AQ-009|AQ-010|AQ-011|AQ-012	SemanticScholar	S2:9f958a375a017774daeb1b083eccfbed0cd20dc5	PER_SEED_DIRECTION_QUOTA
STOP-G03-226e4eca52b6dde8	PAPER-2010.09852	PAPER-2010.09913	PAPER-2010.09913	1	BACKWARD	40	ALG=0;MECH=25;ROLE=15;AGE=0;FALS=0	AQ-009|AQ-010|AQ-011	SemanticScholar	S2:7f27e5f6f6ab1a65132a36027c91fe598c9145a4	PER_SEED_DIRECTION_QUOTA
STOP-G03-7a4da244c347c0fd	PAPER-2010.09854	PAPER-2010.09913	PAPER-2010.09913	1	BACKWARD	25	ALG=0;MECH=25;ROLE=0;AGE=0;FALS=0	AQ-010	SemanticScholar	S2:dd3ea0b346f2eb8c7682e6d59b48b4f5c4527f63	PER_SEED_DIRECTION_QUOTA
STOP-G03-2f5d004dd2a0f174	PAPER-2010.16012	PAPER-2010.09913	PAPER-2010.09913	1	BACKWARD	25	ALG=0;MECH=25;ROLE=0;AGE=0;FALS=0	AQ-002|AQ-003|AQ-004|AQ-007|AQ-008|AQ-009|AQ-011|AQ-012	SemanticScholar	S2:c2cd9f20e11ba7a0ac37aefdbb31c1debf875c53	PER_SEED_DIRECTION_QUOTA
STOP-G03-9808e11da805723b	PAPER-HASH-01b0a8308f10fdf8	PAPER-2010.09913	PAPER-2010.09913	1	BACKWARD	65	ALG=40;MECH=25;ROLE=0;AGE=0;FALS=0	AQ-002|AQ-003|AQ-005|AQ-009	SemanticScholar	S2:092b20099f7a33bc796df9a2cf61736ced89a6c7	PER_SEED_DIRECTION_QUOTA
STOP-G03-1fa31e68e43a481f	PAPER-HASH-0773768e603bb3ac	PAPER-2010.09913	PAPER-2010.09913	1	BACKWARD	75	ALG=40;MECH=25;ROLE=0;AGE=10;FALS=0	AQ-001|AQ-003|AQ-006|AQ-007|AQ-008|AQ-010|AQ-011	SemanticScholar	S2:1d72d8e56b0cb611413ff0e595cbffb624769438	PER_SEED_DIRECTION_QUOTA
STOP-G03-fce002e5ca94ece8	PAPER-HASH-24890e038bd4df58	PAPER-2010.09913	PAPER-2010.09913	1	BACKWARD	25	ALG=0;MECH=25;ROLE=0;AGE=0;FALS=0	AQ-002|AQ-009|AQ-011|AQ-012	SemanticScholar	S2:3ef02548615246e74b88808af811f1557b57fa75	PER_SEED_DIRECTION_QUOTA
STOP-G03-8cef49286807626a	PAPER-HASH-27e911d7380383aa	PAPER-2010.09913	PAPER-2010.09913	1	BACKWARD	25	ALG=0;MECH=25;ROLE=0;AGE=0;FALS=0	AQ-001|AQ-002|AQ-003|AQ-005|AQ-008	SemanticScholar	S2:c921a5ae9622490e0a2270d14df758abecc76366	PER_SEED_DIRECTION_QUOTA
STOP-G03-d898387283ac5e57	PAPER-HASH-4dc00cb73c9e80e6	PAPER-2010.09913	PAPER-2010.09913	1	BACKWARD	65	ALG=40;MECH=25;ROLE=0;AGE=0;FALS=0	AQ-002|AQ-003|AQ-004|AQ-005|AQ-006|AQ-007|AQ-008|AQ-009|AQ-011	SemanticScholar	S2:e952f79df82c43b84cc9877961c7aa3555baa58d	PER_SEED_DIRECTION_QUOTA
STOP-G03-8e1a82856c553f00	PAPER-HASH-4df5c21dda586d4e	PAPER-2010.09913	PAPER-2010.09913	1	BACKWARD	35	ALG=0;MECH=25;ROLE=0;AGE=10;FALS=0	AQ-008|AQ-010|AQ-011	SemanticScholar	S2:87ee99d4cc4e0601cbb519f6ddbac85772bdc49e	PER_SEED_DIRECTION_QUOTA
STOP-G03-0cacdd15fec0e668	PAPER-HASH-6239b418336c784a	PAPER-2010.09913	PAPER-2010.09913	1	BACKWARD	40	ALG=0;MECH=25;ROLE=15;AGE=0;FALS=0	AQ-001|AQ-009|AQ-012	SemanticScholar	S2:c7f82b511ef5bb5c87f8d057e022fe3bd812fcdc	PER_SEED_DIRECTION_QUOTA
STOP-G03-752c8c233d337b94	PAPER-HASH-6c443b7df7f8d182	PAPER-2010.09913	PAPER-2010.09913	1	BACKWARD	65	ALG=40;MECH=25;ROLE=0;AGE=0;FALS=0	AQ-002|AQ-003|AQ-004|AQ-005|AQ-006|AQ-007|AQ-008|AQ-009|AQ-010|AQ-011|AQ-012	SemanticScholar	S2:47a6a274c648aeb5ff02eb09aff7ea310eae122e	PER_SEED_DIRECTION_QUOTA
STOP-G03-fb517586a0db710f	PAPER-HASH-6ff704db6b1236c3	PAPER-2010.09913	PAPER-2010.09913	1	BACKWARD	65	ALG=40;MECH=25;ROLE=0;AGE=0;FALS=0	AQ-001|AQ-003|AQ-007|AQ-008|AQ-010|AQ-011	SemanticScholar	S2:6bc45efd5b27f661b1cbbab8998b87a34da5967e	PER_SEED_DIRECTION_QUOTA
STOP-G03-d71e97a2e54745f5	PAPER-HASH-7491049d1cd0c846	PAPER-2010.09913	PAPER-2010.09913	1	BACKWARD	35	ALG=0;MECH=25;ROLE=0;AGE=10;FALS=0	AQ-002|AQ-004|AQ-007|AQ-008|AQ-009|AQ-012	SemanticScholar	S2:d7f449c199ce86d3b8039899caabb31b54ced7f2	PER_SEED_DIRECTION_QUOTA
STOP-G03-d1675692528586e9	PAPER-HASH-74fad56ec2bc4723	PAPER-2010.09913	PAPER-2010.09913	1	BACKWARD	65	ALG=40;MECH=25;ROLE=0;AGE=0;FALS=0	AQ-002|AQ-003|AQ-004|AQ-005|AQ-007|AQ-009|AQ-011	SemanticScholar	S2:UNAVAILABLE:74fad56ec2bc4723	PER_SEED_DIRECTION_QUOTA
STOP-G03-ec1577929200e176	PAPER-HASH-9bb8938fe274b3c8	PAPER-2010.09913	PAPER-2010.09913	1	BACKWARD	75	ALG=40;MECH=25;ROLE=0;AGE=10;FALS=0	AQ-001|AQ-002|AQ-003|AQ-004|AQ-005|AQ-006|AQ-007|AQ-008|AQ-009|AQ-011	SemanticScholar	S2:ce8190de5cac2b583667079502c130888783303f	PER_SEED_DIRECTION_QUOTA
STOP-G03-27cf0a4f14d1540b	PAPER-HASH-ab538775755606aa	PAPER-2010.09913	PAPER-2010.09913	1	BACKWARD	65	ALG=40;MECH=25;ROLE=0;AGE=0;FALS=0	AQ-002|AQ-003|AQ-004|AQ-005|AQ-007|AQ-009|AQ-011|AQ-012	SemanticScholar	S2:UNAVAILABLE:ab538775755606aa	PER_SEED_DIRECTION_QUOTA
STOP-G03-d38db32197e508ca	PAPER-HASH-b6c325520d94a750	PAPER-2010.09913	PAPER-2010.09913	1	BACKWARD	35	ALG=0;MECH=25;ROLE=0;AGE=10;FALS=0	AQ-002|AQ-006|AQ-008|AQ-009|AQ-010|AQ-012	SemanticScholar	S2:9fe7d4e3c0713286a96ed9d4f64d5e92b9145a67	PER_SEED_DIRECTION_QUOTA
STOP-G03-9528a52dff39e274	PAPER-HASH-b82f64e59bb24103	PAPER-2010.09913	PAPER-2010.09913	1	BACKWARD	65	ALG=40;MECH=25;ROLE=0;AGE=0;FALS=0	AQ-002|AQ-003|AQ-004|AQ-005|AQ-007|AQ-008|AQ-009|AQ-011	SemanticScholar	S2:UNAVAILABLE:b82f64e59bb24103	PER_SEED_DIRECTION_QUOTA
STOP-G03-f10a35b287c352db	PAPER-HASH-cd9b9442163acda9	PAPER-2010.09913	PAPER-2010.09913	1	BACKWARD	65	ALG=40;MECH=25;ROLE=0;AGE=0;FALS=0	AQ-002|AQ-003|AQ-010	SemanticScholar	S2:5b975248796c2ee3f65b2f4430fd3be4d7e6191e	PER_SEED_DIRECTION_QUOTA
STOP-G03-d3c15b70f08bc8a5	PAPER-HASH-d1ff34d3961bf8c2	PAPER-2010.09913	PAPER-2010.09913	1	BACKWARD	65	ALG=40;MECH=25;ROLE=0;AGE=0;FALS=0	AQ-005|AQ-007|AQ-010	SemanticScholar	S2:fd93f0509cacfadfe0d1005e328295dd4497426d	PER_SEED_DIRECTION_QUOTA
STOP-G03-30ee9b90f9b608e8	PAPER-HASH-f82f8ed6f9caaa3c	PAPER-2010.09913	PAPER-2010.09913	1	BACKWARD	35	ALG=0;MECH=25;ROLE=0;AGE=10;FALS=0	AQ-008|AQ-010|AQ-011	SemanticScholar	S2:2d867297dfe0d3ce2ed5b1d0f2dff88cac46ee94	PER_SEED_DIRECTION_QUOTA
STOP-G03-72997c99ca567e55	PAPER-HASH-fb5ac1d59f4ed759	PAPER-2010.09913	PAPER-2010.09913	1	BACKWARD	65	ALG=40;MECH=25;ROLE=0;AGE=0;FALS=0	AQ-002|AQ-003|AQ-004|AQ-005|AQ-006|AQ-007|AQ-008|AQ-009|AQ-011	SemanticScholar	S2:5f99d4dac6da0f07f21d67222651611ea8a0ce3d	PER_SEED_DIRECTION_QUOTA
STOP-G03-193c748b0b1261a4	PAPER-HASH-96066b3ebfabefad	PAPER-2010.09913	PAPER-2010.09913	1	FORWARD	0	ALG=0;MECH=0;ROLE=0;AGE=0;FALS=0	NONE	SemanticScholar	S2:b37c5a96fe2f3389d9fe3addb8812634abb82164	NO_DECISION_IMPACT
STOP-G03-bb85d53778acf8a8	PAPER-1806.06576	PAPER-2010.09913	PAPER-2010.09913	1	FORWARD	25	ALG=0;MECH=25;ROLE=0;AGE=0;FALS=0	AQ-002|AQ-003|AQ-004|AQ-005|AQ-006|AQ-008|AQ-010|AQ-011	SemanticScholar	S2:a5f82bd4d5177e01a66e519e14ead4e3c456bcbd	PER_SEED_DIRECTION_QUOTA
STOP-G03-6553f8052b39647b	PAPER-1903.06697	PAPER-2010.09913	PAPER-2010.09913	1	FORWARD	40	ALG=0;MECH=25;ROLE=15;AGE=0;FALS=0	AQ-008|AQ-010|AQ-011	SemanticScholar	S2:0b9078c176ded3a7d46dd56f242a74ab3e92a241	PER_SEED_DIRECTION_QUOTA
STOP-G03-509dbcc4631d31b0	PAPER-1908.09606	PAPER-2010.09913	PAPER-2010.09913	1	FORWARD	25	ALG=0;MECH=25;ROLE=0;AGE=0;FALS=0	AQ-002|AQ-003|AQ-005|AQ-007|AQ-008|AQ-009|AQ-011	SemanticScholar	S2:f033fb9906a9d1b246041d2c233a4d3a84909a36	PER_SEED_DIRECTION_QUOTA
STOP-G03-b72769a7b5a14e55	PAPER-1910.09017	PAPER-2010.09913	PAPER-2010.09913	1	FORWARD	40	ALG=0;MECH=25;ROLE=15;AGE=0;FALS=0	AQ-001|AQ-002|AQ-006|AQ-008|AQ-009|AQ-010|AQ-011|AQ-012	SemanticScholar	S2:689c7a86d973895a14feb984b8faa3d5581038ef	PER_SEED_DIRECTION_QUOTA
STOP-G03-6b01350d2c822b1a	PAPER-1910.10776	PAPER-2010.09913	PAPER-2010.09913	1	FORWARD	65	ALG=40;MECH=25;ROLE=0;AGE=0;FALS=0	AQ-001|AQ-002|AQ-004|AQ-005|AQ-006|AQ-007|AQ-008|AQ-009|AQ-010|AQ-011	SemanticScholar	S2:87a494fcc23aa9cea191f75e3b599e63d3bdab35	PER_SEED_DIRECTION_QUOTA
STOP-G03-4443b2cd8390c20f	PAPER-1911.04200	PAPER-2010.09913	PAPER-2010.09913	1	FORWARD	65	ALG=40;MECH=25;ROLE=0;AGE=0;FALS=0	AQ-004|AQ-006|AQ-007|AQ-008|AQ-010|AQ-011|AQ-012	SemanticScholar	S2:e92ace4b248d898f025682dfd3f2a62d7e6e4c16	PER_SEED_DIRECTION_QUOTA
STOP-G03-8ab7b8e4408c9de5	PAPER-1912.08950	PAPER-2010.09913	PAPER-2010.09913	1	FORWARD	65	ALG=40;MECH=25;ROLE=0;AGE=0;FALS=0	AQ-001|AQ-007|AQ-008|AQ-009|AQ-010|AQ-011|AQ-012	SemanticScholar	S2:663475b0ea12e123afff6d7ccd75488cc19ea79c	PER_SEED_DIRECTION_QUOTA
STOP-G03-14a86bff2d0a7a89	PAPER-1912.12740	PAPER-2010.09913	PAPER-2010.09913	1	FORWARD	65	ALG=40;MECH=25;ROLE=0;AGE=0;FALS=0	AQ-002|AQ-003|AQ-004|AQ-005|AQ-006|AQ-007|AQ-008|AQ-009|AQ-010|AQ-011|AQ-012	SemanticScholar	S2:db0b44855b14533a22dbbd09f24f62a08cedef80	PER_SEED_DIRECTION_QUOTA
STOP-G03-ccd0df4ebc5e1eee	PAPER-2007.03776	PAPER-2010.09913	PAPER-2010.09913	1	FORWARD	65	ALG=40;MECH=25;ROLE=0;AGE=0;FALS=0	AQ-003|AQ-008|AQ-009|AQ-010	SemanticScholar	S2:d286f81e9cdb9371f8d91d1407c1fc8906f4865a	PER_SEED_DIRECTION_QUOTA
STOP-G03-0fc7a1602328dbff	PAPER-2010.10683	PAPER-2010.09913	PAPER-2010.09913	1	FORWARD	25	ALG=0;MECH=25;ROLE=0;AGE=0;FALS=0	AQ-001|AQ-003|AQ-010	SemanticScholar	S2:e7468364fea4e5bf51c562e48197a1e01893a62c	PER_SEED_DIRECTION_QUOTA
STOP-G03-04d33fd2d9368bd8	PAPER-2010.14684	PAPER-2010.09913	PAPER-2010.09913	1	FORWARD	25	ALG=0;MECH=25;ROLE=0;AGE=0;FALS=0	AQ-003|AQ-004|AQ-005|AQ-006|AQ-008|AQ-011	SemanticScholar	S2:8c879b8afef2184dc75f7ff9923fd78be8c0af30	PER_SEED_DIRECTION_QUOTA
STOP-G03-97e2fdcd504d7ca0	PAPER-2010.15879	PAPER-2010.09913	PAPER-2010.09913	1	FORWARD	25	ALG=0;MECH=25;ROLE=0;AGE=0;FALS=0	AQ-001|AQ-010	SemanticScholar	S2:b5bc3a0df3656ceb8c87554c9a3533aaabea3021	PER_SEED_DIRECTION_QUOTA
STOP-G03-684888d2d0223a05	PAPER-2010.16012	PAPER-2010.09913	PAPER-2010.09913	1	FORWARD	25	ALG=0;MECH=25;ROLE=0;AGE=0;FALS=0	AQ-002|AQ-003|AQ-004|AQ-007|AQ-008|AQ-009|AQ-011|AQ-012	SemanticScholar	S2:c2cd9f20e11ba7a0ac37aefdbb31c1debf875c53	PER_SEED_DIRECTION_QUOTA
STOP-G03-4895127b1929803c	PAPER-2012.14132	PAPER-2010.09913	PAPER-2010.09913	1	FORWARD	25	ALG=0;MECH=25;ROLE=0;AGE=0;FALS=0	AQ-003|AQ-006|AQ-009|AQ-010|AQ-011|AQ-012	SemanticScholar	S2:f043d2f6b8c9e631098d63f672fcf440adfab281	PER_SEED_DIRECTION_QUOTA
STOP-G03-dd1db10c4fcf7d58	PAPER-2102.01254	PAPER-2010.09913	PAPER-2010.09913	1	FORWARD	25	ALG=0;MECH=25;ROLE=0;AGE=0;FALS=0	AQ-001	SemanticScholar	S2:4e8a46839d5f531e12ca66bde33765654822e24d	PER_SEED_DIRECTION_QUOTA
STOP-G03-08ab9d6b275244f8	PAPER-2103.03653	PAPER-2010.09913	PAPER-2010.09913	1	FORWARD	25	ALG=0;MECH=25;ROLE=0;AGE=0;FALS=0	AQ-010|AQ-011|AQ-012	SemanticScholar	S2:6957a14503962507e54ba81f6de389c1d4f3efc6	PER_SEED_DIRECTION_QUOTA
STOP-G03-775bd2a5bd64db13	PAPER-2104.07582	PAPER-2010.09913	PAPER-2010.09913	1	FORWARD	25	ALG=0;MECH=25;ROLE=0;AGE=0;FALS=0	AQ-003|AQ-008|AQ-010|AQ-011	SemanticScholar	S2:5984a0b6957b0e9ed8b030c3784f3ec367fbfd8c	PER_SEED_DIRECTION_QUOTA
STOP-G03-9d925411f10fcbb8	PAPER-2105.07203	PAPER-2010.09913	PAPER-2010.09913	1	FORWARD	50	ALG=0;MECH=25;ROLE=15;AGE=0;FALS=10	AQ-002|AQ-003|AQ-008|AQ-009|AQ-010|AQ-012	SemanticScholar	S2:939afb90c0777d59c2b0cda0eeba0c81de37f966	PER_SEED_DIRECTION_QUOTA
STOP-G03-47cd18861a0ed770	PAPER-2105.12663	PAPER-2010.09913	PAPER-2010.09913	1	FORWARD	65	ALG=40;MECH=25;ROLE=0;AGE=0;FALS=0	AQ-001|AQ-002|AQ-006|AQ-007|AQ-008|AQ-009|AQ-010|AQ-012	SemanticScholar	S2:3b3b39b5ec7fd4aa17477839e3fec9ecfc6fe8bd	PER_SEED_DIRECTION_QUOTA
STOP-G03-9efba3529fc8f488	PAPER-2106.00761	PAPER-2010.09913	PAPER-2010.09913	1	FORWARD	65	ALG=40;MECH=25;ROLE=0;AGE=0;FALS=0	AQ-003|AQ-005|AQ-007|AQ-008|AQ-010|AQ-012	SemanticScholar	S2:cdf4f091c99127c779a3a24f6ec7fb55cc1b8c3f	PER_SEED_DIRECTION_QUOTA
STOP-G03-00ea8de806b92028	PAPER-2201.05072	PAPER-2010.09913	PAPER-2010.09913	1	FORWARD	65	ALG=40;MECH=25;ROLE=0;AGE=0;FALS=0	AQ-002|AQ-003|AQ-004|AQ-005|AQ-006|AQ-007|AQ-008|AQ-009|AQ-010|AQ-011	SemanticScholar	S2:ef58a34c000f5f7cc4329d03641481342b830a84	PER_SEED_DIRECTION_QUOTA
STOP-G03-b71dfdf3ee59c685	PAPER-2205.09702	PAPER-2010.09913	PAPER-2010.09913	1	FORWARD	25	ALG=0;MECH=25;ROLE=0;AGE=0;FALS=0	AQ-002|AQ-003|AQ-006|AQ-008|AQ-009|AQ-010|AQ-012	SemanticScholar	S2:8018a561d2ed821cfb4be7ce04993cabf9932c2f	PER_SEED_DIRECTION_QUOTA
STOP-G03-2f24563069d0530a	PAPER-2208.11469	PAPER-2010.09913	PAPER-2010.09913	1	FORWARD	65	ALG=40;MECH=25;ROLE=0;AGE=0;FALS=0	AQ-001|AQ-004|AQ-005|AQ-007|AQ-010	SemanticScholar	S2:7e3b8a70d72a0ba4c7f189991d912822a1f2959d	PER_SEED_DIRECTION_QUOTA
STOP-G03-0fc85a77f0fb44ba	PAPER-2209.09732	PAPER-2010.09913	PAPER-2010.09913	1	FORWARD	25	ALG=0;MECH=25;ROLE=0;AGE=0;FALS=0	AQ-001|AQ-009|AQ-011	SemanticScholar	S2:1cbbe1a129c0d1f53d8e16ca74238334372507dc	PER_SEED_DIRECTION_QUOTA
STOP-G03-017743eec3d0af2c	PAPER-2211.13980	PAPER-2010.09913	PAPER-2010.09913	1	FORWARD	25	ALG=0;MECH=25;ROLE=0;AGE=0;FALS=0	AQ-001|AQ-002|AQ-003|AQ-005|AQ-006|AQ-010	SemanticScholar	S2:9d6fa9cd4dfc8fff9d043c9156ca7e3d2a86648b	PER_SEED_DIRECTION_QUOTA
STOP-G03-bd2f10a29a5a0176	PAPER-2305.11162	PAPER-2010.09913	PAPER-2010.09913	1	FORWARD	25	ALG=0;MECH=25;ROLE=0;AGE=0;FALS=0	AQ-001|AQ-002|AQ-003|AQ-005|AQ-008|AQ-009|AQ-010|AQ-011	SemanticScholar	S2:420f8b01e0ddd3c3f4c5620acbd71e26275786b5	PER_SEED_DIRECTION_QUOTA
STOP-G03-bddfc723bffc7185	PAPER-2308.12093	PAPER-2010.09913	PAPER-2010.09913	1	FORWARD	25	ALG=0;MECH=25;ROLE=0;AGE=0;FALS=0	AQ-001|AQ-002|AQ-004|AQ-005|AQ-008|AQ-009|AQ-010|AQ-011|AQ-012	SemanticScholar	S2:e09dec411861064801f52e9e5c963fc92dea4b28	PER_SEED_DIRECTION_QUOTA
STOP-G03-9ae2c54b952c879c	PAPER-2310.03742	PAPER-2010.09913	PAPER-2010.09913	1	FORWARD	40	ALG=0;MECH=25;ROLE=15;AGE=0;FALS=0	AQ-001|AQ-003|AQ-009|AQ-010|AQ-012	SemanticScholar	S2:59ec7486cf1c8d8af7e7d1c15e5c5de2a18ee4cb	PER_SEED_DIRECTION_QUOTA
STOP-G03-894a43df4011a31b	PAPER-2406.12841	PAPER-2010.09913	PAPER-2010.09913	1	FORWARD	25	ALG=0;MECH=25;ROLE=0;AGE=0;FALS=0	AQ-003|AQ-010	SemanticScholar	S2:7e648117ba6f69c05839600ba6e185fd71cab854	PER_SEED_DIRECTION_QUOTA
STOP-G03-94d27e1082198292	PAPER-2408.11551	PAPER-2010.09913	PAPER-2010.09913	1	FORWARD	25	ALG=0;MECH=25;ROLE=0;AGE=0;FALS=0	AQ-001|AQ-002|AQ-004|AQ-005|AQ-007|AQ-008|AQ-009|AQ-010|AQ-012	SemanticScholar	S2:9394aa1a1fa291c0586922bcf2565f8ede1bde7b	PER_SEED_DIRECTION_QUOTA
STOP-G03-2b2bb4066419370e	PAPER-2602.09174	PAPER-2010.09913	PAPER-2010.09913	1	FORWARD	25	ALG=0;MECH=25;ROLE=0;AGE=0;FALS=0	AQ-002|AQ-003|AQ-006|AQ-008|AQ-009|AQ-010|AQ-011|AQ-012	SemanticScholar	S2:35eae17c04bd8546373680204df5c33c451da736	PER_SEED_DIRECTION_QUOTA
STOP-G03-8dca66b89de4bc9f	PAPER-2607.17106	PAPER-2010.09913	PAPER-2010.09913	1	FORWARD	25	ALG=0;MECH=25;ROLE=0;AGE=0;FALS=0	AQ-001|AQ-009|AQ-010|AQ-011|AQ-012	SemanticScholar	S2:b9a25457f1bac2144045f385bf244d1f3ec1fc4e	PER_SEED_DIRECTION_QUOTA
STOP-G03-5aef46cd45d008d2	PAPER-HASH-039a9ec886f7e674	PAPER-2010.09913	PAPER-2010.09913	1	FORWARD	25	ALG=0;MECH=25;ROLE=0;AGE=0;FALS=0	AQ-001|AQ-002|AQ-005|AQ-008|AQ-009|AQ-010|AQ-011	SemanticScholar	S2:d9a69324902294e297c5ba366b0658cf5b17921c	PER_SEED_DIRECTION_QUOTA
STOP-G03-fa8953404c71d91e	PAPER-HASH-043907c16da4d561	PAPER-2010.09913	PAPER-2010.09913	1	FORWARD	65	ALG=40;MECH=25;ROLE=0;AGE=0;FALS=0	AQ-002|AQ-003|AQ-004|AQ-005|AQ-007|AQ-008|AQ-009|AQ-010|AQ-011	SemanticScholar	S2:37050d37c793f4eee3874840fa60a58ca03c3fb0	PER_SEED_DIRECTION_QUOTA
STOP-G03-0ca0d31ba6cec373	PAPER-HASH-0499a045984b0f21	PAPER-2010.09913	PAPER-2010.09913	1	FORWARD	65	ALG=40;MECH=25;ROLE=0;AGE=0;FALS=0	AQ-002|AQ-003|AQ-004|AQ-005|AQ-007|AQ-008|AQ-009|AQ-010|AQ-011	SemanticScholar	S2:4cbc380256b6dffe8335dbc76de05ae4b1e10dd7	PER_SEED_DIRECTION_QUOTA
STOP-G03-376238f2ac4d3171	PAPER-HASH-1de9ec306f732f1f	PAPER-2010.09913	PAPER-2010.09913	1	FORWARD	25	ALG=0;MECH=25;ROLE=0;AGE=0;FALS=0	AQ-001|AQ-002|AQ-003|AQ-005|AQ-006|AQ-007|AQ-008|AQ-009|AQ-010|AQ-011|AQ-012	SemanticScholar	S2:1e6601b5439b442cdb1af48e7146b7511517ca3b	PER_SEED_DIRECTION_QUOTA
STOP-G03-d81a3dbad5dac768	PAPER-HASH-1f5b17facef3b6f7	PAPER-2010.09913	PAPER-2010.09913	1	FORWARD	25	ALG=0;MECH=25;ROLE=0;AGE=0;FALS=0	AQ-001|AQ-002|AQ-004|AQ-007|AQ-008|AQ-009|AQ-012	SemanticScholar	S2:7613900e1a67d2c470152d9c23e5bf93fd5c0754	PER_SEED_DIRECTION_QUOTA
STOP-G03-ffa84025ab79886a	PAPER-HASH-23e766492b32eec3	PAPER-2010.09913	PAPER-2010.09913	1	FORWARD	65	ALG=40;MECH=25;ROLE=0;AGE=0;FALS=0	AQ-003|AQ-008|AQ-009|AQ-010	SemanticScholar	S2:9db6be4865c09d406e7fe0f5fe1a0ad21c4f184f	PER_SEED_DIRECTION_QUOTA
STOP-G03-62b2ef359ae27b76	PAPER-HASH-2a8ac4d11ed426e7	PAPER-2010.09913	PAPER-2010.09913	1	FORWARD	65	ALG=40;MECH=25;ROLE=0;AGE=0;FALS=0	AQ-001|AQ-003|AQ-007	SemanticScholar	S2:89d8d55519d5680ec7ccbb4c515adfbff1d87fb7	PER_SEED_DIRECTION_QUOTA
STOP-G03-d6feb854f2880f96	PAPER-HASH-2b994c4feb7bfae6	PAPER-2010.09913	PAPER-2010.09913	1	FORWARD	65	ALG=40;MECH=25;ROLE=0;AGE=0;FALS=0	AQ-002|AQ-003|AQ-004|AQ-005|AQ-007|AQ-008|AQ-009|AQ-010|AQ-011	SemanticScholar	S2:08ef0f314e28b19598db5913bf96f73e683c4e84	PER_SEED_DIRECTION_QUOTA
STOP-G03-01f926d50ad2ad95	PAPER-HASH-2f18e600368aceff	PAPER-2010.09913	PAPER-2010.09913	1	FORWARD	65	ALG=40;MECH=25;ROLE=0;AGE=0;FALS=0	AQ-002|AQ-003|AQ-004|AQ-005|AQ-006|AQ-007|AQ-008|AQ-010|AQ-011	SemanticScholar	S2:ed7a1bc29f273d296b1881a973141633226245ec	PER_SEED_DIRECTION_QUOTA
STOP-G03-19dc20c6e2043426	PAPER-HASH-3384294dd62a1d68	PAPER-2010.09913	PAPER-2010.09913	1	FORWARD	25	ALG=0;MECH=25;ROLE=0;AGE=0;FALS=0	AQ-001|AQ-002|AQ-003|AQ-010	SemanticScholar	S2:887a5d5a420dc7f39f71ae84304e154a383b5f6c	PER_SEED_DIRECTION_QUOTA
STOP-G03-dd5bebeebacd142b	PAPER-HASH-4107f01f3cf6ee29	PAPER-2010.09913	PAPER-2010.09913	1	FORWARD	65	ALG=40;MECH=25;ROLE=0;AGE=0;FALS=0	AQ-002|AQ-003|AQ-004|AQ-005|AQ-007|AQ-008|AQ-009|AQ-010|AQ-011|AQ-012	SemanticScholar	S2:cbea71a70a4faff5752f41c78a104fe99ba46bc7	PER_SEED_DIRECTION_QUOTA
STOP-G03-f214379ea7300962	PAPER-HASH-463868460ec3d4f1	PAPER-2010.09913	PAPER-2010.09913	1	FORWARD	65	ALG=40;MECH=25;ROLE=0;AGE=0;FALS=0	AQ-003|AQ-004|AQ-006|AQ-008|AQ-009|AQ-011|AQ-012	SemanticScholar	S2:6510ef26ad1da6c9c8863a8dc0428d122bb17c81	PER_SEED_DIRECTION_QUOTA
STOP-G03-33b24aea59daedeb	PAPER-HASH-47a90f9ff3a16371	PAPER-2010.09913	PAPER-2010.09913	1	FORWARD	25	ALG=0;MECH=25;ROLE=0;AGE=0;FALS=0	AQ-002|AQ-005|AQ-006	SemanticScholar	S2:cbf4d8928e9d55a03575fd752dcf9eeefcfbe0e3	PER_SEED_DIRECTION_QUOTA
STOP-G03-c15f95e6db0afabc	PAPER-HASH-5d547a43d6d8e459	PAPER-2010.09913	PAPER-2010.09913	1	FORWARD	65	ALG=40;MECH=25;ROLE=0;AGE=0;FALS=0	AQ-001|AQ-002|AQ-003|AQ-005|AQ-007|AQ-008|AQ-010|AQ-011	SemanticScholar	S2:45988bc92167308a1d3d79aef0a56ff5d12cd795	PER_SEED_DIRECTION_QUOTA
STOP-G03-45b0586a2aa03855	PAPER-HASH-694cc4190cc9a109	PAPER-2010.09913	PAPER-2010.09913	1	FORWARD	65	ALG=40;MECH=25;ROLE=0;AGE=0;FALS=0	AQ-001|AQ-002|AQ-003|AQ-004|AQ-005|AQ-007|AQ-008|AQ-009|AQ-011	SemanticScholar	S2:e1903246ae294c2a3dc939ebc8b9e0fc7b796d41	PER_SEED_DIRECTION_QUOTA
STOP-G03-35b797293138474b	PAPER-HASH-7ba470390421ff83	PAPER-2010.09913	PAPER-2010.09913	1	FORWARD	25	ALG=0;MECH=25;ROLE=0;AGE=0;FALS=0	AQ-001|AQ-002|AQ-005|AQ-006|AQ-007|AQ-008|AQ-009|AQ-010|AQ-011|AQ-012	SemanticScholar	S2:fae835d155ab7a11361a56ce811a3f7620833e55	PER_SEED_DIRECTION_QUOTA
STOP-G03-b6b971919adba839	PAPER-HASH-82683e1221a74687	PAPER-2010.09913	PAPER-2010.09913	1	FORWARD	40	ALG=0;MECH=25;ROLE=15;AGE=0;FALS=0	AQ-001|AQ-008|AQ-009|AQ-010|AQ-011|AQ-012	SemanticScholar	S2:9aa1f78cc81b90047ef8fccc7994cf9102467c9f	PER_SEED_DIRECTION_QUOTA
STOP-G03-35cfc17f1e0beafd	PAPER-HASH-8aab8e0cca46357c	PAPER-2010.09913	PAPER-2010.09913	1	FORWARD	65	ALG=40;MECH=25;ROLE=0;AGE=0;FALS=0	AQ-003|AQ-004|AQ-006|AQ-008|AQ-009|AQ-010|AQ-011|AQ-012	SemanticScholar	S2:7eab68e8c66e6fc56138dc5e16bed3e89ff4abf8	PER_SEED_DIRECTION_QUOTA
STOP-G03-7487fed0cbc51b0c	PAPER-HASH-9c4fd496fc41a7b0	PAPER-2010.09913	PAPER-2010.09913	1	FORWARD	65	ALG=40;MECH=25;ROLE=0;AGE=0;FALS=0	AQ-002|AQ-005|AQ-007|AQ-008|AQ-009|AQ-010|AQ-011|AQ-012	SemanticScholar	S2:3bfa40d1cd0814d3662ba3957736b316c40c6759	PER_SEED_DIRECTION_QUOTA
STOP-G03-e15ef3e89967670b	PAPER-HASH-aafa9316a68e437d	PAPER-2010.09913	PAPER-2010.09913	1	FORWARD	65	ALG=40;MECH=25;ROLE=0;AGE=0;FALS=0	AQ-001|AQ-002|AQ-003|AQ-005|AQ-006|AQ-007|AQ-008|AQ-009|AQ-010|AQ-011|AQ-012	SemanticScholar	S2:b0a512cbaf98c34e0e7062105dcfa0c37c1e7150	PER_SEED_DIRECTION_QUOTA
STOP-G03-f842c3cacbf5f35a	PAPER-HASH-be09e87cf9eba2a5	PAPER-2010.09913	PAPER-2010.09913	1	FORWARD	65	ALG=40;MECH=25;ROLE=0;AGE=0;FALS=0	AQ-001|AQ-003|AQ-005|AQ-008|AQ-011|AQ-012	SemanticScholar	S2:8718602787607f263848d61bf25f749734c7f38a	PER_SEED_DIRECTION_QUOTA
STOP-G03-790d8a1aced25cce	PAPER-HASH-c0b84e7888a2582c	PAPER-2010.09913	PAPER-2010.09913	1	FORWARD	25	ALG=0;MECH=25;ROLE=0;AGE=0;FALS=0	AQ-001|AQ-002|AQ-004|AQ-007|AQ-008|AQ-009|AQ-012	SemanticScholar	S2:bce37720019f7bff0f6fe10e1c75e69401a79f0f	PER_SEED_DIRECTION_QUOTA
STOP-G03-fb54350a129de0bc	PAPER-HASH-d28420fe6309c1d6	PAPER-2010.09913	PAPER-2010.09913	1	FORWARD	25	ALG=0;MECH=25;ROLE=0;AGE=0;FALS=0	AQ-001|AQ-002|AQ-003|AQ-004|AQ-006|AQ-008	SemanticScholar	S2:75b177b064327efcc4e3344beeca7c4469f45c5f	PER_SEED_DIRECTION_QUOTA
STOP-G03-47dabc95b2fa3f79	PAPER-HASH-db954c2973f6a38a	PAPER-2010.09913	PAPER-2010.09913	1	FORWARD	65	ALG=40;MECH=25;ROLE=0;AGE=0;FALS=0	AQ-002|AQ-003|AQ-004|AQ-005|AQ-006|AQ-007|AQ-008|AQ-009|AQ-010|AQ-011|AQ-012	SemanticScholar	S2:4f5335ac5c9f1251f25e407415223e76e7c20894	PER_SEED_DIRECTION_QUOTA
STOP-G03-3cd463c0faf41a75	PAPER-HASH-deb98a145cb71341	PAPER-2010.09913	PAPER-2010.09913	1	FORWARD	25	ALG=0;MECH=25;ROLE=0;AGE=0;FALS=0	AQ-002|AQ-003|AQ-005|AQ-007|AQ-008|AQ-010|AQ-011|AQ-012	SemanticScholar	S2:9896f3363161b84ffb10b47877af1063e8270165	PER_SEED_DIRECTION_QUOTA
STOP-G03-607b9716514ebfbe	PAPER-HASH-f209b4002159a44e	PAPER-2010.09913	PAPER-2010.09913	1	FORWARD	25	ALG=0;MECH=25;ROLE=0;AGE=0;FALS=0	AQ-002|AQ-003|AQ-005|AQ-006|AQ-007|AQ-008|AQ-009|AQ-011|AQ-012	SemanticScholar	S2:0e8309fab6a79fbde4f8779b2ad8842036e7d8b5	PER_SEED_DIRECTION_QUOTA
STOP-G03-6ffc4b1639091e30	PAPER-HASH-f5954ce315032a8a	PAPER-2010.09913	PAPER-2010.09913	1	FORWARD	65	ALG=40;MECH=25;ROLE=0;AGE=0;FALS=0	AQ-005|AQ-008|AQ-010|AQ-011	SemanticScholar	S2:28c04ab5ae0ec0815e480b318e6363632289163d	PER_SEED_DIRECTION_QUOTA
STOP-G03-f5e09a31079d77f3	PAPER-HASH-f6253d8b5c5502b8	PAPER-2010.09913	PAPER-2010.09913	1	FORWARD	65	ALG=40;MECH=25;ROLE=0;AGE=0;FALS=0	AQ-001|AQ-002|AQ-008|AQ-009|AQ-010|AQ-011|AQ-012	SemanticScholar	S2:608e3d1efcc10065fb7c16098d3d9d3d7b217e7b	PER_SEED_DIRECTION_QUOTA
STOP-G03-cef7d0b3758800e9	PAPER-HASH-f7a97fe1ebca322e	PAPER-2010.09913	PAPER-2010.09913	1	FORWARD	65	ALG=40;MECH=25;ROLE=0;AGE=0;FALS=0	AQ-002|AQ-003|AQ-004|AQ-005|AQ-007|AQ-008|AQ-009|AQ-010|AQ-011	SemanticScholar	S2:e3e461ab657fff1ea403d7c00aa1d596b3cc105a	PER_SEED_DIRECTION_QUOTA
STOP-G03-afbcc4cc823e1fa2	PAPER-HASH-f9ab49a1f68890f6	PAPER-2010.09913	PAPER-2010.09913	1	FORWARD	25	ALG=0;MECH=25;ROLE=0;AGE=0;FALS=0	AQ-001|AQ-007|AQ-008|AQ-009|AQ-011	SemanticScholar	S2:bea48dc969286bf1dd20c2bd9b58717d8141d430	PER_SEED_DIRECTION_QUOTA
STOP-G03-8b610c8f74c5a42a	PAPER-HASH-fbe866619c2b792f	PAPER-2010.09913	PAPER-2010.09913	1	FORWARD	65	ALG=40;MECH=25;ROLE=0;AGE=0;FALS=0	AQ-002|AQ-003|AQ-004|AQ-005|AQ-006|AQ-007|AQ-008|AQ-009|AQ-010|AQ-011|AQ-012	SemanticScholar	S2:1d7e36762ba7cda0231ff6f64d33f3c324f5d48b	PER_SEED_DIRECTION_QUOTA
STOP-G03-b40391b62ac96130	PAPER-HASH-fcda9ca2a6fa55bd	PAPER-2010.09913	PAPER-2010.09913	1	FORWARD	25	ALG=0;MECH=25;ROLE=0;AGE=0;FALS=0	AQ-003|AQ-008|AQ-010	SemanticScholar	S2:5ca99191833a6273a6b7642e73195629de1a908b	PER_SEED_DIRECTION_QUOTA
STOP-G03-120a0204df16cefa	PAPER-1205.6233	PAPER-2010.09913	PAPER-1205.6233	2	BACKWARD	80	ALG=40;MECH=25;ROLE=15;AGE=0;FALS=0	AQ-001|AQ-003|AQ-006|AQ-009|AQ-010|AQ-011|AQ-012	SemanticScholar	S2:7fb27e0123ca907b55b8ef57afa1612731eba034	REQUEST_RETRY_RESERVE
STOP-G03-c7f2a1938a1241ee	PAPER-HASH-d213ecfc1c303858	PAPER-2010.09913	PAPER-HASH-d213ecfc1c303858	2	FORWARD	80	ALG=40;MECH=25;ROLE=15;AGE=0;FALS=0	AQ-001|AQ-002|AQ-003|AQ-004|AQ-005|AQ-007|AQ-008|AQ-009|AQ-010|AQ-011|AQ-012	SemanticScholar	S2:fd2d9aa3c5d8e1592ee36c38a37b069d878d4a84	REQUEST_RETRY_RESERVE
STOP-G03-f23802389f78eca2	PAPER-HASH-01fac7dd14af0c4a	PAPER-2012.10026	PAPER-2012.10026	1	BACKWARD	0	ALG=0;MECH=0;ROLE=0;AGE=10;FALS=0	NONE	SemanticScholar	S2:7758ba9f3d1a5ed281673a86b4e50c15b215b85b	NO_DECISION_IMPACT
STOP-G03-bfe31fd9e07b13ee	PAPER-HASH-04aeb6fdb871f2ef	PAPER-2012.10026	PAPER-2012.10026	1	BACKWARD	0	ALG=0;MECH=0;ROLE=0;AGE=0;FALS=0	NONE	SemanticScholar	S2:UNAVAILABLE:04aeb6fdb871f2ef	NO_DECISION_IMPACT
STOP-G03-225988bb3b1d5b47	PAPER-HASH-78c02da38c61bdb1	PAPER-2012.10026	PAPER-2012.10026	1	BACKWARD	0	ALG=0;MECH=0;ROLE=0;AGE=10;FALS=0	NONE	SemanticScholar	S2:150ba75b5cae1e5f9d24ad2ebf88894395d164d5	NO_DECISION_IMPACT
STOP-G03-8e5d903124e0b033	PAPER-1610.08128	PAPER-2012.10026	PAPER-2012.10026	1	BACKWARD	25	ALG=0;MECH=25;ROLE=0;AGE=0;FALS=0	AQ-002|AQ-003|AQ-008|AQ-010	SemanticScholar	S2:dcb083b4598082fd59e0fc3dfbd5c5d133087e37	PER_SEED_DIRECTION_QUOTA
STOP-G03-29c7f4912b648da1	PAPER-1912.11589	PAPER-2012.10026	PAPER-2012.10026	1	BACKWARD	65	ALG=40;MECH=25;ROLE=0;AGE=0;FALS=0	AQ-004|AQ-005|AQ-007|AQ-008|AQ-009|AQ-012	SemanticScholar	S2:07a213517dbb8bfe67360a70b532b56bf502ca28	PER_SEED_DIRECTION_QUOTA
STOP-G03-a51d179c6b995066	PAPER-HASH-00135e3784d68ba1	PAPER-2012.10026	PAPER-2012.10026	1	BACKWARD	65	ALG=40;MECH=25;ROLE=0;AGE=0;FALS=0	AQ-002|AQ-004|AQ-007|AQ-008|AQ-009|AQ-012	SemanticScholar	S2:0ad8e89091eed09217e66adc98136126addc2619	PER_SEED_DIRECTION_QUOTA
STOP-G03-760988b4f356f5de	PAPER-HASH-023e810403eb65d9	PAPER-2012.10026	PAPER-2012.10026	1	BACKWARD	40	ALG=40;MECH=0;ROLE=0;AGE=0;FALS=0	AQ-005	SemanticScholar	S2:235dd3de5926a9029db95e101af83adaf387ec89	PER_SEED_DIRECTION_QUOTA
STOP-G03-f2c3fc4099d4686e	PAPER-HASH-083cf5d91fda2242	PAPER-2012.10026	PAPER-2012.10026	1	BACKWARD	65	ALG=40;MECH=25;ROLE=0;AGE=0;FALS=0	AQ-001|AQ-005|AQ-006|AQ-007|AQ-008|AQ-009|AQ-010|AQ-012	SemanticScholar	S2:UNAVAILABLE:083cf5d91fda2242	PER_SEED_DIRECTION_QUOTA
STOP-G03-9b65f1e34a0f6f0c	PAPER-HASH-0c084b533fd09cc1	PAPER-2012.10026	PAPER-2012.10026	1	BACKWARD	35	ALG=0;MECH=25;ROLE=0;AGE=10;FALS=0	AQ-007|AQ-008|AQ-010	SemanticScholar	S2:913fea849518f26443477fbedb2a00146f78a159	PER_SEED_DIRECTION_QUOTA
STOP-G03-256d09ef57fae553	PAPER-HASH-0f6cfa09ac049606	PAPER-2012.10026	PAPER-2012.10026	1	BACKWARD	25	ALG=0;MECH=25;ROLE=0;AGE=0;FALS=0	AQ-005|AQ-008|AQ-010|AQ-011	SemanticScholar	S2:33f818fb992688d035957eaeaa11f559f218da01	PER_SEED_DIRECTION_QUOTA
STOP-G03-01bf4cbcf78efca9	PAPER-HASH-1035f00de56e9e8d	PAPER-2012.10026	PAPER-2012.10026	1	BACKWARD	35	ALG=0;MECH=25;ROLE=0;AGE=10;FALS=0	AQ-001|AQ-006|AQ-008|AQ-009|AQ-010|AQ-011	SemanticScholar	S2:05d39c8c8f8a04a328abb248a2b59808c2c20e31	PER_SEED_DIRECTION_QUOTA
STOP-G03-4076cc675f91bdd8	PAPER-HASH-168b06344d7db35f	PAPER-2012.10026	PAPER-2012.10026	1	BACKWARD	35	ALG=0;MECH=25;ROLE=0;AGE=10;FALS=0	AQ-004|AQ-007|AQ-012	SemanticScholar	S2:ea65866e3d1fd3e3e630005147e373ff7a886009	PER_SEED_DIRECTION_QUOTA
STOP-G03-52a252fa41bac2da	PAPER-HASH-1a38435354708f94	PAPER-2012.10026	PAPER-2012.10026	1	BACKWARD	35	ALG=0;MECH=25;ROLE=0;AGE=10;FALS=0	AQ-003|AQ-004|AQ-008|AQ-010|AQ-011|AQ-012	SemanticScholar	S2:8b37f0be2df4a3411b183daef5d59e762c9c4727	PER_SEED_DIRECTION_QUOTA
STOP-G03-293841f1bcdc4957	PAPER-HASH-1d0fbf452f293142	PAPER-2012.10026	PAPER-2012.10026	1	BACKWARD	65	ALG=40;MECH=25;ROLE=0;AGE=0;FALS=0	AQ-001|AQ-003|AQ-007|AQ-008|AQ-010|AQ-011	SemanticScholar	S2:c30a5e6ca92b38c97a5264544174c1677b15cef1	PER_SEED_DIRECTION_QUOTA
STOP-G03-b94b337c032b60fb	PAPER-HASH-23e0ea04c9979cc9	PAPER-2012.10026	PAPER-2012.10026	1	BACKWARD	75	ALG=40;MECH=25;ROLE=0;AGE=10;FALS=0	AQ-001|AQ-004|AQ-007|AQ-008|AQ-009|AQ-011|AQ-012	SemanticScholar	S2:021abd34e933f03f6ba5a832e484ff0d57946732	PER_SEED_DIRECTION_QUOTA
STOP-G03-2a686cbc136e49e5	PAPER-HASH-27646c40fe81a8e7	PAPER-2012.10026	PAPER-2012.10026	1	BACKWARD	35	ALG=0;MECH=25;ROLE=0;AGE=10;FALS=0	AQ-004|AQ-012	SemanticScholar	S2:065066a94860279587ecc7c7caaa65303008940f	PER_SEED_DIRECTION_QUOTA
STOP-G03-a24ae65035845f8f	PAPER-HASH-2f1bfed5031d7b15	PAPER-2012.10026	PAPER-2012.10026	1	BACKWARD	65	ALG=40;MECH=25;ROLE=0;AGE=0;FALS=0	AQ-001|AQ-002|AQ-003|AQ-005|AQ-006|AQ-007|AQ-008|AQ-009|AQ-010|AQ-011	SemanticScholar	S2:cde0420a117f8643d066cdcd60c95d5ca39a1082	PER_SEED_DIRECTION_QUOTA
STOP-G03-b9db5ac5fc94c03f	PAPER-HASH-2feae39273e65a11	PAPER-2012.10026	PAPER-2012.10026	1	BACKWARD	65	ALG=40;MECH=25;ROLE=0;AGE=0;FALS=0	AQ-001|AQ-003|AQ-007|AQ-008|AQ-010|AQ-011	SemanticScholar	S2:4a97eaddb64da3d372373155954b9b9f366541d0	PER_SEED_DIRECTION_QUOTA
STOP-G03-8245e0673eaa1461	PAPER-HASH-381d9034ea7d81b3	PAPER-2012.10026	PAPER-2012.10026	1	BACKWARD	25	ALG=0;MECH=25;ROLE=0;AGE=0;FALS=0	AQ-003|AQ-010|AQ-011	SemanticScholar	S2:260077710ef86047c582bbe505feca36962ca406	PER_SEED_DIRECTION_QUOTA
STOP-G03-15a9344106232148	PAPER-HASH-3a15e81a61892f6e	PAPER-2012.10026	PAPER-2012.10026	1	BACKWARD	25	ALG=0;MECH=25;ROLE=0;AGE=0;FALS=0	AQ-007|AQ-008	SemanticScholar	S2:f2d4b6b2048279f5c56e8febfd3473fcbf294710	PER_SEED_DIRECTION_QUOTA
STOP-G03-d79c6a66adefd410	PAPER-HASH-4b0e6ee73b348bda	PAPER-2012.10026	PAPER-2012.10026	1	BACKWARD	25	ALG=0;MECH=25;ROLE=0;AGE=0;FALS=0	AQ-004|AQ-012	SemanticScholar	S2:3af93b525963cbf434cd8c2644f065cf190fa1b7	PER_SEED_DIRECTION_QUOTA
STOP-G03-05ab465fb90c728f	PAPER-HASH-4b5059f19ac3f343	PAPER-2012.10026	PAPER-2012.10026	1	BACKWARD	25	ALG=0;MECH=25;ROLE=0;AGE=0;FALS=0	AQ-002|AQ-003|AQ-006|AQ-008|AQ-009|AQ-010|AQ-012	SemanticScholar	S2:ead04453dc387f849472e1edf4f9ba5bed6571f7	PER_SEED_DIRECTION_QUOTA
STOP-G03-df2121f288fc8c66	PAPER-HASH-4c67eb8f7111b0f7	PAPER-2012.10026	PAPER-2012.10026	1	BACKWARD	25	ALG=0;MECH=25;ROLE=0;AGE=0;FALS=0	AQ-002|AQ-005|AQ-007|AQ-011|AQ-012	SemanticScholar	S2:e08cc7a7b461aff692be5a456b5151083642306e	PER_SEED_DIRECTION_QUOTA
STOP-G03-32af27abbf552f5f	PAPER-HASH-51ce92f69ed9f94d	PAPER-2012.10026	PAPER-2012.10026	1	BACKWARD	65	ALG=40;MECH=25;ROLE=0;AGE=0;FALS=0	AQ-002|AQ-005|AQ-008|AQ-009	SemanticScholar	S2:7a5688f1fae20bef369810d2c87e14c725831da8	PER_SEED_DIRECTION_QUOTA
STOP-G03-c9dc29ee4569676a	PAPER-HASH-5328ab7b1f75e51a	PAPER-2012.10026	PAPER-2012.10026	1	BACKWARD	65	ALG=40;MECH=25;ROLE=0;AGE=0;FALS=0	AQ-004|AQ-005|AQ-007|AQ-008|AQ-010|AQ-011	SemanticScholar	S2:36f4ab660c65c4c045d08606930b26dccebd2529	PER_SEED_DIRECTION_QUOTA
STOP-G03-39dcafc537ff6c27	PAPER-HASH-54b7a0f8ca0ab014	PAPER-2012.10026	PAPER-2012.10026	1	BACKWARD	25	ALG=0;MECH=25;ROLE=0;AGE=0;FALS=0	AQ-002|AQ-003|AQ-006|AQ-008|AQ-009|AQ-010|AQ-012	SemanticScholar	S2:eaf11544b288100e2d2ac7b75651a0b9a692dc01	PER_SEED_DIRECTION_QUOTA
STOP-G03-8e4e87e10675f570	PAPER-HASH-57201833ab9d3147	PAPER-2012.10026	PAPER-2012.10026	1	BACKWARD	75	ALG=40;MECH=25;ROLE=0;AGE=10;FALS=0	AQ-003|AQ-005|AQ-008|AQ-011|AQ-012	SemanticScholar	S2:336790fe82ef8842380af93b065a373981cb8c7c	PER_SEED_DIRECTION_QUOTA
STOP-G03-861c2a51b14c78ff	PAPER-HASH-57aba410fd50d48d	PAPER-2012.10026	PAPER-2012.10026	1	BACKWARD	65	ALG=40;MECH=25;ROLE=0;AGE=0;FALS=0	AQ-002|AQ-004|AQ-006|AQ-008|AQ-010|AQ-011|AQ-012	SemanticScholar	S2:218073b7ea2b103af001c1478e2fa915c2f1d13c	PER_SEED_DIRECTION_QUOTA
STOP-G03-173f99a44e92c651	PAPER-HASH-5f8cc5827854e4ab	PAPER-2012.10026	PAPER-2012.10026	1	BACKWARD	35	ALG=0;MECH=25;ROLE=0;AGE=10;FALS=0	AQ-008|AQ-010	SemanticScholar	S2:264b3828be2bc1cd6577b783786e1a9cc31bc0c3	PER_SEED_DIRECTION_QUOTA
STOP-G03-87c2eab6c2e158e7	PAPER-HASH-6754c2a4fc4c9974	PAPER-2012.10026	PAPER-2012.10026	1	BACKWARD	35	ALG=0;MECH=25;ROLE=0;AGE=10;FALS=0	AQ-002|AQ-005|AQ-006|AQ-008|AQ-009|AQ-010|AQ-012	SemanticScholar	S2:95af99ac3a56ade5416659123b7d57514a808636	PER_SEED_DIRECTION_QUOTA
STOP-G03-ed571c16071e9fab	PAPER-HASH-67be7b1a4d3ac12e	PAPER-2012.10026	PAPER-2012.10026	1	BACKWARD	35	ALG=0;MECH=25;ROLE=0;AGE=10;FALS=0	AQ-002|AQ-005|AQ-006|AQ-007|AQ-012	SemanticScholar	S2:4f3caa5573b4c1ebef7c3ee6b9f7643e689c858e	PER_SEED_DIRECTION_QUOTA
STOP-G03-0144f7a67e251473	PAPER-HASH-690cf8ae853314af	PAPER-2012.10026	PAPER-2012.10026	1	BACKWARD	65	ALG=40;MECH=25;ROLE=0;AGE=0;FALS=0	AQ-003|AQ-007	SemanticScholar	S2:9eb0b1569641364ee374882aeb6f39f37a1b5a8f	PER_SEED_DIRECTION_QUOTA
STOP-G03-de8f70b97f2da6ad	PAPER-HASH-6bbdfab12eb3c88a	PAPER-2012.10026	PAPER-2012.10026	1	BACKWARD	65	ALG=40;MECH=25;ROLE=0;AGE=0;FALS=0	AQ-001|AQ-007|AQ-009|AQ-011	SemanticScholar	S2:b940711660b76d8d2dd1306dc68daf9c07b862df	PER_SEED_DIRECTION_QUOTA
STOP-G03-d2e3ff7b725c7289	PAPER-HASH-6dcfbfd24d8df9cd	PAPER-2012.10026	PAPER-2012.10026	1	BACKWARD	65	ALG=40;MECH=25;ROLE=0;AGE=0;FALS=0	AQ-001|AQ-003|AQ-007|AQ-010|AQ-011	SemanticScholar	S2:b92f9e9dad33c863639a106ecfcac3f270e298d8	PER_SEED_DIRECTION_QUOTA
STOP-G03-16d9b0f67cf99bc1	PAPER-HASH-6ff704db6b1236c3	PAPER-2012.10026	PAPER-2012.10026	1	BACKWARD	65	ALG=40;MECH=25;ROLE=0;AGE=0;FALS=0	AQ-001|AQ-003|AQ-007|AQ-008|AQ-010|AQ-011	SemanticScholar	S2:6bc45efd5b27f661b1cbbab8998b87a34da5967e	PER_SEED_DIRECTION_QUOTA
STOP-G03-6718dbc373f9d852	PAPER-HASH-73ed2d3b5d956c86	PAPER-2012.10026	PAPER-2012.10026	1	BACKWARD	65	ALG=40;MECH=25;ROLE=0;AGE=0;FALS=0	AQ-002|AQ-003|AQ-004|AQ-005|AQ-007|AQ-008|AQ-009|AQ-011|AQ-012	SemanticScholar	S2:97d14dd7352c8b3259f5df22a66990937201953d	PER_SEED_DIRECTION_QUOTA
STOP-G03-ab5c80cbcb47fcc6	PAPER-HASH-73f17fa4919b6946	PAPER-2012.10026	PAPER-2012.10026	1	BACKWARD	50	ALG=0;MECH=25;ROLE=15;AGE=10;FALS=0	AQ-002|AQ-006|AQ-008|AQ-010|AQ-012	SemanticScholar	S2:28a2bec279ffc2990a0524739b621adc2f1e5363	PER_SEED_DIRECTION_QUOTA
STOP-G03-7857e46da7d56426	PAPER-HASH-7c8bc1098872ceb5	PAPER-2012.10026	PAPER-2012.10026	1	BACKWARD	75	ALG=40;MECH=25;ROLE=0;AGE=10;FALS=0	AQ-001|AQ-003|AQ-007|AQ-010|AQ-011	SemanticScholar	S2:da40ae07c89915eaac7e839d6a47d4f35522a7d3	PER_SEED_DIRECTION_QUOTA
STOP-G03-35ae79c3d2b1476b	PAPER-HASH-7d2ac2d12d51c74c	PAPER-2012.10026	PAPER-2012.10026	1	BACKWARD	25	ALG=0;MECH=25;ROLE=0;AGE=0;FALS=0	AQ-003|AQ-010	SemanticScholar	S2:UNAVAILABLE:7d2ac2d12d51c74c	PER_SEED_DIRECTION_QUOTA
STOP-G03-480d0717f23e4816	PAPER-HASH-867af4f43ec1db34	PAPER-2012.10026	PAPER-2012.10026	1	BACKWARD	65	ALG=40;MECH=25;ROLE=0;AGE=0;FALS=0	AQ-001|AQ-002|AQ-003|AQ-005|AQ-007|AQ-008|AQ-009|AQ-010|AQ-011	SemanticScholar	S2:5370dd52730a143168d18985beb7f2a3d0e9b027	PER_SEED_DIRECTION_QUOTA
STOP-G03-9a894a370a75abcf	PAPER-HASH-8d22e162b598d035	PAPER-2012.10026	PAPER-2012.10026	1	BACKWARD	25	ALG=0;MECH=25;ROLE=0;AGE=0;FALS=0	AQ-001|AQ-008|AQ-009|AQ-010|AQ-011|AQ-012	SemanticScholar	S2:ba7e3767594d2dcefcde605b43f823f783dbd5a0	PER_SEED_DIRECTION_QUOTA
STOP-G03-0d28b6d4d0eae001	PAPER-HASH-8d8f99f699f5b1f0	PAPER-2012.10026	PAPER-2012.10026	1	BACKWARD	25	ALG=0;MECH=25;ROLE=0;AGE=0;FALS=0	AQ-002|AQ-004|AQ-007|AQ-008|AQ-009|AQ-012	SemanticScholar	S2:b6d3df4881f8c211ac5a6449b1fd9bb26f93f76b	PER_SEED_DIRECTION_QUOTA
STOP-G03-6d98b72fd3e5af88	PAPER-HASH-95fa66d027611c28	PAPER-2012.10026	PAPER-2012.10026	1	BACKWARD	35	ALG=0;MECH=25;ROLE=0;AGE=10;FALS=0	AQ-001|AQ-002|AQ-005|AQ-006|AQ-007|AQ-008|AQ-011|AQ-012	SemanticScholar	S2:c2797a58f589cdcb5f5cd8fab981633fda965a18	PER_SEED_DIRECTION_QUOTA
STOP-G03-48d4f23ed064d98e	PAPER-HASH-9784e87b18687c60	PAPER-2012.10026	PAPER-2012.10026	1	BACKWARD	35	ALG=0;MECH=25;ROLE=0;AGE=10;FALS=0	AQ-002|AQ-005|AQ-008|AQ-009|AQ-010|AQ-011	SemanticScholar	S2:4a87972b28143b61942a0eb011b60f76be0ebf2e	PER_SEED_DIRECTION_QUOTA
STOP-G03-8a05d8c8849722f7	PAPER-HASH-9c0414ed754beeb9	PAPER-2012.10026	PAPER-2012.10026	1	BACKWARD	65	ALG=40;MECH=25;ROLE=0;AGE=0;FALS=0	AQ-001|AQ-003|AQ-004|AQ-007|AQ-009|AQ-011|AQ-012	SemanticScholar	S2:b02aba65fb2792cee4fb0cbae12858195f383764	PER_SEED_DIRECTION_QUOTA
STOP-G03-0840967bebc3c309	PAPER-HASH-a81741b9302f49e6	PAPER-2012.10026	PAPER-2012.10026	1	BACKWARD	65	ALG=40;MECH=25;ROLE=0;AGE=0;FALS=0	AQ-001|AQ-004|AQ-007|AQ-008|AQ-009	SemanticScholar	S2:e460147584cd2dd8f2081df0d5ea01c1ba0813ca	PER_SEED_DIRECTION_QUOTA
STOP-G03-20e032d2464b6415	PAPER-HASH-adf8cecc98ab9fbb	PAPER-2012.10026	PAPER-2012.10026	1	BACKWARD	75	ALG=40;MECH=25;ROLE=0;AGE=10;FALS=0	AQ-003|AQ-004|AQ-007|AQ-008|AQ-010|AQ-012	SemanticScholar	S2:27b92d4e014fd859576483772ed43367bd224aed	PER_SEED_DIRECTION_QUOTA
STOP-G03-c878960505a7f65d	PAPER-HASH-b05110a93df505a4	PAPER-2012.10026	PAPER-2012.10026	1	BACKWARD	65	ALG=40;MECH=25;ROLE=0;AGE=0;FALS=0	AQ-002|AQ-003|AQ-004|AQ-006|AQ-007|AQ-008|AQ-009|AQ-010|AQ-011|AQ-012	SemanticScholar	S2:96f927ca20b614b3387b1187258e9a6877dbee53	PER_SEED_DIRECTION_QUOTA
STOP-G03-3db374d6583acf92	PAPER-HASH-b13bc5ae548ddd6a	PAPER-2012.10026	PAPER-2012.10026	1	BACKWARD	65	ALG=40;MECH=25;ROLE=0;AGE=0;FALS=0	AQ-001|AQ-002|AQ-003|AQ-007|AQ-008|AQ-010|AQ-011	SemanticScholar	S2:UNAVAILABLE:b13bc5ae548ddd6a	PER_SEED_DIRECTION_QUOTA
STOP-G03-577f316c49c7fda3	PAPER-HASH-b29cf44505f8cdf8	PAPER-2012.10026	PAPER-2012.10026	1	BACKWARD	65	ALG=40;MECH=25;ROLE=0;AGE=0;FALS=0	AQ-002|AQ-003|AQ-004|AQ-006|AQ-007|AQ-008|AQ-011|AQ-012	SemanticScholar	S2:994afdf0db0cb0456f4f76468380822c2f532726	PER_SEED_DIRECTION_QUOTA
STOP-G03-bb7a7bb779b3b2c0	PAPER-HASH-ca60aac2b85a2e80	PAPER-2012.10026	PAPER-2012.10026	1	BACKWARD	75	ALG=40;MECH=25;ROLE=0;AGE=10;FALS=0	AQ-003|AQ-008|AQ-010|AQ-011|AQ-012	SemanticScholar	S2:dd69f98f21fca046287aabfae547da292f85e7e1	PER_SEED_DIRECTION_QUOTA
STOP-G03-edd810dba9f34f3b	PAPER-HASH-d84dd734ef8e9856	PAPER-2012.10026	PAPER-2012.10026	1	BACKWARD	75	ALG=40;MECH=25;ROLE=0;AGE=10;FALS=0	AQ-002|AQ-007|AQ-008|AQ-009|AQ-010|AQ-012	SemanticScholar	S2:eb82d3035849cd23578096462ba419b53198a556	PER_SEED_DIRECTION_QUOTA
STOP-G03-293008a0ae9f5845	PAPER-HASH-dc788f0b5baccf16	PAPER-2012.10026	PAPER-2012.10026	1	BACKWARD	65	ALG=40;MECH=25;ROLE=0;AGE=0;FALS=0	AQ-001|AQ-002|AQ-005|AQ-006|AQ-007|AQ-008|AQ-009|AQ-010|AQ-011|AQ-012	SemanticScholar	S2:5670a2391d0c085be2ff5c704cae8e76a80a15fb	PER_SEED_DIRECTION_QUOTA
STOP-G03-68ffbf997005a7b0	PAPER-HASH-defa8c2ff10734fc	PAPER-2012.10026	PAPER-2012.10026	1	BACKWARD	25	ALG=0;MECH=25;ROLE=0;AGE=0;FALS=0	AQ-003|AQ-008|AQ-010	SemanticScholar	S2:fc8b9e774df4c4ab1c52f7fc7d538a4a4f464d61	PER_SEED_DIRECTION_QUOTA
STOP-G03-8e302748c3d93f3d	PAPER-HASH-e68fb85f8b17f4cd	PAPER-2012.10026	PAPER-2012.10026	1	BACKWARD	25	ALG=0;MECH=25;ROLE=0;AGE=0;FALS=0	AQ-002|AQ-008|AQ-009|AQ-010|AQ-011|AQ-012	SemanticScholar	S2:68604845b69ede3acd86f4e0859203546e0c46e9	PER_SEED_DIRECTION_QUOTA
STOP-G03-0ce298dc2f15a788	PAPER-HASH-e6daf760318ea170	PAPER-2012.10026	PAPER-2012.10026	1	BACKWARD	25	ALG=0;MECH=25;ROLE=0;AGE=0;FALS=0	AQ-002|AQ-003|AQ-005|AQ-006|AQ-008|AQ-009|AQ-010|AQ-011|AQ-012	SemanticScholar	S2:737ebe049a152602f7922f24390572806ec7d19b	PER_SEED_DIRECTION_QUOTA
STOP-G03-62cf1c7693e02e6a	PAPER-HASH-e6f44c9ecbe155e9	PAPER-2012.10026	PAPER-2012.10026	1	BACKWARD	25	ALG=0;MECH=25;ROLE=0;AGE=0;FALS=0	AQ-008|AQ-010|AQ-011	SemanticScholar	S2:1f0572f47be66c2c0fbf3fd0f98f25e5b5f88361	PER_SEED_DIRECTION_QUOTA
STOP-G03-e48a0bd37555aca9	PAPER-HASH-ee03d98a2ad6b4d7	PAPER-2012.10026	PAPER-2012.10026	1	BACKWARD	65	ALG=40;MECH=25;ROLE=0;AGE=0;FALS=0	AQ-003|AQ-004|AQ-005|AQ-006|AQ-007|AQ-008|AQ-011	SemanticScholar	S2:09c75ed28a9426f77eb4fc8a001f1405d68be67f	PER_SEED_DIRECTION_QUOTA
STOP-G03-73033430165db1f2	PAPER-HASH-ef7e50fb39759d4d	PAPER-2012.10026	PAPER-2012.10026	1	BACKWARD	35	ALG=0;MECH=25;ROLE=0;AGE=10;FALS=0	AQ-004|AQ-012	SemanticScholar	S2:87507a498558ed6ed23115a42f42376c0884f7f2	PER_SEED_DIRECTION_QUOTA
STOP-G03-d37e9750cce38727	PAPER-HASH-f625c2fe87bc4c86	PAPER-2012.10026	PAPER-2012.10026	1	BACKWARD	35	ALG=0;MECH=25;ROLE=0;AGE=10;FALS=0	AQ-009|AQ-011|AQ-012	SemanticScholar	S2:34446adc7d701a2c3a89c2fc5f6d3479eef407b0	PER_SEED_DIRECTION_QUOTA
STOP-G03-b8d8fc0af83118a9	PAPER-HASH-f82f8ed6f9caaa3c	PAPER-2012.10026	PAPER-2012.10026	1	BACKWARD	35	ALG=0;MECH=25;ROLE=0;AGE=10;FALS=0	AQ-008|AQ-010|AQ-011	SemanticScholar	S2:2d867297dfe0d3ce2ed5b1d0f2dff88cac46ee94	PER_SEED_DIRECTION_QUOTA
STOP-G03-b40a987ae015d5c7	PAPER-HASH-fe162b6745f1349a	PAPER-2012.10026	PAPER-2012.10026	1	BACKWARD	40	ALG=0;MECH=25;ROLE=15;AGE=0;FALS=0	AQ-008|AQ-010|AQ-012	SemanticScholar	S2:d952435223df00db9537d30d5c47b5dcf2616e87	PER_SEED_DIRECTION_QUOTA
STOP-G03-2558d5b72cda8eb3	PAPER-LEGACY-e9541f3b55ac66d4	PAPER-2012.10026	PAPER-2012.10026	1	BACKWARD	35	ALG=0;MECH=25;ROLE=0;AGE=10;FALS=0	AQ-001|AQ-002|AQ-003|AQ-004|AQ-006|AQ-007|AQ-008|AQ-011	SemanticScholar	S2:4543111e78a5dacc84773757257a32a872ce8d3a	PER_SEED_DIRECTION_QUOTA
STOP-G03-b3d6d484721e877a	PAPER-HASH-efd70da4d23313bd	PAPER-2012.10026	PAPER-2012.10026	1	FORWARD	0	ALG=0;MECH=0;ROLE=0;AGE=0;FALS=0	NONE	SemanticScholar	S2:487c8660dd48f275f9ed7a75576b89f491b6bd32	NO_DECISION_IMPACT
STOP-G03-4378b5ff31c1c2c1	PAPER-HASH-67b67d896ae6b972	PAPER-2012.10026	PAPER-2012.10026	1	FORWARD	25	ALG=0;MECH=25;ROLE=0;AGE=0;FALS=0	AQ-009	SemanticScholar	S2:9eeb5d614530c817472f8a5af4e1fdd7700820d4	PER_SEED_DIRECTION_QUOTA
STOP-G03-c581e30384ebe351	PAPER-HASH-81b0bbbc0e5e07a9	PAPER-2012.10026	PAPER-2012.10026	1	FORWARD	25	ALG=0;MECH=25;ROLE=0;AGE=0;FALS=0	AQ-008	SemanticScholar	S2:d3e13c01f7462556a453b1d92403230e58a44255	PER_SEED_DIRECTION_QUOTA
STOP-G03-ec12f18199335862	PAPER-HASH-aa4b16fa241770e3	PAPER-2012.10026	PAPER-2012.10026	1	FORWARD	25	ALG=0;MECH=25;ROLE=0;AGE=0;FALS=0	AQ-003|AQ-008	SemanticScholar	S2:9b1fc839981248dfc14abc11d01aff5a3aee173f	PER_SEED_DIRECTION_QUOTA
STOP-G03-2fa5d72472d25fad	PAPER-1205.6233	PAPER-2012.10026	PAPER-1205.6233	2	BACKWARD	80	ALG=40;MECH=25;ROLE=15;AGE=0;FALS=0	AQ-001|AQ-003|AQ-006|AQ-009|AQ-010|AQ-011|AQ-012	SemanticScholar	S2:7fb27e0123ca907b55b8ef57afa1612731eba034	REQUEST_RETRY_RESERVE
STOP-G03-05c275f9f89e24b4	PAPER-HASH-b510c5bdce003e21	PAPER-2012.10026	PAPER-HASH-b510c5bdce003e21	2	FORWARD	65	ALG=40;MECH=25;ROLE=0;AGE=0;FALS=0	AQ-001|AQ-003|AQ-005|AQ-007|AQ-010|AQ-011	SemanticScholar	S2:25ee319e88a7d7883e6a450c65baa04129619207	REQUEST_RETRY_RESERVE
STOP-G03-bedb0d00208b255d	PAPER-HASH-9afdda446e6b4e0c	PAPER-2104.09616	PAPER-2104.09616	1	BACKWARD	0	ALG=0;MECH=0;ROLE=0;AGE=0;FALS=0	NONE	SemanticScholar	S2:eb2b7ec75317b3ba3aa10d1d1c97aae2677ecfab	NO_DECISION_IMPACT
STOP-G03-5b0407fbb3ac818b	PAPER-1608.06054	PAPER-2104.09616	PAPER-2104.09616	1	BACKWARD	65	ALG=40;MECH=25;ROLE=0;AGE=0;FALS=0	AQ-002|AQ-006|AQ-007|AQ-008|AQ-009|AQ-010|AQ-012	SemanticScholar	S2:884c1fb0d279f107531d6d713a7d423411ff96d7	PER_SEED_DIRECTION_QUOTA
STOP-G03-b63e373614c5eef4	PAPER-1908.10583	PAPER-2104.09616	PAPER-2104.09616	1	BACKWARD	65	ALG=40;MECH=25;ROLE=0;AGE=0;FALS=0	AQ-002|AQ-003|AQ-007|AQ-008|AQ-009|AQ-010|AQ-012	SemanticScholar	S2:2870a4b1ba223d3913ec760b6b4579daf74281aa	PER_SEED_DIRECTION_QUOTA
STOP-G03-a74d24a18094e212	PAPER-HASH-689fd754f1420227	PAPER-2104.09616	PAPER-2104.09616	1	BACKWARD	25	ALG=0;MECH=25;ROLE=0;AGE=0;FALS=0	AQ-003|AQ-010	SemanticScholar	S2:404ae4a2b31d5c2184861cf702f953e47db40cab	PER_SEED_DIRECTION_QUOTA
STOP-G03-a6aaf50e1e59792b	PAPER-HASH-805aff7e2524f76b	PAPER-2104.09616	PAPER-2104.09616	1	BACKWARD	65	ALG=40;MECH=25;ROLE=0;AGE=0;FALS=0	AQ-002|AQ-007|AQ-008|AQ-009|AQ-010|AQ-012	SemanticScholar	S2:d06385c9009cbb0e801307a04b4e094ed291042c	PER_SEED_DIRECTION_QUOTA
STOP-G03-b3adec29a2999969	PAPER-HASH-d226e5338f8f0dee	PAPER-2104.09616	PAPER-2104.09616	1	BACKWARD	65	ALG=40;MECH=25;ROLE=0;AGE=0;FALS=0	AQ-002|AQ-007|AQ-008|AQ-009|AQ-010|AQ-012	SemanticScholar	S2:026cf69a787e29d19cfc394e0119ad0fcd0cdeb7	PER_SEED_DIRECTION_QUOTA
STOP-G03-45ba8cb75df1c22e	PAPER-HASH-d5f6e96b8ac26a25	PAPER-2104.09616	PAPER-2104.09616	1	BACKWARD	25	ALG=0;MECH=25;ROLE=0;AGE=0;FALS=0	AQ-002|AQ-003|AQ-004|AQ-007|AQ-008|AQ-009|AQ-010|AQ-012	SemanticScholar	S2:b18aad118fbbbeadb9221a93597d06ea83f6a977	PER_SEED_DIRECTION_QUOTA
STOP-G03-23102ae4d252f954	PAPER-HASH-eded41f646f63441	PAPER-2104.09616	PAPER-2104.09616	1	BACKWARD	65	ALG=40;MECH=25;ROLE=0;AGE=0;FALS=0	AQ-002|AQ-003|AQ-007|AQ-008|AQ-009|AQ-010|AQ-012	SemanticScholar	S2:516fcfe0f79eef018395d9d046e5cce6de080d79	PER_SEED_DIRECTION_QUOTA
STOP-G03-9ef0e680d83c3262	PAPER-HASH-f8baf80f9d0a88d6	PAPER-2104.09616	PAPER-2104.09616	1	BACKWARD	25	ALG=0;MECH=25;ROLE=0;AGE=0;FALS=0	AQ-003|AQ-008|AQ-010|AQ-011	SemanticScholar	S2:1db81594a3660c06a6819e349cbae47d0ca27213	PER_SEED_DIRECTION_QUOTA
STOP-G03-bebea76f25b19069	PAPER-2201.08475	PAPER-2104.09616	PAPER-2104.09616	1	FORWARD	25	ALG=0;MECH=25;ROLE=0;AGE=0;FALS=0	AQ-003|AQ-010	SemanticScholar	S2:a93f82c7e9fd9f4f8ab720ed8b2093bfb5566481	PER_SEED_DIRECTION_QUOTA
STOP-G03-46cd6184a0a7788a	PAPER-2204.13103	PAPER-2104.09616	PAPER-2104.09616	1	FORWARD	25	ALG=0;MECH=25;ROLE=0;AGE=0;FALS=0	AQ-001|AQ-003|AQ-006|AQ-008|AQ-009|AQ-010|AQ-011	SemanticScholar	S2:8d9b1bf8bad5fabb11a37e126706fec4371ef7b8	PER_SEED_DIRECTION_QUOTA
STOP-G03-45e2e1438082f6ad	PAPER-HASH-0a2fa6a6ed67eb17	PAPER-2104.09616	PAPER-2104.09616	1	FORWARD	25	ALG=0;MECH=25;ROLE=0;AGE=0;FALS=0	AQ-001|AQ-002|AQ-003|AQ-004|AQ-006|AQ-008|AQ-009|AQ-010|AQ-011	SemanticScholar	S2:7637da73e0aa77ceb9eef77d939fb9b47de7a4d7	PER_SEED_DIRECTION_QUOTA
STOP-G03-48947b8e4d3c15e4	PAPER-HASH-cedbad0a90bafa95	PAPER-2104.09616	PAPER-2104.09616	1	FORWARD	65	ALG=40;MECH=25;ROLE=0;AGE=0;FALS=0	AQ-003|AQ-004|AQ-005|AQ-006|AQ-007|AQ-008|AQ-009|AQ-010|AQ-011	SemanticScholar	S2:e1584c7c593c5656e1e918fddca13f5a6d0672c8	PER_SEED_DIRECTION_QUOTA
STOP-G03-ec2b463f0343fbea	PAPER-HASH-6289e63fdfdba321	PAPER-2104.09616	PAPER-HASH-6289e63fdfdba321	2	BACKWARD	80	ALG=40;MECH=25;ROLE=15;AGE=0;FALS=0	AQ-002|AQ-004|AQ-007|AQ-008|AQ-009|AQ-010|AQ-012	SemanticScholar	S2:e2a98aa23302916c6c25eff45b15df90704537f2	REQUEST_RETRY_RESERVE
STOP-G03-1f89dc63a69d081d	PAPER-HASH-5be22f3d593ea876	PAPER-2104.09616	PAPER-HASH-5be22f3d593ea876	2	FORWARD	80	ALG=40;MECH=25;ROLE=15;AGE=0;FALS=0	AQ-002|AQ-006|AQ-007|AQ-008|AQ-009|AQ-010|AQ-012	SemanticScholar	S2:47f12c377455da512bd1ad413e2fab0001ab2389	REQUEST_RETRY_RESERVE
STOP-G03-4cef24f1519f0409	PAPER-HASH-bc28ba1aa468cdd3	PAPER-2112.00098	PAPER-2112.00098	1	BACKWARD	0	ALG=0;MECH=0;ROLE=0;AGE=0;FALS=0	NONE	SemanticScholar	S2:fd860fe90b4fc4ebd3050995af3ce995fe2121d4	NO_DECISION_IMPACT
STOP-G03-b0ff19be3de2cbcd	PAPER-1712.08880	PAPER-2112.00098	PAPER-2112.00098	1	BACKWARD	65	ALG=40;MECH=25;ROLE=0;AGE=0;FALS=0	AQ-002|AQ-006|AQ-012	SemanticScholar	S2:917c48805635e074c16478c8eca2c40789384378	PER_SEED_DIRECTION_QUOTA
STOP-G03-c35aab9e16078387	PAPER-1803.03697	PAPER-2112.00098	PAPER-2112.00098	1	BACKWARD	65	ALG=40;MECH=25;ROLE=0;AGE=0;FALS=0	AQ-001|AQ-006|AQ-008|AQ-009	SemanticScholar	S2:9935c8f8a37360196d92221ec092ae1880d272b8	PER_SEED_DIRECTION_QUOTA
STOP-G03-a724c28a75330011	PAPER-1912.12740	PAPER-2112.00098	PAPER-2112.00098	1	BACKWARD	65	ALG=40;MECH=25;ROLE=0;AGE=0;FALS=0	AQ-002|AQ-003|AQ-004|AQ-005|AQ-006|AQ-007|AQ-008|AQ-009|AQ-010|AQ-011|AQ-012	SemanticScholar	S2:db0b44855b14533a22dbbd09f24f62a08cedef80	PER_SEED_DIRECTION_QUOTA
STOP-G03-df0f5a7f4b8e9920	PAPER-HASH-111a206010ba23df	PAPER-2112.00098	PAPER-2112.00098	1	BACKWARD	65	ALG=40;MECH=25;ROLE=0;AGE=0;FALS=0	AQ-001|AQ-003|AQ-004|AQ-005|AQ-006|AQ-007|AQ-008|AQ-010|AQ-011	SemanticScholar	S2:ae2000701c090765919599576155e931c42fb062	PER_SEED_DIRECTION_QUOTA
STOP-G03-abd4e6ca035e7656	PAPER-HASH-1beccaaa6577c97c	PAPER-2112.00098	PAPER-2112.00098	1	BACKWARD	65	ALG=40;MECH=25;ROLE=0;AGE=0;FALS=0	AQ-002|AQ-003|AQ-004|AQ-005|AQ-006|AQ-007|AQ-008|AQ-009|AQ-010|AQ-011|AQ-012	SemanticScholar	S2:70bc01678cb9571a9d08447912519c46e06570a5	PER_SEED_DIRECTION_QUOTA
STOP-G03-05e8cca0e84fa178	PAPER-HASH-1ea0780d16be2156	PAPER-2112.00098	PAPER-2112.00098	1	BACKWARD	65	ALG=40;MECH=25;ROLE=0;AGE=0;FALS=0	AQ-001|AQ-003|AQ-004|AQ-005|AQ-006|AQ-007|AQ-008|AQ-009|AQ-010|AQ-011	SemanticScholar	S2:568b5e952e09258d11847c2aed0b1f9b419d1665	PER_SEED_DIRECTION_QUOTA
STOP-G03-b0bd51d6d75a13e2	PAPER-HASH-2f3a677046bee550	PAPER-2112.00098	PAPER-2112.00098	1	BACKWARD	25	ALG=0;MECH=25;ROLE=0;AGE=0;FALS=0	AQ-002|AQ-003|AQ-004|AQ-005|AQ-006|AQ-008|AQ-010|AQ-011|AQ-012	SemanticScholar	S2:UNAVAILABLE:2f3a677046bee550	PER_SEED_DIRECTION_QUOTA
STOP-G03-d9b9a38349dd2702	PAPER-HASH-3f4bd96af0c9d635	PAPER-2112.00098	PAPER-2112.00098	1	BACKWARD	35	ALG=0;MECH=25;ROLE=0;AGE=10;FALS=0	AQ-003|AQ-004|AQ-005|AQ-006|AQ-008|AQ-011	SemanticScholar	S2:95c844d261ffae25c69d819d8776a18b381f2108	PER_SEED_DIRECTION_QUOTA
STOP-G03-6250ae912fbe74dc	PAPER-HASH-426402c750049e15	PAPER-2112.00098	PAPER-2112.00098	1	BACKWARD	65	ALG=40;MECH=25;ROLE=0;AGE=0;FALS=0	AQ-003|AQ-004|AQ-005|AQ-006|AQ-008|AQ-009|AQ-011|AQ-012	SemanticScholar	S2:a44507afb29c104bac6e2fa5ddf412d14b878173	PER_SEED_DIRECTION_QUOTA
STOP-G03-417aa16aeef75f03	PAPER-HASH-459fce9ce9888b38	PAPER-2112.00098	PAPER-2112.00098	1	BACKWARD	35	ALG=0;MECH=25;ROLE=0;AGE=10;FALS=0	AQ-001|AQ-003|AQ-004|AQ-005|AQ-006|AQ-007|AQ-008|AQ-009|AQ-010|AQ-012	SemanticScholar	S2:182176552212ff8d3b70f87783c9cadea969a63c	PER_SEED_DIRECTION_QUOTA
STOP-G03-e1d777984f7da19f	PAPER-HASH-689fd754f1420227	PAPER-2112.00098	PAPER-2112.00098	1	BACKWARD	25	ALG=0;MECH=25;ROLE=0;AGE=0;FALS=0	AQ-003|AQ-010	SemanticScholar	S2:404ae4a2b31d5c2184861cf702f953e47db40cab	PER_SEED_DIRECTION_QUOTA
STOP-G03-c5126242bdd3738c	PAPER-HASH-6d8784435c9511db	PAPER-2112.00098	PAPER-2112.00098	1	BACKWARD	65	ALG=40;MECH=25;ROLE=0;AGE=0;FALS=0	AQ-002|AQ-003|AQ-004|AQ-005|AQ-006|AQ-007|AQ-008|AQ-011	SemanticScholar	S2:b0e3e87d223369b631a13eb846b6aefd86510a4f	PER_SEED_DIRECTION_QUOTA
STOP-G03-bc01c136a5c5ae4c	PAPER-HASH-72c1f4ca0e9f8250	PAPER-2112.00098	PAPER-2112.00098	1	BACKWARD	25	ALG=0;MECH=25;ROLE=0;AGE=0;FALS=0	AQ-003|AQ-006|AQ-008|AQ-010	SemanticScholar	S2:UNAVAILABLE:72c1f4ca0e9f8250	PER_SEED_DIRECTION_QUOTA
STOP-G03-fd533c2a358b75aa	PAPER-HASH-7374d9a726902ea7	PAPER-2112.00098	PAPER-2112.00098	1	BACKWARD	35	ALG=0;MECH=25;ROLE=0;AGE=10;FALS=0	AQ-008|AQ-010|AQ-011|AQ-012	SemanticScholar	S2:01c1f0e97ce5c74c714dc7aa43cb064f45cc3b04	PER_SEED_DIRECTION_QUOTA
STOP-G03-b844530faa736ea4	PAPER-HASH-981c19e2165f8782	PAPER-2112.00098	PAPER-2112.00098	1	BACKWARD	35	ALG=0;MECH=25;ROLE=0;AGE=10;FALS=0	AQ-003|AQ-004|AQ-008|AQ-010|AQ-011	SemanticScholar	S2:UNAVAILABLE:981c19e2165f8782	PER_SEED_DIRECTION_QUOTA
STOP-G03-887061704667426b	PAPER-HASH-987740388794792c	PAPER-2112.00098	PAPER-2112.00098	1	BACKWARD	75	ALG=40;MECH=25;ROLE=0;AGE=10;FALS=0	AQ-003|AQ-004|AQ-005|AQ-006|AQ-007|AQ-008|AQ-011	SemanticScholar	S2:6be2cd750eafc4b3add6fc4afdffd92c93cde96d	PER_SEED_DIRECTION_QUOTA
STOP-G03-a2eb67895285291a	PAPER-HASH-a20a9e4dd683580c	PAPER-2112.00098	PAPER-2112.00098	1	BACKWARD	75	ALG=40;MECH=25;ROLE=0;AGE=10;FALS=0	AQ-001|AQ-003|AQ-004|AQ-005|AQ-006|AQ-007|AQ-008|AQ-010|AQ-011	SemanticScholar	S2:ce5d3bf4a35b3d51ab2ae9f87d5420e0ef7c8559	PER_SEED_DIRECTION_QUOTA
STOP-G03-107fb9fd5e7f6181	PAPER-HASH-c143bb0db66cf5ab	PAPER-2112.00098	PAPER-2112.00098	1	BACKWARD	65	ALG=40;MECH=25;ROLE=0;AGE=0;FALS=0	AQ-003|AQ-004|AQ-005|AQ-006|AQ-007|AQ-008|AQ-011	SemanticScholar	S2:9c82c254f86974d23f24e75a15f481d404d18236	PER_SEED_DIRECTION_QUOTA
STOP-G03-837364159f6d1fed	PAPER-HASH-c31d0598653473d3	PAPER-2112.00098	PAPER-2112.00098	1	BACKWARD	25	ALG=0;MECH=25;ROLE=0;AGE=0;FALS=0	AQ-002|AQ-006|AQ-009	SemanticScholar	S2:b5b0255f03233a04d5381600f79b4f0530b26467	PER_SEED_DIRECTION_QUOTA
STOP-G03-398537148c7ce3dd	PAPER-HASH-c37271a21975ccea	PAPER-2112.00098	PAPER-2112.00098	1	BACKWARD	25	ALG=0;MECH=25;ROLE=0;AGE=0;FALS=0	AQ-002|AQ-003|AQ-004|AQ-005|AQ-006|AQ-008|AQ-011|AQ-012	SemanticScholar	S2:UNAVAILABLE:c37271a21975ccea	PER_SEED_DIRECTION_QUOTA
STOP-G03-ed5715c7f869366a	PAPER-HASH-ce0644a8e0c4ff44	PAPER-2112.00098	PAPER-2112.00098	1	BACKWARD	35	ALG=0;MECH=25;ROLE=0;AGE=10;FALS=0	AQ-003|AQ-004|AQ-005|AQ-006|AQ-008|AQ-011	SemanticScholar	S2:9386590554c429e80402c082e9d6a2398bcc36b3	PER_SEED_DIRECTION_QUOTA
STOP-G03-a299178731ffd363	PAPER-HASH-dd73953c913a72fe	PAPER-2112.00098	PAPER-2112.00098	1	BACKWARD	25	ALG=0;MECH=25;ROLE=0;AGE=0;FALS=0	AQ-002|AQ-003|AQ-004|AQ-006|AQ-007|AQ-008|AQ-009|AQ-010	SemanticScholar	S2:0f7e2439e86ea9105174807ffb7c3895f5a00817	PER_SEED_DIRECTION_QUOTA
STOP-G03-a18fcaa152700823	PAPER-HASH-e30a827c7e1fc5cb	PAPER-2112.00098	PAPER-2112.00098	1	BACKWARD	65	ALG=40;MECH=25;ROLE=0;AGE=0;FALS=0	AQ-002|AQ-003|AQ-004|AQ-005|AQ-006|AQ-007|AQ-008|AQ-009|AQ-010|AQ-011|AQ-012	SemanticScholar	S2:a32900ec5b52fcd2356cd15584fb3415d36f5408	PER_SEED_DIRECTION_QUOTA
STOP-G03-e7fa7c8c2c19ccf1	PAPER-HASH-f5c96a4f64aefe1a	PAPER-2112.00098	PAPER-2112.00098	1	BACKWARD	65	ALG=40;MECH=25;ROLE=0;AGE=0;FALS=0	AQ-003|AQ-004|AQ-005|AQ-006|AQ-007|AQ-008|AQ-010|AQ-011	SemanticScholar	S2:c5d13a2dbe5c023ebcaba56bf270cb35bdbc0d07	PER_SEED_DIRECTION_QUOTA
STOP-G03-115100eb6e6c559b	PAPER-HASH-f601fabf2e985692	PAPER-2112.00098	PAPER-2112.00098	1	BACKWARD	25	ALG=0;MECH=25;ROLE=0;AGE=0;FALS=0	AQ-002|AQ-008|AQ-009|AQ-010|AQ-011	SemanticScholar	S2:97495a1ed408ca367872fbd78cddf7729f7cf014	PER_SEED_DIRECTION_QUOTA
STOP-G03-0e67c3767207302c	PAPER-HASH-fff3a684122fe4ee	PAPER-2112.00098	PAPER-2112.00098	1	BACKWARD	40	ALG=0;MECH=25;ROLE=15;AGE=0;FALS=0	AQ-003|AQ-004|AQ-005|AQ-006|AQ-008|AQ-011	SemanticScholar	S2:472732617ad0603bb49e6e3a8dd6c5a7f779f91d	PER_SEED_DIRECTION_QUOTA
STOP-G03-3fd01df4588e8e57	PAPER-HASH-97a50d1a904bd476	PAPER-2112.00098	PAPER-HASH-97a50d1a904bd476	2	BACKWARD	75	ALG=40;MECH=25;ROLE=0;AGE=10;FALS=0	AQ-002|AQ-004|AQ-006|AQ-012	SemanticScholar	S2:da01f7fcc5c7eeba75bc09a41fdd946e65210090	REQUEST_RETRY_RESERVE
STOP-G03-c499f8d4f9354224	PAPER-1701.06454	PAPER-2204.11137	PAPER-2204.11137	1	BACKWARD	0	ALG=0;MECH=0;ROLE=15;AGE=0;FALS=0	NONE	SemanticScholar	S2:068d0cd2a3519fc76585359afeaff82e431ce9b2	NO_DECISION_IMPACT
STOP-G03-d7a248fa793df6a6	PAPER-HASH-1e28074d90d5f870	PAPER-2204.11137	PAPER-2204.11137	1	BACKWARD	0	ALG=0;MECH=0;ROLE=0;AGE=0;FALS=0	NONE	SemanticScholar	S2:UNAVAILABLE:1e28074d90d5f870	NO_DECISION_IMPACT
STOP-G03-3decc14286391ac6	PAPER-HASH-5366381f5e059420	PAPER-2204.11137	PAPER-2204.11137	1	BACKWARD	0	ALG=0;MECH=0;ROLE=0;AGE=10;FALS=0	NONE	SemanticScholar	S2:f2c1830eedc095b92a78dc3afa39a36343ed81ad	NO_DECISION_IMPACT
STOP-G03-4c118a53b71224dd	PAPER-HASH-7a99e5ab92c4d21c	PAPER-2204.11137	PAPER-2204.11137	1	BACKWARD	0	ALG=0;MECH=0;ROLE=0;AGE=0;FALS=0	NONE	SemanticScholar	S2:UNAVAILABLE:7a99e5ab92c4d21c	NO_DECISION_IMPACT
STOP-G03-b856c181b35969ad	PAPER-HASH-7bed98a0fff0df18	PAPER-2204.11137	PAPER-2204.11137	1	BACKWARD	0	ALG=0;MECH=0;ROLE=0;AGE=0;FALS=0	NONE	SemanticScholar	S2:UNAVAILABLE:7bed98a0fff0df18	NO_DECISION_IMPACT
STOP-G03-cc638bc2a5c49c7e	PAPER-HASH-cbaddc644afa1c05	PAPER-2204.11137	PAPER-2204.11137	1	BACKWARD	0	ALG=0;MECH=0;ROLE=0;AGE=0;FALS=0	NONE	SemanticScholar	S2:UNAVAILABLE:cbaddc644afa1c05	NO_DECISION_IMPACT
STOP-G03-625012f2a8c67221	PAPER-HASH-f2db5ab94999f7c2	PAPER-2204.11137	PAPER-2204.11137	1	BACKWARD	0	ALG=0;MECH=0;ROLE=0;AGE=0;FALS=0	NONE	SemanticScholar	S2:UNAVAILABLE:f2db5ab94999f7c2	NO_DECISION_IMPACT
STOP-G03-015bc584529c256a	PAPER-1610.06264	PAPER-2204.11137	PAPER-2204.11137	1	BACKWARD	25	ALG=0;MECH=25;ROLE=0;AGE=0;FALS=0	AQ-001|AQ-009|AQ-011	SemanticScholar	S2:59f1df2f60280eea79d195b9c561d52a77fb24de	PER_SEED_DIRECTION_QUOTA
STOP-G03-6a40b9e00373d0d6	PAPER-1708.00363	PAPER-2204.11137	PAPER-2204.11137	1	BACKWARD	25	ALG=0;MECH=25;ROLE=0;AGE=0;FALS=0	AQ-009	SemanticScholar	S2:acc813b2636724749fb88b978a64b885da047f8d	PER_SEED_DIRECTION_QUOTA
STOP-G03-7ba6d87486d8a83a	PAPER-1712.01550	PAPER-2204.11137	PAPER-2204.11137	1	BACKWARD	25	ALG=0;MECH=25;ROLE=0;AGE=0;FALS=0	AQ-002|AQ-005|AQ-008	SemanticScholar	S2:ce2a41d31657c32a4945d79d5902b1576fed3ad8	PER_SEED_DIRECTION_QUOTA
STOP-G03-796302686e2d813f	PAPER-2003.02320	PAPER-2204.11137	PAPER-2204.11137	1	BACKWARD	25	ALG=0;MECH=25;ROLE=0;AGE=0;FALS=0	AQ-002|AQ-003|AQ-004|AQ-006|AQ-008|AQ-011	SemanticScholar	S2:4f00435f66a3dee7d5965fe8696c56f67021f1cc	PER_SEED_DIRECTION_QUOTA
STOP-G03-9d2458d4b271bd27	PAPER-2111.01540	PAPER-2204.11137	PAPER-2204.11137	1	BACKWARD	25	ALG=0;MECH=25;ROLE=0;AGE=0;FALS=0	AQ-001|AQ-002|AQ-003|AQ-008|AQ-009|AQ-011	SemanticScholar	S2:a6b7b5dbd1eb6ac765cdb9c9f70b90aa11e45854	PER_SEED_DIRECTION_QUOTA
STOP-G03-f739d77e9fada0c7	PAPER-2112.06217	PAPER-2204.11137	PAPER-2204.11137	1	BACKWARD	25	ALG=0;MECH=25;ROLE=0;AGE=0;FALS=0	AQ-007	SemanticScholar	S2:d4408e4e99c74913c7bf4b7a0aacf5bf67557c96	PER_SEED_DIRECTION_QUOTA
STOP-G03-0302590bdb723522	PAPER-HASH-09deae2e35b5c2fc	PAPER-2204.11137	PAPER-2204.11137	1	BACKWARD	25	ALG=0;MECH=25;ROLE=0;AGE=0;FALS=0	AQ-004|AQ-009	SemanticScholar	S2:a00252ffc7a40176c5e1366011aa8c7b13c11f4b	PER_SEED_DIRECTION_QUOTA
STOP-G03-780dedcf22da3df0	PAPER-HASH-26b90d58ba6209c4	PAPER-2204.11137	PAPER-2204.11137	1	BACKWARD	35	ALG=0;MECH=25;ROLE=0;AGE=10;FALS=0	AQ-011	SemanticScholar	S2:f8b743f8167284824fadbe4ad4de75a2e9a35a8c	PER_SEED_DIRECTION_QUOTA
STOP-G03-3dae842ef7c6b250	PAPER-HASH-42c7a977a874526b	PAPER-2204.11137	PAPER-2204.11137	1	BACKWARD	25	ALG=0;MECH=25;ROLE=0;AGE=0;FALS=0	AQ-012	SemanticScholar	S2:c346ed8e69638734ed04bf98a2ddefc99a298ec5	PER_SEED_DIRECTION_QUOTA
STOP-G03-6891fda7ca641ca2	PAPER-HASH-546b2fac530dcd85	PAPER-2204.11137	PAPER-2204.11137	1	BACKWARD	35	ALG=0;MECH=25;ROLE=0;AGE=10;FALS=0	AQ-001|AQ-003|AQ-008|AQ-010|AQ-011	SemanticScholar	S2:9e011c936004708d5b6ea9b7f0a959d6489c4b67	PER_SEED_DIRECTION_QUOTA
STOP-G03-0e41ef372a7f24a3	PAPER-HASH-6e561ec63010e170	PAPER-2204.11137	PAPER-2204.11137	1	BACKWARD	25	ALG=0;MECH=25;ROLE=0;AGE=0;FALS=0	AQ-003|AQ-008|AQ-009|AQ-010|AQ-011|AQ-012	SemanticScholar	S2:2b7ac283bbf5d546bd6c9bef6757c70e636348d6	PER_SEED_DIRECTION_QUOTA
STOP-G03-a6e439fc286584a3	PAPER-HASH-865027cb4ca7b712	PAPER-2204.11137	PAPER-2204.11137	1	BACKWARD	25	ALG=0;MECH=25;ROLE=0;AGE=0;FALS=0	AQ-009|AQ-012	SemanticScholar	S2:UNAVAILABLE:865027cb4ca7b712	PER_SEED_DIRECTION_QUOTA
STOP-G03-c01898a4b24b2ede	PAPER-HASH-a280e630ee586f63	PAPER-2204.11137	PAPER-2204.11137	1	BACKWARD	35	ALG=0;MECH=25;ROLE=0;AGE=10;FALS=0	AQ-001|AQ-002|AQ-004|AQ-009	SemanticScholar	S2:04129379d4120364c8ff81c3dac5c0f546181e83	PER_SEED_DIRECTION_QUOTA
STOP-G03-d13324e3fb5021e9	PAPER-HASH-d96d1f5f4517eb8f	PAPER-2204.11137	PAPER-2204.11137	1	BACKWARD	35	ALG=0;MECH=25;ROLE=0;AGE=10;FALS=0	AQ-001|AQ-009|AQ-011	SemanticScholar	S2:142076521067f39aa0f2b86a01150561257c4ec5	PER_SEED_DIRECTION_QUOTA
STOP-G03-013ab8ca1733e82d	PAPER-HASH-dd37f1bef79314a2	PAPER-2204.11137	PAPER-2204.11137	1	BACKWARD	25	ALG=0;MECH=25;ROLE=0;AGE=0;FALS=0	AQ-011	SemanticScholar	S2:4cee38d9d088cf021bc5f5b9fda6764feeb1806a	PER_SEED_DIRECTION_QUOTA
STOP-G03-5a07560e99d0674a	PAPER-HASH-f4c240636c1129ab	PAPER-2204.11137	PAPER-2204.11137	1	BACKWARD	25	ALG=0;MECH=25;ROLE=0;AGE=0;FALS=0	AQ-003|AQ-004|AQ-005|AQ-006|AQ-007|AQ-008|AQ-009	SemanticScholar	S2:UNAVAILABLE:f4c240636c1129ab	PER_SEED_DIRECTION_QUOTA
STOP-G03-6e67d784340b32e6	PAPER-HASH-f60ec4090ccbd97a	PAPER-2204.11137	PAPER-2204.11137	1	BACKWARD	65	ALG=40;MECH=25;ROLE=0;AGE=0;FALS=0	AQ-005|AQ-008	SemanticScholar	S2:a057cb8d5edc815bfffeb9087561881aff026013	PER_SEED_DIRECTION_QUOTA
STOP-G03-a0cf0ed51cdd3d36	PAPER-2207.13541	PAPER-2204.11137	PAPER-2204.11137	1	FORWARD	65	ALG=40;MECH=25;ROLE=0;AGE=0;FALS=0	AQ-001|AQ-003|AQ-008|AQ-009|AQ-011	SemanticScholar	S2:cec1e4555a934cd680555138a58945c581af8898	PER_SEED_DIRECTION_QUOTA
STOP-G03-301e01f4ec9311f2	PAPER-2504.07815	PAPER-2204.11137	PAPER-2204.11137	1	FORWARD	25	ALG=0;MECH=25;ROLE=0;AGE=0;FALS=0	AQ-002|AQ-004|AQ-006|AQ-008|AQ-009|AQ-010|AQ-011|AQ-012	SemanticScholar	S2:1da2f65211707aaf2c70d605b05b665d9101b761	PER_SEED_DIRECTION_QUOTA
STOP-G03-068b7ab3681ad228	PAPER-HASH-ea7c06fc2ff131a9	PAPER-2204.11137	PAPER-HASH-ea7c06fc2ff131a9	2	BACKWARD	75	ALG=40;MECH=25;ROLE=0;AGE=10;FALS=0	AQ-001|AQ-003|AQ-004|AQ-008|AQ-009|AQ-011	SemanticScholar	S2:10287acfb08806de28881919978a3da673584b69	REQUEST_RETRY_RESERVE
STOP-G03-6c29e8b2d25d00fe	PAPER-HASH-89669fe983572dd0	PAPER-2204.11137	PAPER-HASH-89669fe983572dd0	2	FORWARD	65	ALG=40;MECH=25;ROLE=0;AGE=0;FALS=0	AQ-003|AQ-007|AQ-011|AQ-012	SemanticScholar	S2:88b7df9646a435463fad59a602137b37ee805bfb	REQUEST_RETRY_RESERVE
STOP-G03-0497553aae030c21	PAPER-HASH-1630f9821d4d6ae7	PAPER-2305.11053	PAPER-2305.11053	1	BACKWARD	0	ALG=0;MECH=0;ROLE=0;AGE=0;FALS=0	NONE	SemanticScholar	S2:UNAVAILABLE:1630f9821d4d6ae7	NO_DECISION_IMPACT
STOP-G03-9b4816205dcd8860	PAPER-HASH-26b3f5c9f1cd2128	PAPER-2305.11053	PAPER-2305.11053	1	BACKWARD	0	ALG=0;MECH=0;ROLE=0;AGE=10;FALS=0	NONE	SemanticScholar	S2:f7538cbc80be81d1d74835fc30ccc0cf314c9cc6	NO_DECISION_IMPACT
STOP-G03-0362bda4129f07e9	PAPER-HASH-3bef3e8e084cd55f	PAPER-2305.11053	PAPER-2305.11053	1	BACKWARD	0	ALG=0;MECH=0;ROLE=0;AGE=0;FALS=0	NONE	SemanticScholar	S2:UNAVAILABLE:3bef3e8e084cd55f	NO_DECISION_IMPACT
STOP-G03-c58c5e5502a0ed09	PAPER-HASH-76ba0cb7e2714445	PAPER-2305.11053	PAPER-2305.11053	1	BACKWARD	0	ALG=0;MECH=0;ROLE=0;AGE=10;FALS=0	NONE	SemanticScholar	S2:075cadfc72c04f1d1206c5af16ff56e273e19bbe	NO_DECISION_IMPACT
STOP-G03-13edbd69c89f53da	PAPER-HASH-c48e194f1324063a	PAPER-2305.11053	PAPER-2305.11053	1	BACKWARD	0	ALG=0;MECH=0;ROLE=0;AGE=0;FALS=0	NONE	SemanticScholar	S2:f75cde8e9f61078342b105aa99b63312f485d572	NO_DECISION_IMPACT
STOP-G03-f89deb624c9558fc	PAPER-1009.3460	PAPER-2305.11053	PAPER-2305.11053	1	BACKWARD	60	ALG=0;MECH=25;ROLE=15;AGE=10;FALS=10	AQ-002|AQ-003|AQ-007|AQ-008|AQ-009|AQ-010|AQ-012	SemanticScholar	S2:2c74cac7f8171f9e6aec986c12b38025359c105a	PER_SEED_DIRECTION_QUOTA
STOP-G03-d6f636ab6e9a2b19	PAPER-1409.2391	PAPER-2305.11053	PAPER-2305.11053	1	BACKWARD	40	ALG=40;MECH=0;ROLE=0;AGE=0;FALS=0	AQ-007	SemanticScholar	S2:291a2ea64f108aff15ccf6f70b42b5bb02af71a0	PER_SEED_DIRECTION_QUOTA
STOP-G03-06869c8dea03ea9d	PAPER-1505.02019	PAPER-2305.11053	PAPER-2305.11053	1	BACKWARD	25	ALG=0;MECH=25;ROLE=0;AGE=0;FALS=0	AQ-002|AQ-003|AQ-004|AQ-005|AQ-006|AQ-008|AQ-009|AQ-011	SemanticScholar	S2:c8ad5986d52c75f9b6a960f6d734fc1d66f1ee7f	PER_SEED_DIRECTION_QUOTA
STOP-G03-a89a21f9d0342582	PAPER-1604.08679	PAPER-2305.11053	PAPER-2305.11053	1	BACKWARD	25	ALG=0;MECH=25;ROLE=0;AGE=0;FALS=0	AQ-003|AQ-004|AQ-005|AQ-006|AQ-008|AQ-011|AQ-012	SemanticScholar	S2:ef75c7bb2cc6cabdcd74adc481bd5d6bfa0205cb	PER_SEED_DIRECTION_QUOTA
STOP-G03-4cce58c85f194b89	PAPER-1605.00089	PAPER-2305.11053	PAPER-2305.11053	1	BACKWARD	25	ALG=0;MECH=25;ROLE=0;AGE=0;FALS=0	AQ-002|AQ-003|AQ-004|AQ-005|AQ-006|AQ-008|AQ-009|AQ-011	SemanticScholar	S2:d875a59ab3e6b5e273f477e087aad8d36a62706e	PER_SEED_DIRECTION_QUOTA
STOP-G03-dd2793bb43877f28	PAPER-1608.03118	PAPER-2305.11053	PAPER-2305.11053	1	BACKWARD	65	ALG=40;MECH=25;ROLE=0;AGE=0;FALS=0	AQ-002|AQ-003|AQ-004|AQ-005|AQ-006|AQ-007|AQ-008|AQ-011	SemanticScholar	S2:9d6697c7d575a74816465ffe3449fb6ac31dd279	PER_SEED_DIRECTION_QUOTA
STOP-G03-c62bc6ab722b0377	PAPER-1707.07334	PAPER-2305.11053	PAPER-2305.11053	1	BACKWARD	65	ALG=40;MECH=25;ROLE=0;AGE=0;FALS=0	AQ-002|AQ-003|AQ-004|AQ-005|AQ-006|AQ-007|AQ-008|AQ-009|AQ-010|AQ-011|AQ-012	SemanticScholar	S2:418151cdeee9f07550293aa0e06b4928632c9cda	PER_SEED_DIRECTION_QUOTA
STOP-G03-2103e7022f49ca6f	PAPER-1711.04881	PAPER-2305.11053	PAPER-2305.11053	1	BACKWARD	65	ALG=40;MECH=25;ROLE=0;AGE=0;FALS=0	AQ-002|AQ-003|AQ-004|AQ-005|AQ-006|AQ-008|AQ-011|AQ-012	SemanticScholar	S2:a1905f1ba191d0b363bb6ce6be38482e7d4a19fa	PER_SEED_DIRECTION_QUOTA
STOP-G03-1ec9c18c933f744e	PAPER-1811.04607	PAPER-2305.11053	PAPER-2305.11053	1	BACKWARD	65	ALG=40;MECH=25;ROLE=0;AGE=0;FALS=0	AQ-003|AQ-004|AQ-005|AQ-006|AQ-007|AQ-008|AQ-010|AQ-011	SemanticScholar	S2:7bd9f7e0c12e418143c987edb0d7df17b60191b5	PER_SEED_DIRECTION_QUOTA
STOP-G03-0b12898ad115cba8	PAPER-1905.01644	PAPER-2305.11053	PAPER-2305.11053	1	BACKWARD	65	ALG=40;MECH=25;ROLE=0;AGE=0;FALS=0	AQ-002|AQ-003|AQ-004|AQ-005|AQ-006|AQ-007|AQ-008|AQ-011|AQ-012	SemanticScholar	S2:4a144324d5a158c9005ea5ee22a941b284f18fe7	PER_SEED_DIRECTION_QUOTA
STOP-G03-9c84a5769393a98f	PAPER-1907.05725	PAPER-2305.11053	PAPER-2305.11053	1	BACKWARD	25	ALG=0;MECH=25;ROLE=0;AGE=0;FALS=0	AQ-002|AQ-003|AQ-004|AQ-006|AQ-007|AQ-008|AQ-011	SemanticScholar	S2:543dfca1a5b9fea493ed50b9b592180f55c9f859	PER_SEED_DIRECTION_QUOTA
STOP-G03-aefc6d583a70cd99	PAPER-2107.02578	PAPER-2305.11053	PAPER-2305.11053	1	BACKWARD	25	ALG=0;MECH=25;ROLE=0;AGE=0;FALS=0	AQ-002	SemanticScholar	S2:accc54d51205cbdc1cfb9658d471fe87217b54a1	PER_SEED_DIRECTION_QUOTA
STOP-G03-3bdd38fd31336f26	PAPER-2110.10091	PAPER-2305.11053	PAPER-2305.11053	1	BACKWARD	90	ALG=40;MECH=25;ROLE=15;AGE=0;FALS=10	AQ-002|AQ-003|AQ-004|AQ-005|AQ-006|AQ-008|AQ-009|AQ-010|AQ-011|AQ-012	SemanticScholar	S2:cd0282d35e742e379d69ad0524e7e7796851ed9a	PER_SEED_DIRECTION_QUOTA
STOP-G03-f7829cf570928419	PAPER-2112.07532	PAPER-2305.11053	PAPER-2305.11053	1	BACKWARD	65	ALG=40;MECH=25;ROLE=0;AGE=0;FALS=0	AQ-002|AQ-003|AQ-004|AQ-005|AQ-006|AQ-008|AQ-011|AQ-012	SemanticScholar	S2:f408d3ffb087139b8281b94524a018bb83d6fdf8	PER_SEED_DIRECTION_QUOTA
STOP-G03-f0ac972e381f53d4	PAPER-2206.07554	PAPER-2305.11053	PAPER-2305.11053	1	BACKWARD	90	ALG=40;MECH=25;ROLE=15;AGE=0;FALS=10	AQ-002|AQ-003|AQ-004|AQ-005|AQ-006|AQ-007|AQ-008|AQ-009|AQ-010|AQ-011|AQ-012	SemanticScholar	S2:e7dcd800464f94f5df3a147f2f78e7573ea1bb26	PER_SEED_DIRECTION_QUOTA
STOP-G03-26d6a0947d846822	PAPER-2207.07158	PAPER-2305.11053	PAPER-2305.11053	1	BACKWARD	65	ALG=40;MECH=25;ROLE=0;AGE=0;FALS=0	AQ-002|AQ-003|AQ-004|AQ-005|AQ-006|AQ-007|AQ-008|AQ-011|AQ-012	SemanticScholar	S2:13b8145605d403517678545abe6234918f272227	PER_SEED_DIRECTION_QUOTA
STOP-G03-b18f74cdb0ee6596	PAPER-HASH-088ae3fed1492896	PAPER-2305.11053	PAPER-2305.11053	1	BACKWARD	35	ALG=0;MECH=25;ROLE=0;AGE=10;FALS=0	AQ-002|AQ-006|AQ-008|AQ-009|AQ-010|AQ-012	SemanticScholar	S2:d8a9faff474d957ccbf33610df26cc4344cb38e0	PER_SEED_DIRECTION_QUOTA
STOP-G03-f772c97e31fccb15	PAPER-HASH-11dad4272f770e47	PAPER-2305.11053	PAPER-2305.11053	1	BACKWARD	75	ALG=40;MECH=25;ROLE=0;AGE=10;FALS=0	AQ-002|AQ-004|AQ-006|AQ-008|AQ-009|AQ-010|AQ-011|AQ-012	SemanticScholar	S2:f1904abd5da453f6d321c7366885b160b5efa04d	PER_SEED_DIRECTION_QUOTA
STOP-G03-6e6e346e8f898599	PAPER-HASH-178542d4a53928c9	PAPER-2305.11053	PAPER-2305.11053	1	BACKWARD	65	ALG=40;MECH=25;ROLE=0;AGE=0;FALS=0	AQ-004|AQ-006|AQ-009|AQ-012	SemanticScholar	S2:UNAVAILABLE:178542d4a53928c9	PER_SEED_DIRECTION_QUOTA
STOP-G03-c7af43b1f4ac3fa2	PAPER-HASH-182cb6b71817a766	PAPER-2305.11053	PAPER-2305.11053	1	BACKWARD	65	ALG=40;MECH=25;ROLE=0;AGE=0;FALS=0	AQ-002|AQ-003|AQ-004|AQ-005|AQ-006|AQ-007|AQ-008|AQ-011|AQ-012	SemanticScholar	S2:a4301a1187c035d79b3e4f468571451f78b7a922	PER_SEED_DIRECTION_QUOTA
STOP-G03-64ac88d9c4f6a910	PAPER-HASH-27e2e58d897af664	PAPER-2305.11053	PAPER-2305.11053	1	BACKWARD	75	ALG=40;MECH=25;ROLE=0;AGE=10;FALS=0	AQ-002|AQ-004|AQ-005|AQ-007|AQ-008|AQ-009|AQ-012	SemanticScholar	S2:5948ce001843d1242e515c5543fb62552e04c235	PER_SEED_DIRECTION_QUOTA
STOP-G03-ff27a729f3a59307	PAPER-HASH-2fbe5f9d34f17159	PAPER-2305.11053	PAPER-2305.11053	1	BACKWARD	35	ALG=0;MECH=25;ROLE=0;AGE=10;FALS=0	AQ-011	SemanticScholar	S2:UNAVAILABLE:2fbe5f9d34f17159	PER_SEED_DIRECTION_QUOTA
STOP-G03-10cb7dc7ed5cd1f7	PAPER-HASH-349d012df1d0fc9a	PAPER-2305.11053	PAPER-2305.11053	1	BACKWARD	25	ALG=0;MECH=25;ROLE=0;AGE=0;FALS=0	AQ-003|AQ-004|AQ-006|AQ-008|AQ-009|AQ-010|AQ-011|AQ-012	SemanticScholar	S2:UNAVAILABLE:349d012df1d0fc9a	PER_SEED_DIRECTION_QUOTA
STOP-G03-2d5e133d2a8c106d	PAPER-HASH-37584e6c06a520e3	PAPER-2305.11053	PAPER-2305.11053	1	BACKWARD	25	ALG=0;MECH=25;ROLE=0;AGE=0;FALS=0	AQ-001|AQ-004|AQ-006|AQ-007|AQ-009|AQ-012	SemanticScholar	S2:05660cd399a75b9f40e1f63bda0fcf719f48b398	PER_SEED_DIRECTION_QUOTA
STOP-G03-188974a651a6822b	PAPER-HASH-38a13135278819df	PAPER-2305.11053	PAPER-2305.11053	1	BACKWARD	75	ALG=40;MECH=25;ROLE=0;AGE=10;FALS=0	AQ-003|AQ-004|AQ-005|AQ-006|AQ-007|AQ-008|AQ-009|AQ-011|AQ-012	SemanticScholar	S2:05916fde7203116aac42310ea49b99535f7e0150	PER_SEED_DIRECTION_QUOTA
STOP-G03-ca49d9149c15dfa7	PAPER-HASH-422ca7ab683afe50	PAPER-2305.11053	PAPER-2305.11053	1	BACKWARD	35	ALG=0;MECH=25;ROLE=0;AGE=10;FALS=0	AQ-003|AQ-004|AQ-005|AQ-006|AQ-007|AQ-008|AQ-010|AQ-011|AQ-012	SemanticScholar	S2:43ab97f13d4bce1eab75023646e01531e49abdca	PER_SEED_DIRECTION_QUOTA
STOP-G03-a7f30a1401989804	PAPER-HASH-61fea3ee923ac4ff	PAPER-2305.11053	PAPER-2305.11053	1	BACKWARD	75	ALG=40;MECH=25;ROLE=0;AGE=10;FALS=0	AQ-002|AQ-006|AQ-012	SemanticScholar	S2:64219cd0057946de7b838eff5e432e22fb64dcf1	PER_SEED_DIRECTION_QUOTA
STOP-G03-dea8d6cdd96cbf1a	PAPER-HASH-6d76dded4e77c5fd	PAPER-2305.11053	PAPER-2305.11053	1	BACKWARD	65	ALG=40;MECH=25;ROLE=0;AGE=0;FALS=0	AQ-001|AQ-003|AQ-004|AQ-005|AQ-006|AQ-007|AQ-008|AQ-009|AQ-010|AQ-011	SemanticScholar	S2:b494c8b10a53014995a3ea62f776c6404745b41d	PER_SEED_DIRECTION_QUOTA
STOP-G03-e066901d05658c7d	PAPER-HASH-6e85d2c5724f4397	PAPER-2305.11053	PAPER-2305.11053	1	BACKWARD	25	ALG=0;MECH=25;ROLE=0;AGE=0;FALS=0	AQ-002|AQ-003|AQ-004|AQ-005|AQ-006|AQ-007|AQ-008|AQ-009|AQ-011|AQ-012	SemanticScholar	S2:59b7a44fff2ba6066730e22f7e26bc0a49e7b970	PER_SEED_DIRECTION_QUOTA
STOP-G03-6081a34c1d7d75f4	PAPER-HASH-923faeddf786c257	PAPER-2305.11053	PAPER-2305.11053	1	BACKWARD	25	ALG=0;MECH=25;ROLE=0;AGE=0;FALS=0	AQ-003|AQ-004|AQ-005|AQ-006|AQ-008|AQ-011|AQ-012	SemanticScholar	S2:5112bc4d7015cdddf15f07810fa68aa0a1cbe9e2	PER_SEED_DIRECTION_QUOTA
STOP-G03-b4ee4f704763fad9	PAPER-HASH-9f4de89a0f6c081b	PAPER-2305.11053	PAPER-2305.11053	1	BACKWARD	75	ALG=40;MECH=25;ROLE=0;AGE=10;FALS=0	AQ-002|AQ-006|AQ-012	SemanticScholar	S2:add4ecd63de0de0f70205a6eba19cb52af05845a	PER_SEED_DIRECTION_QUOTA
STOP-G03-a80b8a571ca8178e	PAPER-HASH-ae0a4a06d9b702b2	PAPER-2305.11053	PAPER-2305.11053	1	BACKWARD	25	ALG=0;MECH=25;ROLE=0;AGE=0;FALS=0	AQ-001|AQ-003|AQ-004|AQ-005|AQ-006|AQ-008|AQ-009|AQ-010|AQ-011	SemanticScholar	S2:0ff3c7cc090f969fbcaa23b74049752681b72d2b	PER_SEED_DIRECTION_QUOTA
STOP-G03-f829c9f7bd945f89	PAPER-HASH-b8ae2992eeb25fe2	PAPER-2305.11053	PAPER-2305.11053	1	BACKWARD	35	ALG=0;MECH=25;ROLE=0;AGE=10;FALS=0	AQ-003|AQ-004|AQ-006|AQ-008|AQ-010|AQ-011|AQ-012	SemanticScholar	S2:a28d5bd0d33fed02dac31b42340e073071450d89	PER_SEED_DIRECTION_QUOTA
STOP-G03-a809089b950adbaf	PAPER-HASH-b8d7a7aa6ad892a1	PAPER-2305.11053	PAPER-2305.11053	1	BACKWARD	35	ALG=0;MECH=25;ROLE=0;AGE=10;FALS=0	AQ-002|AQ-006|AQ-011|AQ-012	SemanticScholar	S2:b615d0a2284ad4fe36e36fae28d5d166b05b5903	PER_SEED_DIRECTION_QUOTA
STOP-G03-70c5dfda533db91b	PAPER-HASH-ce0644a8e0c4ff44	PAPER-2305.11053	PAPER-2305.11053	1	BACKWARD	35	ALG=0;MECH=25;ROLE=0;AGE=10;FALS=0	AQ-003|AQ-004|AQ-005|AQ-006|AQ-008|AQ-011	SemanticScholar	S2:9386590554c429e80402c082e9d6a2398bcc36b3	PER_SEED_DIRECTION_QUOTA
STOP-G03-ec7243def703ffde	PAPER-HASH-d8f057f32f79a71e	PAPER-2305.11053	PAPER-2305.11053	1	BACKWARD	65	ALG=40;MECH=25;ROLE=0;AGE=0;FALS=0	AQ-003|AQ-004|AQ-005|AQ-006|AQ-007|AQ-008|AQ-011	SemanticScholar	S2:7ea7f103715787471f07149df12556f8dc0a09b8	PER_SEED_DIRECTION_QUOTA
STOP-G03-c9f3b9b4aaf98f9c	PAPER-HASH-de66418c64816074	PAPER-2305.11053	PAPER-2305.11053	1	BACKWARD	60	ALG=0;MECH=25;ROLE=15;AGE=10;FALS=10	AQ-002|AQ-003|AQ-008|AQ-009|AQ-010|AQ-012	SemanticScholar	S2:efd89df38c3c3773e478275b57f909c0ffe48e00	PER_SEED_DIRECTION_QUOTA
STOP-G03-f4d68438e0715b1a	PAPER-HASH-ed585957d4f6f352	PAPER-2305.11053	PAPER-2305.11053	1	BACKWARD	65	ALG=40;MECH=25;ROLE=0;AGE=0;FALS=0	AQ-001|AQ-002|AQ-003|AQ-005|AQ-007|AQ-008|AQ-009|AQ-010|AQ-011|AQ-012	SemanticScholar	S2:UNAVAILABLE:ed585957d4f6f352	PER_SEED_DIRECTION_QUOTA
STOP-G03-1ad20c2005e6d64e	PAPER-HASH-ee131d316636c3e2	PAPER-2305.11053	PAPER-2305.11053	1	BACKWARD	60	ALG=0;MECH=25;ROLE=15;AGE=10;FALS=10	AQ-002|AQ-003|AQ-004|AQ-005|AQ-006|AQ-007|AQ-008|AQ-009|AQ-010|AQ-011|AQ-012	SemanticScholar	S2:9919bcd2b862e9c749b7eb3c82a048a228de96b9	PER_SEED_DIRECTION_QUOTA
STOP-G03-c434fa55b19ce603	PAPER-HASH-ef2323f1098c08b9	PAPER-2305.11053	PAPER-2305.11053	1	BACKWARD	90	ALG=40;MECH=25;ROLE=15;AGE=0;FALS=10	AQ-002|AQ-003|AQ-004|AQ-005|AQ-006|AQ-007|AQ-008|AQ-009|AQ-010|AQ-011|AQ-012	SemanticScholar	S2:fbd81dbf76484fc8d2e81e3c268751e7997d8727	PER_SEED_DIRECTION_QUOTA
STOP-G03-12d0e72be5e32c38	PAPER-HASH-f478915265c975b6	PAPER-2305.11053	PAPER-2305.11053	1	BACKWARD	75	ALG=40;MECH=25;ROLE=0;AGE=10;FALS=0	AQ-003|AQ-004|AQ-005|AQ-006|AQ-007|AQ-008|AQ-010|AQ-011|AQ-012	SemanticScholar	S2:d8a157b56e2ea876087f7bb9ebd44a44263b2e94	PER_SEED_DIRECTION_QUOTA
STOP-G03-53a07d12e024a437	PAPER-HASH-ffb06fcda31fddb7	PAPER-2305.11053	PAPER-2305.11053	1	BACKWARD	65	ALG=40;MECH=25;ROLE=0;AGE=0;FALS=0	AQ-003|AQ-004|AQ-005|AQ-006|AQ-007|AQ-008|AQ-011	SemanticScholar	S2:e407932d009c1272b67c88d96c4d404b4e738fc5	PER_SEED_DIRECTION_QUOTA
STOP-G03-c5744023cd68f5c7	PAPER-HASH-fff3a684122fe4ee	PAPER-2305.11053	PAPER-2305.11053	1	BACKWARD	40	ALG=0;MECH=25;ROLE=15;AGE=0;FALS=0	AQ-003|AQ-004|AQ-005|AQ-006|AQ-008|AQ-011	SemanticScholar	S2:472732617ad0603bb49e6e3a8dd6c5a7f779f91d	PER_SEED_DIRECTION_QUOTA
STOP-G03-d6216fc721830e53	PAPER-LEGACY-ead65ac953ad9837	PAPER-2305.11053	PAPER-2305.11053	1	BACKWARD	35	ALG=0;MECH=25;ROLE=0;AGE=10;FALS=0	AQ-001|AQ-012	SemanticScholar	S2:2302c8fc6d86ced7919126782b417055ed7fcae2	PER_SEED_DIRECTION_QUOTA
STOP-G03-79651c80553bb2dc	PAPER-2305.01714	PAPER-2305.11053	PAPER-2305.11053	1	FORWARD	65	ALG=40;MECH=25;ROLE=0;AGE=0;FALS=0	AQ-002|AQ-003|AQ-004|AQ-005|AQ-006|AQ-007|AQ-008|AQ-011	SemanticScholar	S2:2fcd2dad5d9af04c31c4f7e77b062392f12ea1ec	PER_SEED_DIRECTION_QUOTA
STOP-G03-35ff142833996cb0	PAPER-2408.15434	PAPER-2305.11053	PAPER-2305.11053	1	FORWARD	65	ALG=40;MECH=25;ROLE=0;AGE=0;FALS=0	AQ-002|AQ-003|AQ-004|AQ-005|AQ-006|AQ-007|AQ-008|AQ-010|AQ-011|AQ-012	SemanticScholar	S2:67ae357b21d4e95bf642cabaaa4e1a374bcbb972	PER_SEED_DIRECTION_QUOTA
STOP-G03-88f3149fd355fe81	PAPER-2412.12589	PAPER-2305.11053	PAPER-2305.11053	1	FORWARD	25	ALG=0;MECH=25;ROLE=0;AGE=0;FALS=0	AQ-008	SemanticScholar	S2:c9262daff257219c7f47ca3d755d1ce710fde354	PER_SEED_DIRECTION_QUOTA
STOP-G03-178ddb707d5763ba	PAPER-1409.2138	PAPER-2305.11053	PAPER-1409.2138	2	BACKWARD	90	ALG=40;MECH=25;ROLE=15;AGE=0;FALS=10	AQ-002|AQ-003|AQ-004|AQ-005|AQ-006|AQ-007|AQ-008|AQ-009|AQ-010|AQ-011|AQ-012	SemanticScholar	S2:99abc13b552c78387d8e21475ed74a38c9547905	REQUEST_RETRY_RESERVE
STOP-G03-5d25e7c473fd3ce0	PAPER-HASH-901ec8aded38dbd0	PAPER-2305.11053	PAPER-HASH-901ec8aded38dbd0	2	FORWARD	90	ALG=40;MECH=25;ROLE=15;AGE=0;FALS=10	AQ-002|AQ-003|AQ-004|AQ-005|AQ-006|AQ-007|AQ-008|AQ-009|AQ-010|AQ-011|AQ-012	SemanticScholar	S2:8fe9e029c082e7c0cc44159983b91c019fc36fc0	REQUEST_RETRY_RESERVE
STOP-G03-e9440809d5f69c89	PAPER-1201.6566	PAPER-2401.01019	PAPER-2401.01019	1	BACKWARD	75	ALG=40;MECH=25;ROLE=0;AGE=10;FALS=0	AQ-002|AQ-003|AQ-006|AQ-007|AQ-009|AQ-010|AQ-012	SemanticScholar	S2:bc74bc094e82c777bba526cce4ec8a3be19d4c8e	PER_SEED_DIRECTION_QUOTA
STOP-G03-ac65745879f3b60a	PAPER-1407.5107	PAPER-2401.01019	PAPER-2401.01019	1	BACKWARD	75	ALG=40;MECH=25;ROLE=0;AGE=10;FALS=0	AQ-002|AQ-007|AQ-008|AQ-009|AQ-010|AQ-012	SemanticScholar	S2:dffeb59e22a977b0b9a3c9ee1994dcffb030414d	PER_SEED_DIRECTION_QUOTA
STOP-G03-c7c6dc1902aaa1e7	PAPER-1602.01886	PAPER-2401.01019	PAPER-2401.01019	1	BACKWARD	65	ALG=40;MECH=25;ROLE=0;AGE=0;FALS=0	AQ-004|AQ-005|AQ-006|AQ-012	SemanticScholar	S2:6e845298c6808ef46256e133c14440291515c808	PER_SEED_DIRECTION_QUOTA
STOP-G03-6ac779da7e3bb7f5	PAPER-1708.02574	PAPER-2401.01019	PAPER-2401.01019	1	BACKWARD	65	ALG=40;MECH=25;ROLE=0;AGE=0;FALS=0	AQ-002|AQ-006|AQ-007|AQ-008|AQ-009|AQ-010|AQ-012	SemanticScholar	S2:4de1f1d7033558807be4183a6e0cb69e3d406c56	PER_SEED_DIRECTION_QUOTA
STOP-G03-90bbd9e0181ff150	PAPER-1712.00595	PAPER-2401.01019	PAPER-2401.01019	1	BACKWARD	65	ALG=40;MECH=25;ROLE=0;AGE=0;FALS=0	AQ-002|AQ-006|AQ-009|AQ-010|AQ-012	SemanticScholar	S2:90e8eaf57d72c2536e04f3ecbe74b77e91e46774	PER_SEED_DIRECTION_QUOTA
STOP-G03-f9222e1895e49c9e	PAPER-1803.04742	PAPER-2401.01019	PAPER-2401.01019	1	BACKWARD	40	ALG=40;MECH=0;ROLE=0;AGE=0;FALS=0	AQ-007	SemanticScholar	S2:2a2ec58c7813820592cd487d66ed0b249b846eb0	PER_SEED_DIRECTION_QUOTA
STOP-G03-61a1a8d6eeec0379	PAPER-1810.05997	PAPER-2401.01019	PAPER-2401.01019	1	BACKWARD	65	ALG=40;MECH=25;ROLE=0;AGE=0;FALS=0	AQ-002|AQ-003|AQ-007|AQ-008|AQ-009|AQ-010|AQ-011|AQ-012	SemanticScholar	S2:ac225094aab9e7b629bc5b3343e026dea0200c70	PER_SEED_DIRECTION_QUOTA
STOP-G03-37a275f02f57f532	PAPER-1903.11749	PAPER-2401.01019	PAPER-2401.01019	1	BACKWARD	65	ALG=40;MECH=25;ROLE=0;AGE=0;FALS=0	AQ-002|AQ-007|AQ-008|AQ-009|AQ-010|AQ-012	SemanticScholar	S2:aea0fba70a0002c826d5896238b9e7ca3f60f856	PER_SEED_DIRECTION_QUOTA
STOP-G03-bcca5108a247a43b	PAPER-1905.02354	PAPER-2401.01019	PAPER-2401.01019	1	BACKWARD	65	ALG=40;MECH=25;ROLE=0;AGE=0;FALS=0	AQ-002|AQ-004|AQ-006|AQ-007|AQ-008|AQ-009|AQ-010|AQ-012	SemanticScholar	S2:3d46d558d08e9c568d2f1adfbcc9460f4e20a5bd	PER_SEED_DIRECTION_QUOTA
STOP-G03-2534f60fb6e14185	PAPER-1905.07245	PAPER-2401.01019	PAPER-2401.01019	1	BACKWARD	65	ALG=40;MECH=25;ROLE=0;AGE=0;FALS=0	AQ-002|AQ-005|AQ-006|AQ-007	SemanticScholar	S2:173437b90ac5442e8c52839636cc6c76a8b0837f	PER_SEED_DIRECTION_QUOTA
STOP-G03-11d8f86b60a73cb5	PAPER-1908.10583	PAPER-2401.01019	PAPER-2401.01019	1	BACKWARD	65	ALG=40;MECH=25;ROLE=0;AGE=0;FALS=0	AQ-002|AQ-003|AQ-007|AQ-008|AQ-009|AQ-010|AQ-012	SemanticScholar	S2:2870a4b1ba223d3913ec760b6b4579daf74281aa	PER_SEED_DIRECTION_QUOTA
STOP-G03-eea531504e31a75d	PAPER-2006.11876	PAPER-2401.01019	PAPER-2401.01019	1	BACKWARD	65	ALG=40;MECH=25;ROLE=0;AGE=0;FALS=0	AQ-002|AQ-003|AQ-005|AQ-007|AQ-008|AQ-009|AQ-010|AQ-012	SemanticScholar	S2:4a0172077e85b9f1568f643aa7a3117a907f2898	PER_SEED_DIRECTION_QUOTA
STOP-G03-ce731ca1ef3902e4	PAPER-2007.01570	PAPER-2401.01019	PAPER-2401.01019	1	BACKWARD	65	ALG=40;MECH=25;ROLE=0;AGE=0;FALS=0	AQ-002|AQ-003|AQ-007|AQ-008|AQ-009|AQ-010|AQ-012	SemanticScholar	S2:df02209677b32692b90e4831d4e5c1c14c13cff8	PER_SEED_DIRECTION_QUOTA
STOP-G03-c4beaf8d787c2821	PAPER-2101.03652	PAPER-2401.01019	PAPER-2401.01019	1	BACKWARD	65	ALG=40;MECH=25;ROLE=0;AGE=0;FALS=0	AQ-002|AQ-003|AQ-005|AQ-008	SemanticScholar	S2:4c8df170c22e16a0d5037dba69d8dff1a501de6b	PER_SEED_DIRECTION_QUOTA
STOP-G03-38caa17ae4a7fa91	PAPER-2106.03058	PAPER-2401.01019	PAPER-2401.01019	1	BACKWARD	65	ALG=40;MECH=25;ROLE=0;AGE=0;FALS=0	AQ-002|AQ-007|AQ-008	SemanticScholar	S2:91c22743acf6f6c36174f7a51cf276d8e9757b03	PER_SEED_DIRECTION_QUOTA
STOP-G03-2af6e0fd46827310	PAPER-HASH-0083f131a9d3c276	PAPER-2401.01019	PAPER-2401.01019	1	BACKWARD	65	ALG=40;MECH=25;ROLE=0;AGE=0;FALS=0	AQ-004|AQ-005|AQ-006|AQ-010|AQ-012	SemanticScholar	S2:f2ab3c4e6fae8e666cc68ba1b5672dfddea71123	PER_SEED_DIRECTION_QUOTA
STOP-G03-5353d655a64bfd99	PAPER-HASH-0196043389301c77	PAPER-2401.01019	PAPER-2401.01019	1	BACKWARD	75	ALG=40;MECH=25;ROLE=0;AGE=10;FALS=0	AQ-002|AQ-003|AQ-007|AQ-008|AQ-009|AQ-010|AQ-012	SemanticScholar	S2:659a1204cd7658aed876edcc11e0e7e7bad3532b	PER_SEED_DIRECTION_QUOTA
STOP-G03-5210694e2d2bf280	PAPER-HASH-0948fa8ae5088ca6	PAPER-2401.01019	PAPER-2401.01019	1	BACKWARD	75	ALG=40;MECH=25;ROLE=0;AGE=10;FALS=0	AQ-002|AQ-004|AQ-005|AQ-006|AQ-007|AQ-008|AQ-009|AQ-010|AQ-012	SemanticScholar	S2:3409b7fde5a67c266210a0cb58730ab751ef066e	PER_SEED_DIRECTION_QUOTA
STOP-G03-cae92d5c68402421	PAPER-HASH-0e9bab77d10b19a5	PAPER-2401.01019	PAPER-2401.01019	1	BACKWARD	65	ALG=40;MECH=25;ROLE=0;AGE=0;FALS=0	AQ-001|AQ-002|AQ-004|AQ-006|AQ-007|AQ-008|AQ-009|AQ-010|AQ-012	SemanticScholar	S2:07c0d96c3f2d6a80cbdc533c0afa729166ca5f02	PER_SEED_DIRECTION_QUOTA
STOP-G03-7e8d966856ca3e61	PAPER-HASH-0fd57c800c6e5060	PAPER-2401.01019	PAPER-2401.01019	1	BACKWARD	65	ALG=40;MECH=25;ROLE=0;AGE=0;FALS=0	AQ-002|AQ-003|AQ-006|AQ-008|AQ-009|AQ-010|AQ-012	SemanticScholar	S2:d9f5683fbe2e98f6b90a03444a04a5b8d12cf6e0	PER_SEED_DIRECTION_QUOTA
STOP-G03-4c3d6fc894f888cb	PAPER-HASH-14c0a65fc957178a	PAPER-2401.01019	PAPER-2401.01019	1	BACKWARD	65	ALG=40;MECH=25;ROLE=0;AGE=0;FALS=0	AQ-002|AQ-007|AQ-008|AQ-009|AQ-010|AQ-012	SemanticScholar	S2:742ec45d0a138ff1f307ec4b50ac3bbbb0cbe61d	PER_SEED_DIRECTION_QUOTA
STOP-G03-ebc3c0269ccbbc97	PAPER-HASH-16f3c87541922d32	PAPER-2401.01019	PAPER-2401.01019	1	BACKWARD	75	ALG=40;MECH=25;ROLE=0;AGE=10;FALS=0	AQ-002|AQ-003|AQ-007|AQ-008|AQ-009|AQ-010|AQ-012	SemanticScholar	S2:183c44d2b9ac64e8c795464f91ef98f1e3ba2ea3	PER_SEED_DIRECTION_QUOTA
STOP-G03-e028297f5218ca5b	PAPER-HASH-218fe08c995dc6c7	PAPER-2401.01019	PAPER-2401.01019	1	BACKWARD	65	ALG=40;MECH=25;ROLE=0;AGE=0;FALS=0	AQ-002|AQ-004|AQ-006|AQ-007|AQ-008|AQ-009|AQ-010|AQ-012	SemanticScholar	S2:6adf6c16c2cea999b17f4aa21e38131633345a62	PER_SEED_DIRECTION_QUOTA
STOP-G03-2fe1ca903e30099c	PAPER-HASH-237e8fe50f6eca5b	PAPER-2401.01019	PAPER-2401.01019	1	BACKWARD	65	ALG=40;MECH=25;ROLE=0;AGE=0;FALS=0	AQ-001|AQ-002|AQ-003|AQ-007|AQ-008|AQ-009|AQ-010|AQ-012	SemanticScholar	S2:c6583ed2dec51351c0aac9783ed5d9b7ed3eaefe	PER_SEED_DIRECTION_QUOTA
STOP-G03-662b4a81e43d3f23	PAPER-HASH-478f73cc222aadbf	PAPER-2401.01019	PAPER-2401.01019	1	BACKWARD	65	ALG=40;MECH=25;ROLE=0;AGE=0;FALS=0	AQ-002|AQ-007|AQ-008|AQ-009|AQ-010|AQ-012	SemanticScholar	S2:50e2627877a66f916556f6760ac63267b4c6a11e	PER_SEED_DIRECTION_QUOTA
STOP-G03-af359bafbfc270b5	PAPER-HASH-4ac92a56c0a95a26	PAPER-2401.01019	PAPER-2401.01019	1	BACKWARD	65	ALG=40;MECH=25;ROLE=0;AGE=0;FALS=0	AQ-002|AQ-003|AQ-005|AQ-007|AQ-012	SemanticScholar	S2:UNAVAILABLE:4ac92a56c0a95a26	PER_SEED_DIRECTION_QUOTA
STOP-G03-218277abbebd4e5f	PAPER-HASH-5e95bf8bebf23500	PAPER-2401.01019	PAPER-2401.01019	1	BACKWARD	65	ALG=40;MECH=25;ROLE=0;AGE=0;FALS=0	AQ-001|AQ-002|AQ-006|AQ-009|AQ-010|AQ-012	SemanticScholar	S2:3e1e5a5edd5858d906b49363984a3e3659fb9478	PER_SEED_DIRECTION_QUOTA
STOP-G03-b4c92367ef5e3ff0	PAPER-HASH-60bec7d68cf84c18	PAPER-2401.01019	PAPER-2401.01019	1	BACKWARD	75	ALG=40;MECH=25;ROLE=0;AGE=10;FALS=0	AQ-002|AQ-004|AQ-005|AQ-006|AQ-007|AQ-008|AQ-009|AQ-010|AQ-012	SemanticScholar	S2:c9b4c667f6458f694a5d86a9f234da4da8a84f76	PER_SEED_DIRECTION_QUOTA
STOP-G03-38837f3117855fa1	PAPER-HASH-7348c670c90facc3	PAPER-2401.01019	PAPER-2401.01019	1	BACKWARD	65	ALG=40;MECH=25;ROLE=0;AGE=0;FALS=0	AQ-006|AQ-007|AQ-009|AQ-011|AQ-012	SemanticScholar	S2:07627bf7eb649220ffbcdf6bf233e3a4a76e8590	PER_SEED_DIRECTION_QUOTA
STOP-G03-c47d0a33d5260aa9	PAPER-HASH-7e3e9c5fbe05d3b4	PAPER-2401.01019	PAPER-2401.01019	1	BACKWARD	25	ALG=0;MECH=25;ROLE=0;AGE=0;FALS=0	AQ-003|AQ-007|AQ-008|AQ-010|AQ-011	SemanticScholar	S2:cee2e8459b43b05c814b73c6e25d209c7ddc7a02	PER_SEED_DIRECTION_QUOTA
STOP-G03-b4169aabbfdc013f	PAPER-HASH-7f5cb64cf252c395	PAPER-2401.01019	PAPER-2401.01019	1	BACKWARD	65	ALG=40;MECH=25;ROLE=0;AGE=0;FALS=0	AQ-002|AQ-003|AQ-007|AQ-008|AQ-009|AQ-010|AQ-012	SemanticScholar	S2:ef38df19effeaa67503859869fa0ba4804a2faf1	PER_SEED_DIRECTION_QUOTA
STOP-G03-517568eff3fdde1d	PAPER-HASH-805aff7e2524f76b	PAPER-2401.01019	PAPER-2401.01019	1	BACKWARD	75	ALG=40;MECH=25;ROLE=0;AGE=10;FALS=0	AQ-002|AQ-007|AQ-008|AQ-009|AQ-010|AQ-012	SemanticScholar	S2:d06385c9009cbb0e801307a04b4e094ed291042c	PER_SEED_DIRECTION_QUOTA
STOP-G03-95c09918a86f7337	PAPER-HASH-817b10a8a98e9721	PAPER-2401.01019	PAPER-2401.01019	1	BACKWARD	75	ALG=40;MECH=25;ROLE=0;AGE=10;FALS=0	AQ-002|AQ-006|AQ-007|AQ-008|AQ-009|AQ-010|AQ-012	SemanticScholar	S2:0ecdf0d9e33ae993d5f789c6e1bb410ba2fca0b8	PER_SEED_DIRECTION_QUOTA
STOP-G03-de8ff73d61ae2927	PAPER-HASH-8b212f19de0487b4	PAPER-2401.01019	PAPER-2401.01019	1	BACKWARD	35	ALG=0;MECH=25;ROLE=0;AGE=10;FALS=0	AQ-008|AQ-010	SemanticScholar	S2:197a7f3823c9539765a8b8a13820776e0034d1af	PER_SEED_DIRECTION_QUOTA
STOP-G03-14bb9bbec6a5b5bc	PAPER-HASH-97be21aaf049fd56	PAPER-2401.01019	PAPER-2401.01019	1	BACKWARD	65	ALG=40;MECH=25;ROLE=0;AGE=0;FALS=0	AQ-002|AQ-006|AQ-007|AQ-008|AQ-009|AQ-010|AQ-012	SemanticScholar	S2:eb44512b21284720ab61736ffe2eb7137e318dee	PER_SEED_DIRECTION_QUOTA
STOP-G03-becedff37aba14a1	PAPER-HASH-97cb9e3b0a0f1e86	PAPER-2401.01019	PAPER-2401.01019	1	BACKWARD	75	ALG=40;MECH=25;ROLE=0;AGE=10;FALS=0	AQ-002|AQ-006|AQ-009|AQ-010|AQ-012	SemanticScholar	S2:ccc647bbcd98d35a4ee2d0e420da47e720363384	PER_SEED_DIRECTION_QUOTA
STOP-G03-11cb9ac2e6a07f59	PAPER-HASH-9ece9f3a0f229550	PAPER-2401.01019	PAPER-2401.01019	1	BACKWARD	35	ALG=0;MECH=25;ROLE=0;AGE=10;FALS=0	AQ-003|AQ-004|AQ-006|AQ-008|AQ-009|AQ-011|AQ-012	SemanticScholar	S2:c0d602a236c3c6d95fcf583ec7cb0c83998abfaa	PER_SEED_DIRECTION_QUOTA
STOP-G03-81050ea116b6646b	PAPER-HASH-ab142af809564673	PAPER-2401.01019	PAPER-2401.01019	1	BACKWARD	75	ALG=40;MECH=25;ROLE=0;AGE=10;FALS=0	AQ-003|AQ-007|AQ-011|AQ-012	SemanticScholar	S2:10d6778bc45aebcd58d336b4062b935861d2fe8a	PER_SEED_DIRECTION_QUOTA
STOP-G03-7fb46a5d967a7e38	PAPER-HASH-ac0722ebee7acc4d	PAPER-2401.01019	PAPER-2401.01019	1	BACKWARD	75	ALG=40;MECH=25;ROLE=0;AGE=10;FALS=0	AQ-002|AQ-003|AQ-004|AQ-005|AQ-006|AQ-007|AQ-008|AQ-009|AQ-010|AQ-011|AQ-012	SemanticScholar	S2:2b5bc598cd02362874245ccfd932f65f6bc571d9	PER_SEED_DIRECTION_QUOTA
STOP-G03-bd58008d91fbb0c4	PAPER-HASH-c27bc4b9037071fc	PAPER-2401.01019	PAPER-2401.01019	1	BACKWARD	50	ALG=0;MECH=25;ROLE=15;AGE=10;FALS=0	AQ-004|AQ-009	SemanticScholar	S2:70e5445e9b57b14b1796686f546f073d196bb166	PER_SEED_DIRECTION_QUOTA
STOP-G03-8b0b686961fbcdc5	PAPER-HASH-c2a6a5317d82ac28	PAPER-2401.01019	PAPER-2401.01019	1	BACKWARD	75	ALG=40;MECH=25;ROLE=0;AGE=10;FALS=0	AQ-002|AQ-004|AQ-005|AQ-007|AQ-008|AQ-009|AQ-010|AQ-012	SemanticScholar	S2:aac5d6ccc663432d101039de25f0af57d8c4a625	PER_SEED_DIRECTION_QUOTA
STOP-G03-cd25ee2ef198b068	PAPER-HASH-c4c8a07e2a1c25e6	PAPER-2401.01019	PAPER-2401.01019	1	BACKWARD	75	ALG=40;MECH=25;ROLE=0;AGE=10;FALS=0	AQ-002|AQ-003|AQ-005|AQ-006|AQ-007|AQ-009|AQ-011|AQ-012	SemanticScholar	S2:b3ca8fb21ef2e12b4aba555230559d632c1e3ea3	PER_SEED_DIRECTION_QUOTA
STOP-G03-97119d63054b9675	PAPER-HASH-c5b539fa940031db	PAPER-2401.01019	PAPER-2401.01019	1	BACKWARD	65	ALG=40;MECH=25;ROLE=0;AGE=0;FALS=0	AQ-002|AQ-004|AQ-007|AQ-008|AQ-009|AQ-010|AQ-011|AQ-012	SemanticScholar	S2:5a079637a1a6136fb7b4dbf977290ad67ab26007	PER_SEED_DIRECTION_QUOTA
STOP-G03-25297891ccab25bb	PAPER-HASH-cf10aa7c0f8c038a	PAPER-2401.01019	PAPER-2401.01019	1	BACKWARD	75	ALG=40;MECH=25;ROLE=0;AGE=10;FALS=0	AQ-001|AQ-002|AQ-007|AQ-008|AQ-009|AQ-010|AQ-012	SemanticScholar	S2:51ea20dc4f688af41f9840a854d15bac49db1be6	PER_SEED_DIRECTION_QUOTA
STOP-G03-d4de0f8d81c9b98e	PAPER-HASH-d226e5338f8f0dee	PAPER-2401.01019	PAPER-2401.01019	1	BACKWARD	65	ALG=40;MECH=25;ROLE=0;AGE=0;FALS=0	AQ-002|AQ-007|AQ-008|AQ-009|AQ-010|AQ-012	SemanticScholar	S2:026cf69a787e29d19cfc394e0119ad0fcd0cdeb7	PER_SEED_DIRECTION_QUOTA
STOP-G03-db035b6a85e94062	PAPER-HASH-e536f48b65b71ff5	PAPER-2401.01019	PAPER-2401.01019	1	BACKWARD	75	ALG=40;MECH=25;ROLE=0;AGE=10;FALS=0	AQ-002|AQ-003|AQ-005|AQ-006|AQ-007|AQ-008|AQ-010|AQ-012	SemanticScholar	S2:a828fd17399d0ec9f59801e21230e7f6391757f4	PER_SEED_DIRECTION_QUOTA
STOP-G03-0174bb786add89a1	PAPER-HASH-e59039a72c7690b7	PAPER-2401.01019	PAPER-2401.01019	1	BACKWARD	75	ALG=40;MECH=25;ROLE=0;AGE=10;FALS=0	AQ-002|AQ-003|AQ-004|AQ-005|AQ-006|AQ-007|AQ-008|AQ-009|AQ-010|AQ-012	SemanticScholar	S2:e4691a03d4152a188eb53ed076bab1613bf2be3e	PER_SEED_DIRECTION_QUOTA
STOP-G03-265e752b8cc05797	PAPER-HASH-eb4705f3f21f5fb2	PAPER-2401.01019	PAPER-2401.01019	1	BACKWARD	65	ALG=40;MECH=25;ROLE=0;AGE=0;FALS=0	AQ-001|AQ-002|AQ-004|AQ-007|AQ-008|AQ-009|AQ-010|AQ-012	SemanticScholar	S2:21022d7fc407cef1e60031d7753958d0fa0b59f6	PER_SEED_DIRECTION_QUOTA
STOP-G03-72d30a5d4d3e0dbf	PAPER-HASH-eded41f646f63441	PAPER-2401.01019	PAPER-2401.01019	1	BACKWARD	65	ALG=40;MECH=25;ROLE=0;AGE=0;FALS=0	AQ-002|AQ-003|AQ-007|AQ-008|AQ-009|AQ-010|AQ-012	SemanticScholar	S2:516fcfe0f79eef018395d9d046e5cce6de080d79	PER_SEED_DIRECTION_QUOTA
STOP-G03-4de32cf18cfdb9d4	PAPER-HASH-f22a8bd920895333	PAPER-2401.01019	PAPER-2401.01019	1	BACKWARD	65	ALG=40;MECH=25;ROLE=0;AGE=0;FALS=0	AQ-002|AQ-006|AQ-007|AQ-008|AQ-009|AQ-010|AQ-012	SemanticScholar	S2:7528af5e921212f3e338951bdabf653977eabb72	PER_SEED_DIRECTION_QUOTA
STOP-G03-08df64b60a6ffe2b	PAPER-HASH-f71e783a976f82e8	PAPER-2401.01019	PAPER-2401.01019	1	BACKWARD	65	ALG=40;MECH=25;ROLE=0;AGE=0;FALS=0	AQ-002|AQ-006|AQ-009|AQ-010|AQ-012	SemanticScholar	S2:5a788b333bccbb526341f2d7f074efb81e0951f2	PER_SEED_DIRECTION_QUOTA
STOP-G03-981c1c2d90641e5f	PAPER-HASH-f7f812b89857cf94	PAPER-2401.01019	PAPER-2401.01019	1	BACKWARD	25	ALG=0;MECH=25;ROLE=0;AGE=0;FALS=0	AQ-003|AQ-004|AQ-005|AQ-006|AQ-007|AQ-008|AQ-009|AQ-010|AQ-011|AQ-012	SemanticScholar	S2:UNAVAILABLE:f7f812b89857cf94	PER_SEED_DIRECTION_QUOTA
STOP-G03-650c27b918da5ead	PAPER-2412.10789	PAPER-2401.01019	PAPER-2401.01019	1	FORWARD	65	ALG=40;MECH=25;ROLE=0;AGE=0;FALS=0	AQ-002|AQ-004|AQ-005|AQ-007|AQ-008|AQ-009|AQ-012	SemanticScholar	S2:ff299b5d492b25d2b94dede70690d51dd8146f4c	PER_SEED_DIRECTION_QUOTA
STOP-G03-d8f680ae2ede365b	PAPER-2507.04674	PAPER-2401.01019	PAPER-2401.01019	1	FORWARD	40	ALG=0;MECH=25;ROLE=15;AGE=0;FALS=0	AQ-002|AQ-004|AQ-007|AQ-008|AQ-009|AQ-012	SemanticScholar	S2:da5057aea9c10a5748a8d8f9e34c5db5a1058497	PER_SEED_DIRECTION_QUOTA
STOP-G03-20ce9fd802c64680	PAPER-2509.13891	PAPER-2401.01019	PAPER-2401.01019	1	FORWARD	25	ALG=0;MECH=25;ROLE=0;AGE=0;FALS=0	AQ-006|AQ-007|AQ-008|AQ-010|AQ-012	SemanticScholar	S2:f1e7011f499f5a0917f61615c10b6673e445033a	PER_SEED_DIRECTION_QUOTA
STOP-G03-0519781ac08ce418	PAPER-HASH-0232e71ded2b5c43	PAPER-2401.01019	PAPER-HASH-0232e71ded2b5c43	2	BACKWARD	100	ALG=40;MECH=25;ROLE=15;AGE=10;FALS=10	AQ-002|AQ-003|AQ-007|AQ-008|AQ-009|AQ-010|AQ-012	SemanticScholar	S2:1606f7d2634e593d617ee67985fbdd9915bd7190	REQUEST_RETRY_RESERVE
STOP-G03-9e8c1e4037cfb8c9	PAPER-HASH-a7f9ae72d795efba	PAPER-2401.01019	PAPER-HASH-a7f9ae72d795efba	2	FORWARD	90	ALG=40;MECH=25;ROLE=15;AGE=0;FALS=10	AQ-002|AQ-003|AQ-007|AQ-008|AQ-009|AQ-010|AQ-012	SemanticScholar	S2:50f5bb2647907972f7a23523fbb1ed88fdf0b932	REQUEST_RETRY_RESERVE
STOP-G03-0c5a46a353e8f35d	PAPER-HASH-98a67799248ca5b3	PAPER-2404.16267	PAPER-2404.16267	1	BACKWARD	0	ALG=0;MECH=0;ROLE=0;AGE=10;FALS=0	NONE	SemanticScholar	S2:a83d6476bd25c3cc1cbfb89eab245a8fa895ece8	NO_DECISION_IMPACT
STOP-G03-a57475899b74765b	PAPER-1203.6098	PAPER-2404.16267	PAPER-2404.16267	1	BACKWARD	75	ALG=40;MECH=25;ROLE=0;AGE=10;FALS=0	AQ-002|AQ-006|AQ-007|AQ-008|AQ-009|AQ-010|AQ-012	SemanticScholar	S2:c3e1cb24ab3094d65d4de02a3f5627f13030ab08	PER_SEED_DIRECTION_QUOTA
STOP-G03-a9c2e5088859a222	PAPER-1603.07796	PAPER-2404.16267	PAPER-2404.16267	1	BACKWARD	65	ALG=40;MECH=25;ROLE=0;AGE=0;FALS=0	AQ-002|AQ-006|AQ-007|AQ-008|AQ-009|AQ-010|AQ-012	SemanticScholar	S2:600b7e944f50cda19feaf15b229242184f01b96a	PER_SEED_DIRECTION_QUOTA
STOP-G03-c5815f2178d9afd1	PAPER-1903.01342	PAPER-2404.16267	PAPER-2404.16267	1	BACKWARD	65	ALG=40;MECH=25;ROLE=0;AGE=0;FALS=0	AQ-002|AQ-006|AQ-008|AQ-009|AQ-010|AQ-012	SemanticScholar	S2:ea6e1a6c078a844198667af6e3d0a84877bc1928	PER_SEED_DIRECTION_QUOTA
STOP-G03-47b57061b3eff4a9	PAPER-1906.10530	PAPER-2404.16267	PAPER-2404.16267	1	BACKWARD	25	ALG=0;MECH=25;ROLE=0;AGE=0;FALS=0	AQ-002|AQ-006|AQ-008|AQ-009|AQ-010	SemanticScholar	S2:d97a09d73fb79d5bb9a26ec25dffbfe765669175	PER_SEED_DIRECTION_QUOTA
STOP-G03-e1c9ccc741510da6	PAPER-2006.11876	PAPER-2404.16267	PAPER-2404.16267	1	BACKWARD	65	ALG=40;MECH=25;ROLE=0;AGE=0;FALS=0	AQ-002|AQ-003|AQ-005|AQ-007|AQ-008|AQ-009|AQ-010|AQ-012	SemanticScholar	S2:4a0172077e85b9f1568f643aa7a3117a907f2898	PER_SEED_DIRECTION_QUOTA
STOP-G03-a4a1161763f90733	PAPER-HASH-177449a920bf36c0	PAPER-2404.16267	PAPER-2404.16267	1	BACKWARD	75	ALG=40;MECH=25;ROLE=0;AGE=10;FALS=0	AQ-001|AQ-002|AQ-004|AQ-006|AQ-007|AQ-008|AQ-009|AQ-010|AQ-012	SemanticScholar	S2:e3f5f3c904f966921d8b9eec4477ffe98c31a431	PER_SEED_DIRECTION_QUOTA
STOP-G03-0cdc3d133c211ade	PAPER-HASH-4ede71a80e50b836	PAPER-2404.16267	PAPER-2404.16267	1	BACKWARD	65	ALG=40;MECH=25;ROLE=0;AGE=0;FALS=0	AQ-002|AQ-003|AQ-006|AQ-007|AQ-008|AQ-009|AQ-010|AQ-012	SemanticScholar	S2:9c5edba1c240602c41080866d3a4fd88e3a7bad8	PER_SEED_DIRECTION_QUOTA
STOP-G03-fc5d055b86d817f3	PAPER-HASH-50f408d862792bc6	PAPER-2404.16267	PAPER-2404.16267	1	BACKWARD	65	ALG=40;MECH=25;ROLE=0;AGE=0;FALS=0	AQ-002|AQ-007|AQ-008|AQ-009|AQ-010|AQ-011|AQ-012	SemanticScholar	S2:eddab54a2837709bbe02fcf955195eb4cb5c9b43	PER_SEED_DIRECTION_QUOTA
STOP-G03-5bb7632eb934b997	PAPER-HASH-5e1d403cbb2d1ec3	PAPER-2404.16267	PAPER-2404.16267	1	BACKWARD	65	ALG=40;MECH=25;ROLE=0;AGE=0;FALS=0	AQ-002|AQ-006|AQ-008|AQ-012	SemanticScholar	S2:9b240ad80f09bf9939e8086aa2f7f71c9ec7499b	PER_SEED_DIRECTION_QUOTA
STOP-G03-45e863679754f59a	PAPER-HASH-7f6852d2e710a440	PAPER-2404.16267	PAPER-2404.16267	1	BACKWARD	75	ALG=40;MECH=25;ROLE=0;AGE=10;FALS=0	AQ-002|AQ-003|AQ-005|AQ-008	SemanticScholar	S2:10120a123b7c21bdb5b57ef41c5ddb07bf8ffbc7	PER_SEED_DIRECTION_QUOTA
STOP-G03-9ba3d13601160222	PAPER-HASH-85838dbb67484890	PAPER-2404.16267	PAPER-2404.16267	1	BACKWARD	65	ALG=40;MECH=25;ROLE=0;AGE=0;FALS=0	AQ-002|AQ-006|AQ-007|AQ-008|AQ-009|AQ-010|AQ-012	SemanticScholar	S2:959e1cbdace0aec78b959dd16dd79a4df4a2c126	PER_SEED_DIRECTION_QUOTA
STOP-G03-56fed59e0b45bc53	PAPER-HASH-892690ae062e76d3	PAPER-2404.16267	PAPER-2404.16267	1	BACKWARD	65	ALG=40;MECH=25;ROLE=0;AGE=0;FALS=0	AQ-002|AQ-003|AQ-004|AQ-007|AQ-008|AQ-009|AQ-010|AQ-012	SemanticScholar	S2:50303f33e7aeaba370563aacaeb5d75af3a1320d	PER_SEED_DIRECTION_QUOTA
STOP-G03-f07352f5596798ae	PAPER-HASH-a68d60f95c362ee6	PAPER-2404.16267	PAPER-2404.16267	1	BACKWARD	25	ALG=0;MECH=25;ROLE=0;AGE=0;FALS=0	AQ-001|AQ-002|AQ-003|AQ-004|AQ-006|AQ-009|AQ-010	SemanticScholar	S2:2f03d84d761681f3f5f67ff4e5b10b68184f4692	PER_SEED_DIRECTION_QUOTA
STOP-G03-d4d378c65b7cb2e8	PAPER-HASH-b13fa6e058880374	PAPER-2404.16267	PAPER-2404.16267	1	BACKWARD	65	ALG=40;MECH=25;ROLE=0;AGE=0;FALS=0	AQ-002|AQ-006|AQ-007|AQ-008|AQ-009|AQ-010|AQ-012	SemanticScholar	S2:4fe1ea56d8d29c4661e2c2df660cb9daae3a462d	PER_SEED_DIRECTION_QUOTA
STOP-G03-d4ae807106b809af	PAPER-HASH-c426d1d7106c3ce8	PAPER-2404.16267	PAPER-2404.16267	1	BACKWARD	65	ALG=40;MECH=25;ROLE=0;AGE=0;FALS=0	AQ-002|AQ-003|AQ-005|AQ-007|AQ-008|AQ-009|AQ-010|AQ-012	SemanticScholar	S2:cfd056bfda5f01a6382023d0ce2e417158a8b9e3	PER_SEED_DIRECTION_QUOTA
STOP-G03-303975b9ccc8dd94	PAPER-HASH-f0ef2ab0f0674f78	PAPER-2404.16267	PAPER-2404.16267	1	BACKWARD	75	ALG=40;MECH=25;ROLE=0;AGE=10;FALS=0	AQ-002|AQ-007|AQ-008|AQ-009|AQ-010|AQ-012	SemanticScholar	S2:607c8ae7b868015ea2deb61969d7e38988de8ca1	PER_SEED_DIRECTION_QUOTA
STOP-G03-5e22ac1e39d63786	PAPER-HASH-f22a8bd920895333	PAPER-2404.16267	PAPER-2404.16267	1	BACKWARD	65	ALG=40;MECH=25;ROLE=0;AGE=0;FALS=0	AQ-002|AQ-006|AQ-007|AQ-008|AQ-009|AQ-010|AQ-012	SemanticScholar	S2:7528af5e921212f3e338951bdabf653977eabb72	PER_SEED_DIRECTION_QUOTA
STOP-G03-9b33441a2c7438e8	PAPER-HASH-f54a86cc47a88fe3	PAPER-2404.16267	PAPER-2404.16267	1	BACKWARD	40	ALG=0;MECH=25;ROLE=15;AGE=0;FALS=0	AQ-002|AQ-006|AQ-009|AQ-011	SemanticScholar	S2:UNAVAILABLE:f54a86cc47a88fe3	PER_SEED_DIRECTION_QUOTA
STOP-G03-10638277800fd7a1	PAPER-2501.00417	PAPER-2404.16267	PAPER-2404.16267	1	FORWARD	65	ALG=40;MECH=25;ROLE=0;AGE=0;FALS=0	AQ-002|AQ-003|AQ-005|AQ-007|AQ-009|AQ-010|AQ-011|AQ-012	SemanticScholar	S2:05779ae65d7a2b47a859c62c5488552c766bbb33	PER_SEED_DIRECTION_QUOTA
STOP-G03-626a135f5d5e4635	PAPER-HASH-c7429a4e66aefd0a	PAPER-2404.16267	PAPER-2404.16267	1	FORWARD	25	ALG=0;MECH=25;ROLE=0;AGE=0;FALS=0	AQ-011	SemanticScholar	S2:904db2d0e4bb5669fd56afb376f63ac8b4507e70	PER_SEED_DIRECTION_QUOTA
STOP-G03-7735dff153dd322c	PAPER-HASH-ab142af809564673	PAPER-2404.16267	PAPER-HASH-ab142af809564673	2	BACKWARD	75	ALG=40;MECH=25;ROLE=0;AGE=10;FALS=0	AQ-003|AQ-007|AQ-011|AQ-012	SemanticScholar	S2:10d6778bc45aebcd58d336b4062b935861d2fe8a	REQUEST_RETRY_RESERVE
STOP-G03-a72de875d3df4501	PAPER-2510.08010	PAPER-2404.16267	PAPER-2510.08010	2	FORWARD	65	ALG=40;MECH=25;ROLE=0;AGE=0;FALS=0	AQ-002|AQ-004|AQ-005|AQ-007|AQ-008|AQ-009|AQ-010|AQ-011|AQ-012	SemanticScholar	S2:ea9b1e80d3195b9096a8b85436f14c8570ab536b	REQUEST_RETRY_RESERVE
STOP-G03-7e0f8d148ccedc98	PAPER-1504.04044	PAPER-2412.07729	PAPER-2412.07729	1	BACKWARD	0	ALG=0;MECH=0;ROLE=0;AGE=0;FALS=0	NONE	SemanticScholar	S2:1135b3bf28238efb284255924199523b46f93d14	NO_DECISION_IMPACT
STOP-G03-6a815a8eb2884d9f	PAPER-1612.02503	PAPER-2412.07729	PAPER-2412.07729	1	BACKWARD	0	ALG=0;MECH=0;ROLE=0;AGE=0;FALS=0	NONE	SemanticScholar	S2:f7cf2be382a198d7d76aaa828e1d08e92f466f4f	NO_DECISION_IMPACT
STOP-G03-2763347414b144ff	PAPER-HASH-2a10731573c9cb43	PAPER-2412.07729	PAPER-2412.07729	1	BACKWARD	0	ALG=0;MECH=0;ROLE=0;AGE=0;FALS=0	NONE	SemanticScholar	S2:fa77a44f3f1857361a50c3137d623c35ef8a5739	NO_DECISION_IMPACT
STOP-G03-8a72e384b6aeb541	PAPER-HASH-7a99e5ab92c4d21c	PAPER-2412.07729	PAPER-2412.07729	1	BACKWARD	0	ALG=0;MECH=0;ROLE=0;AGE=0;FALS=0	NONE	SemanticScholar	S2:UNAVAILABLE:7a99e5ab92c4d21c	NO_DECISION_IMPACT
STOP-G03-91b4585b92adf18b	PAPER-HASH-9e58d0047149b1aa	PAPER-2412.07729	PAPER-2412.07729	1	BACKWARD	0	ALG=0;MECH=0;ROLE=0;AGE=10;FALS=0	NONE	SemanticScholar	S2:d351ae5bc75b126d8a5487f3d50f174733a8af8c	NO_DECISION_IMPACT
STOP-G03-d18aa2916701e271	PAPER-HASH-a38a62e17e62cd1f	PAPER-2412.07729	PAPER-2412.07729	1	BACKWARD	0	ALG=0;MECH=0;ROLE=15;AGE=0;FALS=0	NONE	SemanticScholar	S2:11b3c3226a26af73e930e3080ec0a928a61aede0	NO_DECISION_IMPACT
STOP-G03-b0832f8536e1dedd	PAPER-HASH-f2db5ab94999f7c2	PAPER-2412.07729	PAPER-2412.07729	1	BACKWARD	0	ALG=0;MECH=0;ROLE=0;AGE=10;FALS=0	NONE	SemanticScholar	S2:UNAVAILABLE:f2db5ab94999f7c2	NO_DECISION_IMPACT
STOP-G03-beeeb05ccbc3dd17	PAPER-1210.0481	PAPER-2412.07729	PAPER-2412.07729	1	BACKWARD	75	ALG=40;MECH=25;ROLE=0;AGE=10;FALS=0	AQ-005|AQ-007|AQ-008|AQ-010|AQ-011|AQ-012	SemanticScholar	S2:eaed7286bba82a3adc56dc17623d82cebe4b34c6	PER_SEED_DIRECTION_QUOTA
STOP-G03-469c52fb13cfc18a	PAPER-1212.6857	PAPER-2412.07729	PAPER-2412.07729	1	BACKWARD	75	ALG=40;MECH=25;ROLE=0;AGE=10;FALS=0	AQ-003|AQ-008	SemanticScholar	S2:6225e79d804a3658462ae41115d4d31143c4ae6f	PER_SEED_DIRECTION_QUOTA
STOP-G03-f474693a698d542e	PAPER-1307.0441	PAPER-2412.07729	PAPER-2412.07729	1	BACKWARD	35	ALG=0;MECH=25;ROLE=0;AGE=10;FALS=0	AQ-001|AQ-005|AQ-006|AQ-007|AQ-008|AQ-009|AQ-011|AQ-012	SemanticScholar	S2:1c918798bbfd2caa2335c5cd9f15c08e56ed2cde	PER_SEED_DIRECTION_QUOTA
STOP-G03-0cf03d23e2a9e8b0	PAPER-1310.3314	PAPER-2412.07729	PAPER-2412.07729	1	BACKWARD	75	ALG=40;MECH=25;ROLE=0;AGE=10;FALS=0	AQ-005|AQ-007|AQ-008	SemanticScholar	S2:97fe4f19b3074756214e3d7cc03f5b40a2a48cf2	PER_SEED_DIRECTION_QUOTA
STOP-G03-156e78162628fa4e	PAPER-1401.1872	PAPER-2412.07729	PAPER-2412.07729	1	BACKWARD	35	ALG=0;MECH=25;ROLE=0;AGE=10;FALS=0	AQ-007|AQ-008|AQ-010|AQ-011	SemanticScholar	S2:f954aa0a19edc0a82aed917ea7379aceeb576981	PER_SEED_DIRECTION_QUOTA
STOP-G03-89c9745eceea3f9f	PAPER-1610.06264	PAPER-2412.07729	PAPER-2412.07729	1	BACKWARD	25	ALG=0;MECH=25;ROLE=0;AGE=0;FALS=0	AQ-001|AQ-009|AQ-011	SemanticScholar	S2:59f1df2f60280eea79d195b9c561d52a77fb24de	PER_SEED_DIRECTION_QUOTA
STOP-G03-438aa9fd5a041cf4	PAPER-1708.00363	PAPER-2412.07729	PAPER-2412.07729	1	BACKWARD	25	ALG=0;MECH=25;ROLE=0;AGE=0;FALS=0	AQ-009	SemanticScholar	S2:acc813b2636724749fb88b978a64b885da047f8d	PER_SEED_DIRECTION_QUOTA
STOP-G03-aa4f74db489ac4af	PAPER-1803.09930	PAPER-2412.07729	PAPER-2412.07729	1	BACKWARD	65	ALG=40;MECH=25;ROLE=0;AGE=0;FALS=0	AQ-003|AQ-004|AQ-005|AQ-007|AQ-008|AQ-009|AQ-010|AQ-011|AQ-012	SemanticScholar	S2:1d981f42a9bee13b211efba45a557bd8437686b4	PER_SEED_DIRECTION_QUOTA
STOP-G03-0b72b9e467264d30	PAPER-1808.07767	PAPER-2412.07729	PAPER-2412.07729	1	BACKWARD	65	ALG=40;MECH=25;ROLE=0;AGE=0;FALS=0	AQ-003|AQ-008|AQ-010	SemanticScholar	S2:fed04a81fad02211203bc8b6d6e2682bea652fec	PER_SEED_DIRECTION_QUOTA
STOP-G03-f8b62f509c3055c7	PAPER-1902.02698	PAPER-2412.07729	PAPER-2412.07729	1	BACKWARD	65	ALG=40;MECH=25;ROLE=0;AGE=0;FALS=0	AQ-002|AQ-003|AQ-004|AQ-005|AQ-007|AQ-008|AQ-009|AQ-011|AQ-012	SemanticScholar	S2:29fda1ec7785ea03dc04af7221b40b5712e861fc	PER_SEED_DIRECTION_QUOTA
STOP-G03-047faf811edae06f	PAPER-1903.00226	PAPER-2412.07729	PAPER-2412.07729	1	BACKWARD	25	ALG=0;MECH=25;ROLE=0;AGE=0;FALS=0	AQ-011|AQ-012	SemanticScholar	S2:9987c5b3239bd00c5782215be134509371ebae3b	PER_SEED_DIRECTION_QUOTA
STOP-G03-858e382e20be67f2	PAPER-1903.09717	PAPER-2412.07729	PAPER-2412.07729	1	BACKWARD	65	ALG=40;MECH=25;ROLE=0;AGE=0;FALS=0	AQ-003|AQ-005|AQ-007|AQ-008	SemanticScholar	S2:f295c583c977c87849119fee9580ab613f72c3f7	PER_SEED_DIRECTION_QUOTA
STOP-G03-6e89c8498e605e94	PAPER-1904.00850	PAPER-2412.07729	PAPER-2412.07729	1	BACKWARD	65	ALG=40;MECH=25;ROLE=0;AGE=0;FALS=0	AQ-002|AQ-003|AQ-007|AQ-008|AQ-009|AQ-010|AQ-011|AQ-012	SemanticScholar	S2:2efda5c4c94a0ee871d4209629d1f857db9db500	PER_SEED_DIRECTION_QUOTA
STOP-G03-2a73176b04faf361	PAPER-1907.01988	PAPER-2412.07729	PAPER-2412.07729	1	BACKWARD	40	ALG=0;MECH=25;ROLE=15;AGE=0;FALS=0	AQ-002|AQ-006|AQ-007|AQ-008|AQ-009|AQ-010	SemanticScholar	S2:a36953b565c3afff2b6ea7de479262fbdf30056e	PER_SEED_DIRECTION_QUOTA
STOP-G03-f0e9e41f49f32fd9	PAPER-1911.05582	PAPER-2412.07729	PAPER-2412.07729	1	BACKWARD	65	ALG=40;MECH=25;ROLE=0;AGE=0;FALS=0	AQ-002|AQ-004|AQ-005|AQ-007|AQ-008|AQ-009|AQ-010|AQ-012	SemanticScholar	S2:d5975979ad3ab536799ba3433afb472cba7797b3	PER_SEED_DIRECTION_QUOTA
STOP-G03-2dfdd42eeb8c65fb	PAPER-1912.10704	PAPER-2412.07729	PAPER-2412.07729	1	BACKWARD	65	ALG=40;MECH=25;ROLE=0;AGE=0;FALS=0	AQ-001|AQ-002|AQ-004|AQ-005|AQ-006|AQ-008|AQ-009|AQ-012	SemanticScholar	S2:d2a46eff62339ecf8c16f265004074bc88f32fab	PER_SEED_DIRECTION_QUOTA
STOP-G03-cce0c64f4e22de00	PAPER-2002.12459	PAPER-2412.07729	PAPER-2412.07729	1	BACKWARD	80	ALG=40;MECH=25;ROLE=15;AGE=0;FALS=0	AQ-002|AQ-005|AQ-007|AQ-008|AQ-009|AQ-011	SemanticScholar	S2:20075273f08baa4c731bb7b576603327e0c9292b	PER_SEED_DIRECTION_QUOTA
STOP-G03-94f9e82368bb4e58	PAPER-2003.01075	PAPER-2412.07729	PAPER-2412.07729	1	BACKWARD	65	ALG=40;MECH=25;ROLE=0;AGE=0;FALS=0	AQ-002|AQ-003|AQ-005|AQ-007|AQ-008|AQ-009|AQ-010|AQ-011|AQ-012	SemanticScholar	S2:eff753061dc30a936bef0d931003010c8c173f3f	PER_SEED_DIRECTION_QUOTA
STOP-G03-9eb260eda6e3d1ba	PAPER-2010.08042	PAPER-2412.07729	PAPER-2412.07729	1	BACKWARD	65	ALG=40;MECH=25;ROLE=0;AGE=0;FALS=0	AQ-002|AQ-005|AQ-007|AQ-008|AQ-009|AQ-012	SemanticScholar	S2:e7e35f8e2d6ab86dbfae0e12493dafccae67c045	PER_SEED_DIRECTION_QUOTA
STOP-G03-2a65ba3dfe2ff948	PAPER-2012.11965	PAPER-2412.07729	PAPER-2412.07729	1	BACKWARD	65	ALG=40;MECH=25;ROLE=0;AGE=0;FALS=0	AQ-001|AQ-002|AQ-004|AQ-007|AQ-008|AQ-009|AQ-010|AQ-012	SemanticScholar	S2:9e0cfb5049a83dc665cea8c248bb3b842ce127d0	PER_SEED_DIRECTION_QUOTA
STOP-G03-cc95e5cf88e4194c	PAPER-2101.01945	PAPER-2412.07729	PAPER-2412.07729	1	BACKWARD	65	ALG=40;MECH=25;ROLE=0;AGE=0;FALS=0	AQ-003|AQ-008	SemanticScholar	S2:4aa260a562bbf5f272e418d72d44e250313e7d98	PER_SEED_DIRECTION_QUOTA
STOP-G03-df359f853177b321	PAPER-2101.12158	PAPER-2412.07729	PAPER-2412.07729	1	BACKWARD	65	ALG=40;MECH=25;ROLE=0;AGE=0;FALS=0	AQ-002|AQ-005|AQ-007|AQ-008|AQ-009|AQ-012	SemanticScholar	S2:ac0c251b660fbf5cd60a9812ed42537bbe5d11ce	PER_SEED_DIRECTION_QUOTA
STOP-G03-9a719c66144b12ee	PAPER-2112.06217	PAPER-2412.07729	PAPER-2412.07729	1	BACKWARD	25	ALG=0;MECH=25;ROLE=0;AGE=0;FALS=0	AQ-007	SemanticScholar	S2:d4408e4e99c74913c7bf4b7a0aacf5bf67557c96	PER_SEED_DIRECTION_QUOTA
STOP-G03-299fb4de4a2c6eaa	PAPER-2206.09032	PAPER-2412.07729	PAPER-2412.07729	1	BACKWARD	25	ALG=0;MECH=25;ROLE=0;AGE=0;FALS=0	AQ-001	SemanticScholar	S2:1b614fc84679db76224863ae4812850107aaaf4b	PER_SEED_DIRECTION_QUOTA
STOP-G03-4784cae68edf14ba	PAPER-2212.07720	PAPER-2412.07729	PAPER-2412.07729	1	BACKWARD	65	ALG=40;MECH=25;ROLE=0;AGE=0;FALS=0	AQ-003|AQ-008	SemanticScholar	S2:fced633b4a5cee7d3144edec3d80deee95a80c54	PER_SEED_DIRECTION_QUOTA
STOP-G03-82425e250ebc733b	PAPER-2304.06221	PAPER-2412.07729	PAPER-2412.07729	1	BACKWARD	25	ALG=0;MECH=25;ROLE=0;AGE=0;FALS=0	AQ-001|AQ-006|AQ-008|AQ-009|AQ-010	SemanticScholar	S2:49aa06cbbf97f9cd8ae29eb6bcf14e6779cdcc2a	PER_SEED_DIRECTION_QUOTA
STOP-G03-3e29e9309a3b6494	PAPER-2304.06232	PAPER-2412.07729	PAPER-2412.07729	1	BACKWARD	75	ALG=40;MECH=25;ROLE=0;AGE=0;FALS=10	AQ-001|AQ-003|AQ-008|AQ-009|AQ-011|AQ-012	SemanticScholar	S2:3e545f47a1c25f2d7f7e092f3a2ee7a28d11f810	PER_SEED_DIRECTION_QUOTA
STOP-G03-a6450fedecf5dedc	PAPER-2307.07970	PAPER-2412.07729	PAPER-2412.07729	1	BACKWARD	25	ALG=0;MECH=25;ROLE=0;AGE=0;FALS=0	AQ-002|AQ-003|AQ-005|AQ-007|AQ-008|AQ-009|AQ-010|AQ-011|AQ-012	SemanticScholar	S2:f61a233233a9769145ba4bde4a0cb50848f64197	PER_SEED_DIRECTION_QUOTA
STOP-G03-f4f5b9979e7482c7	PAPER-2309.06317	PAPER-2412.07729	PAPER-2412.07729	1	BACKWARD	25	ALG=0;MECH=25;ROLE=0;AGE=0;FALS=0	AQ-002|AQ-005|AQ-006|AQ-007|AQ-008|AQ-009|AQ-010|AQ-011	SemanticScholar	S2:fcf1d92012551414ab298ec58395775b764aed42	PER_SEED_DIRECTION_QUOTA
STOP-G03-b22b6daccfe1f100	PAPER-2310.00731	PAPER-2412.07729	PAPER-2412.07729	1	BACKWARD	65	ALG=40;MECH=25;ROLE=0;AGE=0;FALS=0	AQ-002|AQ-003|AQ-004|AQ-005|AQ-006|AQ-007|AQ-008|AQ-009|AQ-010|AQ-011|AQ-012	SemanticScholar	S2:e2ecf21acbe5d79aa526d7fc3bc3e11927c5fe57	PER_SEED_DIRECTION_QUOTA
STOP-G03-c52cac75305dca48	PAPER-2406.05536	PAPER-2412.07729	PAPER-2412.07729	1	BACKWARD	65	ALG=40;MECH=25;ROLE=0;AGE=0;FALS=0	AQ-003|AQ-005|AQ-007|AQ-008|AQ-011	SemanticScholar	S2:4567e9065b423799987229e2b9df86088f6acf83	PER_SEED_DIRECTION_QUOTA
STOP-G03-fe3dcbd680f84c65	PAPER-2406.07847	PAPER-2412.07729	PAPER-2412.07729	1	BACKWARD	80	ALG=40;MECH=25;ROLE=15;AGE=0;FALS=0	AQ-003|AQ-005|AQ-007|AQ-008	SemanticScholar	S2:380b3fc4feeebc4f0ef8cf4fb9bef65037ca1873	PER_SEED_DIRECTION_QUOTA
STOP-G03-a38e1af6d06b722f	PAPER-HASH-066b7acedac5b8ee	PAPER-2412.07729	PAPER-2412.07729	1	BACKWARD	65	ALG=40;MECH=25;ROLE=0;AGE=0;FALS=0	AQ-001|AQ-003|AQ-004|AQ-008	SemanticScholar	S2:0fb8e8489315775267b6e60a5c886d5eb9dcfd7f	PER_SEED_DIRECTION_QUOTA
STOP-G03-5410b2357b185244	PAPER-HASH-086cca386d7099c0	PAPER-2412.07729	PAPER-2412.07729	1	BACKWARD	25	ALG=0;MECH=25;ROLE=0;AGE=0;FALS=0	AQ-001|AQ-002|AQ-003|AQ-004|AQ-007|AQ-008|AQ-009|AQ-010|AQ-011|AQ-012	SemanticScholar	S2:ee3552fca0d107fb574aaa409d5ad1064d159265	PER_SEED_DIRECTION_QUOTA
STOP-G03-f2ce72f9aefa02df	PAPER-HASH-0be76b639cda55ce	PAPER-2412.07729	PAPER-2412.07729	1	BACKWARD	65	ALG=40;MECH=25;ROLE=0;AGE=0;FALS=0	AQ-002|AQ-003|AQ-007|AQ-008|AQ-009|AQ-010|AQ-012	SemanticScholar	S2:38f2d11df822ec38c544d639c1e94c377678485f	PER_SEED_DIRECTION_QUOTA
STOP-G03-35d9da9cfca880fd	PAPER-HASH-18bbc0e003b382cf	PAPER-2412.07729	PAPER-2412.07729	1	BACKWARD	75	ALG=40;MECH=25;ROLE=0;AGE=10;FALS=0	AQ-002|AQ-005|AQ-006|AQ-007|AQ-008|AQ-009|AQ-011	SemanticScholar	S2:9bfe266c9e401a06a5826953b2a2373adc87739e	PER_SEED_DIRECTION_QUOTA
STOP-G03-4f396f5e040f0469	PAPER-HASH-18c43f380f553d27	PAPER-2412.07729	PAPER-2412.07729	1	BACKWARD	75	ALG=40;MECH=25;ROLE=0;AGE=10;FALS=0	AQ-003|AQ-008	SemanticScholar	S2:a4c35ec7fd94bb03897da3cad6151436dd179361	PER_SEED_DIRECTION_QUOTA
STOP-G03-dea02e49415cebc1	PAPER-HASH-18d20f668ca6d301	PAPER-2412.07729	PAPER-2412.07729	1	BACKWARD	35	ALG=0;MECH=25;ROLE=0;AGE=10;FALS=0	AQ-001|AQ-009|AQ-011	SemanticScholar	S2:fe0b45175713c4637486956f63f9234685a88c1c	PER_SEED_DIRECTION_QUOTA
STOP-G03-b140ea0998c27e96	PAPER-HASH-313e1729f810002d	PAPER-2412.07729	PAPER-2412.07729	1	BACKWARD	25	ALG=0;MECH=25;ROLE=0;AGE=0;FALS=0	AQ-007|AQ-008|AQ-010|AQ-011|AQ-012	SemanticScholar	S2:e2b36b6bccf770077d9ee072a712f3cd216fe081	PER_SEED_DIRECTION_QUOTA
STOP-G03-caec6d7457ac84ca	PAPER-HASH-491d156b2c71f3b6	PAPER-2412.07729	PAPER-2412.07729	1	BACKWARD	65	ALG=40;MECH=25;ROLE=0;AGE=0;FALS=0	AQ-003|AQ-006|AQ-008	SemanticScholar	S2:40c2d385cf38c34bf503f062216eed38f38eddb6	PER_SEED_DIRECTION_QUOTA
STOP-G03-c4372bbe5b565725	PAPER-HASH-5585d9182a88b12b	PAPER-2412.07729	PAPER-2412.07729	1	BACKWARD	65	ALG=40;MECH=25;ROLE=0;AGE=0;FALS=0	AQ-003|AQ-005|AQ-007|AQ-008	SemanticScholar	S2:db72007b8dee71bb8c261f14a098c9e9ff9fc6f7	PER_SEED_DIRECTION_QUOTA
STOP-G03-9f2bbd9b55aae228	PAPER-HASH-594eb362ac92cbf7	PAPER-2412.07729	PAPER-2412.07729	1	BACKWARD	65	ALG=40;MECH=25;ROLE=0;AGE=0;FALS=0	AQ-002|AQ-005|AQ-007|AQ-008|AQ-009|AQ-011	SemanticScholar	S2:fdbb15186c7688b28e200ccb84d0333b07d52630	PER_SEED_DIRECTION_QUOTA
STOP-G03-7c3d54acb7e1d869	PAPER-HASH-5ab66cc4653d7c59	PAPER-2412.07729	PAPER-2412.07729	1	BACKWARD	65	ALG=40;MECH=25;ROLE=0;AGE=0;FALS=0	AQ-003|AQ-008	SemanticScholar	S2:0600153a398f713513b683ff6298490428ebfe48	PER_SEED_DIRECTION_QUOTA
STOP-G03-6e9b3c50206aaf1e	PAPER-HASH-5c47b951ff0f9dd8	PAPER-2412.07729	PAPER-2412.07729	1	BACKWARD	65	ALG=40;MECH=25;ROLE=0;AGE=0;FALS=0	AQ-002|AQ-003|AQ-004|AQ-008|AQ-009|AQ-012	SemanticScholar	S2:09706b918742dd7ef4ddf6727a5430adde5283d0	PER_SEED_DIRECTION_QUOTA
STOP-G03-89c117f9bbcb93e9	PAPER-HASH-65f8d18ceabd3b27	PAPER-2412.07729	PAPER-2412.07729	1	BACKWARD	25	ALG=0;MECH=25;ROLE=0;AGE=0;FALS=0	AQ-001|AQ-007|AQ-012	SemanticScholar	S2:c06d45cf7e34884261ca3bc13c1856a7adcf852e	PER_SEED_DIRECTION_QUOTA
STOP-G03-c9ba26fcd7607a39	PAPER-HASH-667a6c36ac1354bf	PAPER-2412.07729	PAPER-2412.07729	1	BACKWARD	35	ALG=0;MECH=25;ROLE=0;AGE=10;FALS=0	AQ-001|AQ-009|AQ-011	SemanticScholar	S2:148edd9ac0ed0485f14f470949f64a9d92cbbc10	PER_SEED_DIRECTION_QUOTA
STOP-G03-3a8f5bb6f06f6b1f	PAPER-HASH-707ad186f41fc274	PAPER-2412.07729	PAPER-2412.07729	1	BACKWARD	25	ALG=0;MECH=25;ROLE=0;AGE=0;FALS=0	AQ-002|AQ-006|AQ-008|AQ-009|AQ-010|AQ-012	SemanticScholar	S2:51f4570247ccc104faee0f66f92de2a0e3b82440	PER_SEED_DIRECTION_QUOTA
STOP-G03-7110d53f1390638f	PAPER-HASH-7404a5316bf4bda1	PAPER-2412.07729	PAPER-2412.07729	1	BACKWARD	25	ALG=0;MECH=25;ROLE=0;AGE=0;FALS=0	AQ-001|AQ-002|AQ-003|AQ-008|AQ-009|AQ-011	SemanticScholar	S2:61c931d50f3e32f70abf1bccddf2479212dd2fde	PER_SEED_DIRECTION_QUOTA
STOP-G03-67ff5a2bf93f9246	PAPER-HASH-7574b7237ffa0390	PAPER-2412.07729	PAPER-2412.07729	1	BACKWARD	65	ALG=40;MECH=25;ROLE=0;AGE=0;FALS=0	AQ-001|AQ-003|AQ-008|AQ-009|AQ-011	SemanticScholar	S2:2c3eef2f17369912e330281d54b535675077e4ca	PER_SEED_DIRECTION_QUOTA
STOP-G03-20af9ede3701cc97	PAPER-HASH-7656ff1931f79378	PAPER-2412.07729	PAPER-2412.07729	1	BACKWARD	65	ALG=40;MECH=25;ROLE=0;AGE=0;FALS=0	AQ-003|AQ-006|AQ-008	SemanticScholar	S2:aa8252657e5e53d1c19eb4fff538bd131aa56460	PER_SEED_DIRECTION_QUOTA
STOP-G03-223678017b6db795	PAPER-HASH-76e709744254c2c6	PAPER-2412.07729	PAPER-2412.07729	1	BACKWARD	65	ALG=40;MECH=25;ROLE=0;AGE=0;FALS=0	AQ-007|AQ-011|AQ-012	SemanticScholar	S2:7c70459d56214a7a3202732670f5ce726508eff6	PER_SEED_DIRECTION_QUOTA
STOP-G03-93a52944f708d9be	PAPER-HASH-9025831b757b2e85	PAPER-2412.07729	PAPER-2412.07729	1	BACKWARD	25	ALG=0;MECH=25;ROLE=0;AGE=0;FALS=0	AQ-001|AQ-009|AQ-011	SemanticScholar	S2:6ea38aacc779506909d425aa19114b92bb1854f8	PER_SEED_DIRECTION_QUOTA
STOP-G03-119ae1d2fe016c68	PAPER-HASH-a5a52a1a18d136b4	PAPER-2412.07729	PAPER-2412.07729	1	BACKWARD	35	ALG=0;MECH=25;ROLE=0;AGE=10;FALS=0	AQ-001|AQ-009|AQ-011	SemanticScholar	S2:6e5a8ca9222c562a9477f757db412a592b9bc4bc	PER_SEED_DIRECTION_QUOTA
STOP-G03-2a04b009fd27283d	PAPER-HASH-b0fb2447720522e6	PAPER-2412.07729	PAPER-2412.07729	1	BACKWARD	75	ALG=40;MECH=25;ROLE=0;AGE=10;FALS=0	AQ-005|AQ-008	SemanticScholar	S2:94d6f3cf955b46345fef62b827e09da086b852d2	PER_SEED_DIRECTION_QUOTA
STOP-G03-586e387c15cb5bcc	PAPER-HASH-d96d1f5f4517eb8f	PAPER-2412.07729	PAPER-2412.07729	1	BACKWARD	35	ALG=0;MECH=25;ROLE=0;AGE=10;FALS=0	AQ-001|AQ-009|AQ-011	SemanticScholar	S2:142076521067f39aa0f2b86a01150561257c4ec5	PER_SEED_DIRECTION_QUOTA
STOP-G03-dfce6756415f1649	PAPER-HASH-de3b70ccf41f552e	PAPER-2412.07729	PAPER-2412.07729	1	BACKWARD	65	ALG=40;MECH=25;ROLE=0;AGE=0;FALS=0	AQ-001|AQ-002|AQ-004|AQ-005|AQ-006|AQ-008|AQ-009|AQ-012	SemanticScholar	S2:4ce3e861cbf76a6f8f28bd0fbceb31296962c5e0	PER_SEED_DIRECTION_QUOTA
STOP-G03-787f3ea6f5b278b4	PAPER-HASH-dfbbb7559ec62ad7	PAPER-2412.07729	PAPER-2412.07729	1	BACKWARD	75	ALG=40;MECH=25;ROLE=0;AGE=10;FALS=0	AQ-001|AQ-003|AQ-008|AQ-012	SemanticScholar	S2:c9ab61e1f6dd9262985682ee7f89f362d814f78a	PER_SEED_DIRECTION_QUOTA
STOP-G03-e3082f0103f94f7e	PAPER-HASH-e0c6d69f70c616f9	PAPER-2412.07729	PAPER-2412.07729	1	BACKWARD	75	ALG=40;MECH=25;ROLE=0;AGE=10;FALS=0	AQ-001|AQ-003|AQ-007|AQ-008|AQ-011|AQ-012	SemanticScholar	S2:4f993ba5db62053b259cd3f3be545fb8d7184b0f	PER_SEED_DIRECTION_QUOTA
STOP-G03-898d89438cef7a33	PAPER-HASH-e5b660f3a8ba9369	PAPER-2412.07729	PAPER-2412.07729	1	BACKWARD	75	ALG=40;MECH=25;ROLE=0;AGE=10;FALS=0	AQ-002|AQ-003|AQ-006|AQ-008|AQ-009|AQ-010|AQ-012	SemanticScholar	S2:8a5e2a1b3f211b0cabb68e81c0cad444b5cab0a5	PER_SEED_DIRECTION_QUOTA
STOP-G03-9b9139c73d894ef9	PAPER-HASH-ea7c06fc2ff131a9	PAPER-2412.07729	PAPER-2412.07729	1	BACKWARD	75	ALG=40;MECH=25;ROLE=0;AGE=10;FALS=0	AQ-001|AQ-003|AQ-004|AQ-008|AQ-009|AQ-011	SemanticScholar	S2:10287acfb08806de28881919978a3da673584b69	PER_SEED_DIRECTION_QUOTA
STOP-G03-d7e2b3e0a984a7b9	PAPER-HASH-ef62c47c8007af40	PAPER-2412.07729	PAPER-2412.07729	1	BACKWARD	65	ALG=40;MECH=25;ROLE=0;AGE=0;FALS=0	AQ-005|AQ-007|AQ-008|AQ-009	SemanticScholar	S2:30afaf0b5d6edd63c67346bba077da17992e8fcd	PER_SEED_DIRECTION_QUOTA
STOP-G03-2adf5f9da163e4d2	PAPER-HASH-ef7f40ba76846e94	PAPER-2412.07729	PAPER-2412.07729	1	BACKWARD	25	ALG=0;MECH=25;ROLE=0;AGE=0;FALS=0	AQ-006|AQ-011|AQ-012	SemanticScholar	S2:9be1ed329e94218fe892550f1271f8e9cba6b669	PER_SEED_DIRECTION_QUOTA
STOP-G03-74d2988ca955384f	PAPER-HASH-f05a2e71ca334f52	PAPER-2412.07729	PAPER-2412.07729	1	BACKWARD	65	ALG=40;MECH=25;ROLE=0;AGE=0;FALS=0	AQ-003|AQ-007|AQ-011|AQ-012	SemanticScholar	S2:a6b9bf6179c249dcc5f1436e13b6ad37dbf1a774	PER_SEED_DIRECTION_QUOTA
STOP-G03-d9cfe5619372a0d8	PAPER-HASH-f2be886185983e29	PAPER-2412.07729	PAPER-2412.07729	1	BACKWARD	25	ALG=0;MECH=25;ROLE=0;AGE=0;FALS=0	AQ-002|AQ-005|AQ-007|AQ-008|AQ-009|AQ-010|AQ-011	SemanticScholar	S2:6476059d2e78941192df919fbdc214d048336f38	PER_SEED_DIRECTION_QUOTA
STOP-G03-f8931024f8139f2a	PAPER-HASH-fc8987a55f0cbcb3	PAPER-2412.07729	PAPER-2412.07729	1	BACKWARD	25	ALG=0;MECH=25;ROLE=0;AGE=0;FALS=0	AQ-006|AQ-007|AQ-008|AQ-010	SemanticScholar	S2:cf23c64e2b42da785ecb50c1e6a1791e05a68fc3	PER_SEED_DIRECTION_QUOTA
STOP-G03-903972d5b3adc12d	PAPER-HASH-380e8b8a15a377e8	PAPER-2412.07729	PAPER-2412.07729	1	FORWARD	0	ALG=0;MECH=0;ROLE=0;AGE=0;FALS=0	NONE	SemanticScholar	S2:7c920a5dc1204e3bd8766c31efb7750c4bfafa20	NO_DECISION_IMPACT
STOP-G03-3795d864bec07062	PAPER-HASH-a86a6676a8be12e6	PAPER-2412.07729	PAPER-HASH-a86a6676a8be12e6	2	BACKWARD	80	ALG=40;MECH=25;ROLE=15;AGE=0;FALS=0	AQ-002|AQ-003|AQ-008|AQ-012	SemanticScholar	S2:6f6f51d257e7370ce6ed6d1c618404b1789c472d	REQUEST_RETRY_RESERVE
STOP-G03-8bd31d0fe4daf387	PAPER-2509.20204	PAPER-2412.07729	PAPER-2509.20204	2	FORWARD	80	ALG=40;MECH=25;ROLE=15;AGE=0;FALS=0	AQ-003|AQ-005|AQ-007|AQ-008	SemanticScholar	S2:5ce5e1ca4310b92086f5b89983140479552644b3	REQUEST_RETRY_RESERVE
STOP-G03-f7a5ec176a3e1fc3	PAPER-HASH-db3b99d75e90ee60	PAPER-2503.00430	PAPER-2503.00430	1	BACKWARD	0	ALG=0;MECH=0;ROLE=0;AGE=10;FALS=0	NONE	SemanticScholar	S2:UNAVAILABLE:db3b99d75e90ee60	NO_DECISION_IMPACT
STOP-G03-0268951930d7f435	PAPER-1501.05387	PAPER-2503.00430	PAPER-2503.00430	1	BACKWARD	35	ALG=0;MECH=25;ROLE=0;AGE=10;FALS=0	AQ-008|AQ-010|AQ-011	SemanticScholar	S2:923da3bc69c6ed6a2b0b155b6cd759ede373d933	PER_SEED_DIRECTION_QUOTA
STOP-G03-a2bfe8ad5c551d39	PAPER-2303.04934	PAPER-2503.00430	PAPER-2503.00430	1	BACKWARD	65	ALG=40;MECH=25;ROLE=0;AGE=0;FALS=0	AQ-003|AQ-004|AQ-008|AQ-009|AQ-011|AQ-012	SemanticScholar	S2:fb740ebcdbda7094e7eed37f33ee3aa4b6a18ecb	PER_SEED_DIRECTION_QUOTA
STOP-G03-dc833d70e2a5949b	PAPER-HASH-2c44fed4d4757e69	PAPER-2503.00430	PAPER-2503.00430	1	BACKWARD	50	ALG=0;MECH=25;ROLE=15;AGE=10;FALS=0	AQ-003|AQ-008|AQ-010|AQ-011	SemanticScholar	S2:UNAVAILABLE:2c44fed4d4757e69	PER_SEED_DIRECTION_QUOTA
STOP-G03-ab5e3e02b7e4cafe	PAPER-HASH-b600d1222112ae7d	PAPER-2503.00430	PAPER-2503.00430	1	BACKWARD	35	ALG=0;MECH=25;ROLE=0;AGE=10;FALS=0	AQ-001|AQ-003|AQ-006|AQ-008|AQ-010|AQ-011	SemanticScholar	S2:5355687e1dab8b770e7c79c8a626d8a4052eff43	PER_SEED_DIRECTION_QUOTA
STOP-G03-046ba12369aab980	PAPER-HASH-d7f4cd4346aeba53	PAPER-2503.00430	PAPER-2503.00430	1	BACKWARD	25	ALG=0;MECH=25;ROLE=0;AGE=0;FALS=0	AQ-011|AQ-012	SemanticScholar	S2:UNAVAILABLE:d7f4cd4346aeba53	PER_SEED_DIRECTION_QUOTA
STOP-G03-0a7ac9204f5f38b5	PAPER-HASH-6ff704db6b1236c3	PAPER-2503.00430	PAPER-HASH-6ff704db6b1236c3	2	BACKWARD	75	ALG=40;MECH=25;ROLE=0;AGE=10;FALS=0	AQ-001|AQ-003|AQ-007|AQ-008|AQ-010|AQ-011	SemanticScholar	S2:6bc45efd5b27f661b1cbbab8998b87a34da5967e	REQUEST_RETRY_RESERVE
STOP-G03-f9af7c8eef6c485c	PAPER-HASH-e2d101f2539c7f68	PAPER-2503.00430	PAPER-HASH-e2d101f2539c7f68	2	FORWARD	65	ALG=40;MECH=25;ROLE=0;AGE=0;FALS=0	AQ-001|AQ-003|AQ-006|AQ-007|AQ-009|AQ-010|AQ-011	SemanticScholar	S2:707ad9d6216bef2447fbccd43290456928bf03bc	REQUEST_RETRY_RESERVE
STOP-G03-2954ed8eeb92124c	PAPER-HASH-c326a5710410baab	PAPER-2507.12925	PAPER-2507.12925	1	BACKWARD	0	ALG=0;MECH=0;ROLE=0;AGE=10;FALS=0	NONE	SemanticScholar	S2:27d04406532ef877117796d451bb1d7d956d61aa	NO_DECISION_IMPACT
STOP-G03-b0a6b27b8eb56252	PAPER-2208.04514	PAPER-2507.12925	PAPER-2507.12925	1	BACKWARD	65	ALG=40;MECH=25;ROLE=0;AGE=0;FALS=0	AQ-001|AQ-002|AQ-003|AQ-005|AQ-006|AQ-007|AQ-008|AQ-011|AQ-012	SemanticScholar	S2:8b027797019ccc6338749e6b713a816336580a34	PER_SEED_DIRECTION_QUOTA
STOP-G03-49fffcb2e6a76577	PAPER-2403.14415	PAPER-2507.12925	PAPER-2507.12925	1	BACKWARD	65	ALG=40;MECH=25;ROLE=0;AGE=0;FALS=0	AQ-002|AQ-006|AQ-008|AQ-010|AQ-011|AQ-012	SemanticScholar	S2:1fb44063f04946df668159466dab49af8c3396b3	PER_SEED_DIRECTION_QUOTA
STOP-G03-eedb7bb6f5962805	PAPER-2409.18473	PAPER-2507.12925	PAPER-2507.12925	1	BACKWARD	65	ALG=40;MECH=25;ROLE=0;AGE=0;FALS=0	AQ-003|AQ-007|AQ-008	SemanticScholar	S2:1ccdc2400f21d885ad5643c85fd9694e7fd3b545	PER_SEED_DIRECTION_QUOTA
STOP-G03-93b8493d4214f5f5	PAPER-HASH-025befa855170e2e	PAPER-2507.12925	PAPER-2507.12925	1	BACKWARD	65	ALG=40;MECH=25;ROLE=0;AGE=0;FALS=0	AQ-001|AQ-002|AQ-003|AQ-004|AQ-007|AQ-008|AQ-009|AQ-010	SemanticScholar	S2:8dce9ba873b5bd197e004208dd60600a92e9f58d	PER_SEED_DIRECTION_QUOTA
STOP-G03-56d2d029eeccd693	PAPER-HASH-07e45413636316ac	PAPER-2507.12925	PAPER-2507.12925	1	BACKWARD	65	ALG=40;MECH=25;ROLE=0;AGE=0;FALS=0	AQ-003|AQ-007|AQ-008|AQ-009|AQ-010|AQ-011|AQ-012	SemanticScholar	S2:ccd688b7d659c1773d29c6c4d3c651e62f4f6c37	PER_SEED_DIRECTION_QUOTA
STOP-G03-e1217fdbc970767c	PAPER-HASH-09ee2b3c5a5f4097	PAPER-2507.12925	PAPER-2507.12925	1	BACKWARD	75	ALG=40;MECH=25;ROLE=0;AGE=10;FALS=0	AQ-001|AQ-003|AQ-004|AQ-006|AQ-008|AQ-009|AQ-011|AQ-012	SemanticScholar	S2:b4f6b1dad0e83205e68afea8db0f0aec7410d12a	PER_SEED_DIRECTION_QUOTA
STOP-G03-b9401900e9a0e870	PAPER-HASH-131ec07f973fb299	PAPER-2507.12925	PAPER-2507.12925	1	BACKWARD	35	ALG=0;MECH=25;ROLE=0;AGE=10;FALS=0	AQ-001|AQ-006|AQ-008|AQ-009|AQ-010	SemanticScholar	S2:64b049d95eddc28c891a26b8f59588b5eb00f3a5	PER_SEED_DIRECTION_QUOTA
STOP-G03-acdccd2d9050c93d	PAPER-HASH-49e4b4cdf2c124a7	PAPER-2507.12925	PAPER-2507.12925	1	BACKWARD	35	ALG=0;MECH=25;ROLE=0;AGE=10;FALS=0	AQ-008	SemanticScholar	S2:eb52de5dcb2f47068970ba3646df1a99f431d4f8	PER_SEED_DIRECTION_QUOTA
STOP-G03-efc90f66b3bc859b	PAPER-HASH-5a7d6a1ee5302a12	PAPER-2507.12925	PAPER-2507.12925	1	BACKWARD	25	ALG=0;MECH=25;ROLE=0;AGE=0;FALS=0	AQ-003|AQ-004|AQ-005|AQ-006|AQ-007|AQ-008|AQ-010|AQ-011	SemanticScholar	S2:392e208a701521d19c5561e1fc62a86667e4adb7	PER_SEED_DIRECTION_QUOTA
STOP-G03-ef80166974883e27	PAPER-HASH-5e68a88f2d966269	PAPER-2507.12925	PAPER-2507.12925	1	BACKWARD	25	ALG=0;MECH=25;ROLE=0;AGE=0;FALS=0	AQ-002|AQ-003|AQ-004|AQ-005|AQ-006|AQ-007|AQ-008|AQ-009|AQ-012	SemanticScholar	S2:8665ca0ec6542be59a7a1964c1ff4e0f36f32ce1	PER_SEED_DIRECTION_QUOTA
STOP-G03-07080ee968c5c80b	PAPER-HASH-7bbf358759b9d132	PAPER-2507.12925	PAPER-2507.12925	1	BACKWARD	35	ALG=0;MECH=25;ROLE=0;AGE=10;FALS=0	AQ-001|AQ-003|AQ-004|AQ-005|AQ-006|AQ-007|AQ-008|AQ-009|AQ-010|AQ-011	SemanticScholar	S2:26eecf75712cccd76a6e6b077c0a970ca02091a8	PER_SEED_DIRECTION_QUOTA
STOP-G03-a91ab73a5016a772	PAPER-HASH-7fd894e493092958	PAPER-2507.12925	PAPER-2507.12925	1	BACKWARD	25	ALG=0;MECH=25;ROLE=0;AGE=0;FALS=0	AQ-002|AQ-003|AQ-005|AQ-006|AQ-007|AQ-008|AQ-010|AQ-011	SemanticScholar	S2:60856bca6bd79a35ceb3d640f73212c2e4fe1fa9	PER_SEED_DIRECTION_QUOTA
STOP-G03-e27037b73ff2b98f	PAPER-HASH-a2412685db1d7f05	PAPER-2507.12925	PAPER-2507.12925	1	BACKWARD	25	ALG=0;MECH=25;ROLE=0;AGE=0;FALS=0	AQ-002|AQ-003|AQ-004|AQ-006|AQ-008|AQ-011	SemanticScholar	S2:b58b352efd470cd96a50ef7433b05f542b28105d	PER_SEED_DIRECTION_QUOTA
STOP-G03-b0a79d4b0bced83e	PAPER-HASH-b05110a93df505a4	PAPER-2507.12925	PAPER-2507.12925	1	BACKWARD	75	ALG=40;MECH=25;ROLE=0;AGE=10;FALS=0	AQ-002|AQ-003|AQ-004|AQ-006|AQ-007|AQ-008|AQ-009|AQ-010|AQ-011|AQ-012	SemanticScholar	S2:96f927ca20b614b3387b1187258e9a6877dbee53	PER_SEED_DIRECTION_QUOTA
STOP-G03-2b9b1617df742917	PAPER-HASH-b145b85b45ad92ee	PAPER-2507.12925	PAPER-2507.12925	1	BACKWARD	65	ALG=40;MECH=25;ROLE=0;AGE=0;FALS=0	AQ-002|AQ-003|AQ-005|AQ-007|AQ-008|AQ-009|AQ-010|AQ-011|AQ-012	SemanticScholar	S2:af549f87df0c6cc8aa08a882a95c0333602aeb52	PER_SEED_DIRECTION_QUOTA
STOP-G03-0802f65b8bd15b6e	PAPER-HASH-b583f755d308d897	PAPER-2507.12925	PAPER-2507.12925	1	BACKWARD	65	ALG=40;MECH=25;ROLE=0;AGE=0;FALS=0	AQ-002|AQ-003|AQ-005|AQ-006|AQ-007|AQ-008|AQ-009|AQ-011|AQ-012	SemanticScholar	S2:d084ab51d27c8d88715b5166baac56918802fbc8	PER_SEED_DIRECTION_QUOTA
STOP-G03-0396d6b1beb81c09	PAPER-HASH-b6919a5fbc48aeef	PAPER-2507.12925	PAPER-2507.12925	1	BACKWARD	65	ALG=40;MECH=25;ROLE=0;AGE=0;FALS=0	AQ-001|AQ-002|AQ-004|AQ-005|AQ-007|AQ-008|AQ-009|AQ-010|AQ-011|AQ-012	SemanticScholar	S2:UNAVAILABLE:b6919a5fbc48aeef	PER_SEED_DIRECTION_QUOTA
STOP-G03-938e50d3a6c50e53	PAPER-HASH-bd1752cd358042af	PAPER-2507.12925	PAPER-2507.12925	1	BACKWARD	75	ALG=40;MECH=25;ROLE=0;AGE=10;FALS=0	AQ-001|AQ-003|AQ-004|AQ-005|AQ-006|AQ-007|AQ-008|AQ-010|AQ-011	SemanticScholar	S2:e010e4f59714ceae995e2ce9e13809095a2a1df1	PER_SEED_DIRECTION_QUOTA
STOP-G03-859953deadaff218	PAPER-HASH-c3f1f6fcf2d2dda6	PAPER-2507.12925	PAPER-2507.12925	1	BACKWARD	25	ALG=0;MECH=25;ROLE=0;AGE=0;FALS=0	AQ-002|AQ-005|AQ-008|AQ-009|AQ-010|AQ-011|AQ-012	SemanticScholar	S2:3b57c7bcece47f2a3198e6adec38f712f2914be5	PER_SEED_DIRECTION_QUOTA
STOP-G03-35e78489d312a91f	PAPER-HASH-cc5375d95bd0092a	PAPER-2507.12925	PAPER-2507.12925	1	BACKWARD	65	ALG=40;MECH=25;ROLE=0;AGE=0;FALS=0	AQ-002|AQ-003|AQ-004|AQ-006|AQ-007|AQ-008|AQ-011	SemanticScholar	S2:37177038cc84e3f7f4da1677c1007e54c982a3dd	PER_SEED_DIRECTION_QUOTA
STOP-G03-ef1024f81dc33979	PAPER-HASH-cc73aa6565f60cdd	PAPER-2507.12925	PAPER-2507.12925	1	BACKWARD	25	ALG=0;MECH=25;ROLE=0;AGE=0;FALS=0	AQ-001|AQ-009|AQ-011	SemanticScholar	S2:3c38e08647d052fc7f1235b6f202ead0f5db4d60	PER_SEED_DIRECTION_QUOTA
STOP-G03-0f8523580f097be8	PAPER-HASH-d4f8c95797d6455a	PAPER-2507.12925	PAPER-2507.12925	1	BACKWARD	25	ALG=0;MECH=25;ROLE=0;AGE=0;FALS=0	AQ-008	SemanticScholar	S2:c78055d2a8b6cc1e1087dc60a5f60adc2732ca94	PER_SEED_DIRECTION_QUOTA
STOP-G03-8b136c91315bb4d1	PAPER-HASH-efa04f63d199831d	PAPER-2507.12925	PAPER-2507.12925	1	BACKWARD	50	ALG=0;MECH=25;ROLE=15;AGE=10;FALS=0	AQ-001|AQ-003|AQ-004|AQ-005|AQ-006|AQ-007|AQ-008|AQ-010	SemanticScholar	S2:862e72eb6990924b0db6e08489d066921b5824a2	PER_SEED_DIRECTION_QUOTA
STOP-G03-5113ec645e0d4f2b	PAPER-HASH-9b43309b046b4742	PAPER-2507.12925	PAPER-HASH-9b43309b046b4742	2	BACKWARD	75	ALG=40;MECH=25;ROLE=0;AGE=10;FALS=0	AQ-002|AQ-003|AQ-004|AQ-005|AQ-006|AQ-007|AQ-008|AQ-010	SemanticScholar	S2:90e51a58e43b2f1216e03239daa8c25c28c7c6ec	REQUEST_RETRY_RESERVE
STOP-G03-990ed77b738981b1	PAPER-1601.06919	PAPER-2511.07886	PAPER-2511.07886	1	BACKWARD	0	ALG=0;MECH=0;ROLE=0;AGE=10;FALS=0	NONE	SemanticScholar	S2:1380770ef5a4f479c4920e6678858883dc027f14	NO_DECISION_IMPACT
STOP-G03-1cc0ebc04b725a5e	PAPER-HASH-12874004d4d8b13d	PAPER-2511.07886	PAPER-2511.07886	1	BACKWARD	0	ALG=0;MECH=0;ROLE=0;AGE=10;FALS=0	NONE	SemanticScholar	S2:a9f9a3b510abe2a544a6cfc46e896f6458a7a7da	NO_DECISION_IMPACT
STOP-G03-0d5163efdab7ced4	PAPER-HASH-603fa56819f90691	PAPER-2511.07886	PAPER-2511.07886	1	BACKWARD	0	ALG=0;MECH=0;ROLE=0;AGE=0;FALS=0	NONE	SemanticScholar	S2:055229d2da8fe9fc3f2680ebff99b1add64c31d8	NO_DECISION_IMPACT
STOP-G03-536c7cf632901e60	PAPER-HASH-82cb2be106a04bde	PAPER-2511.07886	PAPER-2511.07886	1	BACKWARD	0	ALG=0;MECH=0;ROLE=0;AGE=10;FALS=0	NONE	SemanticScholar	S2:d055d46a301d61bba30a1dcbe4ca4117052a08c1	NO_DECISION_IMPACT
STOP-G03-39c4d3e69c9c2410	PAPER-HASH-af29fd7e918120b7	PAPER-2511.07886	PAPER-2511.07886	1	BACKWARD	0	ALG=0;MECH=0;ROLE=0;AGE=10;FALS=0	NONE	SemanticScholar	S2:99588b940ec49dfb3539fd7a438b56f06e2eae7e	NO_DECISION_IMPACT
STOP-G03-347f83b86836506b	PAPER-HASH-c22cce19dc0ba750	PAPER-2511.07886	PAPER-2511.07886	1	BACKWARD	0	ALG=0;MECH=0;ROLE=0;AGE=10;FALS=0	NONE	SemanticScholar	S2:3f8146a1299cdeae54ca9a51e5274fafdb5bea41	NO_DECISION_IMPACT
STOP-G03-ad348ff68768459b	PAPER-HASH-d3e5fbcf5cdb3ac4	PAPER-2511.07886	PAPER-2511.07886	1	BACKWARD	0	ALG=0;MECH=0;ROLE=0;AGE=10;FALS=0	NONE	SemanticScholar	S2:95a23aaee1687f847a34998dd6f3775d96712722	NO_DECISION_IMPACT
STOP-G03-158478978feaa416	PAPER-HASH-e2cecd8754aa8797	PAPER-2511.07886	PAPER-2511.07886	1	BACKWARD	0	ALG=0;MECH=0;ROLE=0;AGE=0;FALS=0	NONE	SemanticScholar	S2:1cefc16d33c2edae687ebe38aef12fd2770ee8c2	NO_DECISION_IMPACT
STOP-G03-53786116f61ec838	PAPER-HASH-f9f30ddf1045ca3f	PAPER-2511.07886	PAPER-2511.07886	1	BACKWARD	0	ALG=0;MECH=0;ROLE=0;AGE=0;FALS=0	NONE	SemanticScholar	S2:98d79fc4a8554bb7af1539478236de7bff52349a	NO_DECISION_IMPACT
STOP-G03-3bb84b430e60bc1e	PAPER-LEGACY-06045e7c8a81522a	PAPER-2511.07886	PAPER-2511.07886	1	BACKWARD	0	ALG=0;MECH=0;ROLE=0;AGE=10;FALS=0	NONE	SemanticScholar	S2:29752f2f4a40df45a6eb61afb7c347f1799b1f45	NO_DECISION_IMPACT
STOP-G03-8d24e96bce713620	PAPER-1006.4990	PAPER-2511.07886	PAPER-2511.07886	1	BACKWARD	35	ALG=0;MECH=25;ROLE=0;AGE=10;FALS=0	AQ-003|AQ-010|AQ-011	SemanticScholar	S2:4187caa4d0d329f47e18377a6cd31ef3f580cfcc	PER_SEED_DIRECTION_QUOTA
STOP-G03-1439b7621e31f47b	PAPER-1202.3205	PAPER-2511.07886	PAPER-2511.07886	1	BACKWARD	75	ALG=40;MECH=25;ROLE=0;AGE=10;FALS=0	AQ-006|AQ-012	SemanticScholar	S2:773ad2f934fd1e466492e811366931cb5096bef5	PER_SEED_DIRECTION_QUOTA
STOP-G03-441f987ffaaf0128	PAPER-1306.1153	PAPER-2511.07886	PAPER-2511.07886	1	BACKWARD	75	ALG=40;MECH=25;ROLE=0;AGE=10;FALS=0	AQ-002|AQ-003|AQ-005|AQ-007|AQ-008|AQ-011|AQ-012	SemanticScholar	S2:3c2de693591a1dcbe841dd570f8e108dc9f084bf	PER_SEED_DIRECTION_QUOTA
STOP-G03-c8812972cae34ef9	PAPER-1408.0500	PAPER-2511.07886	PAPER-2511.07886	1	BACKWARD	75	ALG=40;MECH=25;ROLE=0;AGE=10;FALS=0	AQ-002|AQ-003|AQ-004|AQ-005|AQ-007|AQ-008|AQ-010|AQ-011	SemanticScholar	S2:23c2282d751ed5ef1bb55abf81a6451159a866f1	PER_SEED_DIRECTION_QUOTA
STOP-G03-a5775b95ca5414b8	PAPER-1609.02907	PAPER-2511.07886	PAPER-2511.07886	1	BACKWARD	25	ALG=0;MECH=25;ROLE=0;AGE=0;FALS=0	AQ-001|AQ-003|AQ-004|AQ-006|AQ-007|AQ-008|AQ-009|AQ-010|AQ-012	SemanticScholar	S2:36eff562f65125511b5dfab68ce7f7a943c27478	PER_SEED_DIRECTION_QUOTA
STOP-G03-f6166d8e455a0603	PAPER-1706.02216	PAPER-2511.07886	PAPER-2511.07886	1	BACKWARD	25	ALG=0;MECH=25;ROLE=0;AGE=0;FALS=0	AQ-001	SemanticScholar	S2:6b7d6e6416343b2a122f8416e69059ce919026ef	PER_SEED_DIRECTION_QUOTA
STOP-G03-ff44ab2735e0e1a7	PAPER-1710.10903	PAPER-2511.07886	PAPER-2511.07886	1	BACKWARD	25	ALG=0;MECH=25;ROLE=0;AGE=0;FALS=0	AQ-003|AQ-010	SemanticScholar	S2:33998aff64ce51df8dee45989cdca4b6b1329ec4	PER_SEED_DIRECTION_QUOTA
STOP-G03-e0e2a5f3ce3a6a62	PAPER-1904.07162	PAPER-2511.07886	PAPER-2511.07886	1	BACKWARD	25	ALG=0;MECH=25;ROLE=0;AGE=0;FALS=0	AQ-003|AQ-008|AQ-009|AQ-010|AQ-011	SemanticScholar	S2:5f2aedbc2e62bce64ff61bd8bb42b9fbae819476	PER_SEED_DIRECTION_QUOTA
STOP-G03-342dad41253b6dbe	PAPER-1908.10583	PAPER-2511.07886	PAPER-2511.07886	1	BACKWARD	65	ALG=40;MECH=25;ROLE=0;AGE=0;FALS=0	AQ-002|AQ-003|AQ-007|AQ-008|AQ-009|AQ-010|AQ-012	SemanticScholar	S2:2870a4b1ba223d3913ec760b6b4579daf74281aa	PER_SEED_DIRECTION_QUOTA
STOP-G03-039a14c055fcc58f	PAPER-2103.14915	PAPER-2511.07886	PAPER-2511.07886	1	BACKWARD	25	ALG=0;MECH=25;ROLE=0;AGE=0;FALS=0	AQ-001|AQ-002|AQ-005|AQ-008|AQ-009|AQ-010|AQ-011|AQ-012	SemanticScholar	S2:ab722a9ee7c45e2bfda50f9d87eb32d538501153	PER_SEED_DIRECTION_QUOTA
STOP-G03-493480415cea6288	PAPER-2212.10288	PAPER-2511.07886	PAPER-2511.07886	1	BACKWARD	65	ALG=40;MECH=25;ROLE=0;AGE=0;FALS=0	AQ-001|AQ-002|AQ-004|AQ-007|AQ-008|AQ-009|AQ-010|AQ-012	SemanticScholar	S2:e5bd2e23a7417214170362819ed098c2d6cf984c	PER_SEED_DIRECTION_QUOTA
STOP-G03-e96074e891b95ba4	PAPER-HASH-00135e3784d68ba1	PAPER-2511.07886	PAPER-2511.07886	1	BACKWARD	75	ALG=40;MECH=25;ROLE=0;AGE=10;FALS=0	AQ-002|AQ-004|AQ-007|AQ-008|AQ-009|AQ-012	SemanticScholar	S2:0ad8e89091eed09217e66adc98136126addc2619	PER_SEED_DIRECTION_QUOTA
STOP-G03-ce323120b07c1703	PAPER-HASH-03fc3c8ba1e94eae	PAPER-2511.07886	PAPER-2511.07886	1	BACKWARD	25	ALG=0;MECH=25;ROLE=0;AGE=0;FALS=0	AQ-008|AQ-009|AQ-010|AQ-011	SemanticScholar	S2:5d137be96e0358fc8ee572234b718478a11c5bec	PER_SEED_DIRECTION_QUOTA
STOP-G03-51af5f92cc5c4527	PAPER-HASH-05712734dc8e7a4e	PAPER-2511.07886	PAPER-2511.07886	1	BACKWARD	35	ALG=0;MECH=25;ROLE=0;AGE=10;FALS=0	AQ-001|AQ-009	SemanticScholar	S2:d477f021387867930f008c65dab2e62be3be1a0e	PER_SEED_DIRECTION_QUOTA
STOP-G03-9d31f4c0dae72e37	PAPER-HASH-0767dc12eee90db8	PAPER-2511.07886	PAPER-2511.07886	1	BACKWARD	65	ALG=40;MECH=25;ROLE=0;AGE=0;FALS=0	AQ-003|AQ-008	SemanticScholar	S2:3125ada6e743f52bb00a47a8a21e8f5387e1b2d8	PER_SEED_DIRECTION_QUOTA
STOP-G03-7a2d689622bc2778	PAPER-HASH-07e45413636316ac	PAPER-2511.07886	PAPER-2511.07886	1	BACKWARD	65	ALG=40;MECH=25;ROLE=0;AGE=0;FALS=0	AQ-003|AQ-007|AQ-008|AQ-009|AQ-010|AQ-011|AQ-012	SemanticScholar	S2:ccd688b7d659c1773d29c6c4d3c651e62f4f6c37	PER_SEED_DIRECTION_QUOTA
STOP-G03-b0df4b2e3b259759	PAPER-HASH-131ec07f973fb299	PAPER-2511.07886	PAPER-2511.07886	1	BACKWARD	35	ALG=0;MECH=25;ROLE=0;AGE=10;FALS=0	AQ-001|AQ-006|AQ-008|AQ-009|AQ-010	SemanticScholar	S2:64b049d95eddc28c891a26b8f59588b5eb00f3a5	PER_SEED_DIRECTION_QUOTA
STOP-G03-7732a5c2241d5acd	PAPER-HASH-15cc336a1474a8a5	PAPER-2511.07886	PAPER-2511.07886	1	BACKWARD	35	ALG=0;MECH=25;ROLE=0;AGE=10;FALS=0	AQ-003|AQ-008|AQ-010|AQ-011	SemanticScholar	S2:d6adbafb07c7a5590516404208fe8776f1363eb3	PER_SEED_DIRECTION_QUOTA
STOP-G03-09ab887ef5b1b295	PAPER-HASH-16e52fe8c069c8d6	PAPER-2511.07886	PAPER-2511.07886	1	BACKWARD	25	ALG=0;MECH=25;ROLE=0;AGE=0;FALS=0	AQ-002|AQ-003|AQ-004|AQ-006|AQ-008|AQ-010|AQ-011	SemanticScholar	S2:4e28693070356f6ec08bd1246e61fd9e7aa5eac0	PER_SEED_DIRECTION_QUOTA
STOP-G03-84dfb4aa199a0e62	PAPER-HASH-1b2ebdd981139388	PAPER-2511.07886	PAPER-2511.07886	1	BACKWARD	25	ALG=0;MECH=25;ROLE=0;AGE=0;FALS=0	AQ-002|AQ-003|AQ-004|AQ-005|AQ-006|AQ-007|AQ-008|AQ-009|AQ-010|AQ-011|AQ-012	SemanticScholar	S2:a208313307821cfc5cc4d3b466d7533be30546c3	PER_SEED_DIRECTION_QUOTA
STOP-G03-15dafc409ad53432	PAPER-HASH-1b491dd17220bf76	PAPER-2511.07886	PAPER-2511.07886	1	BACKWARD	25	ALG=0;MECH=25;ROLE=0;AGE=0;FALS=0	AQ-001|AQ-007|AQ-008|AQ-009|AQ-010|AQ-011|AQ-012	SemanticScholar	S2:14ab3cba854158a669e45fa17eb483feef7bbe8e	PER_SEED_DIRECTION_QUOTA
STOP-G03-f54540bc17cda2c7	PAPER-HASH-2433e61e031707a5	PAPER-2511.07886	PAPER-2511.07886	1	BACKWARD	65	ALG=40;MECH=25;ROLE=0;AGE=0;FALS=0	AQ-001|AQ-003|AQ-004|AQ-005|AQ-006|AQ-007|AQ-008|AQ-009|AQ-010|AQ-011|AQ-012	SemanticScholar	S2:e2a0d4591c657a93de26b184e0cba980fd5e1738	PER_SEED_DIRECTION_QUOTA
STOP-G03-c36847960f03ceae	PAPER-HASH-257a028736e0632f	PAPER-2511.07886	PAPER-2511.07886	1	BACKWARD	35	ALG=0;MECH=25;ROLE=0;AGE=10;FALS=0	AQ-001|AQ-008|AQ-009|AQ-010|AQ-012	SemanticScholar	S2:7779c10dfa1f84953016b6292844815c5faf84f5	PER_SEED_DIRECTION_QUOTA
STOP-G03-b2ef52f7a01a6c54	PAPER-HASH-2c6d030e82b7a47c	PAPER-2511.07886	PAPER-2511.07886	1	BACKWARD	35	ALG=0;MECH=25;ROLE=0;AGE=10;FALS=0	AQ-002|AQ-004|AQ-006|AQ-007|AQ-008|AQ-009|AQ-010|AQ-012	SemanticScholar	S2:047565a5b15fbebc78e0bc7d8ca823237dac9de2	PER_SEED_DIRECTION_QUOTA
STOP-G03-8c216aeb785cb86c	PAPER-HASH-381d9034ea7d81b3	PAPER-2511.07886	PAPER-2511.07886	1	BACKWARD	35	ALG=0;MECH=25;ROLE=0;AGE=10;FALS=0	AQ-003|AQ-010|AQ-011	SemanticScholar	S2:260077710ef86047c582bbe505feca36962ca406	PER_SEED_DIRECTION_QUOTA
STOP-G03-70757ae1604747fb	PAPER-HASH-3e89d9ff749ee46b	PAPER-2511.07886	PAPER-2511.07886	1	BACKWARD	65	ALG=40;MECH=25;ROLE=0;AGE=0;FALS=0	AQ-005|AQ-012	SemanticScholar	S2:4243a21400a29b1fd031bd13a2d4dbeaef3fc4a9	PER_SEED_DIRECTION_QUOTA
STOP-G03-13a7084abb009f18	PAPER-HASH-44240aa2d80cb8e8	PAPER-2511.07886	PAPER-2511.07886	1	BACKWARD	25	ALG=0;MECH=25;ROLE=0;AGE=0;FALS=0	AQ-008	SemanticScholar	S2:UNAVAILABLE:44240aa2d80cb8e8	PER_SEED_DIRECTION_QUOTA
STOP-G03-a37af062e2634405	PAPER-HASH-45315924c7a1be91	PAPER-2511.07886	PAPER-2511.07886	1	BACKWARD	25	ALG=0;MECH=25;ROLE=0;AGE=0;FALS=0	AQ-001|AQ-002|AQ-003|AQ-005|AQ-008|AQ-009|AQ-010|AQ-011|AQ-012	SemanticScholar	S2:a8a44f59d562a21c0c18632cd42cd43d90cb6db5	PER_SEED_DIRECTION_QUOTA
STOP-G03-24a958e720d9e200	PAPER-HASH-465fb8a0e6331524	PAPER-2511.07886	PAPER-2511.07886	1	BACKWARD	65	ALG=40;MECH=25;ROLE=0;AGE=0;FALS=0	AQ-002|AQ-003|AQ-004|AQ-005|AQ-007|AQ-008|AQ-009|AQ-010|AQ-011|AQ-012	SemanticScholar	S2:1aed767b103863a43ec33ae5cbfeddc99fe1f374	PER_SEED_DIRECTION_QUOTA
STOP-G03-6d486f82893014f3	PAPER-HASH-478f73cc222aadbf	PAPER-2511.07886	PAPER-2511.07886	1	BACKWARD	65	ALG=40;MECH=25;ROLE=0;AGE=0;FALS=0	AQ-002|AQ-007|AQ-008|AQ-009|AQ-010|AQ-012	SemanticScholar	S2:50e2627877a66f916556f6760ac63267b4c6a11e	PER_SEED_DIRECTION_QUOTA
STOP-G03-6c23d678307c5508	PAPER-HASH-4a5bb2a4dd303715	PAPER-2511.07886	PAPER-2511.07886	1	BACKWARD	65	ALG=40;MECH=25;ROLE=0;AGE=0;FALS=0	AQ-003|AQ-005	SemanticScholar	S2:b6dd86dfe33849c5d5084f53e77bf03f40281704	PER_SEED_DIRECTION_QUOTA
STOP-G03-55ad6b007417045f	PAPER-HASH-4b71f002ac8b67fb	PAPER-2511.07886	PAPER-2511.07886	1	BACKWARD	25	ALG=0;MECH=25;ROLE=0;AGE=0;FALS=0	AQ-008|AQ-010|AQ-011	SemanticScholar	S2:7cf3b3861daa851e2d7f8c7a80ff43928345d55d	PER_SEED_DIRECTION_QUOTA
STOP-G03-704f7c56256b2e04	PAPER-HASH-57dc82057edaf802	PAPER-2511.07886	PAPER-2511.07886	1	BACKWARD	25	ALG=0;MECH=25;ROLE=0;AGE=0;FALS=0	AQ-008|AQ-010|AQ-011	SemanticScholar	S2:5260729df0136607caf81dff33bd94ee7654bebb	PER_SEED_DIRECTION_QUOTA
STOP-G03-e4a8d5c7d871491a	PAPER-HASH-5fdda8fb6a69d7e4	PAPER-2511.07886	PAPER-2511.07886	1	BACKWARD	25	ALG=0;MECH=25;ROLE=0;AGE=0;FALS=0	AQ-001|AQ-008|AQ-009|AQ-010|AQ-011|AQ-012	SemanticScholar	S2:d30f6f739c4ff73057675d6eca3554c98347dd66	PER_SEED_DIRECTION_QUOTA
STOP-G03-a8c7efd2f52eb22e	PAPER-HASH-64891a60a8feb123	PAPER-2511.07886	PAPER-2511.07886	1	BACKWARD	25	ALG=0;MECH=25;ROLE=0;AGE=0;FALS=0	AQ-008|AQ-010|AQ-011	SemanticScholar	S2:2e4398bc3cab1d6f4e1ab82d8ee2f79c1326d72c	PER_SEED_DIRECTION_QUOTA
STOP-G03-fdcaa6e63f24ae1e	PAPER-HASH-7374d9a726902ea7	PAPER-2511.07886	PAPER-2511.07886	1	BACKWARD	35	ALG=0;MECH=25;ROLE=0;AGE=10;FALS=0	AQ-008|AQ-010|AQ-011|AQ-012	SemanticScholar	S2:01c1f0e97ce5c74c714dc7aa43cb064f45cc3b04	PER_SEED_DIRECTION_QUOTA
STOP-G03-1aa6fd57e497e540	PAPER-HASH-749d77a51edf3d60	PAPER-2511.07886	PAPER-2511.07886	1	BACKWARD	35	ALG=0;MECH=25;ROLE=0;AGE=10;FALS=0	AQ-003|AQ-010	SemanticScholar	S2:b2b057987c398ecf332f50f42891161c99e14aa4	PER_SEED_DIRECTION_QUOTA
STOP-G03-3631a245c63f17ff	PAPER-HASH-7c204e30903815cd	PAPER-2511.07886	PAPER-2511.07886	1	BACKWARD	35	ALG=0;MECH=25;ROLE=0;AGE=10;FALS=0	AQ-001|AQ-006|AQ-008	SemanticScholar	S2:3d985a05e4a49be71d497e7a2ff3fcbeb74c4bc8	PER_SEED_DIRECTION_QUOTA
STOP-G03-897f6389b53103da	PAPER-HASH-7f6867283f1b34c3	PAPER-2511.07886	PAPER-2511.07886	1	BACKWARD	25	ALG=0;MECH=25;ROLE=0;AGE=0;FALS=0	AQ-008|AQ-010|AQ-011	SemanticScholar	S2:fe086ff84f28f0c2ae007b61f1ab9b4b75e262f7	PER_SEED_DIRECTION_QUOTA
STOP-G03-4f85c08031766d51	PAPER-HASH-7fd894e493092958	PAPER-2511.07886	PAPER-2511.07886	1	BACKWARD	25	ALG=0;MECH=25;ROLE=0;AGE=0;FALS=0	AQ-002|AQ-003|AQ-005|AQ-006|AQ-007|AQ-008|AQ-010|AQ-011	SemanticScholar	S2:60856bca6bd79a35ceb3d640f73212c2e4fe1fa9	PER_SEED_DIRECTION_QUOTA
STOP-G03-e99231b5d453f622	PAPER-HASH-89f15b0a18185f21	PAPER-2511.07886	PAPER-2511.07886	1	BACKWARD	25	ALG=0;MECH=25;ROLE=0;AGE=0;FALS=0	AQ-001|AQ-008|AQ-009|AQ-010|AQ-011|AQ-012	SemanticScholar	S2:12ed48a79fbd8a945c32578e4f9244b0e1ec6d51	PER_SEED_DIRECTION_QUOTA
STOP-G03-2f2d0d46a52854b4	PAPER-HASH-8d8f99f699f5b1f0	PAPER-2511.07886	PAPER-2511.07886	1	BACKWARD	35	ALG=0;MECH=25;ROLE=0;AGE=10;FALS=0	AQ-002|AQ-004|AQ-007|AQ-008|AQ-009|AQ-012	SemanticScholar	S2:b6d3df4881f8c211ac5a6449b1fd9bb26f93f76b	PER_SEED_DIRECTION_QUOTA
STOP-G03-e003c96142df47c4	PAPER-HASH-908019a8bea1015f	PAPER-2511.07886	PAPER-2511.07886	1	BACKWARD	35	ALG=0;MECH=25;ROLE=0;AGE=10;FALS=0	AQ-001|AQ-008|AQ-009|AQ-010|AQ-011|AQ-012	SemanticScholar	S2:4cb16dace8dd09919883285739039d05d4c1707f	PER_SEED_DIRECTION_QUOTA
STOP-G03-39004ea904526f06	PAPER-HASH-90ea21629814f099	PAPER-2511.07886	PAPER-2511.07886	1	BACKWARD	35	ALG=0;MECH=25;ROLE=0;AGE=10;FALS=0	AQ-001|AQ-009|AQ-011|AQ-012	SemanticScholar	S2:9c70813ec3deb3ce1b77492e36eaa1aa98c9fb5d	PER_SEED_DIRECTION_QUOTA
STOP-G03-65108269b60fa2e8	PAPER-HASH-92ce5cb27a043d7b	PAPER-2511.07886	PAPER-2511.07886	1	BACKWARD	25	ALG=0;MECH=25;ROLE=0;AGE=0;FALS=0	AQ-011	SemanticScholar	S2:f331195af1fb4c8b202ec34b55f67438da52713a	PER_SEED_DIRECTION_QUOTA
STOP-G03-04134ebdc42a0b84	PAPER-HASH-ab6f105e14a6be65	PAPER-2511.07886	PAPER-2511.07886	1	BACKWARD	35	ALG=0;MECH=25;ROLE=0;AGE=10;FALS=0	AQ-002|AQ-004|AQ-007|AQ-008|AQ-009|AQ-010|AQ-011|AQ-012	SemanticScholar	S2:35930111242abde7fb3064244ec49caee60d7536	PER_SEED_DIRECTION_QUOTA
STOP-G03-29b6e1a03cb9e693	PAPER-HASH-b05110a93df505a4	PAPER-2511.07886	PAPER-2511.07886	1	BACKWARD	75	ALG=40;MECH=25;ROLE=0;AGE=10;FALS=0	AQ-002|AQ-003|AQ-004|AQ-006|AQ-007|AQ-008|AQ-009|AQ-010|AQ-011|AQ-012	SemanticScholar	S2:96f927ca20b614b3387b1187258e9a6877dbee53	PER_SEED_DIRECTION_QUOTA
STOP-G03-01908d7713df6772	PAPER-HASH-b600d1222112ae7d	PAPER-2511.07886	PAPER-2511.07886	1	BACKWARD	35	ALG=0;MECH=25;ROLE=0;AGE=10;FALS=0	AQ-001|AQ-003|AQ-006|AQ-008|AQ-010|AQ-011	SemanticScholar	S2:5355687e1dab8b770e7c79c8a626d8a4052eff43	PER_SEED_DIRECTION_QUOTA
STOP-G03-2af6c6358a29469f	PAPER-HASH-c3f1f6fcf2d2dda6	PAPER-2511.07886	PAPER-2511.07886	1	BACKWARD	25	ALG=0;MECH=25;ROLE=0;AGE=0;FALS=0	AQ-002|AQ-005|AQ-008|AQ-009|AQ-010|AQ-011|AQ-012	SemanticScholar	S2:3b57c7bcece47f2a3198e6adec38f712f2914be5	PER_SEED_DIRECTION_QUOTA
STOP-G03-a9f159536492aa46	PAPER-HASH-c6385afecce87070	PAPER-2511.07886	PAPER-2511.07886	1	BACKWARD	75	ALG=40;MECH=25;ROLE=0;AGE=10;FALS=0	AQ-002|AQ-003|AQ-004|AQ-005|AQ-006|AQ-007|AQ-008|AQ-009|AQ-010|AQ-011|AQ-012	SemanticScholar	S2:4bc31853ab9de45df2e03a0ea991f89d9449e42b	PER_SEED_DIRECTION_QUOTA
STOP-G03-0f04742034ce449e	PAPER-HASH-c7ffa89082fe54b2	PAPER-2511.07886	PAPER-2511.07886	1	BACKWARD	35	ALG=0;MECH=25;ROLE=0;AGE=10;FALS=0	AQ-002|AQ-003|AQ-006|AQ-007|AQ-009|AQ-010	SemanticScholar	S2:d61031326150ba23f90e6587c13d99188209250e	PER_SEED_DIRECTION_QUOTA
STOP-G03-ef754900a230df7c	PAPER-HASH-d06791734f465e6b	PAPER-2511.07886	PAPER-2511.07886	1	BACKWARD	25	ALG=0;MECH=25;ROLE=0;AGE=0;FALS=0	AQ-001|AQ-002|AQ-003|AQ-005|AQ-008|AQ-009|AQ-010|AQ-011|AQ-012	SemanticScholar	S2:UNAVAILABLE:d06791734f465e6b	PER_SEED_DIRECTION_QUOTA
STOP-G03-1ddeac66514ad462	PAPER-HASH-d519c82d6349cdf5	PAPER-2511.07886	PAPER-2511.07886	1	BACKWARD	25	ALG=0;MECH=25;ROLE=0;AGE=0;FALS=0	AQ-003|AQ-006|AQ-008|AQ-010|AQ-011|AQ-012	SemanticScholar	S2:1ebef4a2c67a1678add9eebe051b0cc5b6ef26a4	PER_SEED_DIRECTION_QUOTA
STOP-G03-e224f8c1b9fac124	PAPER-HASH-d63d06be88e6dd14	PAPER-2511.07886	PAPER-2511.07886	1	BACKWARD	25	ALG=0;MECH=25;ROLE=0;AGE=0;FALS=0	AQ-001|AQ-008|AQ-009|AQ-010|AQ-011	SemanticScholar	S2:b481c322e39717537b6ca15e9406a5319ebfe01a	PER_SEED_DIRECTION_QUOTA
STOP-G03-c949c2aa66906510	PAPER-HASH-dee443c5f558476f	PAPER-2511.07886	PAPER-2511.07886	1	BACKWARD	25	ALG=0;MECH=25;ROLE=0;AGE=0;FALS=0	AQ-008	SemanticScholar	S2:56241bcabdcc8094ec7f6cc5a919fafd98e2c900	PER_SEED_DIRECTION_QUOTA
STOP-G03-d14245e625aed36e	PAPER-HASH-e5a2aad86fa3624b	PAPER-2511.07886	PAPER-2511.07886	1	BACKWARD	65	ALG=40;MECH=25;ROLE=0;AGE=0;FALS=0	AQ-002|AQ-004|AQ-006|AQ-008|AQ-009|AQ-011|AQ-012	SemanticScholar	S2:8d3b26174a85561064b438081972edbd52ff1717	PER_SEED_DIRECTION_QUOTA
STOP-G03-20491d8c572b1483	PAPER-HASH-e603403e9c55b189	PAPER-2511.07886	PAPER-2511.07886	1	BACKWARD	25	ALG=0;MECH=25;ROLE=0;AGE=0;FALS=0	AQ-001|AQ-002|AQ-003|AQ-008|AQ-010|AQ-011	SemanticScholar	S2:2658c24d2a2260b05a4b8dbb89f12b2b20d11906	PER_SEED_DIRECTION_QUOTA
STOP-G03-d97096fb394a3607	PAPER-HASH-eded41f646f63441	PAPER-2511.07886	PAPER-2511.07886	1	BACKWARD	65	ALG=40;MECH=25;ROLE=0;AGE=0;FALS=0	AQ-002|AQ-003|AQ-007|AQ-008|AQ-009|AQ-010|AQ-012	SemanticScholar	S2:516fcfe0f79eef018395d9d046e5cce6de080d79	PER_SEED_DIRECTION_QUOTA
STOP-G03-4433661111ecc548	PAPER-HASH-f82f8ed6f9caaa3c	PAPER-2511.07886	PAPER-2511.07886	1	BACKWARD	35	ALG=0;MECH=25;ROLE=0;AGE=10;FALS=0	AQ-008|AQ-010|AQ-011	SemanticScholar	S2:2d867297dfe0d3ce2ed5b1d0f2dff88cac46ee94	PER_SEED_DIRECTION_QUOTA
STOP-G03-aaf4a88ecff4fecc	PAPER-HASH-fa7f5a0d1df7f7d2	PAPER-2511.07886	PAPER-2511.07886	1	BACKWARD	40	ALG=0;MECH=25;ROLE=15;AGE=0;FALS=0	AQ-008|AQ-010|AQ-011	SemanticScholar	S2:f86e77307c9f3454beee6d2e7c6d3b5c9597883b	PER_SEED_DIRECTION_QUOTA
STOP-G03-3793bb5db841af03	PAPER-HASH-faac84d4db22bd4b	PAPER-2511.07886	PAPER-2511.07886	1	BACKWARD	25	ALG=0;MECH=25;ROLE=0;AGE=0;FALS=0	AQ-002|AQ-004|AQ-007|AQ-008|AQ-009|AQ-010|AQ-011|AQ-012	SemanticScholar	S2:3231d62bec8e8cc1d837e85893889855767c3b13	PER_SEED_DIRECTION_QUOTA
STOP-G03-7a7ba36330e7f105	PAPER-LEGACY-7380d3289c976cb7	PAPER-2511.07886	PAPER-2511.07886	1	BACKWARD	35	ALG=0;MECH=25;ROLE=0;AGE=10;FALS=0	AQ-001|AQ-003|AQ-006|AQ-010|AQ-012	SemanticScholar	S2:e6c4925fb114d13a8568f88957c167c928f0c9f1	PER_SEED_DIRECTION_QUOTA
STOP-G03-1836058a1de8c428	PAPER-1205.6233	PAPER-2511.07886	PAPER-1205.6233	2	BACKWARD	90	ALG=40;MECH=25;ROLE=15;AGE=10;FALS=0	AQ-001|AQ-003|AQ-006|AQ-009|AQ-010|AQ-011|AQ-012	SemanticScholar	S2:7fb27e0123ca907b55b8ef57afa1612731eba034	REQUEST_RETRY_RESERVE
STOP-G03-e12f3316f977573b	PAPER-2607.20881	PAPER-2511.07886	PAPER-2607.20881	2	FORWARD	25	ALG=0;MECH=25;ROLE=0;AGE=0;FALS=0	AQ-003|AQ-008|AQ-010|AQ-011	SemanticScholar	S2:7f30e961353c2e35e72954c6d73e66865cb0fa5a	REQUEST_RETRY_RESERVE
STOP-G03-e2fc983b24fa07a8	PAPER-HASH-b069095c51e18e04	PAPER-2602.21514	PAPER-2602.21514	1	BACKWARD	0	ALG=0;MECH=0;ROLE=0;AGE=0;FALS=0	NONE	SemanticScholar	S2:UNAVAILABLE:b069095c51e18e04	NO_DECISION_IMPACT
STOP-G03-338659bb3fbaf6b0	PAPER-HASH-b0fb0bf338e5632f	PAPER-2602.21514	PAPER-2602.21514	1	BACKWARD	0	ALG=0;MECH=0;ROLE=0;AGE=0;FALS=0	NONE	SemanticScholar	S2:6d9400b40e092c9d79ff9846b3133b8baf43ac42	NO_DECISION_IMPACT
STOP-G03-9006eb7313b3ea4d	PAPER-HASH-b37ea75377c0db4e	PAPER-2602.21514	PAPER-2602.21514	1	BACKWARD	0	ALG=0;MECH=0;ROLE=0;AGE=10;FALS=0	NONE	SemanticScholar	S2:45786063578e814444b8247028970758bbbd0488	NO_DECISION_IMPACT
STOP-G03-972d8857b5470cb4	PAPER-HASH-bbc3ec0cd09ec42f	PAPER-2602.21514	PAPER-2602.21514	1	BACKWARD	0	ALG=0;MECH=0;ROLE=0;AGE=10;FALS=0	NONE	SemanticScholar	S2:31b41e9216652fb7587738cb47a99c36b3596499	NO_DECISION_IMPACT
STOP-G03-0cf5720d967746ad	PAPER-HASH-f73c3b49057557ab	PAPER-2602.21514	PAPER-2602.21514	1	BACKWARD	0	ALG=0;MECH=0;ROLE=0;AGE=0;FALS=0	NONE	SemanticScholar	S2:UNAVAILABLE:f73c3b49057557ab	NO_DECISION_IMPACT
STOP-G03-02b975886c1d4f85	PAPER-1606.01588	PAPER-2602.21514	PAPER-2602.21514	1	BACKWARD	35	ALG=0;MECH=25;ROLE=0;AGE=10;FALS=0	AQ-001|AQ-007|AQ-008|AQ-009|AQ-011	SemanticScholar	S2:6fa31e3b1f91b26ca6bc777357ba50c9fa45e8fa	PER_SEED_DIRECTION_QUOTA
STOP-G03-03992cf2f45d8c0c	PAPER-1704.07355	PAPER-2602.21514	PAPER-2602.21514	1	BACKWARD	65	ALG=40;MECH=25;ROLE=0;AGE=0;FALS=0	AQ-003|AQ-005|AQ-006|AQ-007	SemanticScholar	S2:b98c684947a2da5b7a7e020ff8a7c4d80c5a8d3b	PER_SEED_DIRECTION_QUOTA
STOP-G03-48f0b3aeb146af9f	PAPER-1705.10351	PAPER-2602.21514	PAPER-2602.21514	1	BACKWARD	65	ALG=40;MECH=25;ROLE=0;AGE=0;FALS=0	AQ-003|AQ-005|AQ-006|AQ-007	SemanticScholar	S2:101c5ed538f9283ca89b58f576f90ab7cb07e814	PER_SEED_DIRECTION_QUOTA
STOP-G03-5f4ce9045095b249	PAPER-1707.00143	PAPER-2602.21514	PAPER-2602.21514	1	BACKWARD	65	ALG=40;MECH=25;ROLE=0;AGE=0;FALS=0	AQ-001|AQ-003|AQ-005|AQ-006|AQ-007|AQ-008|AQ-011	SemanticScholar	S2:8843bdc4548bd2f9b483aafe90b7ee41c8b8fdc8	PER_SEED_DIRECTION_QUOTA
STOP-G03-0440c08897004121	PAPER-1804.06829	PAPER-2602.21514	PAPER-2602.21514	1	BACKWARD	65	ALG=40;MECH=25;ROLE=0;AGE=0;FALS=0	AQ-001|AQ-002|AQ-003|AQ-004|AQ-007|AQ-008|AQ-009|AQ-010|AQ-011|AQ-012	SemanticScholar	S2:50632bbb7a5ca58023c4f9c46bc25b4b515c60fc	PER_SEED_DIRECTION_QUOTA
STOP-G03-e2d38a981ac62409	PAPER-1807.05614	PAPER-2602.21514	PAPER-2602.21514	1	BACKWARD	65	ALG=40;MECH=25;ROLE=0;AGE=0;FALS=0	AQ-003|AQ-005|AQ-006|AQ-007|AQ-008|AQ-009|AQ-010|AQ-012	SemanticScholar	S2:8a65888ea8199749f05b95471138fe9f1d946fb0	PER_SEED_DIRECTION_QUOTA
STOP-G03-527d836472dce0e3	PAPER-1809.04067	PAPER-2602.21514	PAPER-2602.21514	1	BACKWARD	65	ALG=40;MECH=25;ROLE=0;AGE=0;FALS=0	AQ-001|AQ-002|AQ-003|AQ-004|AQ-005|AQ-007|AQ-008|AQ-009|AQ-010|AQ-011|AQ-012	SemanticScholar	S2:62ad2b99c62dd1979f8efa664727dd385a07be85	PER_SEED_DIRECTION_QUOTA
STOP-G03-109c94f40356a65c	PAPER-2005.11401	PAPER-2602.21514	PAPER-2602.21514	1	BACKWARD	65	ALG=40;MECH=25;ROLE=0;AGE=0;FALS=0	AQ-001|AQ-002|AQ-003|AQ-004|AQ-006|AQ-007|AQ-008|AQ-009|AQ-010|AQ-011|AQ-012	SemanticScholar	S2:659bf9ce7175e1ec266ff54359e2bd76e0b7ff31	PER_SEED_DIRECTION_QUOTA
STOP-G03-c43f9935b13b1044	PAPER-2105.09613	PAPER-2602.21514	PAPER-2602.21514	1	BACKWARD	65	ALG=40;MECH=25;ROLE=0;AGE=0;FALS=0	AQ-001|AQ-003|AQ-004|AQ-005|AQ-006|AQ-007|AQ-008|AQ-009|AQ-011|AQ-012	SemanticScholar	S2:dc2cf96fb578dbe9e8dba0226184bb4a23daa90a	PER_SEED_DIRECTION_QUOTA
STOP-G03-75476908fd9a882f	PAPER-2111.08566	PAPER-2602.21514	PAPER-2602.21514	1	BACKWARD	65	ALG=40;MECH=25;ROLE=0;AGE=0;FALS=0	AQ-003|AQ-005|AQ-006|AQ-007|AQ-008|AQ-010	SemanticScholar	S2:a097fe40de3520d2b8b531f8181fa81f7ebeed3c	PER_SEED_DIRECTION_QUOTA
STOP-G03-f53be17a70498703	PAPER-2206.11408	PAPER-2602.21514	PAPER-2602.21514	1	BACKWARD	65	ALG=40;MECH=25;ROLE=0;AGE=0;FALS=0	AQ-003|AQ-005|AQ-006|AQ-007|AQ-008|AQ-009|AQ-011|AQ-012	SemanticScholar	S2:d64432b0ebbfb1b738f70ff2f63b2f812c01f764	PER_SEED_DIRECTION_QUOTA
STOP-G03-36d0f346cf3811f6	PAPER-2207.05241	PAPER-2602.21514	PAPER-2602.21514	1	BACKWARD	65	ALG=40;MECH=25;ROLE=0;AGE=0;FALS=0	AQ-001|AQ-002|AQ-003|AQ-004|AQ-005|AQ-006|AQ-007|AQ-008|AQ-009|AQ-011|AQ-012	SemanticScholar	S2:76d20162ae9197adae54c7401a67beb29628e507	PER_SEED_DIRECTION_QUOTA
STOP-G03-ca581c31c0262ef9	PAPER-2211.12850	PAPER-2602.21514	PAPER-2602.21514	1	BACKWARD	25	ALG=0;MECH=25;ROLE=0;AGE=0;FALS=0	AQ-003|AQ-007|AQ-008|AQ-010	SemanticScholar	S2:f04fe9e85b2b96620ebaa4bf862210215283962e	PER_SEED_DIRECTION_QUOTA
STOP-G03-ef758acfe895054a	PAPER-2303.09855	PAPER-2602.21514	PAPER-2602.21514	1	BACKWARD	65	ALG=40;MECH=25;ROLE=0;AGE=0;FALS=0	AQ-002|AQ-003|AQ-004|AQ-005|AQ-006|AQ-007|AQ-008|AQ-010|AQ-011|AQ-012	SemanticScholar	S2:59f31992ebf4b9b5664eed5819408265eaf5efc9	PER_SEED_DIRECTION_QUOTA
STOP-G03-1da0afbdba56fa32	PAPER-2310.00402	PAPER-2602.21514	PAPER-2602.21514	1	BACKWARD	65	ALG=40;MECH=25;ROLE=0;AGE=0;FALS=0	AQ-001|AQ-003|AQ-004|AQ-007|AQ-008|AQ-009|AQ-010|AQ-011|AQ-012	SemanticScholar	S2:dadc18320a7dea60ec8fe6dfd3595943c78952e2	PER_SEED_DIRECTION_QUOTA
STOP-G03-9718947ea9a81c53	PAPER-2401.02116	PAPER-2602.21514	PAPER-2602.21514	1	BACKWARD	65	ALG=40;MECH=25;ROLE=0;AGE=0;FALS=0	AQ-001|AQ-002|AQ-003|AQ-004|AQ-005|AQ-007|AQ-008|AQ-009|AQ-010|AQ-011	SemanticScholar	S2:c36d05d13ff0532fee315d441d20f390d3f2ad75	PER_SEED_DIRECTION_QUOTA
STOP-G03-51d2ee8851f02610	PAPER-2404.06004	PAPER-2602.21514	PAPER-2602.21514	1	BACKWARD	65	ALG=40;MECH=25;ROLE=0;AGE=0;FALS=0	AQ-001|AQ-007|AQ-008|AQ-009|AQ-011|AQ-012	SemanticScholar	S2:5ceacf55c063b91080a29196ccb858522ccd6c09	PER_SEED_DIRECTION_QUOTA
STOP-G03-49c41d38f537d7d3	PAPER-2405.12497	PAPER-2602.21514	PAPER-2602.21514	1	BACKWARD	75	ALG=40;MECH=25;ROLE=0;AGE=0;FALS=10	AQ-002|AQ-003|AQ-004|AQ-005|AQ-006|AQ-007|AQ-008|AQ-009|AQ-010|AQ-011|AQ-012	SemanticScholar	S2:0957a9ed24f966830a03c65bf4c640f9f7f2626c	PER_SEED_DIRECTION_QUOTA
STOP-G03-00eebcba84076c72	PAPER-2409.17424	PAPER-2602.21514	PAPER-2602.21514	1	BACKWARD	25	ALG=0;MECH=25;ROLE=0;AGE=0;FALS=0	AQ-003|AQ-004|AQ-007|AQ-008|AQ-009|AQ-011|AQ-012	SemanticScholar	S2:a3f1655ce2744486db7cf2fc353afcdd3759434a	PER_SEED_DIRECTION_QUOTA
STOP-G03-6952eb57314c6afe	PAPER-2410.01231	PAPER-2602.21514	PAPER-2602.21514	1	BACKWARD	65	ALG=40;MECH=25;ROLE=0;AGE=0;FALS=0	AQ-001|AQ-003|AQ-004|AQ-005|AQ-006|AQ-007|AQ-008|AQ-009|AQ-011|AQ-012	SemanticScholar	S2:1e13d266ed8a68c30e191c0d570f9470d3429e8f	PER_SEED_DIRECTION_QUOTA
STOP-G03-6ad942a249a24690	PAPER-2410.14452	PAPER-2602.21514	PAPER-2602.21514	1	BACKWARD	65	ALG=40;MECH=25;ROLE=0;AGE=0;FALS=0	AQ-002|AQ-003|AQ-004|AQ-005|AQ-007|AQ-009|AQ-011	SemanticScholar	S2:47764ccd0fcd215fc862101f9b0642fd5890b3c7	PER_SEED_DIRECTION_QUOTA
STOP-G03-c7558c34567870b3	PAPER-2410.15621	PAPER-2602.21514	PAPER-2602.21514	1	BACKWARD	65	ALG=40;MECH=25;ROLE=0;AGE=0;FALS=0	AQ-003|AQ-005|AQ-006|AQ-007|AQ-008|AQ-009|AQ-011|AQ-012	SemanticScholar	S2:790c73a00157af677e19b989e7bc1b355cdeca27	PER_SEED_DIRECTION_QUOTA
STOP-G03-7866954b5f7a183c	PAPER-2411.14754	PAPER-2602.21514	PAPER-2602.21514	1	BACKWARD	65	ALG=40;MECH=25;ROLE=0;AGE=0;FALS=0	AQ-002|AQ-003|AQ-005|AQ-006|AQ-007|AQ-008|AQ-010	SemanticScholar	S2:d412e2378534f9ee1a86e1539555a6abf27932c9	PER_SEED_DIRECTION_QUOTA
STOP-G03-b9076fa4bcf9b2d1	PAPER-2411.17229	PAPER-2602.21514	PAPER-2602.21514	1	BACKWARD	65	ALG=40;MECH=25;ROLE=0;AGE=0;FALS=0	AQ-001|AQ-002|AQ-003|AQ-004|AQ-005|AQ-006|AQ-007|AQ-008|AQ-009|AQ-010|AQ-011|AQ-012	SemanticScholar	S2:d3b0a263b505a8509b4180e851f695f6a8d2ea5a	PER_SEED_DIRECTION_QUOTA
STOP-G03-8f5f61b0ba4fde5c	PAPER-2505.16096	PAPER-2602.21514	PAPER-2602.21514	1	BACKWARD	65	ALG=40;MECH=25;ROLE=0;AGE=0;FALS=0	AQ-003|AQ-005|AQ-006|AQ-007|AQ-008|AQ-009|AQ-010|AQ-011|AQ-012	SemanticScholar	S2:f97df20ed85bbe1bcb058b457c26d6ccf630dfa5	PER_SEED_DIRECTION_QUOTA
STOP-G03-fbce0c53aea6554e	PAPER-HASH-0019c910d6e29110	PAPER-2602.21514	PAPER-2602.21514	1	BACKWARD	65	ALG=40;MECH=25;ROLE=0;AGE=0;FALS=0	AQ-002|AQ-003|AQ-005|AQ-006|AQ-007|AQ-008|AQ-012	SemanticScholar	S2:af69567128a1d447b6ae72af8f0189c07eb3084b	PER_SEED_DIRECTION_QUOTA
STOP-G03-faafb91cb3663046	PAPER-HASH-0b96fbc46e290659	PAPER-2602.21514	PAPER-2602.21514	1	BACKWARD	35	ALG=0;MECH=25;ROLE=0;AGE=10;FALS=0	AQ-007|AQ-009|AQ-011|AQ-012	SemanticScholar	S2:f82c52452c7de8cd6472202c1be2cce9fbcb8dda	PER_SEED_DIRECTION_QUOTA
STOP-G03-03445fa289669259	PAPER-HASH-0e7d74ad974492fc	PAPER-2602.21514	PAPER-2602.21514	1	BACKWARD	65	ALG=40;MECH=25;ROLE=0;AGE=0;FALS=0	AQ-003|AQ-007|AQ-010	SemanticScholar	S2:UNAVAILABLE:0e7d74ad974492fc	PER_SEED_DIRECTION_QUOTA
STOP-G03-48c73881fa697692	PAPER-HASH-1617d0e1fa2c8f91	PAPER-2602.21514	PAPER-2602.21514	1	BACKWARD	25	ALG=0;MECH=25;ROLE=0;AGE=0;FALS=0	AQ-007|AQ-009|AQ-011|AQ-012	SemanticScholar	S2:8143c68555f1972e000c030151738629d7cfd945	PER_SEED_DIRECTION_QUOTA
STOP-G03-f4a93e8813a97af6	PAPER-HASH-1fc8b9f1e75b9951	PAPER-2602.21514	PAPER-2602.21514	1	BACKWARD	65	ALG=40;MECH=25;ROLE=0;AGE=0;FALS=0	AQ-002|AQ-003|AQ-004|AQ-005|AQ-007|AQ-008|AQ-009|AQ-010|AQ-011|AQ-012	SemanticScholar	S2:9c2b5b6c54b49d0b72f18192458a5219a91260fa	PER_SEED_DIRECTION_QUOTA
STOP-G03-8c4093aa0e19e86d	PAPER-HASH-25e6c9d167285c23	PAPER-2602.21514	PAPER-2602.21514	1	BACKWARD	65	ALG=40;MECH=25;ROLE=0;AGE=0;FALS=0	AQ-002|AQ-003|AQ-004|AQ-005|AQ-007|AQ-009|AQ-011	SemanticScholar	S2:UNAVAILABLE:25e6c9d167285c23	PER_SEED_DIRECTION_QUOTA
STOP-G03-b65463ecdb5e09f5	PAPER-HASH-2987328a1125fc5c	PAPER-2602.21514	PAPER-2602.21514	1	BACKWARD	65	ALG=40;MECH=25;ROLE=0;AGE=0;FALS=0	AQ-001|AQ-002|AQ-003|AQ-004|AQ-005|AQ-007|AQ-008|AQ-009|AQ-010|AQ-011	SemanticScholar	S2:UNAVAILABLE:2987328a1125fc5c	PER_SEED_DIRECTION_QUOTA
STOP-G03-183af64cb55306aa	PAPER-HASH-2a47108820b38a1e	PAPER-2602.21514	PAPER-2602.21514	1	BACKWARD	65	ALG=40;MECH=25;ROLE=0;AGE=0;FALS=0	AQ-003|AQ-005|AQ-006|AQ-007|AQ-008	SemanticScholar	S2:dad6f1b40a9af2d83564697a63af98d5dc847aa6	PER_SEED_DIRECTION_QUOTA
STOP-G03-2dd019637b5f5be8	PAPER-HASH-3372284d73ac4f53	PAPER-2602.21514	PAPER-2602.21514	1	BACKWARD	75	ALG=40;MECH=25;ROLE=0;AGE=10;FALS=0	AQ-001|AQ-003|AQ-008|AQ-009|AQ-012	SemanticScholar	S2:221aa3be55a4ead8fc2aa83b12aac370bfba72f5	PER_SEED_DIRECTION_QUOTA
STOP-G03-aa379e3855b2f7f7	PAPER-HASH-34f7ec38b6402326	PAPER-2602.21514	PAPER-2602.21514	1	BACKWARD	65	ALG=40;MECH=25;ROLE=0;AGE=0;FALS=0	AQ-001|AQ-002|AQ-003|AQ-005|AQ-006|AQ-007|AQ-008|AQ-009|AQ-011	SemanticScholar	S2:dbcfa8a6fec5a12dc3a35b3587f7a3956a65c0e5	PER_SEED_DIRECTION_QUOTA
STOP-G03-797e36a5b199af44	PAPER-HASH-37e7e5893803a93a	PAPER-2602.21514	PAPER-2602.21514	1	BACKWARD	65	ALG=40;MECH=25;ROLE=0;AGE=0;FALS=0	AQ-003|AQ-005|AQ-006|AQ-007|AQ-008|AQ-011|AQ-012	SemanticScholar	S2:f215b735c07f304cd8ab071a194c457e58bd5eb0	PER_SEED_DIRECTION_QUOTA
STOP-G03-ad1ebb7f99f9bf25	PAPER-HASH-3a9b65610a470eba	PAPER-2602.21514	PAPER-2602.21514	1	BACKWARD	65	ALG=40;MECH=25;ROLE=0;AGE=0;FALS=0	AQ-001|AQ-007|AQ-008|AQ-009|AQ-011|AQ-012	SemanticScholar	S2:5116d1b8cc42bb521feb4a09aa5fe94f1583117a	PER_SEED_DIRECTION_QUOTA
STOP-G03-e41eb23564bfcadf	PAPER-HASH-462a7709975017d5	PAPER-2602.21514	PAPER-2602.21514	1	BACKWARD	65	ALG=40;MECH=25;ROLE=0;AGE=0;FALS=0	AQ-001|AQ-003|AQ-005|AQ-006|AQ-007|AQ-008|AQ-009|AQ-010|AQ-011|AQ-012	SemanticScholar	S2:14f926db13278a502800c23708da9054ec7c4dd2	PER_SEED_DIRECTION_QUOTA
STOP-G03-9ca8514225e39d33	PAPER-HASH-4765cd407b48773b	PAPER-2602.21514	PAPER-2602.21514	1	BACKWARD	75	ALG=40;MECH=25;ROLE=0;AGE=10;FALS=0	AQ-002|AQ-003|AQ-005|AQ-006|AQ-007|AQ-008|AQ-010|AQ-011|AQ-012	SemanticScholar	S2:UNAVAILABLE:4765cd407b48773b	PER_SEED_DIRECTION_QUOTA
STOP-G03-24859c990628ff67	PAPER-HASH-4cde3f1365881b8c	PAPER-2602.21514	PAPER-2602.21514	1	BACKWARD	65	ALG=40;MECH=25;ROLE=0;AGE=0;FALS=0	AQ-001|AQ-002|AQ-003|AQ-005|AQ-006|AQ-007|AQ-008|AQ-009|AQ-010|AQ-011|AQ-012	SemanticScholar	S2:0ac2635a6885521183501c76769c81aaef4c39d3	PER_SEED_DIRECTION_QUOTA
STOP-G03-2bf610a2ed87a654	PAPER-HASH-4ea4ccb15d545b9c	PAPER-2602.21514	PAPER-2602.21514	1	BACKWARD	65	ALG=40;MECH=25;ROLE=0;AGE=0;FALS=0	AQ-003|AQ-007|AQ-008	SemanticScholar	S2:3a928311eb6aeb31899cd643a376522444f9e33c	PER_SEED_DIRECTION_QUOTA
STOP-G03-ca638c4a8eaf957e	PAPER-HASH-5a1be0a0431b1210	PAPER-2602.21514	PAPER-2602.21514	1	BACKWARD	35	ALG=0;MECH=25;ROLE=0;AGE=10;FALS=0	AQ-003|AQ-008|AQ-010|AQ-011	SemanticScholar	S2:a5409dd90f52d9a354b54896f4f8f59e6b5df854	PER_SEED_DIRECTION_QUOTA
STOP-G03-0cbc6072cfac2756	PAPER-HASH-5aa8b40eda8d392c	PAPER-2602.21514	PAPER-2602.21514	1	BACKWARD	65	ALG=40;MECH=25;ROLE=0;AGE=0;FALS=0	AQ-001|AQ-002|AQ-003|AQ-004|AQ-005|AQ-007|AQ-009|AQ-010|AQ-011|AQ-012	SemanticScholar	S2:UNAVAILABLE:5aa8b40eda8d392c	PER_SEED_DIRECTION_QUOTA
STOP-G03-44fde64cb0b61cc6	PAPER-HASH-5f05503cfa581d95	PAPER-2602.21514	PAPER-2602.21514	1	BACKWARD	65	ALG=40;MECH=25;ROLE=0;AGE=0;FALS=0	AQ-002|AQ-003|AQ-005|AQ-006|AQ-007|AQ-008|AQ-010	SemanticScholar	S2:0c32c27bbd542028dd61e80d01a714595d389549	PER_SEED_DIRECTION_QUOTA
STOP-G03-f278341e0f98e75a	PAPER-HASH-625004ce7c32a81f	PAPER-2602.21514	PAPER-2602.21514	1	BACKWARD	65	ALG=40;MECH=25;ROLE=0;AGE=0;FALS=0	AQ-002|AQ-003|AQ-005|AQ-006|AQ-007|AQ-008|AQ-010|AQ-012	SemanticScholar	S2:c1fbf8373730e3d3d229e3674fbc350eb571c7b6	PER_SEED_DIRECTION_QUOTA
STOP-G03-d91099e40b111e43	PAPER-HASH-68f2f1baf2ee3810	PAPER-2602.21514	PAPER-2602.21514	1	BACKWARD	25	ALG=0;MECH=25;ROLE=0;AGE=0;FALS=0	AQ-007|AQ-008	SemanticScholar	S2:8eec91e3f1830fc7af05fc89c6d3483a199c8df4	PER_SEED_DIRECTION_QUOTA
STOP-G03-caae5e744aa2da00	PAPER-HASH-6d25842ec9d9c080	PAPER-2602.21514	PAPER-2602.21514	1	BACKWARD	65	ALG=40;MECH=25;ROLE=0;AGE=0;FALS=0	AQ-001|AQ-002|AQ-003|AQ-007|AQ-008|AQ-009|AQ-010|AQ-012	SemanticScholar	S2:72343c15e94b1eae26f41abd3fd5393b9975ee14	PER_SEED_DIRECTION_QUOTA
STOP-G03-5dbcfa20c09c6eec	PAPER-HASH-71d93b5d6f0668e9	PAPER-2602.21514	PAPER-2602.21514	1	BACKWARD	75	ALG=40;MECH=25;ROLE=0;AGE=10;FALS=0	AQ-003|AQ-005|AQ-006|AQ-007|AQ-011	SemanticScholar	S2:4748d22348e72e6e06c2476486afddbc76e5eca7	PER_SEED_DIRECTION_QUOTA
STOP-G03-38524c0a1d7ce8a3	PAPER-HASH-74784f05e723bafd	PAPER-2602.21514	PAPER-2602.21514	1	BACKWARD	65	ALG=40;MECH=25;ROLE=0;AGE=0;FALS=0	AQ-003|AQ-005|AQ-006|AQ-007|AQ-008|AQ-010|AQ-011|AQ-012	SemanticScholar	S2:c16e5d41e8275cc33c119ce0b73ff6492b4a0513	PER_SEED_DIRECTION_QUOTA
STOP-G03-331b7037ff337e6b	PAPER-HASH-85126fe9821538d0	PAPER-2602.21514	PAPER-2602.21514	1	BACKWARD	75	ALG=40;MECH=25;ROLE=0;AGE=10;FALS=0	AQ-005|AQ-006|AQ-007|AQ-008|AQ-009|AQ-011|AQ-012	SemanticScholar	S2:c197ecb6a6987667cadcb498136989af1827cce0	PER_SEED_DIRECTION_QUOTA
STOP-G03-692412924520d8a5	PAPER-HASH-9347f3372e015796	PAPER-2602.21514	PAPER-2602.21514	1	BACKWARD	65	ALG=40;MECH=25;ROLE=0;AGE=0;FALS=0	AQ-002|AQ-003|AQ-004|AQ-005|AQ-007|AQ-008|AQ-009|AQ-011|AQ-012	SemanticScholar	S2:99ea2c39fcd17f955258d6aa09f8e4a8b38b7c17	PER_SEED_DIRECTION_QUOTA
STOP-G03-171b8191fb8169f7	PAPER-HASH-946eb4817abd6cf1	PAPER-2602.21514	PAPER-2602.21514	1	BACKWARD	35	ALG=0;MECH=25;ROLE=0;AGE=10;FALS=0	AQ-003|AQ-008|AQ-010|AQ-011	SemanticScholar	S2:09d947e7cd215abf5d45463b64859ddc0f7e1a8e	PER_SEED_DIRECTION_QUOTA
STOP-G03-34e2218323648198	PAPER-HASH-994ecf937559261d	PAPER-2602.21514	PAPER-2602.21514	1	BACKWARD	65	ALG=40;MECH=25;ROLE=0;AGE=0;FALS=0	AQ-001|AQ-002|AQ-003|AQ-004|AQ-005|AQ-007|AQ-009|AQ-010|AQ-011|AQ-012	SemanticScholar	S2:9a886623324674fc3f2956fce1f16931d9f4f50d	PER_SEED_DIRECTION_QUOTA
STOP-G03-00d7c3df537020a2	PAPER-HASH-a1e49b27d9d82037	PAPER-2602.21514	PAPER-2602.21514	1	BACKWARD	65	ALG=40;MECH=25;ROLE=0;AGE=0;FALS=0	AQ-003|AQ-005|AQ-006|AQ-007|AQ-008|AQ-012	SemanticScholar	S2:513792338b7314a039424af55b610579802123aa	PER_SEED_DIRECTION_QUOTA
STOP-G03-1dd8c6b0d2439c2b	PAPER-HASH-a3b1fd9a7a8b86a0	PAPER-2602.21514	PAPER-2602.21514	1	BACKWARD	65	ALG=40;MECH=25;ROLE=0;AGE=0;FALS=0	AQ-002|AQ-003|AQ-004|AQ-005|AQ-006|AQ-007|AQ-008|AQ-009|AQ-010|AQ-011|AQ-012	SemanticScholar	S2:2fa6fea82dffa10f2d1dae0803afb8a5237bd630	PER_SEED_DIRECTION_QUOTA
STOP-G03-6ca7935cfa03c3a0	PAPER-HASH-aa1776f0731069f8	PAPER-2602.21514	PAPER-2602.21514	1	BACKWARD	25	ALG=0;MECH=25;ROLE=0;AGE=0;FALS=0	AQ-001|AQ-003|AQ-008|AQ-009|AQ-010|AQ-011|AQ-012	SemanticScholar	S2:43e90f026d53d181a84b5d603e333e7cac88ee04	PER_SEED_DIRECTION_QUOTA
STOP-G03-546895c6d4e215cd	PAPER-HASH-b1197e8235199b68	PAPER-2602.21514	PAPER-2602.21514	1	BACKWARD	65	ALG=40;MECH=25;ROLE=0;AGE=0;FALS=0	AQ-003|AQ-007|AQ-009|AQ-011|AQ-012	SemanticScholar	S2:256c9978e76871f9cc42d695c9d0ea0acfb90166	PER_SEED_DIRECTION_QUOTA
STOP-G03-5be3acbd7c430da2	PAPER-HASH-b3b862fa6749fbd8	PAPER-2602.21514	PAPER-2602.21514	1	BACKWARD	35	ALG=0;MECH=25;ROLE=0;AGE=10;FALS=0	AQ-007|AQ-011	SemanticScholar	S2:d4beac7746fb4a12bb04287a6638236b5ae0cfd9	PER_SEED_DIRECTION_QUOTA
STOP-G03-a55eed1f8b121bd9	PAPER-HASH-b830c3813641eba4	PAPER-2602.21514	PAPER-2602.21514	1	BACKWARD	75	ALG=40;MECH=25;ROLE=0;AGE=10;FALS=0	AQ-001|AQ-003|AQ-005|AQ-006|AQ-007|AQ-008|AQ-009|AQ-010|AQ-011|AQ-012	SemanticScholar	S2:ff860f9c61f0d783d48893f671e986a01e5c3026	PER_SEED_DIRECTION_QUOTA
STOP-G03-4727dd9ce13d0af7	PAPER-HASH-bc68907ad046f7cc	PAPER-2602.21514	PAPER-2602.21514	1	BACKWARD	65	ALG=40;MECH=25;ROLE=0;AGE=0;FALS=0	AQ-002|AQ-003|AQ-004|AQ-005|AQ-007|AQ-009|AQ-011	SemanticScholar	S2:UNAVAILABLE:bc68907ad046f7cc	PER_SEED_DIRECTION_QUOTA
STOP-G03-86f1210ded172580	PAPER-HASH-c54382f941887def	PAPER-2602.21514	PAPER-2602.21514	1	BACKWARD	35	ALG=0;MECH=25;ROLE=0;AGE=10;FALS=0	AQ-002|AQ-005|AQ-006|AQ-007|AQ-009|AQ-010|AQ-011|AQ-012	SemanticScholar	S2:18b5cfeef044e850decea03742957fa1045d99a5	PER_SEED_DIRECTION_QUOTA
STOP-G03-946a312fcde5944f	PAPER-HASH-d707dd26edeb799e	PAPER-2602.21514	PAPER-2602.21514	1	BACKWARD	75	ALG=40;MECH=25;ROLE=0;AGE=10;FALS=0	AQ-003|AQ-005|AQ-006|AQ-007|AQ-008|AQ-012	SemanticScholar	S2:978f7ddf31ecd918f6472722c3cc5ac7f1cc106f	PER_SEED_DIRECTION_QUOTA
STOP-G03-e1ce6d605c5d0ef9	PAPER-HASH-dfd645c049eb2e60	PAPER-2602.21514	PAPER-2602.21514	1	BACKWARD	65	ALG=40;MECH=25;ROLE=0;AGE=0;FALS=0	AQ-003|AQ-007	SemanticScholar	S2:UNAVAILABLE:dfd645c049eb2e60	PER_SEED_DIRECTION_QUOTA
STOP-G03-92843b9ada153931	PAPER-HASH-e843ddfe277c32a7	PAPER-2602.21514	PAPER-2602.21514	1	BACKWARD	65	ALG=40;MECH=25;ROLE=0;AGE=0;FALS=0	AQ-001|AQ-002|AQ-003|AQ-004|AQ-006|AQ-007|AQ-008|AQ-009|AQ-010|AQ-011|AQ-012	SemanticScholar	S2:f70863cda6d86e6b68348e3678f7bb0cb5e3a950	PER_SEED_DIRECTION_QUOTA
STOP-G03-5754f52ee4538213	PAPER-HASH-e9c3265a491cd500	PAPER-2602.21514	PAPER-2602.21514	1	BACKWARD	75	ALG=40;MECH=25;ROLE=0;AGE=10;FALS=0	AQ-003|AQ-005|AQ-006|AQ-007|AQ-008|AQ-009|AQ-011|AQ-012	SemanticScholar	S2:38c51664420180777c848ec3f34a597b94615a21	PER_SEED_DIRECTION_QUOTA
STOP-G03-3f68066471fa3d6b	PAPER-HASH-ef97ec1deb233326	PAPER-2602.21514	PAPER-2602.21514	1	BACKWARD	75	ALG=40;MECH=25;ROLE=0;AGE=10;FALS=0	AQ-001|AQ-004|AQ-007|AQ-008|AQ-009	SemanticScholar	S2:b538999f458a12df98d197befcc4426525cf8237	PER_SEED_DIRECTION_QUOTA
STOP-G03-2b614708c06425d1	PAPER-HASH-940c3a3c1948585f	PAPER-2602.21514	PAPER-HASH-940c3a3c1948585f	2	BACKWARD	80	ALG=40;MECH=25;ROLE=15;AGE=0;FALS=0	AQ-003|AQ-005|AQ-006|AQ-007|AQ-008|AQ-009|AQ-011|AQ-012	SemanticScholar	S2:cf8f9f877137f7eec0a7bc0a2d096cecf1361640	REQUEST_RETRY_RESERVE
STOP-G03-54920ac384cf3b59	PAPER-2605.19335	PAPER-2602.21514	PAPER-2605.19335	2	FORWARD	25	ALG=0;MECH=25;ROLE=0;AGE=0;FALS=0	AQ-003|AQ-008|AQ-010	SemanticScholar	S2:bdfd99e4f71419f6544f7104bb23f9bf3f745146	REQUEST_RETRY_RESERVE
STOP-G03-79cfce2b7c962613	PAPER-2605.17992	PAPER-2603.01779	PAPER-2605.17992	2	FORWARD	65	ALG=40;MECH=25;ROLE=0;AGE=0;FALS=0	AQ-002|AQ-003|AQ-004|AQ-005|AQ-007|AQ-008|AQ-009|AQ-011|AQ-012	SemanticScholar	S2:08d7c2a5571d5bda64bf7063c41dad3e0db76dab	REQUEST_RETRY_RESERVE
STOP-G03-7a313023aa38b839	PAPER-2111.11431	PAPER-2605.02171	PAPER-2605.02171	1	BACKWARD	0	ALG=0;MECH=0;ROLE=0;AGE=0;FALS=0	NONE	SemanticScholar	S2:da4261a957eaa96bf626e9641ef68ebed1d5333f	NO_DECISION_IMPACT
STOP-G03-75514aabdcd38097	PAPER-1702.08734	PAPER-2605.02171	PAPER-2605.02171	1	BACKWARD	65	ALG=40;MECH=25;ROLE=0;AGE=0;FALS=0	AQ-003|AQ-007	SemanticScholar	S2:2cbb8de53759e75411bc528518947a3094fbce3a	PER_SEED_DIRECTION_QUOTA
STOP-G03-6c833f5cf2b06cae	PAPER-1704.07355	PAPER-2605.02171	PAPER-2605.02171	1	BACKWARD	65	ALG=40;MECH=25;ROLE=0;AGE=0;FALS=0	AQ-003|AQ-005|AQ-006|AQ-007	SemanticScholar	S2:b98c684947a2da5b7a7e020ff8a7c4d80c5a8d3b	PER_SEED_DIRECTION_QUOTA
STOP-G03-3dc80b7ca27bbf60	PAPER-1707.00143	PAPER-2605.02171	PAPER-2605.02171	1	BACKWARD	65	ALG=40;MECH=25;ROLE=0;AGE=0;FALS=0	AQ-001|AQ-003|AQ-005|AQ-006|AQ-007|AQ-008|AQ-011	SemanticScholar	S2:8843bdc4548bd2f9b483aafe90b7ee41c8b8fdc8	PER_SEED_DIRECTION_QUOTA
STOP-G03-8386b652bc3f27b5	PAPER-1807.03748	PAPER-2605.02171	PAPER-2605.02171	1	BACKWARD	25	ALG=0;MECH=25;ROLE=0;AGE=0;FALS=0	AQ-001	SemanticScholar	S2:b227f3e4c0dc96e5ac5426b85485a70f2175a205	PER_SEED_DIRECTION_QUOTA
STOP-G03-820c024aae8c4f97	PAPER-1807.05614	PAPER-2605.02171	PAPER-2605.02171	1	BACKWARD	65	ALG=40;MECH=25;ROLE=0;AGE=0;FALS=0	AQ-003|AQ-005|AQ-006|AQ-007|AQ-008|AQ-009|AQ-010|AQ-012	SemanticScholar	S2:8a65888ea8199749f05b95471138fe9f1d946fb0	PER_SEED_DIRECTION_QUOTA
STOP-G03-69eac1c5e4956f32	PAPER-2005.10242	PAPER-2605.02171	PAPER-2605.02171	1	BACKWARD	25	ALG=0;MECH=25;ROLE=0;AGE=0;FALS=0	AQ-001|AQ-009	SemanticScholar	S2:9a56ab8b1aba50dc2fea3cf4b531d30891a88ba9	PER_SEED_DIRECTION_QUOTA
STOP-G03-b1574a37a7b53788	PAPER-2005.11401	PAPER-2605.02171	PAPER-2605.02171	1	BACKWARD	65	ALG=40;MECH=25;ROLE=0;AGE=0;FALS=0	AQ-001|AQ-002|AQ-003|AQ-004|AQ-006|AQ-007|AQ-008|AQ-009|AQ-010|AQ-011|AQ-012	SemanticScholar	S2:659bf9ce7175e1ec266ff54359e2bd76e0b7ff31	PER_SEED_DIRECTION_QUOTA
STOP-G03-ede2c7415b6bdd01	PAPER-2107.13052	PAPER-2605.02171	PAPER-2605.02171	1	BACKWARD	65	ALG=40;MECH=25;ROLE=0;AGE=0;FALS=0	AQ-003|AQ-005|AQ-006|AQ-007|AQ-008|AQ-009	SemanticScholar	S2:b507d67a5c9b35f6a8a2e8d1bdbde3e2c0693498	PER_SEED_DIRECTION_QUOTA
STOP-G03-d2318b8c84e065b2	PAPER-2203.02053	PAPER-2605.02171	PAPER-2605.02171	1	BACKWARD	25	ALG=0;MECH=25;ROLE=0;AGE=0;FALS=0	AQ-001|AQ-008|AQ-009	SemanticScholar	S2:32e89d4d1225f3e02ac38ec93efc39fb61ccdde8	PER_SEED_DIRECTION_QUOTA
STOP-G03-c5589a03ade1dcdf	PAPER-2304.04759	PAPER-2605.02171	PAPER-2605.02171	1	BACKWARD	65	ALG=40;MECH=25;ROLE=0;AGE=0;FALS=0	AQ-002|AQ-003|AQ-007	SemanticScholar	S2:6c6483941d193f6570a39a3775dd4340679fccb3	PER_SEED_DIRECTION_QUOTA
STOP-G03-adc8a2e56ee47a60	PAPER-2402.03216	PAPER-2605.02171	PAPER-2605.02171	1	BACKWARD	65	ALG=40;MECH=25;ROLE=0;AGE=0;FALS=0	AQ-002|AQ-003|AQ-004|AQ-006|AQ-007|AQ-008|AQ-009|AQ-011|AQ-012	SemanticScholar	S2:677f89b61eff0f5ad3ae10c2b9208aaa16aa4239	PER_SEED_DIRECTION_QUOTA
STOP-G03-4fe11a9f56e21681	PAPER-2405.12497	PAPER-2605.02171	PAPER-2605.02171	1	BACKWARD	75	ALG=40;MECH=25;ROLE=0;AGE=0;FALS=10	AQ-002|AQ-003|AQ-004|AQ-005|AQ-006|AQ-007|AQ-008|AQ-009|AQ-010|AQ-011|AQ-012	SemanticScholar	S2:0957a9ed24f966830a03c65bf4c640f9f7f2626c	PER_SEED_DIRECTION_QUOTA
STOP-G03-b5135fa95c1bea1c	PAPER-2503.17911	PAPER-2605.02171	PAPER-2605.02171	1	BACKWARD	65	ALG=40;MECH=25;ROLE=0;AGE=0;FALS=0	AQ-003|AQ-005|AQ-006|AQ-007|AQ-008|AQ-009|AQ-010|AQ-011|AQ-012	SemanticScholar	S2:f79fe4ff848260344688dc0a92435e44765d80ad	PER_SEED_DIRECTION_QUOTA
STOP-G03-e0d8a639ef9ac71d	PAPER-2511.16921	PAPER-2605.02171	PAPER-2605.02171	1	BACKWARD	65	ALG=40;MECH=25;ROLE=0;AGE=0;FALS=0	AQ-001|AQ-003|AQ-004|AQ-005|AQ-006|AQ-007|AQ-008|AQ-009	SemanticScholar	S2:889a65b45bd503f83f9251c566879b4e77b4655d	PER_SEED_DIRECTION_QUOTA
STOP-G03-4417d2c894573fb5	PAPER-2602.24012	PAPER-2605.02171	PAPER-2605.02171	1	BACKWARD	25	ALG=0;MECH=25;ROLE=0;AGE=0;FALS=0	AQ-004|AQ-009|AQ-010	SemanticScholar	S2:070d63acacae617283a9c6d7814b9abeb6b16c47	PER_SEED_DIRECTION_QUOTA
STOP-G03-6ef88de2bc8abb25	PAPER-2603.06660	PAPER-2605.02171	PAPER-2605.02171	1	BACKWARD	65	ALG=40;MECH=25;ROLE=0;AGE=0;FALS=0	AQ-001|AQ-003|AQ-005|AQ-006|AQ-007|AQ-008|AQ-011|AQ-012	SemanticScholar	S2:6b7c3508d938399e462816913d2a13b1ac158b95	PER_SEED_DIRECTION_QUOTA
STOP-G03-45b8f3ae5376f67a	PAPER-HASH-02a61ea6e2352c5d	PAPER-2605.02171	PAPER-2605.02171	1	BACKWARD	75	ALG=40;MECH=25;ROLE=0;AGE=10;FALS=0	AQ-003|AQ-005|AQ-006|AQ-007|AQ-008|AQ-011	SemanticScholar	S2:3739b442f14badc0547ab780c77163e8ab7f6c00	PER_SEED_DIRECTION_QUOTA
STOP-G03-13227d3f738216b6	PAPER-HASH-06186f2e6e46e12a	PAPER-2605.02171	PAPER-2605.02171	1	BACKWARD	75	ALG=40;MECH=25;ROLE=0;AGE=10;FALS=0	AQ-001|AQ-002|AQ-003|AQ-005|AQ-006|AQ-007|AQ-008|AQ-009|AQ-010|AQ-011|AQ-012	SemanticScholar	S2:0eab31c65bbc12ea168ec266a70426fa09c7b82a	PER_SEED_DIRECTION_QUOTA
STOP-G03-1e9e7ba23978d57c	PAPER-HASH-17dac63edf7da056	PAPER-2605.02171	PAPER-2605.02171	1	BACKWARD	65	ALG=40;MECH=25;ROLE=0;AGE=0;FALS=0	AQ-003|AQ-005|AQ-006|AQ-007|AQ-008	SemanticScholar	S2:dc7d220aa08e688ce16d98e9bbc9322a6bb0fcb9	PER_SEED_DIRECTION_QUOTA
STOP-G03-a54cab9e738c2af8	PAPER-HASH-2e18cf1822dc9784	PAPER-2605.02171	PAPER-2605.02171	1	BACKWARD	65	ALG=40;MECH=25;ROLE=0;AGE=0;FALS=0	AQ-003|AQ-005|AQ-006|AQ-007|AQ-008|AQ-009|AQ-010|AQ-012	SemanticScholar	S2:49f20646bc93d5cf36ecfc43d38db0968403e478	PER_SEED_DIRECTION_QUOTA
STOP-G03-ab85d1b6b9dbb740	PAPER-HASH-3322a502dbd4664a	PAPER-2605.02171	PAPER-2605.02171	1	BACKWARD	65	ALG=40;MECH=25;ROLE=0;AGE=0;FALS=0	AQ-003|AQ-007|AQ-011	SemanticScholar	S2:UNAVAILABLE:3322a502dbd4664a	PER_SEED_DIRECTION_QUOTA
STOP-G03-69a89f939958dcc6	PAPER-HASH-37e81a35b779d499	PAPER-2605.02171	PAPER-2605.02171	1	BACKWARD	35	ALG=0;MECH=25;ROLE=0;AGE=10;FALS=0	AQ-010	SemanticScholar	S2:531aab3000f5373d2c99c2c171b7185f83f3a167	PER_SEED_DIRECTION_QUOTA
STOP-G03-4c73c8a98e3ed2a7	PAPER-HASH-38d638eaad7a7dcf	PAPER-2605.02171	PAPER-2605.02171	1	BACKWARD	25	ALG=0;MECH=25;ROLE=0;AGE=0;FALS=0	AQ-002|AQ-008|AQ-010|AQ-011	SemanticScholar	S2:fa5853fdef7d2f6bb68203d187ddacbbddc63a8b	PER_SEED_DIRECTION_QUOTA
STOP-G03-4bf632b9470fe4bf	PAPER-HASH-3ada3f042e7a0b8f	PAPER-2605.02171	PAPER-2605.02171	1	BACKWARD	65	ALG=40;MECH=25;ROLE=0;AGE=0;FALS=0	AQ-002|AQ-003|AQ-005|AQ-006|AQ-007|AQ-012	SemanticScholar	S2:44184d90b78abdf05eb4a68163bb784ab5f395c0	PER_SEED_DIRECTION_QUOTA
STOP-G03-66c939f33271d4d2	PAPER-HASH-4295af592d5d6db9	PAPER-2605.02171	PAPER-2605.02171	1	BACKWARD	35	ALG=0;MECH=25;ROLE=0;AGE=10;FALS=0	AQ-004|AQ-009|AQ-012	SemanticScholar	S2:UNAVAILABLE:4295af592d5d6db9	PER_SEED_DIRECTION_QUOTA
STOP-G03-7ac0c2f009b0e86e	PAPER-HASH-487a1a2a1a26f456	PAPER-2605.02171	PAPER-2605.02171	1	BACKWARD	75	ALG=40;MECH=25;ROLE=0;AGE=10;FALS=0	AQ-005|AQ-006|AQ-007|AQ-008	SemanticScholar	S2:2a941e7c5f374f8f8dba0daf6ffc6504a2779473	PER_SEED_DIRECTION_QUOTA
STOP-G03-72aab0f90dc22e39	PAPER-HASH-5f05503cfa581d95	PAPER-2605.02171	PAPER-2605.02171	1	BACKWARD	65	ALG=40;MECH=25;ROLE=0;AGE=0;FALS=0	AQ-002|AQ-003|AQ-005|AQ-006|AQ-007|AQ-008|AQ-010	SemanticScholar	S2:0c32c27bbd542028dd61e80d01a714595d389549	PER_SEED_DIRECTION_QUOTA
STOP-G03-c77a5ba1a94e29fc	PAPER-HASH-6aedf7816e8ff3a4	PAPER-2605.02171	PAPER-2605.02171	1	BACKWARD	75	ALG=40;MECH=25;ROLE=0;AGE=10;FALS=0	AQ-002|AQ-003|AQ-005|AQ-006|AQ-007|AQ-008|AQ-009|AQ-010|AQ-011|AQ-012	SemanticScholar	S2:3f1e54ed3bd801766e1897d53a9fc962524dd3c2	PER_SEED_DIRECTION_QUOTA
STOP-G03-b19bc0c7dfa2bfc3	PAPER-HASH-71d93b5d6f0668e9	PAPER-2605.02171	PAPER-2605.02171	1	BACKWARD	75	ALG=40;MECH=25;ROLE=0;AGE=10;FALS=0	AQ-003|AQ-005|AQ-006|AQ-007|AQ-011	SemanticScholar	S2:4748d22348e72e6e06c2476486afddbc76e5eca7	PER_SEED_DIRECTION_QUOTA
STOP-G03-b5a595074cbf9dd8	PAPER-HASH-83c94980308b06da	PAPER-2605.02171	PAPER-2605.02171	1	BACKWARD	65	ALG=40;MECH=25;ROLE=0;AGE=0;FALS=0	AQ-001|AQ-004|AQ-007|AQ-008|AQ-009|AQ-011	SemanticScholar	S2:UNAVAILABLE:83c94980308b06da	PER_SEED_DIRECTION_QUOTA
STOP-G03-da19ce343475f347	PAPER-HASH-8bfe1e624fa7071e	PAPER-2605.02171	PAPER-2605.02171	1	BACKWARD	50	ALG=0;MECH=25;ROLE=15;AGE=10;FALS=0	AQ-003|AQ-004|AQ-008	SemanticScholar	S2:2776d54485c112ceda70c4fee2ba6d85a331de0a	PER_SEED_DIRECTION_QUOTA
STOP-G03-aeb89c70f5e2e180	PAPER-HASH-90e6ea8fec90e735	PAPER-2605.02171	PAPER-2605.02171	1	BACKWARD	75	ALG=40;MECH=25;ROLE=0;AGE=10;FALS=0	AQ-003|AQ-007|AQ-008	SemanticScholar	S2:42bb0ac384fb87933be67f63b98d90a45d2fe6e9	PER_SEED_DIRECTION_QUOTA
STOP-G03-b9f2ee2650cfeaab	PAPER-HASH-9abaeef93eeccf59	PAPER-2605.02171	PAPER-2605.02171	1	BACKWARD	35	ALG=0;MECH=25;ROLE=0;AGE=10;FALS=0	AQ-007	SemanticScholar	S2:UNAVAILABLE:9abaeef93eeccf59	PER_SEED_DIRECTION_QUOTA
STOP-G03-ebe90241bab1f87e	PAPER-HASH-a16a32e1b3d462ac	PAPER-2605.02171	PAPER-2605.02171	1	BACKWARD	75	ALG=40;MECH=25;ROLE=0;AGE=10;FALS=0	AQ-002|AQ-005|AQ-006|AQ-007|AQ-008	SemanticScholar	S2:7ae42cc4b475a2192707d0ada7b3c60c347b621e	PER_SEED_DIRECTION_QUOTA
STOP-G03-e84d1fc52617a3d8	PAPER-HASH-a4904980163e2871	PAPER-2605.02171	PAPER-2605.02171	1	BACKWARD	65	ALG=40;MECH=25;ROLE=0;AGE=0;FALS=0	AQ-001|AQ-002|AQ-003|AQ-004|AQ-005|AQ-007|AQ-008|AQ-009|AQ-011|AQ-012	SemanticScholar	S2:UNAVAILABLE:a4904980163e2871	PER_SEED_DIRECTION_QUOTA
STOP-G03-1761fac723692cf3	PAPER-HASH-afc830359425072c	PAPER-2605.02171	PAPER-2605.02171	1	BACKWARD	65	ALG=40;MECH=25;ROLE=0;AGE=0;FALS=0	AQ-002|AQ-003|AQ-004|AQ-005|AQ-007|AQ-009|AQ-011	SemanticScholar	S2:37ea01066a563c661587b7c3f50fbf64d1bf311a	PER_SEED_DIRECTION_QUOTA
STOP-G03-74baa3dc58d815f9	PAPER-HASH-de642c9ea7d2408d	PAPER-2605.02171	PAPER-2605.02171	1	BACKWARD	25	ALG=0;MECH=25;ROLE=0;AGE=0;FALS=0	AQ-011|AQ-012	SemanticScholar	S2:UNAVAILABLE:de642c9ea7d2408d	PER_SEED_DIRECTION_QUOTA
STOP-G03-0b69463da7be0ff3	PAPER-HASH-e23a85d3679f7175	PAPER-2605.02171	PAPER-2605.02171	1	BACKWARD	65	ALG=40;MECH=25;ROLE=0;AGE=0;FALS=0	AQ-002|AQ-003|AQ-004|AQ-005|AQ-007|AQ-009|AQ-011	SemanticScholar	S2:3eb8fc44d5cddf373957c143dc2c5e801c8e571d	PER_SEED_DIRECTION_QUOTA
STOP-G03-a696b0a2396c60b5	PAPER-HASH-cc7ec0e13d566d08	PAPER-2605.02171	PAPER-HASH-cc7ec0e13d566d08	2	BACKWARD	75	ALG=40;MECH=25;ROLE=0;AGE=10;FALS=0	AQ-002|AQ-004|AQ-006|AQ-008|AQ-010|AQ-011|AQ-012	SemanticScholar	S2:UNAVAILABLE:cc7ec0e13d566d08	REQUEST_RETRY_RESERVE
STOP-G03-bf1429a26696b966	PAPER-2605.17524	PAPER-2605.02171	PAPER-2605.17524	2	FORWARD	65	ALG=40;MECH=25;ROLE=0;AGE=0;FALS=0	AQ-001|AQ-004|AQ-007|AQ-011	SemanticScholar	S2:1c0cd3d8186c12557b0ff77dffe19c34056fea5c	REQUEST_RETRY_RESERVE
