request_id	goal_id	query_id	variant_id	service	operation	normalized_query	parameters	requested_at_utc	page_cursor	response_status	result_count	response_checksum	client_version	cache_status	attempt	retry_events	rate_limit_events	policy_url	policy_checked_date	cache_path	terminal_state
REQ-G02-0001	G02	QRY-001	QRY-001-ALL	arXiv	legacy_api_query_metadata_invalidated_overconstrained	"(all:""PageRank power iteration"" OR all:""rank propagation"") AND (all:""algorithm-shaped storage"" OR all:""algorithm-native layout"" OR all:""immutable canonical generation"" OR all:""snapshot epoch"" OR all:""physical view portfolio"" OR all:""compiled view portfolio"" OR all:""algorithm-native artifact"" OR all:""compiled physical view"") AND (cat:cs.DS OR cat:cs.DB OR cat:cs.PF) AND NOT all:""generic graph database"" AND NOT all:""survey only"" AND NOT all:""programming-language comparison"""	max_results=15&search_query=%28all%3A%22PageRank%20power%20iteration%22%20OR%20all%3A%22rank%20propagation%22%29%20AND%20%28all%3A%22algorithm-shaped%20storage%22%20OR%20all%3A%22algorithm-native%20layout%22%20OR%20all%3A%22immutable%20canonical%20generation%22%20OR%20all%3A%22snapshot%20epoch%22%20OR%20all%3A%22physical%20view%20portfolio%22%20OR%20all%3A%22compiled%20view%20portfolio%22%20OR%20all%3A%22algorithm-native%20artifact%22%20OR%20all%3A%22compiled%20physical%20view%22%29%20AND%20%28cat%3Acs.DS%20OR%20cat%3Acs.DB%20OR%20cat%3Acs.PF%29%20AND%20NOT%20all%3A%22generic%20graph%20database%22%20AND%20NOT%20all%3A%22survey%20only%22%20AND%20NOT%20all%3A%22programming-language%20comparison%22&sortBy=relevance&sortOrder=descending&start=0	2026-08-11T06:37:53Z	0	200	0	7f4077398a190454a43b703ff2529e030b387670c3deea38ccf91ccc92724380	KnightBusArxivPatternFoundry/0.1	MISS	1	NONE	NONE	https://info.arxiv.org/help/api/tou.html	2026-08-11	arxiv-reference/cache/g02/arxiv/QRY-001-ALL.overconstrained.xml	FAILED
REQ-G02-0002	G02	QRY-001	QRY-001-PRE2001	arXiv	legacy_api_query_metadata_invalidated_overconstrained	"(all:""PageRank power iteration"" OR all:""rank propagation"") AND (all:""algorithm-shaped storage"" OR all:""algorithm-native layout"" OR all:""immutable canonical generation"" OR all:""snapshot epoch"" OR all:""physical view portfolio"" OR all:""compiled view portfolio"" OR all:""algorithm-native artifact"" OR all:""compiled physical view"") AND (cat:cs.DS OR cat:cs.DB OR cat:cs.PF) AND NOT all:""generic graph database"" AND NOT all:""survey only"" AND NOT all:""programming-language comparison"" AND submittedDate:[197001010000 TO 200012312359]"	max_results=15&search_query=%28all%3A%22PageRank%20power%20iteration%22%20OR%20all%3A%22rank%20propagation%22%29%20AND%20%28all%3A%22algorithm-shaped%20storage%22%20OR%20all%3A%22algorithm-native%20layout%22%20OR%20all%3A%22immutable%20canonical%20generation%22%20OR%20all%3A%22snapshot%20epoch%22%20OR%20all%3A%22physical%20view%20portfolio%22%20OR%20all%3A%22compiled%20view%20portfolio%22%20OR%20all%3A%22algorithm-native%20artifact%22%20OR%20all%3A%22compiled%20physical%20view%22%29%20AND%20%28cat%3Acs.DS%20OR%20cat%3Acs.DB%20OR%20cat%3Acs.PF%29%20AND%20NOT%20all%3A%22generic%20graph%20database%22%20AND%20NOT%20all%3A%22survey%20only%22%20AND%20NOT%20all%3A%22programming-language%20comparison%22%20AND%20submittedDate%3A%5B197001010000%20TO%20200012312359%5D&sortBy=relevance&sortOrder=descending&start=0	2026-08-11T06:37:57Z	0	200	0	bc3e2467e3b9f065b7e5e5cf82baf659b24fbfd5b43adbeb26aaf393e6d526d1	KnightBusArxivPatternFoundry/0.1	MISS	1	NONE	NONE	https://info.arxiv.org/help/api/tou.html	2026-08-11	arxiv-reference/cache/g02/arxiv/QRY-001-PRE2001.overconstrained.xml	FAILED
REQ-G02-0003	G02	QRY-001	QRY-001-2001_2010	arXiv	legacy_api_query_metadata_invalidated_overconstrained	"(all:""PageRank power iteration"" OR all:""rank propagation"") AND (all:""algorithm-shaped storage"" OR all:""algorithm-native layout"" OR all:""immutable canonical generation"" OR all:""snapshot epoch"" OR all:""physical view portfolio"" OR all:""compiled view portfolio"" OR all:""algorithm-native artifact"" OR all:""compiled physical view"") AND (cat:cs.DS OR cat:cs.DB OR cat:cs.PF) AND NOT all:""generic graph database"" AND NOT all:""survey only"" AND NOT all:""programming-language comparison"" AND submittedDate:[200101010000 TO 201012312359]"	max_results=15&search_query=%28all%3A%22PageRank%20power%20iteration%22%20OR%20all%3A%22rank%20propagation%22%29%20AND%20%28all%3A%22algorithm-shaped%20storage%22%20OR%20all%3A%22algorithm-native%20layout%22%20OR%20all%3A%22immutable%20canonical%20generation%22%20OR%20all%3A%22snapshot%20epoch%22%20OR%20all%3A%22physical%20view%20portfolio%22%20OR%20all%3A%22compiled%20view%20portfolio%22%20OR%20all%3A%22algorithm-native%20artifact%22%20OR%20all%3A%22compiled%20physical%20view%22%29%20AND%20%28cat%3Acs.DS%20OR%20cat%3Acs.DB%20OR%20cat%3Acs.PF%29%20AND%20NOT%20all%3A%22generic%20graph%20database%22%20AND%20NOT%20all%3A%22survey%20only%22%20AND%20NOT%20all%3A%22programming-language%20comparison%22%20AND%20submittedDate%3A%5B200101010000%20TO%20201012312359%5D&sortBy=relevance&sortOrder=descending&start=0	2026-08-11T06:38:01Z	0	200	0	866146713ed7c2a5d3024b187ff968f7a5e4b8b391dff1fae6d889a80c3c62d8	KnightBusArxivPatternFoundry/0.1	MISS	1	NONE	NONE	https://info.arxiv.org/help/api/tou.html	2026-08-11	arxiv-reference/cache/g02/arxiv/QRY-001-2001_2010.overconstrained.xml	FAILED
REQ-G02-0004	G02	QRY-001	QRY-001-2011_2020	arXiv	legacy_api_query_metadata_invalidated_overconstrained	"(all:""PageRank power iteration"" OR all:""rank propagation"") AND (all:""algorithm-shaped storage"" OR all:""algorithm-native layout"" OR all:""immutable canonical generation"" OR all:""snapshot epoch"" OR all:""physical view portfolio"" OR all:""compiled view portfolio"" OR all:""algorithm-native artifact"" OR all:""compiled physical view"") AND (cat:cs.DS OR cat:cs.DB OR cat:cs.PF) AND NOT all:""generic graph database"" AND NOT all:""survey only"" AND NOT all:""programming-language comparison"" AND submittedDate:[201101010000 TO 202012312359]"	max_results=15&search_query=%28all%3A%22PageRank%20power%20iteration%22%20OR%20all%3A%22rank%20propagation%22%29%20AND%20%28all%3A%22algorithm-shaped%20storage%22%20OR%20all%3A%22algorithm-native%20layout%22%20OR%20all%3A%22immutable%20canonical%20generation%22%20OR%20all%3A%22snapshot%20epoch%22%20OR%20all%3A%22physical%20view%20portfolio%22%20OR%20all%3A%22compiled%20view%20portfolio%22%20OR%20all%3A%22algorithm-native%20artifact%22%20OR%20all%3A%22compiled%20physical%20view%22%29%20AND%20%28cat%3Acs.DS%20OR%20cat%3Acs.DB%20OR%20cat%3Acs.PF%29%20AND%20NOT%20all%3A%22generic%20graph%20database%22%20AND%20NOT%20all%3A%22survey%20only%22%20AND%20NOT%20all%3A%22programming-language%20comparison%22%20AND%20submittedDate%3A%5B201101010000%20TO%20202012312359%5D&sortBy=relevance&sortOrder=descending&start=0	2026-08-11T06:38:05Z	0	200	0	e03a16a3139a79983f72d3599a7051fdd1780ef6ea75eebf61603172a94280a2	KnightBusArxivPatternFoundry/0.1	MISS	1	NONE	NONE	https://info.arxiv.org/help/api/tou.html	2026-08-11	arxiv-reference/cache/g02/arxiv/QRY-001-2011_2020.overconstrained.xml	FAILED
REQ-G02-0005	G02	QRY-001	QRY-001-2021_CURRENT	arXiv	legacy_api_query_metadata_invalidated_overconstrained	"(all:""PageRank power iteration"" OR all:""rank propagation"") AND (all:""algorithm-shaped storage"" OR all:""algorithm-native layout"" OR all:""immutable canonical generation"" OR all:""snapshot epoch"" OR all:""physical view portfolio"" OR all:""compiled view portfolio"" OR all:""algorithm-native artifact"" OR all:""compiled physical view"") AND (cat:cs.DS OR cat:cs.DB OR cat:cs.PF) AND NOT all:""generic graph database"" AND NOT all:""survey only"" AND NOT all:""programming-language comparison"" AND submittedDate:[202101010000 TO 202608112359]"	max_results=15&search_query=%28all%3A%22PageRank%20power%20iteration%22%20OR%20all%3A%22rank%20propagation%22%29%20AND%20%28all%3A%22algorithm-shaped%20storage%22%20OR%20all%3A%22algorithm-native%20layout%22%20OR%20all%3A%22immutable%20canonical%20generation%22%20OR%20all%3A%22snapshot%20epoch%22%20OR%20all%3A%22physical%20view%20portfolio%22%20OR%20all%3A%22compiled%20view%20portfolio%22%20OR%20all%3A%22algorithm-native%20artifact%22%20OR%20all%3A%22compiled%20physical%20view%22%29%20AND%20%28cat%3Acs.DS%20OR%20cat%3Acs.DB%20OR%20cat%3Acs.PF%29%20AND%20NOT%20all%3A%22generic%20graph%20database%22%20AND%20NOT%20all%3A%22survey%20only%22%20AND%20NOT%20all%3A%22programming-language%20comparison%22%20AND%20submittedDate%3A%5B202101010000%20TO%20202608112359%5D&sortBy=relevance&sortOrder=descending&start=0	2026-08-11T06:38:09Z	0	200	0	db8a445f9af6043790d0f2902918b746639b06f2d1a07fccd9342a437e22e0f7	KnightBusArxivPatternFoundry/0.1	MISS	1	NONE	NONE	https://info.arxiv.org/help/api/tou.html	2026-08-11	arxiv-reference/cache/g02/arxiv/QRY-001-2021_CURRENT.overconstrained.xml	FAILED
REQ-G02-0006	G02	QRY-002	QRY-002-ALL	arXiv	legacy_api_query_metadata_invalidated_overconstrained	"(all:""PageRank power iteration"" OR all:""rank propagation"") AND (all:""view promotion lifecycle"" OR all:""ephemeral-to-persisted view"" OR all:""shared substrate custom state"" OR all:""shared topology specialized state"" OR all:""query-shape optimization unit"" OR all:""workload signature"" OR all:""preparation amortization"" OR all:""build-versus-query tradeoff"") AND (cat:cs.DB OR cat:cs.DS) AND NOT all:""universal graph format"" AND NOT all:""free preprocessing"" AND NOT all:""opinion only"""	max_results=15&search_query=%28all%3A%22PageRank%20power%20iteration%22%20OR%20all%3A%22rank%20propagation%22%29%20AND%20%28all%3A%22view%20promotion%20lifecycle%22%20OR%20all%3A%22ephemeral-to-persisted%20view%22%20OR%20all%3A%22shared%20substrate%20custom%20state%22%20OR%20all%3A%22shared%20topology%20specialized%20state%22%20OR%20all%3A%22query-shape%20optimization%20unit%22%20OR%20all%3A%22workload%20signature%22%20OR%20all%3A%22preparation%20amortization%22%20OR%20all%3A%22build-versus-query%20tradeoff%22%29%20AND%20%28cat%3Acs.DB%20OR%20cat%3Acs.DS%29%20AND%20NOT%20all%3A%22universal%20graph%20format%22%20AND%20NOT%20all%3A%22free%20preprocessing%22%20AND%20NOT%20all%3A%22opinion%20only%22&sortBy=relevance&sortOrder=descending&start=0	2026-08-11T06:38:13Z	0	200	0	c550f4b4597fa93bb316b5f7e2a3556728528db6c51d4edb0a6035f2e9f6d6ba	KnightBusArxivPatternFoundry/0.1	MISS	1	NONE	NONE	https://info.arxiv.org/help/api/tou.html	2026-08-11	arxiv-reference/cache/g02/arxiv/QRY-002-ALL.overconstrained.xml	FAILED
REQ-G02-0007	G02	QRY-002	QRY-002-PRE2001	arXiv	legacy_api_query_metadata_invalidated_overconstrained	"(all:""PageRank power iteration"" OR all:""rank propagation"") AND (all:""view promotion lifecycle"" OR all:""ephemeral-to-persisted view"" OR all:""shared substrate custom state"" OR all:""shared topology specialized state"" OR all:""query-shape optimization unit"" OR all:""workload signature"" OR all:""preparation amortization"" OR all:""build-versus-query tradeoff"") AND (cat:cs.DB OR cat:cs.DS) AND NOT all:""universal graph format"" AND NOT all:""free preprocessing"" AND NOT all:""opinion only"" AND submittedDate:[197001010000 TO 200012312359]"	max_results=15&search_query=%28all%3A%22PageRank%20power%20iteration%22%20OR%20all%3A%22rank%20propagation%22%29%20AND%20%28all%3A%22view%20promotion%20lifecycle%22%20OR%20all%3A%22ephemeral-to-persisted%20view%22%20OR%20all%3A%22shared%20substrate%20custom%20state%22%20OR%20all%3A%22shared%20topology%20specialized%20state%22%20OR%20all%3A%22query-shape%20optimization%20unit%22%20OR%20all%3A%22workload%20signature%22%20OR%20all%3A%22preparation%20amortization%22%20OR%20all%3A%22build-versus-query%20tradeoff%22%29%20AND%20%28cat%3Acs.DB%20OR%20cat%3Acs.DS%29%20AND%20NOT%20all%3A%22universal%20graph%20format%22%20AND%20NOT%20all%3A%22free%20preprocessing%22%20AND%20NOT%20all%3A%22opinion%20only%22%20AND%20submittedDate%3A%5B197001010000%20TO%20200012312359%5D&sortBy=relevance&sortOrder=descending&start=0	2026-08-11T06:38:17Z	0	200	0	c55e99482bb7bb86c639008d59667dc2c0605b4c9ae12719eea4f3f2bc7f602f	KnightBusArxivPatternFoundry/0.1	MISS	1	NONE	NONE	https://info.arxiv.org/help/api/tou.html	2026-08-11	arxiv-reference/cache/g02/arxiv/QRY-002-PRE2001.overconstrained.xml	FAILED
REQ-G02-0008	G02	QRY-002	QRY-002-2001_2010	arXiv	legacy_api_query_metadata_invalidated_overconstrained	"(all:""PageRank power iteration"" OR all:""rank propagation"") AND (all:""view promotion lifecycle"" OR all:""ephemeral-to-persisted view"" OR all:""shared substrate custom state"" OR all:""shared topology specialized state"" OR all:""query-shape optimization unit"" OR all:""workload signature"" OR all:""preparation amortization"" OR all:""build-versus-query tradeoff"") AND (cat:cs.DB OR cat:cs.DS) AND NOT all:""universal graph format"" AND NOT all:""free preprocessing"" AND NOT all:""opinion only"" AND submittedDate:[200101010000 TO 201012312359]"	max_results=15&search_query=%28all%3A%22PageRank%20power%20iteration%22%20OR%20all%3A%22rank%20propagation%22%29%20AND%20%28all%3A%22view%20promotion%20lifecycle%22%20OR%20all%3A%22ephemeral-to-persisted%20view%22%20OR%20all%3A%22shared%20substrate%20custom%20state%22%20OR%20all%3A%22shared%20topology%20specialized%20state%22%20OR%20all%3A%22query-shape%20optimization%20unit%22%20OR%20all%3A%22workload%20signature%22%20OR%20all%3A%22preparation%20amortization%22%20OR%20all%3A%22build-versus-query%20tradeoff%22%29%20AND%20%28cat%3Acs.DB%20OR%20cat%3Acs.DS%29%20AND%20NOT%20all%3A%22universal%20graph%20format%22%20AND%20NOT%20all%3A%22free%20preprocessing%22%20AND%20NOT%20all%3A%22opinion%20only%22%20AND%20submittedDate%3A%5B200101010000%20TO%20201012312359%5D&sortBy=relevance&sortOrder=descending&start=0	2026-08-11T06:38:21Z	0	200	0	7ba29bd8919f357dfd7a372d4351864051c20bf39804d034769c5515a8f0ae58	KnightBusArxivPatternFoundry/0.1	MISS	1	NONE	NONE	https://info.arxiv.org/help/api/tou.html	2026-08-11	arxiv-reference/cache/g02/arxiv/QRY-002-2001_2010.overconstrained.xml	FAILED
REQ-G02-0009	G02	QRY-002	QRY-002-2011_2020	arXiv	legacy_api_query_metadata_invalidated_overconstrained	"(all:""PageRank power iteration"" OR all:""rank propagation"") AND (all:""view promotion lifecycle"" OR all:""ephemeral-to-persisted view"" OR all:""shared substrate custom state"" OR all:""shared topology specialized state"" OR all:""query-shape optimization unit"" OR all:""workload signature"" OR all:""preparation amortization"" OR all:""build-versus-query tradeoff"") AND (cat:cs.DB OR cat:cs.DS) AND NOT all:""universal graph format"" AND NOT all:""free preprocessing"" AND NOT all:""opinion only"" AND submittedDate:[201101010000 TO 202012312359]"	max_results=15&search_query=%28all%3A%22PageRank%20power%20iteration%22%20OR%20all%3A%22rank%20propagation%22%29%20AND%20%28all%3A%22view%20promotion%20lifecycle%22%20OR%20all%3A%22ephemeral-to-persisted%20view%22%20OR%20all%3A%22shared%20substrate%20custom%20state%22%20OR%20all%3A%22shared%20topology%20specialized%20state%22%20OR%20all%3A%22query-shape%20optimization%20unit%22%20OR%20all%3A%22workload%20signature%22%20OR%20all%3A%22preparation%20amortization%22%20OR%20all%3A%22build-versus-query%20tradeoff%22%29%20AND%20%28cat%3Acs.DB%20OR%20cat%3Acs.DS%29%20AND%20NOT%20all%3A%22universal%20graph%20format%22%20AND%20NOT%20all%3A%22free%20preprocessing%22%20AND%20NOT%20all%3A%22opinion%20only%22%20AND%20submittedDate%3A%5B201101010000%20TO%20202012312359%5D&sortBy=relevance&sortOrder=descending&start=0	2026-08-11T06:38:25Z	0	200	0	59e9bd29f356b453ebfbfe444c4bc220bb3ec670334fc5cc3aa3d1a64e4eac8d	KnightBusArxivPatternFoundry/0.1	MISS	1	NONE	NONE	https://info.arxiv.org/help/api/tou.html	2026-08-11	arxiv-reference/cache/g02/arxiv/QRY-002-2011_2020.overconstrained.xml	FAILED
REQ-G02-0010	G02	QRY-002	QRY-002-2021_CURRENT	arXiv	legacy_api_query_metadata_invalidated_overconstrained	"(all:""PageRank power iteration"" OR all:""rank propagation"") AND (all:""view promotion lifecycle"" OR all:""ephemeral-to-persisted view"" OR all:""shared substrate custom state"" OR all:""shared topology specialized state"" OR all:""query-shape optimization unit"" OR all:""workload signature"" OR all:""preparation amortization"" OR all:""build-versus-query tradeoff"") AND (cat:cs.DB OR cat:cs.DS) AND NOT all:""universal graph format"" AND NOT all:""free preprocessing"" AND NOT all:""opinion only"" AND submittedDate:[202101010000 TO 202608112359]"	max_results=15&search_query=%28all%3A%22PageRank%20power%20iteration%22%20OR%20all%3A%22rank%20propagation%22%29%20AND%20%28all%3A%22view%20promotion%20lifecycle%22%20OR%20all%3A%22ephemeral-to-persisted%20view%22%20OR%20all%3A%22shared%20substrate%20custom%20state%22%20OR%20all%3A%22shared%20topology%20specialized%20state%22%20OR%20all%3A%22query-shape%20optimization%20unit%22%20OR%20all%3A%22workload%20signature%22%20OR%20all%3A%22preparation%20amortization%22%20OR%20all%3A%22build-versus-query%20tradeoff%22%29%20AND%20%28cat%3Acs.DB%20OR%20cat%3Acs.DS%29%20AND%20NOT%20all%3A%22universal%20graph%20format%22%20AND%20NOT%20all%3A%22free%20preprocessing%22%20AND%20NOT%20all%3A%22opinion%20only%22%20AND%20submittedDate%3A%5B202101010000%20TO%20202608112359%5D&sortBy=relevance&sortOrder=descending&start=0	2026-08-11T06:38:29Z	0	200	0	dcfd9fee48099988a683e11c0e4c466354214d8c64dc7c40b25bca0d778b92cb	KnightBusArxivPatternFoundry/0.1	MISS	1	NONE	NONE	https://info.arxiv.org/help/api/tou.html	2026-08-11	arxiv-reference/cache/g02/arxiv/QRY-002-2021_CURRENT.overconstrained.xml	FAILED
REQ-G02-0011	G02	QRY-003	QRY-003-ALL	arXiv	legacy_api_query_metadata_invalidated_overconstrained	"(all:""PageRank power iteration"" OR all:""rank propagation"") AND (all:""reverse CSR pull layout"" OR all:""CSC pull layout"" OR all:""destination-range pull blocks"" OR all:""destination-major blocks"" OR all:""rank ping-pong vectors"" OR all:""double-buffered rank state"") AND (cat:cs.DS OR cat:cs.PF OR cat:cs.DC) AND NOT all:""generic centrality survey"" AND NOT all:""GNN training"" AND NOT all:""language-only speedup"""	max_results=15&search_query=%28all%3A%22PageRank%20power%20iteration%22%20OR%20all%3A%22rank%20propagation%22%29%20AND%20%28all%3A%22reverse%20CSR%20pull%20layout%22%20OR%20all%3A%22CSC%20pull%20layout%22%20OR%20all%3A%22destination-range%20pull%20blocks%22%20OR%20all%3A%22destination-major%20blocks%22%20OR%20all%3A%22rank%20ping-pong%20vectors%22%20OR%20all%3A%22double-buffered%20rank%20state%22%29%20AND%20%28cat%3Acs.DS%20OR%20cat%3Acs.PF%20OR%20cat%3Acs.DC%29%20AND%20NOT%20all%3A%22generic%20centrality%20survey%22%20AND%20NOT%20all%3A%22GNN%20training%22%20AND%20NOT%20all%3A%22language-only%20speedup%22&sortBy=relevance&sortOrder=descending&start=0	2026-08-11T06:38:33Z	0	200	0	6432fd6ca880205ff7877b166998dc540e2def61e2508afb5dea8f6b8630d44b	KnightBusArxivPatternFoundry/0.1	MISS	1	NONE	NONE	https://info.arxiv.org/help/api/tou.html	2026-08-11	arxiv-reference/cache/g02/arxiv/QRY-003-ALL.overconstrained.xml	FAILED
REQ-G02-0012	G02	QRY-003	QRY-003-PRE2001	arXiv	legacy_api_query_metadata_invalidated_overconstrained	"(all:""PageRank power iteration"" OR all:""rank propagation"") AND (all:""reverse CSR pull layout"" OR all:""CSC pull layout"" OR all:""destination-range pull blocks"" OR all:""destination-major blocks"" OR all:""rank ping-pong vectors"" OR all:""double-buffered rank state"") AND (cat:cs.DS OR cat:cs.PF OR cat:cs.DC) AND NOT all:""generic centrality survey"" AND NOT all:""GNN training"" AND NOT all:""language-only speedup"" AND submittedDate:[197001010000 TO 200012312359]"	max_results=15&search_query=%28all%3A%22PageRank%20power%20iteration%22%20OR%20all%3A%22rank%20propagation%22%29%20AND%20%28all%3A%22reverse%20CSR%20pull%20layout%22%20OR%20all%3A%22CSC%20pull%20layout%22%20OR%20all%3A%22destination-range%20pull%20blocks%22%20OR%20all%3A%22destination-major%20blocks%22%20OR%20all%3A%22rank%20ping-pong%20vectors%22%20OR%20all%3A%22double-buffered%20rank%20state%22%29%20AND%20%28cat%3Acs.DS%20OR%20cat%3Acs.PF%20OR%20cat%3Acs.DC%29%20AND%20NOT%20all%3A%22generic%20centrality%20survey%22%20AND%20NOT%20all%3A%22GNN%20training%22%20AND%20NOT%20all%3A%22language-only%20speedup%22%20AND%20submittedDate%3A%5B197001010000%20TO%20200012312359%5D&sortBy=relevance&sortOrder=descending&start=0	2026-08-11T06:38:37Z	0	200	0	743a733697c04dc66e78712f0f827258d86ee0077d422408fe8ee98d2a240d81	KnightBusArxivPatternFoundry/0.1	MISS	1	NONE	NONE	https://info.arxiv.org/help/api/tou.html	2026-08-11	arxiv-reference/cache/g02/arxiv/QRY-003-PRE2001.overconstrained.xml	FAILED
REQ-G02-0013	G02	QRY-003	QRY-003-2001_2010	arXiv	legacy_api_query_metadata_invalidated_overconstrained	"(all:""PageRank power iteration"" OR all:""rank propagation"") AND (all:""reverse CSR pull layout"" OR all:""CSC pull layout"" OR all:""destination-range pull blocks"" OR all:""destination-major blocks"" OR all:""rank ping-pong vectors"" OR all:""double-buffered rank state"") AND (cat:cs.DS OR cat:cs.PF OR cat:cs.DC) AND NOT all:""generic centrality survey"" AND NOT all:""GNN training"" AND NOT all:""language-only speedup"" AND submittedDate:[200101010000 TO 201012312359]"	max_results=15&search_query=%28all%3A%22PageRank%20power%20iteration%22%20OR%20all%3A%22rank%20propagation%22%29%20AND%20%28all%3A%22reverse%20CSR%20pull%20layout%22%20OR%20all%3A%22CSC%20pull%20layout%22%20OR%20all%3A%22destination-range%20pull%20blocks%22%20OR%20all%3A%22destination-major%20blocks%22%20OR%20all%3A%22rank%20ping-pong%20vectors%22%20OR%20all%3A%22double-buffered%20rank%20state%22%29%20AND%20%28cat%3Acs.DS%20OR%20cat%3Acs.PF%20OR%20cat%3Acs.DC%29%20AND%20NOT%20all%3A%22generic%20centrality%20survey%22%20AND%20NOT%20all%3A%22GNN%20training%22%20AND%20NOT%20all%3A%22language-only%20speedup%22%20AND%20submittedDate%3A%5B200101010000%20TO%20201012312359%5D&sortBy=relevance&sortOrder=descending&start=0	2026-08-11T06:38:41Z	0	200	0	04406d1bbab8b8850c0be89d2ac57fe6047c66a5e34cb410d8ceaedb6d3fb4a8	KnightBusArxivPatternFoundry/0.1	MISS	1	NONE	NONE	https://info.arxiv.org/help/api/tou.html	2026-08-11	arxiv-reference/cache/g02/arxiv/QRY-003-2001_2010.overconstrained.xml	FAILED
REQ-G02-0014	G02	QRY-003	QRY-003-2011_2020	arXiv	legacy_api_query_metadata_invalidated_overconstrained	"(all:""PageRank power iteration"" OR all:""rank propagation"") AND (all:""reverse CSR pull layout"" OR all:""CSC pull layout"" OR all:""destination-range pull blocks"" OR all:""destination-major blocks"" OR all:""rank ping-pong vectors"" OR all:""double-buffered rank state"") AND (cat:cs.DS OR cat:cs.PF OR cat:cs.DC) AND NOT all:""generic centrality survey"" AND NOT all:""GNN training"" AND NOT all:""language-only speedup"" AND submittedDate:[201101010000 TO 202012312359]"	max_results=15&search_query=%28all%3A%22PageRank%20power%20iteration%22%20OR%20all%3A%22rank%20propagation%22%29%20AND%20%28all%3A%22reverse%20CSR%20pull%20layout%22%20OR%20all%3A%22CSC%20pull%20layout%22%20OR%20all%3A%22destination-range%20pull%20blocks%22%20OR%20all%3A%22destination-major%20blocks%22%20OR%20all%3A%22rank%20ping-pong%20vectors%22%20OR%20all%3A%22double-buffered%20rank%20state%22%29%20AND%20%28cat%3Acs.DS%20OR%20cat%3Acs.PF%20OR%20cat%3Acs.DC%29%20AND%20NOT%20all%3A%22generic%20centrality%20survey%22%20AND%20NOT%20all%3A%22GNN%20training%22%20AND%20NOT%20all%3A%22language-only%20speedup%22%20AND%20submittedDate%3A%5B201101010000%20TO%20202012312359%5D&sortBy=relevance&sortOrder=descending&start=0	2026-08-11T06:38:45Z	0	200	0	157f0f9698e2dbff3300e487d96c2410321ec0974ea0e5321b2366349f623140	KnightBusArxivPatternFoundry/0.1	MISS	1	NONE	NONE	https://info.arxiv.org/help/api/tou.html	2026-08-11	arxiv-reference/cache/g02/arxiv/QRY-003-2011_2020.overconstrained.xml	FAILED
REQ-G02-0015	G02	QRY-003	QRY-003-2021_CURRENT	arXiv	legacy_api_query_metadata_invalidated_overconstrained	"(all:""PageRank power iteration"" OR all:""rank propagation"") AND (all:""reverse CSR pull layout"" OR all:""CSC pull layout"" OR all:""destination-range pull blocks"" OR all:""destination-major blocks"" OR all:""rank ping-pong vectors"" OR all:""double-buffered rank state"") AND (cat:cs.DS OR cat:cs.PF OR cat:cs.DC) AND NOT all:""generic centrality survey"" AND NOT all:""GNN training"" AND NOT all:""language-only speedup"" AND submittedDate:[202101010000 TO 202608112359]"	max_results=15&search_query=%28all%3A%22PageRank%20power%20iteration%22%20OR%20all%3A%22rank%20propagation%22%29%20AND%20%28all%3A%22reverse%20CSR%20pull%20layout%22%20OR%20all%3A%22CSC%20pull%20layout%22%20OR%20all%3A%22destination-range%20pull%20blocks%22%20OR%20all%3A%22destination-major%20blocks%22%20OR%20all%3A%22rank%20ping-pong%20vectors%22%20OR%20all%3A%22double-buffered%20rank%20state%22%29%20AND%20%28cat%3Acs.DS%20OR%20cat%3Acs.PF%20OR%20cat%3Acs.DC%29%20AND%20NOT%20all%3A%22generic%20centrality%20survey%22%20AND%20NOT%20all%3A%22GNN%20training%22%20AND%20NOT%20all%3A%22language-only%20speedup%22%20AND%20submittedDate%3A%5B202101010000%20TO%20202608112359%5D&sortBy=relevance&sortOrder=descending&start=0	2026-08-11T06:38:49Z	0	200	0	c85aacfaf8f4173f9478bedeea42c3c91730d434661277a37cd254428bfd834a	KnightBusArxivPatternFoundry/0.1	MISS	1	NONE	NONE	https://info.arxiv.org/help/api/tou.html	2026-08-11	arxiv-reference/cache/g02/arxiv/QRY-003-2021_CURRENT.overconstrained.xml	FAILED
REQ-G02-0016	G02	QRY-004	QRY-004-ALL	arXiv	legacy_api_query_metadata_invalidated_overconstrained	"(all:""PageRank power iteration"" OR all:""rank propagation"") AND (all:""rank ping-pong vectors"" OR all:""double-buffered rank state"" OR all:""two-dimensional pull tiles"" OR all:""source-destination tiles"" OR all:""external-memory graph processing"" OR all:""out-of-core graph processing"" OR all:""fixed buffer pool"" OR all:""preallocated I/O buffers"") AND (cat:cs.DS OR cat:cs.DC OR cat:cs.PF) AND NOT all:""distributed-only system"" AND NOT all:""GPU-only fit"" AND NOT all:""top-K without state model"""	max_results=15&search_query=%28all%3A%22PageRank%20power%20iteration%22%20OR%20all%3A%22rank%20propagation%22%29%20AND%20%28all%3A%22rank%20ping-pong%20vectors%22%20OR%20all%3A%22double-buffered%20rank%20state%22%20OR%20all%3A%22two-dimensional%20pull%20tiles%22%20OR%20all%3A%22source-destination%20tiles%22%20OR%20all%3A%22external-memory%20graph%20processing%22%20OR%20all%3A%22out-of-core%20graph%20processing%22%20OR%20all%3A%22fixed%20buffer%20pool%22%20OR%20all%3A%22preallocated%20I%2FO%20buffers%22%29%20AND%20%28cat%3Acs.DS%20OR%20cat%3Acs.DC%20OR%20cat%3Acs.PF%29%20AND%20NOT%20all%3A%22distributed-only%20system%22%20AND%20NOT%20all%3A%22GPU-only%20fit%22%20AND%20NOT%20all%3A%22top-K%20without%20state%20model%22&sortBy=relevance&sortOrder=descending&start=0	2026-08-11T06:38:53Z	0	200	0	b33c69dcf9aad271a6555ccba9db1a8748c4519362bb1f534c74445295e5e303	KnightBusArxivPatternFoundry/0.1	MISS	1	NONE	NONE	https://info.arxiv.org/help/api/tou.html	2026-08-11	arxiv-reference/cache/g02/arxiv/QRY-004-ALL.overconstrained.xml	FAILED
REQ-G02-0017	G02	QRY-001	QRY-001-ALL	arXiv	legacy_api_query_metadata	"(all:PageRank) AND (all:""algorithm-shaped"" OR all:storage OR all:""algorithm-native"" OR all:layout OR all:""workload-specific"" OR all:immutable OR all:canonical OR all:generation OR all:snapshot OR all:epoch OR all:physical OR all:view OR all:portfolio OR all:compiled OR all:plan OR all:""read-shaped"" OR all:surface) AND (cat:cs.DS OR cat:cs.DB OR cat:cs.PF) AND NOT all:""generic graph database"" AND NOT all:""survey only"" AND NOT all:""programming-language comparison"""	max_results=15&search_query=%28all%3APageRank%29%20AND%20%28all%3A%22algorithm-shaped%22%20OR%20all%3Astorage%20OR%20all%3A%22algorithm-native%22%20OR%20all%3Alayout%20OR%20all%3A%22workload-specific%22%20OR%20all%3Aimmutable%20OR%20all%3Acanonical%20OR%20all%3Ageneration%20OR%20all%3Asnapshot%20OR%20all%3Aepoch%20OR%20all%3Aphysical%20OR%20all%3Aview%20OR%20all%3Aportfolio%20OR%20all%3Acompiled%20OR%20all%3Aplan%20OR%20all%3A%22read-shaped%22%20OR%20all%3Asurface%29%20AND%20%28cat%3Acs.DS%20OR%20cat%3Acs.DB%20OR%20cat%3Acs.PF%29%20AND%20NOT%20all%3A%22generic%20graph%20database%22%20AND%20NOT%20all%3A%22survey%20only%22%20AND%20NOT%20all%3A%22programming-language%20comparison%22&sortBy=relevance&sortOrder=descending&start=0	2026-08-11T06:41:42Z	0	200	15	3fead393f277609756249a65b55d47fcf675e0f642212c349ea30b1922d26a41	KnightBusArxivPatternFoundry/0.1	MISS	1	NONE	NONE	https://info.arxiv.org/help/api/tou.html	2026-08-11	arxiv-reference/cache/g02/arxiv/QRY-001-ALL.xml	COMPLETE
REQ-G02-0018	G02	QRY-001	QRY-001-PRE2001	arXiv	legacy_api_query_metadata_invalidated_date_filter_refetch	"(all:PageRank) AND (all:""algorithm-shaped"" OR all:storage OR all:""algorithm-native"" OR all:layout OR all:""workload-specific"" OR all:immutable OR all:canonical OR all:generation OR all:snapshot OR all:epoch OR all:physical OR all:view OR all:portfolio OR all:compiled OR all:plan OR all:""read-shaped"" OR all:surface) AND (cat:cs.DS OR cat:cs.DB OR cat:cs.PF) AND NOT all:""generic graph database"" AND NOT all:""survey only"" AND NOT all:""programming-language comparison"" AND submittedDate:[197001010000 TO 200012312359]"	max_results=15&search_query=%28all%3APageRank%29%20AND%20%28all%3A%22algorithm-shaped%22%20OR%20all%3Astorage%20OR%20all%3A%22algorithm-native%22%20OR%20all%3Alayout%20OR%20all%3A%22workload-specific%22%20OR%20all%3Aimmutable%20OR%20all%3Acanonical%20OR%20all%3Ageneration%20OR%20all%3Asnapshot%20OR%20all%3Aepoch%20OR%20all%3Aphysical%20OR%20all%3Aview%20OR%20all%3Aportfolio%20OR%20all%3Acompiled%20OR%20all%3Aplan%20OR%20all%3A%22read-shaped%22%20OR%20all%3Asurface%29%20AND%20%28cat%3Acs.DS%20OR%20cat%3Acs.DB%20OR%20cat%3Acs.PF%29%20AND%20NOT%20all%3A%22generic%20graph%20database%22%20AND%20NOT%20all%3A%22survey%20only%22%20AND%20NOT%20all%3A%22programming-language%20comparison%22%20AND%20submittedDate%3A%5B197001010000%20TO%20200012312359%5D&sortBy=relevance&sortOrder=descending&start=0	2026-08-11T06:41:47Z	0	200	15	036c85a36e71525c676919f2684d9318b8a5b4e59fb16f930f1b0b26145fd258	KnightBusArxivPatternFoundry/0.1	MISS	1	NONE	NONE	https://info.arxiv.org/help/api/tou.html	2026-08-11	arxiv-reference/cache/g02/arxiv/QRY-001-PRE2001.datefilter-invalid.xml	FAILED
REQ-G02-0019	G02	QRY-001	QRY-001-2001_2010	arXiv	legacy_api_query_metadata_invalidated_date_filter_refetch	"(all:PageRank) AND (all:""algorithm-shaped"" OR all:storage OR all:""algorithm-native"" OR all:layout OR all:""workload-specific"" OR all:immutable OR all:canonical OR all:generation OR all:snapshot OR all:epoch OR all:physical OR all:view OR all:portfolio OR all:compiled OR all:plan OR all:""read-shaped"" OR all:surface) AND (cat:cs.DS OR cat:cs.DB OR cat:cs.PF) AND NOT all:""generic graph database"" AND NOT all:""survey only"" AND NOT all:""programming-language comparison"" AND submittedDate:[200101010000 TO 201012312359]"	max_results=15&search_query=%28all%3APageRank%29%20AND%20%28all%3A%22algorithm-shaped%22%20OR%20all%3Astorage%20OR%20all%3A%22algorithm-native%22%20OR%20all%3Alayout%20OR%20all%3A%22workload-specific%22%20OR%20all%3Aimmutable%20OR%20all%3Acanonical%20OR%20all%3Ageneration%20OR%20all%3Asnapshot%20OR%20all%3Aepoch%20OR%20all%3Aphysical%20OR%20all%3Aview%20OR%20all%3Aportfolio%20OR%20all%3Acompiled%20OR%20all%3Aplan%20OR%20all%3A%22read-shaped%22%20OR%20all%3Asurface%29%20AND%20%28cat%3Acs.DS%20OR%20cat%3Acs.DB%20OR%20cat%3Acs.PF%29%20AND%20NOT%20all%3A%22generic%20graph%20database%22%20AND%20NOT%20all%3A%22survey%20only%22%20AND%20NOT%20all%3A%22programming-language%20comparison%22%20AND%20submittedDate%3A%5B200101010000%20TO%20201012312359%5D&sortBy=relevance&sortOrder=descending&start=0	2026-08-11T06:41:51Z	0	200	15	7ddbc94d9140d3bd40f0faa120068450d43ae14cf74792b7cda40dce799050c8	KnightBusArxivPatternFoundry/0.1	MISS	1	NONE	NONE	https://info.arxiv.org/help/api/tou.html	2026-08-11	arxiv-reference/cache/g02/arxiv/QRY-001-2001_2010.datefilter-invalid.xml	FAILED
REQ-G02-0020	G02	QRY-001	QRY-001-2011_2020	arXiv	legacy_api_query_metadata_invalidated_date_filter_not_retried_request_cap	"(all:PageRank) AND (all:""algorithm-shaped"" OR all:storage OR all:""algorithm-native"" OR all:layout OR all:""workload-specific"" OR all:immutable OR all:canonical OR all:generation OR all:snapshot OR all:epoch OR all:physical OR all:view OR all:portfolio OR all:compiled OR all:plan OR all:""read-shaped"" OR all:surface) AND (cat:cs.DS OR cat:cs.DB OR cat:cs.PF) AND NOT all:""generic graph database"" AND NOT all:""survey only"" AND NOT all:""programming-language comparison"" AND submittedDate:[201101010000 TO 202012312359]"	max_results=15&search_query=%28all%3APageRank%29%20AND%20%28all%3A%22algorithm-shaped%22%20OR%20all%3Astorage%20OR%20all%3A%22algorithm-native%22%20OR%20all%3Alayout%20OR%20all%3A%22workload-specific%22%20OR%20all%3Aimmutable%20OR%20all%3Acanonical%20OR%20all%3Ageneration%20OR%20all%3Asnapshot%20OR%20all%3Aepoch%20OR%20all%3Aphysical%20OR%20all%3Aview%20OR%20all%3Aportfolio%20OR%20all%3Acompiled%20OR%20all%3Aplan%20OR%20all%3A%22read-shaped%22%20OR%20all%3Asurface%29%20AND%20%28cat%3Acs.DS%20OR%20cat%3Acs.DB%20OR%20cat%3Acs.PF%29%20AND%20NOT%20all%3A%22generic%20graph%20database%22%20AND%20NOT%20all%3A%22survey%20only%22%20AND%20NOT%20all%3A%22programming-language%20comparison%22%20AND%20submittedDate%3A%5B201101010000%20TO%20202012312359%5D&sortBy=relevance&sortOrder=descending&start=0	2026-08-11T06:41:56Z	0	200	15	bd72f78544f534e337d33e9b4d14a16e217d70805ce38a4806bde549e6669714	KnightBusArxivPatternFoundry/0.1	MISS	1	NONE	NONE	https://info.arxiv.org/help/api/tou.html	2026-08-11	arxiv-reference/cache/g02/arxiv/QRY-001-2011_2020.datefilter-invalid.xml	FAILED
REQ-G02-0021	G02	QRY-001	QRY-001-2021_CURRENT	arXiv	legacy_api_query_metadata_invalidated_date_filter_not_retried_request_cap	"(all:PageRank) AND (all:""algorithm-shaped"" OR all:storage OR all:""algorithm-native"" OR all:layout OR all:""workload-specific"" OR all:immutable OR all:canonical OR all:generation OR all:snapshot OR all:epoch OR all:physical OR all:view OR all:portfolio OR all:compiled OR all:plan OR all:""read-shaped"" OR all:surface) AND (cat:cs.DS OR cat:cs.DB OR cat:cs.PF) AND NOT all:""generic graph database"" AND NOT all:""survey only"" AND NOT all:""programming-language comparison"" AND submittedDate:[202101010000 TO 202608112359]"	max_results=15&search_query=%28all%3APageRank%29%20AND%20%28all%3A%22algorithm-shaped%22%20OR%20all%3Astorage%20OR%20all%3A%22algorithm-native%22%20OR%20all%3Alayout%20OR%20all%3A%22workload-specific%22%20OR%20all%3Aimmutable%20OR%20all%3Acanonical%20OR%20all%3Ageneration%20OR%20all%3Asnapshot%20OR%20all%3Aepoch%20OR%20all%3Aphysical%20OR%20all%3Aview%20OR%20all%3Aportfolio%20OR%20all%3Acompiled%20OR%20all%3Aplan%20OR%20all%3A%22read-shaped%22%20OR%20all%3Asurface%29%20AND%20%28cat%3Acs.DS%20OR%20cat%3Acs.DB%20OR%20cat%3Acs.PF%29%20AND%20NOT%20all%3A%22generic%20graph%20database%22%20AND%20NOT%20all%3A%22survey%20only%22%20AND%20NOT%20all%3A%22programming-language%20comparison%22%20AND%20submittedDate%3A%5B202101010000%20TO%20202608112359%5D&sortBy=relevance&sortOrder=descending&start=0	2026-08-11T06:42:01Z	0	200	15	8a31ee51a4f308122b58955224ad957373fbac9c70e1fa183167b9ca31f094a2	KnightBusArxivPatternFoundry/0.1	MISS	1	NONE	NONE	https://info.arxiv.org/help/api/tou.html	2026-08-11	arxiv-reference/cache/g02/arxiv/QRY-001-2021_CURRENT.datefilter-invalid.xml	FAILED
REQ-G02-0022	G02	QRY-002	QRY-002-ALL	arXiv	legacy_api_query_metadata	"(all:PageRank) AND (all:view OR all:promotion OR all:lifecycle OR all:""ephemeral-to-persisted"" OR all:substrate OR all:topology OR all:specialized OR all:""query-shape"" OR all:optimization OR all:unit OR all:workload OR all:signature OR all:""physical-plan"" OR all:key OR all:preparation OR all:amortization OR all:""build-versus-query"" OR all:tradeoff OR all:""break-even"" OR all:reuse) AND (cat:cs.DB OR cat:cs.DS) AND NOT all:""universal graph format"" AND NOT all:""free preprocessing"" AND NOT all:""opinion only"""	max_results=15&search_query=%28all%3APageRank%29%20AND%20%28all%3Aview%20OR%20all%3Apromotion%20OR%20all%3Alifecycle%20OR%20all%3A%22ephemeral-to-persisted%22%20OR%20all%3Asubstrate%20OR%20all%3Atopology%20OR%20all%3Aspecialized%20OR%20all%3A%22query-shape%22%20OR%20all%3Aoptimization%20OR%20all%3Aunit%20OR%20all%3Aworkload%20OR%20all%3Asignature%20OR%20all%3A%22physical-plan%22%20OR%20all%3Akey%20OR%20all%3Apreparation%20OR%20all%3Aamortization%20OR%20all%3A%22build-versus-query%22%20OR%20all%3Atradeoff%20OR%20all%3A%22break-even%22%20OR%20all%3Areuse%29%20AND%20%28cat%3Acs.DB%20OR%20cat%3Acs.DS%29%20AND%20NOT%20all%3A%22universal%20graph%20format%22%20AND%20NOT%20all%3A%22free%20preprocessing%22%20AND%20NOT%20all%3A%22opinion%20only%22&sortBy=relevance&sortOrder=descending&start=0	2026-08-11T06:42:06Z	0	200	15	a6f5d4736331edd9d945b0465028e50a881890ced917eeabae7306f06583b658	KnightBusArxivPatternFoundry/0.1	MISS	1	NONE	NONE	https://info.arxiv.org/help/api/tou.html	2026-08-11	arxiv-reference/cache/g02/arxiv/QRY-002-ALL.xml	COMPLETE
REQ-G02-0023	G02	QRY-002	QRY-002-PRE2001	arXiv	legacy_api_query_metadata_invalidated_date_filter_refetch	"(all:PageRank) AND (all:view OR all:promotion OR all:lifecycle OR all:""ephemeral-to-persisted"" OR all:substrate OR all:topology OR all:specialized OR all:""query-shape"" OR all:optimization OR all:unit OR all:workload OR all:signature OR all:""physical-plan"" OR all:key OR all:preparation OR all:amortization OR all:""build-versus-query"" OR all:tradeoff OR all:""break-even"" OR all:reuse) AND (cat:cs.DB OR cat:cs.DS) AND NOT all:""universal graph format"" AND NOT all:""free preprocessing"" AND NOT all:""opinion only"" AND submittedDate:[197001010000 TO 200012312359]"	max_results=15&search_query=%28all%3APageRank%29%20AND%20%28all%3Aview%20OR%20all%3Apromotion%20OR%20all%3Alifecycle%20OR%20all%3A%22ephemeral-to-persisted%22%20OR%20all%3Asubstrate%20OR%20all%3Atopology%20OR%20all%3Aspecialized%20OR%20all%3A%22query-shape%22%20OR%20all%3Aoptimization%20OR%20all%3Aunit%20OR%20all%3Aworkload%20OR%20all%3Asignature%20OR%20all%3A%22physical-plan%22%20OR%20all%3Akey%20OR%20all%3Apreparation%20OR%20all%3Aamortization%20OR%20all%3A%22build-versus-query%22%20OR%20all%3Atradeoff%20OR%20all%3A%22break-even%22%20OR%20all%3Areuse%29%20AND%20%28cat%3Acs.DB%20OR%20cat%3Acs.DS%29%20AND%20NOT%20all%3A%22universal%20graph%20format%22%20AND%20NOT%20all%3A%22free%20preprocessing%22%20AND%20NOT%20all%3A%22opinion%20only%22%20AND%20submittedDate%3A%5B197001010000%20TO%20200012312359%5D&sortBy=relevance&sortOrder=descending&start=0	2026-08-11T06:42:11Z	0	200	15	eda74bd2ee107ffdde03cc236963be4d262e008129eb1c592e317d0a61d29a1e	KnightBusArxivPatternFoundry/0.1	MISS	1	NONE	NONE	https://info.arxiv.org/help/api/tou.html	2026-08-11	arxiv-reference/cache/g02/arxiv/QRY-002-PRE2001.datefilter-invalid.xml	FAILED
REQ-G02-0024	G02	QRY-002	QRY-002-2001_2010	arXiv	legacy_api_query_metadata_invalidated_date_filter_refetch	"(all:PageRank) AND (all:view OR all:promotion OR all:lifecycle OR all:""ephemeral-to-persisted"" OR all:substrate OR all:topology OR all:specialized OR all:""query-shape"" OR all:optimization OR all:unit OR all:workload OR all:signature OR all:""physical-plan"" OR all:key OR all:preparation OR all:amortization OR all:""build-versus-query"" OR all:tradeoff OR all:""break-even"" OR all:reuse) AND (cat:cs.DB OR cat:cs.DS) AND NOT all:""universal graph format"" AND NOT all:""free preprocessing"" AND NOT all:""opinion only"" AND submittedDate:[200101010000 TO 201012312359]"	max_results=15&search_query=%28all%3APageRank%29%20AND%20%28all%3Aview%20OR%20all%3Apromotion%20OR%20all%3Alifecycle%20OR%20all%3A%22ephemeral-to-persisted%22%20OR%20all%3Asubstrate%20OR%20all%3Atopology%20OR%20all%3Aspecialized%20OR%20all%3A%22query-shape%22%20OR%20all%3Aoptimization%20OR%20all%3Aunit%20OR%20all%3Aworkload%20OR%20all%3Asignature%20OR%20all%3A%22physical-plan%22%20OR%20all%3Akey%20OR%20all%3Apreparation%20OR%20all%3Aamortization%20OR%20all%3A%22build-versus-query%22%20OR%20all%3Atradeoff%20OR%20all%3A%22break-even%22%20OR%20all%3Areuse%29%20AND%20%28cat%3Acs.DB%20OR%20cat%3Acs.DS%29%20AND%20NOT%20all%3A%22universal%20graph%20format%22%20AND%20NOT%20all%3A%22free%20preprocessing%22%20AND%20NOT%20all%3A%22opinion%20only%22%20AND%20submittedDate%3A%5B200101010000%20TO%20201012312359%5D&sortBy=relevance&sortOrder=descending&start=0	2026-08-11T06:42:16Z	0	200	15	d205b1b8b060491edeb63d6daf1d450588bca12bdb96ceaf4b5ee1c3e51dc33b	KnightBusArxivPatternFoundry/0.1	MISS	1	NONE	NONE	https://info.arxiv.org/help/api/tou.html	2026-08-11	arxiv-reference/cache/g02/arxiv/QRY-002-2001_2010.datefilter-invalid.xml	FAILED
REQ-G02-0025	G02	QRY-002	QRY-002-2011_2020	arXiv	legacy_api_query_metadata_invalidated_date_filter_not_retried_request_cap	"(all:PageRank) AND (all:view OR all:promotion OR all:lifecycle OR all:""ephemeral-to-persisted"" OR all:substrate OR all:topology OR all:specialized OR all:""query-shape"" OR all:optimization OR all:unit OR all:workload OR all:signature OR all:""physical-plan"" OR all:key OR all:preparation OR all:amortization OR all:""build-versus-query"" OR all:tradeoff OR all:""break-even"" OR all:reuse) AND (cat:cs.DB OR cat:cs.DS) AND NOT all:""universal graph format"" AND NOT all:""free preprocessing"" AND NOT all:""opinion only"" AND submittedDate:[201101010000 TO 202012312359]"	max_results=15&search_query=%28all%3APageRank%29%20AND%20%28all%3Aview%20OR%20all%3Apromotion%20OR%20all%3Alifecycle%20OR%20all%3A%22ephemeral-to-persisted%22%20OR%20all%3Asubstrate%20OR%20all%3Atopology%20OR%20all%3Aspecialized%20OR%20all%3A%22query-shape%22%20OR%20all%3Aoptimization%20OR%20all%3Aunit%20OR%20all%3Aworkload%20OR%20all%3Asignature%20OR%20all%3A%22physical-plan%22%20OR%20all%3Akey%20OR%20all%3Apreparation%20OR%20all%3Aamortization%20OR%20all%3A%22build-versus-query%22%20OR%20all%3Atradeoff%20OR%20all%3A%22break-even%22%20OR%20all%3Areuse%29%20AND%20%28cat%3Acs.DB%20OR%20cat%3Acs.DS%29%20AND%20NOT%20all%3A%22universal%20graph%20format%22%20AND%20NOT%20all%3A%22free%20preprocessing%22%20AND%20NOT%20all%3A%22opinion%20only%22%20AND%20submittedDate%3A%5B201101010000%20TO%20202012312359%5D&sortBy=relevance&sortOrder=descending&start=0	2026-08-11T06:42:21Z	0	200	15	67369f49e1677d3d0b9f4d507aed6421f8e20120e09ba0e4b6ddeac6af1aad2f	KnightBusArxivPatternFoundry/0.1	MISS	1	NONE	NONE	https://info.arxiv.org/help/api/tou.html	2026-08-11	arxiv-reference/cache/g02/arxiv/QRY-002-2011_2020.datefilter-invalid.xml	FAILED
REQ-G02-0026	G02	QRY-002	QRY-002-2021_CURRENT	arXiv	legacy_api_query_metadata_invalidated_date_filter_not_retried_request_cap	"(all:PageRank) AND (all:view OR all:promotion OR all:lifecycle OR all:""ephemeral-to-persisted"" OR all:substrate OR all:topology OR all:specialized OR all:""query-shape"" OR all:optimization OR all:unit OR all:workload OR all:signature OR all:""physical-plan"" OR all:key OR all:preparation OR all:amortization OR all:""build-versus-query"" OR all:tradeoff OR all:""break-even"" OR all:reuse) AND (cat:cs.DB OR cat:cs.DS) AND NOT all:""universal graph format"" AND NOT all:""free preprocessing"" AND NOT all:""opinion only"" AND submittedDate:[202101010000 TO 202608112359]"	max_results=15&search_query=%28all%3APageRank%29%20AND%20%28all%3Aview%20OR%20all%3Apromotion%20OR%20all%3Alifecycle%20OR%20all%3A%22ephemeral-to-persisted%22%20OR%20all%3Asubstrate%20OR%20all%3Atopology%20OR%20all%3Aspecialized%20OR%20all%3A%22query-shape%22%20OR%20all%3Aoptimization%20OR%20all%3Aunit%20OR%20all%3Aworkload%20OR%20all%3Asignature%20OR%20all%3A%22physical-plan%22%20OR%20all%3Akey%20OR%20all%3Apreparation%20OR%20all%3Aamortization%20OR%20all%3A%22build-versus-query%22%20OR%20all%3Atradeoff%20OR%20all%3A%22break-even%22%20OR%20all%3Areuse%29%20AND%20%28cat%3Acs.DB%20OR%20cat%3Acs.DS%29%20AND%20NOT%20all%3A%22universal%20graph%20format%22%20AND%20NOT%20all%3A%22free%20preprocessing%22%20AND%20NOT%20all%3A%22opinion%20only%22%20AND%20submittedDate%3A%5B202101010000%20TO%20202608112359%5D&sortBy=relevance&sortOrder=descending&start=0	2026-08-11T06:42:27Z	0	200	15	ec56f4b5ce3d19c1c7ab46871b97d387c72c690f8037de11b79f746e580c3ec7	KnightBusArxivPatternFoundry/0.1	MISS	1	NONE	NONE	https://info.arxiv.org/help/api/tou.html	2026-08-11	arxiv-reference/cache/g02/arxiv/QRY-002-2021_CURRENT.datefilter-invalid.xml	FAILED
REQ-G02-0027	G02	QRY-003	QRY-003-ALL	arXiv	legacy_api_query_metadata	"(all:PageRank) AND (all:reverse OR all:CSR OR all:pull OR all:layout OR all:CSC OR all:""destination-major"" OR all:adjacency OR all:""destination-range"" OR all:blocks OR all:tape OR all:rank OR all:""ping-pong"" OR all:vectors OR all:""double-buffered"" OR all:rolling OR all:score) AND (cat:cs.DS OR cat:cs.PF OR cat:cs.DC) AND NOT all:""generic centrality survey"" AND NOT all:""GNN training"" AND NOT all:""language-only speedup"""	max_results=15&search_query=%28all%3APageRank%29%20AND%20%28all%3Areverse%20OR%20all%3ACSR%20OR%20all%3Apull%20OR%20all%3Alayout%20OR%20all%3ACSC%20OR%20all%3A%22destination-major%22%20OR%20all%3Aadjacency%20OR%20all%3A%22destination-range%22%20OR%20all%3Ablocks%20OR%20all%3Atape%20OR%20all%3Arank%20OR%20all%3A%22ping-pong%22%20OR%20all%3Avectors%20OR%20all%3A%22double-buffered%22%20OR%20all%3Arolling%20OR%20all%3Ascore%29%20AND%20%28cat%3Acs.DS%20OR%20cat%3Acs.PF%20OR%20cat%3Acs.DC%29%20AND%20NOT%20all%3A%22generic%20centrality%20survey%22%20AND%20NOT%20all%3A%22GNN%20training%22%20AND%20NOT%20all%3A%22language-only%20speedup%22&sortBy=relevance&sortOrder=descending&start=0	2026-08-11T06:42:32Z	0	200	15	af18780348d2147b17e812fd24fb8f4e3b9e146e9def5410557d0b4ba0bb78f3	KnightBusArxivPatternFoundry/0.1	MISS	1	NONE	NONE	https://info.arxiv.org/help/api/tou.html	2026-08-11	arxiv-reference/cache/g02/arxiv/QRY-003-ALL.xml	COMPLETE
REQ-G02-0028	G02	QRY-004	QRY-004-PRE2001	arXiv	legacy_api_query_metadata_invalidated_date_filter_refetch	"(all:PageRank) AND (all:rank OR all:""ping-pong"" OR all:vectors OR all:""double-buffered"" OR all:rolling OR all:score OR all:""two-dimensional"" OR all:pull OR all:tiles OR all:""source-destination"" OR all:edge OR all:""external-memory"" OR all:processing OR all:""out-of-core"" OR all:""semi-external"" OR all:fixed OR all:buffer OR all:pool OR all:preallocated OR all:buffers OR all:capsule) AND (cat:cs.DS OR cat:cs.DC OR cat:cs.PF) AND NOT all:""distributed-only system"" AND NOT all:""GPU-only fit"" AND NOT all:""top-K without state model"" AND submittedDate:[197001010000 TO 200012312359]"	max_results=15&search_query=%28all%3APageRank%29%20AND%20%28all%3Arank%20OR%20all%3A%22ping-pong%22%20OR%20all%3Avectors%20OR%20all%3A%22double-buffered%22%20OR%20all%3Arolling%20OR%20all%3Ascore%20OR%20all%3A%22two-dimensional%22%20OR%20all%3Apull%20OR%20all%3Atiles%20OR%20all%3A%22source-destination%22%20OR%20all%3Aedge%20OR%20all%3A%22external-memory%22%20OR%20all%3Aprocessing%20OR%20all%3A%22out-of-core%22%20OR%20all%3A%22semi-external%22%20OR%20all%3Afixed%20OR%20all%3Abuffer%20OR%20all%3Apool%20OR%20all%3Apreallocated%20OR%20all%3Abuffers%20OR%20all%3Acapsule%29%20AND%20%28cat%3Acs.DS%20OR%20cat%3Acs.DC%20OR%20cat%3Acs.PF%29%20AND%20NOT%20all%3A%22distributed-only%20system%22%20AND%20NOT%20all%3A%22GPU-only%20fit%22%20AND%20NOT%20all%3A%22top-K%20without%20state%20model%22%20AND%20submittedDate%3A%5B197001010000%20TO%20200012312359%5D&sortBy=relevance&sortOrder=descending&start=0	2026-08-11T06:42:37Z	0	200	15	b55e8cadf71cfe61cb41c9c4fd0adb96c4ac60e7f116b197d5f53c2bc1c6b852	KnightBusArxivPatternFoundry/0.1	MISS	1	NONE	NONE	https://info.arxiv.org/help/api/tou.html	2026-08-11	arxiv-reference/cache/g02/arxiv/QRY-004-PRE2001.datefilter-invalid.xml	FAILED
REQ-G02-0029	G02	QRY-003	QRY-003-PRE2001	arXiv	legacy_api_query_metadata_invalidated_date_filter_refetch	"(all:PageRank) AND (all:reverse OR all:CSR OR all:pull OR all:layout OR all:CSC OR all:""destination-major"" OR all:adjacency OR all:""destination-range"" OR all:blocks OR all:tape OR all:rank OR all:""ping-pong"" OR all:vectors OR all:""double-buffered"" OR all:rolling OR all:score) AND (cat:cs.DS OR cat:cs.PF OR cat:cs.DC) AND NOT all:""generic centrality survey"" AND NOT all:""GNN training"" AND NOT all:""language-only speedup"" AND submittedDate:[197001010000 TO 200012312359]"	max_results=15&search_query=%28all%3APageRank%29%20AND%20%28all%3Areverse%20OR%20all%3ACSR%20OR%20all%3Apull%20OR%20all%3Alayout%20OR%20all%3ACSC%20OR%20all%3A%22destination-major%22%20OR%20all%3Aadjacency%20OR%20all%3A%22destination-range%22%20OR%20all%3Ablocks%20OR%20all%3Atape%20OR%20all%3Arank%20OR%20all%3A%22ping-pong%22%20OR%20all%3Avectors%20OR%20all%3A%22double-buffered%22%20OR%20all%3Arolling%20OR%20all%3Ascore%29%20AND%20%28cat%3Acs.DS%20OR%20cat%3Acs.PF%20OR%20cat%3Acs.DC%29%20AND%20NOT%20all%3A%22generic%20centrality%20survey%22%20AND%20NOT%20all%3A%22GNN%20training%22%20AND%20NOT%20all%3A%22language-only%20speedup%22%20AND%20submittedDate%3A%5B197001010000%20TO%20200012312359%5D&sortBy=relevance&sortOrder=descending&start=0	2026-08-11T06:43:21Z	0	200	15	1ff1c16fbeadc562a3010a5f6f67a7959487027a53385bdaeca8aaf2ea5bb1fc	KnightBusArxivPatternFoundry/0.1	MISS	1	NONE	NONE	https://info.arxiv.org/help/api/tou.html	2026-08-11	arxiv-reference/cache/g02/arxiv/QRY-003-PRE2001.datefilter-invalid.xml	FAILED
REQ-G02-0030	G02	QRY-003	QRY-003-2001_2010	arXiv	legacy_api_query_metadata_invalidated_date_filter_refetch	"(all:PageRank) AND (all:reverse OR all:CSR OR all:pull OR all:layout OR all:CSC OR all:""destination-major"" OR all:adjacency OR all:""destination-range"" OR all:blocks OR all:tape OR all:rank OR all:""ping-pong"" OR all:vectors OR all:""double-buffered"" OR all:rolling OR all:score) AND (cat:cs.DS OR cat:cs.PF OR cat:cs.DC) AND NOT all:""generic centrality survey"" AND NOT all:""GNN training"" AND NOT all:""language-only speedup"" AND submittedDate:[200101010000 TO 201012312359]"	max_results=15&search_query=%28all%3APageRank%29%20AND%20%28all%3Areverse%20OR%20all%3ACSR%20OR%20all%3Apull%20OR%20all%3Alayout%20OR%20all%3ACSC%20OR%20all%3A%22destination-major%22%20OR%20all%3Aadjacency%20OR%20all%3A%22destination-range%22%20OR%20all%3Ablocks%20OR%20all%3Atape%20OR%20all%3Arank%20OR%20all%3A%22ping-pong%22%20OR%20all%3Avectors%20OR%20all%3A%22double-buffered%22%20OR%20all%3Arolling%20OR%20all%3Ascore%29%20AND%20%28cat%3Acs.DS%20OR%20cat%3Acs.PF%20OR%20cat%3Acs.DC%29%20AND%20NOT%20all%3A%22generic%20centrality%20survey%22%20AND%20NOT%20all%3A%22GNN%20training%22%20AND%20NOT%20all%3A%22language-only%20speedup%22%20AND%20submittedDate%3A%5B200101010000%20TO%20201012312359%5D&sortBy=relevance&sortOrder=descending&start=0	2026-08-11T06:43:25Z	0	200	15	73d6c44268ef61ccf35219b57df8db8583ae42eacf3b935b23c6f67dbc937d9e	KnightBusArxivPatternFoundry/0.1	MISS	1	NONE	NONE	https://info.arxiv.org/help/api/tou.html	2026-08-11	arxiv-reference/cache/g02/arxiv/QRY-003-2001_2010.datefilter-invalid.xml	FAILED
REQ-G02-0031	G02	QRY-003	QRY-003-2011_2020	arXiv	legacy_api_query_metadata_invalidated_date_filter_not_retried_request_cap	"(all:PageRank) AND (all:reverse OR all:CSR OR all:pull OR all:layout OR all:CSC OR all:""destination-major"" OR all:adjacency OR all:""destination-range"" OR all:blocks OR all:tape OR all:rank OR all:""ping-pong"" OR all:vectors OR all:""double-buffered"" OR all:rolling OR all:score) AND (cat:cs.DS OR cat:cs.PF OR cat:cs.DC) AND NOT all:""generic centrality survey"" AND NOT all:""GNN training"" AND NOT all:""language-only speedup"" AND submittedDate:[201101010000 TO 202012312359]"	max_results=15&search_query=%28all%3APageRank%29%20AND%20%28all%3Areverse%20OR%20all%3ACSR%20OR%20all%3Apull%20OR%20all%3Alayout%20OR%20all%3ACSC%20OR%20all%3A%22destination-major%22%20OR%20all%3Aadjacency%20OR%20all%3A%22destination-range%22%20OR%20all%3Ablocks%20OR%20all%3Atape%20OR%20all%3Arank%20OR%20all%3A%22ping-pong%22%20OR%20all%3Avectors%20OR%20all%3A%22double-buffered%22%20OR%20all%3Arolling%20OR%20all%3Ascore%29%20AND%20%28cat%3Acs.DS%20OR%20cat%3Acs.PF%20OR%20cat%3Acs.DC%29%20AND%20NOT%20all%3A%22generic%20centrality%20survey%22%20AND%20NOT%20all%3A%22GNN%20training%22%20AND%20NOT%20all%3A%22language-only%20speedup%22%20AND%20submittedDate%3A%5B201101010000%20TO%20202012312359%5D&sortBy=relevance&sortOrder=descending&start=0	2026-08-11T06:43:30Z	0	200	15	674e7c6baed5b39875758410bf12c2cfbbb023888265834a3001fa7a3154c58f	KnightBusArxivPatternFoundry/0.1	MISS	1	NONE	NONE	https://info.arxiv.org/help/api/tou.html	2026-08-11	arxiv-reference/cache/g02/arxiv/QRY-003-2011_2020.datefilter-invalid.xml	FAILED
REQ-G02-0032	G02	QRY-003	QRY-003-2021_CURRENT	arXiv	legacy_api_query_metadata_invalidated_date_filter_not_retried_request_cap	"(all:PageRank) AND (all:reverse OR all:CSR OR all:pull OR all:layout OR all:CSC OR all:""destination-major"" OR all:adjacency OR all:""destination-range"" OR all:blocks OR all:tape OR all:rank OR all:""ping-pong"" OR all:vectors OR all:""double-buffered"" OR all:rolling OR all:score) AND (cat:cs.DS OR cat:cs.PF OR cat:cs.DC) AND NOT all:""generic centrality survey"" AND NOT all:""GNN training"" AND NOT all:""language-only speedup"" AND submittedDate:[202101010000 TO 202608112359]"	max_results=15&search_query=%28all%3APageRank%29%20AND%20%28all%3Areverse%20OR%20all%3ACSR%20OR%20all%3Apull%20OR%20all%3Alayout%20OR%20all%3ACSC%20OR%20all%3A%22destination-major%22%20OR%20all%3Aadjacency%20OR%20all%3A%22destination-range%22%20OR%20all%3Ablocks%20OR%20all%3Atape%20OR%20all%3Arank%20OR%20all%3A%22ping-pong%22%20OR%20all%3Avectors%20OR%20all%3A%22double-buffered%22%20OR%20all%3Arolling%20OR%20all%3Ascore%29%20AND%20%28cat%3Acs.DS%20OR%20cat%3Acs.PF%20OR%20cat%3Acs.DC%29%20AND%20NOT%20all%3A%22generic%20centrality%20survey%22%20AND%20NOT%20all%3A%22GNN%20training%22%20AND%20NOT%20all%3A%22language-only%20speedup%22%20AND%20submittedDate%3A%5B202101010000%20TO%20202608112359%5D&sortBy=relevance&sortOrder=descending&start=0	2026-08-11T06:43:35Z	0	200	15	523e2072e8182bc74a88525f2c3f53c7c92da4007c5f1aba2a73836fd4389976	KnightBusArxivPatternFoundry/0.1	MISS	1	NONE	NONE	https://info.arxiv.org/help/api/tou.html	2026-08-11	arxiv-reference/cache/g02/arxiv/QRY-003-2021_CURRENT.datefilter-invalid.xml	FAILED
REQ-G02-0033	G02	QRY-004	QRY-004-ALL	arXiv	legacy_api_query_metadata	"(all:PageRank) AND (all:rank OR all:""ping-pong"" OR all:vectors OR all:""double-buffered"" OR all:rolling OR all:score OR all:""two-dimensional"" OR all:pull OR all:tiles OR all:""source-destination"" OR all:edge OR all:""external-memory"" OR all:processing OR all:""out-of-core"" OR all:""semi-external"" OR all:fixed OR all:buffer OR all:pool OR all:preallocated OR all:buffers OR all:capsule) AND (cat:cs.DS OR cat:cs.DC OR cat:cs.PF) AND NOT all:""distributed-only system"" AND NOT all:""GPU-only fit"" AND NOT all:""top-K without state model"""	max_results=15&search_query=%28all%3APageRank%29%20AND%20%28all%3Arank%20OR%20all%3A%22ping-pong%22%20OR%20all%3Avectors%20OR%20all%3A%22double-buffered%22%20OR%20all%3Arolling%20OR%20all%3Ascore%20OR%20all%3A%22two-dimensional%22%20OR%20all%3Apull%20OR%20all%3Atiles%20OR%20all%3A%22source-destination%22%20OR%20all%3Aedge%20OR%20all%3A%22external-memory%22%20OR%20all%3Aprocessing%20OR%20all%3A%22out-of-core%22%20OR%20all%3A%22semi-external%22%20OR%20all%3Afixed%20OR%20all%3Abuffer%20OR%20all%3Apool%20OR%20all%3Apreallocated%20OR%20all%3Abuffers%20OR%20all%3Acapsule%29%20AND%20%28cat%3Acs.DS%20OR%20cat%3Acs.DC%20OR%20cat%3Acs.PF%29%20AND%20NOT%20all%3A%22distributed-only%20system%22%20AND%20NOT%20all%3A%22GPU-only%20fit%22%20AND%20NOT%20all%3A%22top-K%20without%20state%20model%22&sortBy=relevance&sortOrder=descending&start=0	2026-08-11T06:43:39Z	0	200	15	b7d4a1a6851575a735816d0926e62581017edaecedab82857a21d82855674759	KnightBusArxivPatternFoundry/0.1	MISS	1	NONE	NONE	https://info.arxiv.org/help/api/tou.html	2026-08-11	arxiv-reference/cache/g02/arxiv/QRY-004-ALL.xml	COMPLETE
REQ-G02-0034	G02	QRY-004	QRY-004-2001_2010	arXiv	legacy_api_query_metadata_invalidated_date_filter_refetch	"(all:PageRank) AND (all:rank OR all:""ping-pong"" OR all:vectors OR all:""double-buffered"" OR all:rolling OR all:score OR all:""two-dimensional"" OR all:pull OR all:tiles OR all:""source-destination"" OR all:edge OR all:""external-memory"" OR all:processing OR all:""out-of-core"" OR all:""semi-external"" OR all:fixed OR all:buffer OR all:pool OR all:preallocated OR all:buffers OR all:capsule) AND (cat:cs.DS OR cat:cs.DC OR cat:cs.PF) AND NOT all:""distributed-only system"" AND NOT all:""GPU-only fit"" AND NOT all:""top-K without state model"" AND submittedDate:[200101010000 TO 201012312359]"	max_results=15&search_query=%28all%3APageRank%29%20AND%20%28all%3Arank%20OR%20all%3A%22ping-pong%22%20OR%20all%3Avectors%20OR%20all%3A%22double-buffered%22%20OR%20all%3Arolling%20OR%20all%3Ascore%20OR%20all%3A%22two-dimensional%22%20OR%20all%3Apull%20OR%20all%3Atiles%20OR%20all%3A%22source-destination%22%20OR%20all%3Aedge%20OR%20all%3A%22external-memory%22%20OR%20all%3Aprocessing%20OR%20all%3A%22out-of-core%22%20OR%20all%3A%22semi-external%22%20OR%20all%3Afixed%20OR%20all%3Abuffer%20OR%20all%3Apool%20OR%20all%3Apreallocated%20OR%20all%3Abuffers%20OR%20all%3Acapsule%29%20AND%20%28cat%3Acs.DS%20OR%20cat%3Acs.DC%20OR%20cat%3Acs.PF%29%20AND%20NOT%20all%3A%22distributed-only%20system%22%20AND%20NOT%20all%3A%22GPU-only%20fit%22%20AND%20NOT%20all%3A%22top-K%20without%20state%20model%22%20AND%20submittedDate%3A%5B200101010000%20TO%20201012312359%5D&sortBy=relevance&sortOrder=descending&start=0	2026-08-11T06:43:45Z	0	200	15	0f92106c2892c89017092ae2e0739cb7cf231ee6424059f8399e7832500e0095	KnightBusArxivPatternFoundry/0.1	MISS	1	NONE	NONE	https://info.arxiv.org/help/api/tou.html	2026-08-11	arxiv-reference/cache/g02/arxiv/QRY-004-2001_2010.datefilter-invalid.xml	FAILED
REQ-G02-0035	G02	QRY-004	QRY-004-2011_2020	arXiv	legacy_api_query_metadata_invalidated_date_filter_not_retried_request_cap	"(all:PageRank) AND (all:rank OR all:""ping-pong"" OR all:vectors OR all:""double-buffered"" OR all:rolling OR all:score OR all:""two-dimensional"" OR all:pull OR all:tiles OR all:""source-destination"" OR all:edge OR all:""external-memory"" OR all:processing OR all:""out-of-core"" OR all:""semi-external"" OR all:fixed OR all:buffer OR all:pool OR all:preallocated OR all:buffers OR all:capsule) AND (cat:cs.DS OR cat:cs.DC OR cat:cs.PF) AND NOT all:""distributed-only system"" AND NOT all:""GPU-only fit"" AND NOT all:""top-K without state model"" AND submittedDate:[201101010000 TO 202012312359]"	max_results=15&search_query=%28all%3APageRank%29%20AND%20%28all%3Arank%20OR%20all%3A%22ping-pong%22%20OR%20all%3Avectors%20OR%20all%3A%22double-buffered%22%20OR%20all%3Arolling%20OR%20all%3Ascore%20OR%20all%3A%22two-dimensional%22%20OR%20all%3Apull%20OR%20all%3Atiles%20OR%20all%3A%22source-destination%22%20OR%20all%3Aedge%20OR%20all%3A%22external-memory%22%20OR%20all%3Aprocessing%20OR%20all%3A%22out-of-core%22%20OR%20all%3A%22semi-external%22%20OR%20all%3Afixed%20OR%20all%3Abuffer%20OR%20all%3Apool%20OR%20all%3Apreallocated%20OR%20all%3Abuffers%20OR%20all%3Acapsule%29%20AND%20%28cat%3Acs.DS%20OR%20cat%3Acs.DC%20OR%20cat%3Acs.PF%29%20AND%20NOT%20all%3A%22distributed-only%20system%22%20AND%20NOT%20all%3A%22GPU-only%20fit%22%20AND%20NOT%20all%3A%22top-K%20without%20state%20model%22%20AND%20submittedDate%3A%5B201101010000%20TO%20202012312359%5D&sortBy=relevance&sortOrder=descending&start=0	2026-08-11T06:43:49Z	0	200	15	d00bfea529270d92804577ec789cddb1bb1d1bca20a119a7191d9a822af902e0	KnightBusArxivPatternFoundry/0.1	MISS	1	NONE	NONE	https://info.arxiv.org/help/api/tou.html	2026-08-11	arxiv-reference/cache/g02/arxiv/QRY-004-2011_2020.datefilter-invalid.xml	FAILED
REQ-G02-0036	G02	QRY-004	QRY-004-2021_CURRENT	arXiv	legacy_api_query_metadata_invalidated_date_filter_not_retried_request_cap	"(all:PageRank) AND (all:rank OR all:""ping-pong"" OR all:vectors OR all:""double-buffered"" OR all:rolling OR all:score OR all:""two-dimensional"" OR all:pull OR all:tiles OR all:""source-destination"" OR all:edge OR all:""external-memory"" OR all:processing OR all:""out-of-core"" OR all:""semi-external"" OR all:fixed OR all:buffer OR all:pool OR all:preallocated OR all:buffers OR all:capsule) AND (cat:cs.DS OR cat:cs.DC OR cat:cs.PF) AND NOT all:""distributed-only system"" AND NOT all:""GPU-only fit"" AND NOT all:""top-K without state model"" AND submittedDate:[202101010000 TO 202608112359]"	max_results=15&search_query=%28all%3APageRank%29%20AND%20%28all%3Arank%20OR%20all%3A%22ping-pong%22%20OR%20all%3Avectors%20OR%20all%3A%22double-buffered%22%20OR%20all%3Arolling%20OR%20all%3Ascore%20OR%20all%3A%22two-dimensional%22%20OR%20all%3Apull%20OR%20all%3Atiles%20OR%20all%3A%22source-destination%22%20OR%20all%3Aedge%20OR%20all%3A%22external-memory%22%20OR%20all%3Aprocessing%20OR%20all%3A%22out-of-core%22%20OR%20all%3A%22semi-external%22%20OR%20all%3Afixed%20OR%20all%3Abuffer%20OR%20all%3Apool%20OR%20all%3Apreallocated%20OR%20all%3Abuffers%20OR%20all%3Acapsule%29%20AND%20%28cat%3Acs.DS%20OR%20cat%3Acs.DC%20OR%20cat%3Acs.PF%29%20AND%20NOT%20all%3A%22distributed-only%20system%22%20AND%20NOT%20all%3A%22GPU-only%20fit%22%20AND%20NOT%20all%3A%22top-K%20without%20state%20model%22%20AND%20submittedDate%3A%5B202101010000%20TO%20202608112359%5D&sortBy=relevance&sortOrder=descending&start=0	2026-08-11T06:43:54Z	0	200	15	7c54a1998440562c4242c4f95243d5d7c0a0080304a54050657eb62aea32ec46	KnightBusArxivPatternFoundry/0.1	MISS	1	NONE	NONE	https://info.arxiv.org/help/api/tou.html	2026-08-11	arxiv-reference/cache/g02/arxiv/QRY-004-2021_CURRENT.datefilter-invalid.xml	FAILED
REQ-G02-0037	G02	QRY-005	QRY-005-ALL	arXiv	legacy_api_query_metadata	"(all:BFS OR all:""breadth-first search"" OR all:""bounded reachability"") AND (all:frontier OR all:""push-pull"" OR all:switching OR all:""direction-optimizing"" OR all:BFS OR all:adaptive OR all:traversal OR all:visited OR all:bitmap OR all:bitset OR all:""seen-node"" OR all:mask OR all:virtualization OR all:spillable OR all:runs) AND (cat:cs.DS OR cat:cs.PF) AND NOT all:""all-pairs shortest paths"" AND NOT all:""generic traversal survey"" AND NOT all:""unbounded enumeration"""	max_results=15&search_query=%28all%3ABFS%20OR%20all%3A%22breadth-first%20search%22%20OR%20all%3A%22bounded%20reachability%22%29%20AND%20%28all%3Afrontier%20OR%20all%3A%22push-pull%22%20OR%20all%3Aswitching%20OR%20all%3A%22direction-optimizing%22%20OR%20all%3ABFS%20OR%20all%3Aadaptive%20OR%20all%3Atraversal%20OR%20all%3Avisited%20OR%20all%3Abitmap%20OR%20all%3Abitset%20OR%20all%3A%22seen-node%22%20OR%20all%3Amask%20OR%20all%3Avirtualization%20OR%20all%3Aspillable%20OR%20all%3Aruns%29%20AND%20%28cat%3Acs.DS%20OR%20cat%3Acs.PF%29%20AND%20NOT%20all%3A%22all-pairs%20shortest%20paths%22%20AND%20NOT%20all%3A%22generic%20traversal%20survey%22%20AND%20NOT%20all%3A%22unbounded%20enumeration%22&sortBy=relevance&sortOrder=descending&start=0	2026-08-11T06:43:59Z	0	200	15	e29e5274ac57764cfdae6cb922d88d135dbb33d7e75abd834fa8fcfa8ea0ce67	KnightBusArxivPatternFoundry/0.1	MISS	1	NONE	NONE	https://info.arxiv.org/help/api/tou.html	2026-08-11	arxiv-reference/cache/g02/arxiv/QRY-005-ALL.xml	COMPLETE
REQ-G02-0038	G02	QRY-005	QRY-005-PRE2001	arXiv	legacy_api_query_metadata_invalidated_date_filter_refetch	"(all:BFS OR all:""breadth-first search"" OR all:""bounded reachability"") AND (all:frontier OR all:""push-pull"" OR all:switching OR all:""direction-optimizing"" OR all:BFS OR all:adaptive OR all:traversal OR all:visited OR all:bitmap OR all:bitset OR all:""seen-node"" OR all:mask OR all:virtualization OR all:spillable OR all:runs) AND (cat:cs.DS OR cat:cs.PF) AND NOT all:""all-pairs shortest paths"" AND NOT all:""generic traversal survey"" AND NOT all:""unbounded enumeration"" AND submittedDate:[197001010000 TO 200012312359]"	max_results=15&search_query=%28all%3ABFS%20OR%20all%3A%22breadth-first%20search%22%20OR%20all%3A%22bounded%20reachability%22%29%20AND%20%28all%3Afrontier%20OR%20all%3A%22push-pull%22%20OR%20all%3Aswitching%20OR%20all%3A%22direction-optimizing%22%20OR%20all%3ABFS%20OR%20all%3Aadaptive%20OR%20all%3Atraversal%20OR%20all%3Avisited%20OR%20all%3Abitmap%20OR%20all%3Abitset%20OR%20all%3A%22seen-node%22%20OR%20all%3Amask%20OR%20all%3Avirtualization%20OR%20all%3Aspillable%20OR%20all%3Aruns%29%20AND%20%28cat%3Acs.DS%20OR%20cat%3Acs.PF%29%20AND%20NOT%20all%3A%22all-pairs%20shortest%20paths%22%20AND%20NOT%20all%3A%22generic%20traversal%20survey%22%20AND%20NOT%20all%3A%22unbounded%20enumeration%22%20AND%20submittedDate%3A%5B197001010000%20TO%20200012312359%5D&sortBy=relevance&sortOrder=descending&start=0	2026-08-11T06:44:04Z	0	200	15	bce58af319fee43e2fd4bbd2883b6b73f1fde8c0d3ebbda81f057cb50a805294	KnightBusArxivPatternFoundry/0.1	MISS	1	NONE	NONE	https://info.arxiv.org/help/api/tou.html	2026-08-11	arxiv-reference/cache/g02/arxiv/QRY-005-PRE2001.datefilter-invalid.xml	FAILED
REQ-G02-0039	G02	QRY-005	QRY-005-2001_2010	arXiv	legacy_api_query_metadata_invalidated_date_filter_refetch	"(all:BFS OR all:""breadth-first search"" OR all:""bounded reachability"") AND (all:frontier OR all:""push-pull"" OR all:switching OR all:""direction-optimizing"" OR all:BFS OR all:adaptive OR all:traversal OR all:visited OR all:bitmap OR all:bitset OR all:""seen-node"" OR all:mask OR all:virtualization OR all:spillable OR all:runs) AND (cat:cs.DS OR cat:cs.PF) AND NOT all:""all-pairs shortest paths"" AND NOT all:""generic traversal survey"" AND NOT all:""unbounded enumeration"" AND submittedDate:[200101010000 TO 201012312359]"	max_results=15&search_query=%28all%3ABFS%20OR%20all%3A%22breadth-first%20search%22%20OR%20all%3A%22bounded%20reachability%22%29%20AND%20%28all%3Afrontier%20OR%20all%3A%22push-pull%22%20OR%20all%3Aswitching%20OR%20all%3A%22direction-optimizing%22%20OR%20all%3ABFS%20OR%20all%3Aadaptive%20OR%20all%3Atraversal%20OR%20all%3Avisited%20OR%20all%3Abitmap%20OR%20all%3Abitset%20OR%20all%3A%22seen-node%22%20OR%20all%3Amask%20OR%20all%3Avirtualization%20OR%20all%3Aspillable%20OR%20all%3Aruns%29%20AND%20%28cat%3Acs.DS%20OR%20cat%3Acs.PF%29%20AND%20NOT%20all%3A%22all-pairs%20shortest%20paths%22%20AND%20NOT%20all%3A%22generic%20traversal%20survey%22%20AND%20NOT%20all%3A%22unbounded%20enumeration%22%20AND%20submittedDate%3A%5B200101010000%20TO%20201012312359%5D&sortBy=relevance&sortOrder=descending&start=0	2026-08-11T06:44:08Z	0	200	15	a7061232319bcd19879b3fdb4a08046ee785463ac0a34517974d4789db092bfe	KnightBusArxivPatternFoundry/0.1	MISS	1	NONE	NONE	https://info.arxiv.org/help/api/tou.html	2026-08-11	arxiv-reference/cache/g02/arxiv/QRY-005-2001_2010.datefilter-invalid.xml	FAILED
REQ-G02-0040	G02	QRY-005	QRY-005-2011_2020	arXiv	legacy_api_query_metadata_invalidated_date_filter_not_retried_request_cap	"(all:BFS OR all:""breadth-first search"" OR all:""bounded reachability"") AND (all:frontier OR all:""push-pull"" OR all:switching OR all:""direction-optimizing"" OR all:BFS OR all:adaptive OR all:traversal OR all:visited OR all:bitmap OR all:bitset OR all:""seen-node"" OR all:mask OR all:virtualization OR all:spillable OR all:runs) AND (cat:cs.DS OR cat:cs.PF) AND NOT all:""all-pairs shortest paths"" AND NOT all:""generic traversal survey"" AND NOT all:""unbounded enumeration"" AND submittedDate:[201101010000 TO 202012312359]"	max_results=15&search_query=%28all%3ABFS%20OR%20all%3A%22breadth-first%20search%22%20OR%20all%3A%22bounded%20reachability%22%29%20AND%20%28all%3Afrontier%20OR%20all%3A%22push-pull%22%20OR%20all%3Aswitching%20OR%20all%3A%22direction-optimizing%22%20OR%20all%3ABFS%20OR%20all%3Aadaptive%20OR%20all%3Atraversal%20OR%20all%3Avisited%20OR%20all%3Abitmap%20OR%20all%3Abitset%20OR%20all%3A%22seen-node%22%20OR%20all%3Amask%20OR%20all%3Avirtualization%20OR%20all%3Aspillable%20OR%20all%3Aruns%29%20AND%20%28cat%3Acs.DS%20OR%20cat%3Acs.PF%29%20AND%20NOT%20all%3A%22all-pairs%20shortest%20paths%22%20AND%20NOT%20all%3A%22generic%20traversal%20survey%22%20AND%20NOT%20all%3A%22unbounded%20enumeration%22%20AND%20submittedDate%3A%5B201101010000%20TO%20202012312359%5D&sortBy=relevance&sortOrder=descending&start=0	2026-08-11T06:44:13Z	0	200	15	ede33f7a64d91fa0e2aa44b53b03032c39e161bd2320694157b18b546db7c069	KnightBusArxivPatternFoundry/0.1	MISS	1	NONE	NONE	https://info.arxiv.org/help/api/tou.html	2026-08-11	arxiv-reference/cache/g02/arxiv/QRY-005-2011_2020.datefilter-invalid.xml	FAILED
REQ-G02-0041	G02	QRY-005	QRY-005-2021_CURRENT	arXiv	legacy_api_query_metadata_invalidated_date_filter_not_retried_request_cap	"(all:BFS OR all:""breadth-first search"" OR all:""bounded reachability"") AND (all:frontier OR all:""push-pull"" OR all:switching OR all:""direction-optimizing"" OR all:BFS OR all:adaptive OR all:traversal OR all:visited OR all:bitmap OR all:bitset OR all:""seen-node"" OR all:mask OR all:virtualization OR all:spillable OR all:runs) AND (cat:cs.DS OR cat:cs.PF) AND NOT all:""all-pairs shortest paths"" AND NOT all:""generic traversal survey"" AND NOT all:""unbounded enumeration"" AND submittedDate:[202101010000 TO 202608112359]"	max_results=15&search_query=%28all%3ABFS%20OR%20all%3A%22breadth-first%20search%22%20OR%20all%3A%22bounded%20reachability%22%29%20AND%20%28all%3Afrontier%20OR%20all%3A%22push-pull%22%20OR%20all%3Aswitching%20OR%20all%3A%22direction-optimizing%22%20OR%20all%3ABFS%20OR%20all%3Aadaptive%20OR%20all%3Atraversal%20OR%20all%3Avisited%20OR%20all%3Abitmap%20OR%20all%3Abitset%20OR%20all%3A%22seen-node%22%20OR%20all%3Amask%20OR%20all%3Avirtualization%20OR%20all%3Aspillable%20OR%20all%3Aruns%29%20AND%20%28cat%3Acs.DS%20OR%20cat%3Acs.PF%29%20AND%20NOT%20all%3A%22all-pairs%20shortest%20paths%22%20AND%20NOT%20all%3A%22generic%20traversal%20survey%22%20AND%20NOT%20all%3A%22unbounded%20enumeration%22%20AND%20submittedDate%3A%5B202101010000%20TO%20202608112359%5D&sortBy=relevance&sortOrder=descending&start=0	2026-08-11T06:44:17Z	0	200	15	5b29d64aedf0267ef77d7c7a82011bd4edb4ff05655526c56bbe9f14e8ec9f95	KnightBusArxivPatternFoundry/0.1	MISS	1	NONE	NONE	https://info.arxiv.org/help/api/tou.html	2026-08-11	arxiv-reference/cache/g02/arxiv/QRY-005-2021_CURRENT.datefilter-invalid.xml	FAILED
REQ-G02-0042	G02	QRY-006	QRY-006-ALL	arXiv	legacy_api_query_metadata	"(all:BFS OR all:""breadth-first search"" OR all:""bounded reachability"") AND (all:""source-range"" OR all:edge OR all:channels OR all:""frontier-addressable"" OR all:blocks OR all:typed OR all:external OR all:predecessor OR all:slabs OR all:spilled OR all:parent OR all:array OR all:disk OR all:tape OR all:spillable OR all:priority OR all:queue OR all:""external-memory"" OR all:bounded OR all:heap OR all:processing OR all:""out-of-core"" OR all:""semi-external"") AND (cat:cs.DS OR cat:cs.DB OR cat:cs.DC) AND NOT all:""in-memory-only BFS"" AND NOT all:""routing application only"" AND NOT all:""no memory model"""	max_results=15&search_query=%28all%3ABFS%20OR%20all%3A%22breadth-first%20search%22%20OR%20all%3A%22bounded%20reachability%22%29%20AND%20%28all%3A%22source-range%22%20OR%20all%3Aedge%20OR%20all%3Achannels%20OR%20all%3A%22frontier-addressable%22%20OR%20all%3Ablocks%20OR%20all%3Atyped%20OR%20all%3Aexternal%20OR%20all%3Apredecessor%20OR%20all%3Aslabs%20OR%20all%3Aspilled%20OR%20all%3Aparent%20OR%20all%3Aarray%20OR%20all%3Adisk%20OR%20all%3Atape%20OR%20all%3Aspillable%20OR%20all%3Apriority%20OR%20all%3Aqueue%20OR%20all%3A%22external-memory%22%20OR%20all%3Abounded%20OR%20all%3Aheap%20OR%20all%3Aprocessing%20OR%20all%3A%22out-of-core%22%20OR%20all%3A%22semi-external%22%29%20AND%20%28cat%3Acs.DS%20OR%20cat%3Acs.DB%20OR%20cat%3Acs.DC%29%20AND%20NOT%20all%3A%22in-memory-only%20BFS%22%20AND%20NOT%20all%3A%22routing%20application%20only%22%20AND%20NOT%20all%3A%22no%20memory%20model%22&sortBy=relevance&sortOrder=descending&start=0	2026-08-11T06:44:22Z	0	200	15	bb5c0eb5f4163c5baf35188464de7598c7ca9421fbd9da544aa060380144ee7b	KnightBusArxivPatternFoundry/0.1	MISS	1	NONE	NONE	https://info.arxiv.org/help/api/tou.html	2026-08-11	arxiv-reference/cache/g02/arxiv/QRY-006-ALL.xml	COMPLETE
REQ-G02-0043	G02	QRY-006	QRY-006-PRE2001	arXiv	legacy_api_query_metadata_invalidated_date_filter_refetch	"(all:BFS OR all:""breadth-first search"" OR all:""bounded reachability"") AND (all:""source-range"" OR all:edge OR all:channels OR all:""frontier-addressable"" OR all:blocks OR all:typed OR all:external OR all:predecessor OR all:slabs OR all:spilled OR all:parent OR all:array OR all:disk OR all:tape OR all:spillable OR all:priority OR all:queue OR all:""external-memory"" OR all:bounded OR all:heap OR all:processing OR all:""out-of-core"" OR all:""semi-external"") AND (cat:cs.DS OR cat:cs.DB OR cat:cs.DC) AND NOT all:""in-memory-only BFS"" AND NOT all:""routing application only"" AND NOT all:""no memory model"" AND submittedDate:[197001010000 TO 200012312359]"	max_results=15&search_query=%28all%3ABFS%20OR%20all%3A%22breadth-first%20search%22%20OR%20all%3A%22bounded%20reachability%22%29%20AND%20%28all%3A%22source-range%22%20OR%20all%3Aedge%20OR%20all%3Achannels%20OR%20all%3A%22frontier-addressable%22%20OR%20all%3Ablocks%20OR%20all%3Atyped%20OR%20all%3Aexternal%20OR%20all%3Apredecessor%20OR%20all%3Aslabs%20OR%20all%3Aspilled%20OR%20all%3Aparent%20OR%20all%3Aarray%20OR%20all%3Adisk%20OR%20all%3Atape%20OR%20all%3Aspillable%20OR%20all%3Apriority%20OR%20all%3Aqueue%20OR%20all%3A%22external-memory%22%20OR%20all%3Abounded%20OR%20all%3Aheap%20OR%20all%3Aprocessing%20OR%20all%3A%22out-of-core%22%20OR%20all%3A%22semi-external%22%29%20AND%20%28cat%3Acs.DS%20OR%20cat%3Acs.DB%20OR%20cat%3Acs.DC%29%20AND%20NOT%20all%3A%22in-memory-only%20BFS%22%20AND%20NOT%20all%3A%22routing%20application%20only%22%20AND%20NOT%20all%3A%22no%20memory%20model%22%20AND%20submittedDate%3A%5B197001010000%20TO%20200012312359%5D&sortBy=relevance&sortOrder=descending&start=0	2026-08-11T06:44:26Z	0	200	15	7e61c0ba52fc1cd8f12aa80bcbb4669ca47a6c1d5eff3e0558ce4c875c97b310	KnightBusArxivPatternFoundry/0.1	MISS	1	NONE	NONE	https://info.arxiv.org/help/api/tou.html	2026-08-11	arxiv-reference/cache/g02/arxiv/QRY-006-PRE2001.datefilter-invalid.xml	FAILED
REQ-G02-0044	G02	QRY-006	QRY-006-2001_2010	arXiv	legacy_api_query_metadata_invalidated_date_filter_refetch	"(all:BFS OR all:""breadth-first search"" OR all:""bounded reachability"") AND (all:""source-range"" OR all:edge OR all:channels OR all:""frontier-addressable"" OR all:blocks OR all:typed OR all:external OR all:predecessor OR all:slabs OR all:spilled OR all:parent OR all:array OR all:disk OR all:tape OR all:spillable OR all:priority OR all:queue OR all:""external-memory"" OR all:bounded OR all:heap OR all:processing OR all:""out-of-core"" OR all:""semi-external"") AND (cat:cs.DS OR cat:cs.DB OR cat:cs.DC) AND NOT all:""in-memory-only BFS"" AND NOT all:""routing application only"" AND NOT all:""no memory model"" AND submittedDate:[200101010000 TO 201012312359]"	max_results=15&search_query=%28all%3ABFS%20OR%20all%3A%22breadth-first%20search%22%20OR%20all%3A%22bounded%20reachability%22%29%20AND%20%28all%3A%22source-range%22%20OR%20all%3Aedge%20OR%20all%3Achannels%20OR%20all%3A%22frontier-addressable%22%20OR%20all%3Ablocks%20OR%20all%3Atyped%20OR%20all%3Aexternal%20OR%20all%3Apredecessor%20OR%20all%3Aslabs%20OR%20all%3Aspilled%20OR%20all%3Aparent%20OR%20all%3Aarray%20OR%20all%3Adisk%20OR%20all%3Atape%20OR%20all%3Aspillable%20OR%20all%3Apriority%20OR%20all%3Aqueue%20OR%20all%3A%22external-memory%22%20OR%20all%3Abounded%20OR%20all%3Aheap%20OR%20all%3Aprocessing%20OR%20all%3A%22out-of-core%22%20OR%20all%3A%22semi-external%22%29%20AND%20%28cat%3Acs.DS%20OR%20cat%3Acs.DB%20OR%20cat%3Acs.DC%29%20AND%20NOT%20all%3A%22in-memory-only%20BFS%22%20AND%20NOT%20all%3A%22routing%20application%20only%22%20AND%20NOT%20all%3A%22no%20memory%20model%22%20AND%20submittedDate%3A%5B200101010000%20TO%20201012312359%5D&sortBy=relevance&sortOrder=descending&start=0	2026-08-11T06:44:31Z	0	200	15	817832ff282037f3990494eaf208ea1408b0bd345a2a2fdfbaf19c795218a359	KnightBusArxivPatternFoundry/0.1	MISS	1	NONE	NONE	https://info.arxiv.org/help/api/tou.html	2026-08-11	arxiv-reference/cache/g02/arxiv/QRY-006-2001_2010.datefilter-invalid.xml	FAILED
REQ-G02-0045	G02	QRY-006	QRY-006-2011_2020	arXiv	legacy_api_query_metadata_invalidated_date_filter_not_retried_request_cap	"(all:BFS OR all:""breadth-first search"" OR all:""bounded reachability"") AND (all:""source-range"" OR all:edge OR all:channels OR all:""frontier-addressable"" OR all:blocks OR all:typed OR all:external OR all:predecessor OR all:slabs OR all:spilled OR all:parent OR all:array OR all:disk OR all:tape OR all:spillable OR all:priority OR all:queue OR all:""external-memory"" OR all:bounded OR all:heap OR all:processing OR all:""out-of-core"" OR all:""semi-external"") AND (cat:cs.DS OR cat:cs.DB OR cat:cs.DC) AND NOT all:""in-memory-only BFS"" AND NOT all:""routing application only"" AND NOT all:""no memory model"" AND submittedDate:[201101010000 TO 202012312359]"	max_results=15&search_query=%28all%3ABFS%20OR%20all%3A%22breadth-first%20search%22%20OR%20all%3A%22bounded%20reachability%22%29%20AND%20%28all%3A%22source-range%22%20OR%20all%3Aedge%20OR%20all%3Achannels%20OR%20all%3A%22frontier-addressable%22%20OR%20all%3Ablocks%20OR%20all%3Atyped%20OR%20all%3Aexternal%20OR%20all%3Apredecessor%20OR%20all%3Aslabs%20OR%20all%3Aspilled%20OR%20all%3Aparent%20OR%20all%3Aarray%20OR%20all%3Adisk%20OR%20all%3Atape%20OR%20all%3Aspillable%20OR%20all%3Apriority%20OR%20all%3Aqueue%20OR%20all%3A%22external-memory%22%20OR%20all%3Abounded%20OR%20all%3Aheap%20OR%20all%3Aprocessing%20OR%20all%3A%22out-of-core%22%20OR%20all%3A%22semi-external%22%29%20AND%20%28cat%3Acs.DS%20OR%20cat%3Acs.DB%20OR%20cat%3Acs.DC%29%20AND%20NOT%20all%3A%22in-memory-only%20BFS%22%20AND%20NOT%20all%3A%22routing%20application%20only%22%20AND%20NOT%20all%3A%22no%20memory%20model%22%20AND%20submittedDate%3A%5B201101010000%20TO%20202012312359%5D&sortBy=relevance&sortOrder=descending&start=0	2026-08-11T06:44:36Z	0	200	15	a300919506a96ecef1309a90dc0f8f1200ce3fb230cc6f1e4e307ecaa2648685	KnightBusArxivPatternFoundry/0.1	MISS	1	NONE	NONE	https://info.arxiv.org/help/api/tou.html	2026-08-11	arxiv-reference/cache/g02/arxiv/QRY-006-2011_2020.datefilter-invalid.xml	FAILED
REQ-G02-0046	G02	QRY-006	QRY-006-2021_CURRENT	arXiv	legacy_api_query_metadata_invalidated_date_filter_not_retried_request_cap	"(all:BFS OR all:""breadth-first search"" OR all:""bounded reachability"") AND (all:""source-range"" OR all:edge OR all:channels OR all:""frontier-addressable"" OR all:blocks OR all:typed OR all:external OR all:predecessor OR all:slabs OR all:spilled OR all:parent OR all:array OR all:disk OR all:tape OR all:spillable OR all:priority OR all:queue OR all:""external-memory"" OR all:bounded OR all:heap OR all:processing OR all:""out-of-core"" OR all:""semi-external"") AND (cat:cs.DS OR cat:cs.DB OR cat:cs.DC) AND NOT all:""in-memory-only BFS"" AND NOT all:""routing application only"" AND NOT all:""no memory model"" AND submittedDate:[202101010000 TO 202608112359]"	max_results=15&search_query=%28all%3ABFS%20OR%20all%3A%22breadth-first%20search%22%20OR%20all%3A%22bounded%20reachability%22%29%20AND%20%28all%3A%22source-range%22%20OR%20all%3Aedge%20OR%20all%3Achannels%20OR%20all%3A%22frontier-addressable%22%20OR%20all%3Ablocks%20OR%20all%3Atyped%20OR%20all%3Aexternal%20OR%20all%3Apredecessor%20OR%20all%3Aslabs%20OR%20all%3Aspilled%20OR%20all%3Aparent%20OR%20all%3Aarray%20OR%20all%3Adisk%20OR%20all%3Atape%20OR%20all%3Aspillable%20OR%20all%3Apriority%20OR%20all%3Aqueue%20OR%20all%3A%22external-memory%22%20OR%20all%3Abounded%20OR%20all%3Aheap%20OR%20all%3Aprocessing%20OR%20all%3A%22out-of-core%22%20OR%20all%3A%22semi-external%22%29%20AND%20%28cat%3Acs.DS%20OR%20cat%3Acs.DB%20OR%20cat%3Acs.DC%29%20AND%20NOT%20all%3A%22in-memory-only%20BFS%22%20AND%20NOT%20all%3A%22routing%20application%20only%22%20AND%20NOT%20all%3A%22no%20memory%20model%22%20AND%20submittedDate%3A%5B202101010000%20TO%20202608112359%5D&sortBy=relevance&sortOrder=descending&start=0	2026-08-11T06:44:41Z	0	200	15	107e71bba4dc0aa3f477d77f75130fce554302d2be65ebc8ea0c851b7f46e220	KnightBusArxivPatternFoundry/0.1	MISS	1	NONE	NONE	https://info.arxiv.org/help/api/tou.html	2026-08-11	arxiv-reference/cache/g02/arxiv/QRY-006-2021_CURRENT.datefilter-invalid.xml	FAILED
REQ-G02-0047	G02	QRY-007	QRY-007-ALL	arXiv	legacy_api_query_metadata	"(all:WCC OR all:""connected components"" OR all:Afforest) AND (all:canonical OR all:""pair-once"" OR all:edge OR all:stream OR all:undirected OR all:pair OR all:normalized OR all:runs OR all:""union-find"" OR all:parent OR all:labels OR all:""disjoint-set"" OR all:array OR all:component OR all:vector) AND (cat:cs.DS OR cat:cs.PF OR cat:cs.DC) AND NOT all:""strongly connected components"" AND NOT all:""wireless WCC"" AND NOT all:""community detection"""	max_results=15&search_query=%28all%3AWCC%20OR%20all%3A%22connected%20components%22%20OR%20all%3AAfforest%29%20AND%20%28all%3Acanonical%20OR%20all%3A%22pair-once%22%20OR%20all%3Aedge%20OR%20all%3Astream%20OR%20all%3Aundirected%20OR%20all%3Apair%20OR%20all%3Anormalized%20OR%20all%3Aruns%20OR%20all%3A%22union-find%22%20OR%20all%3Aparent%20OR%20all%3Alabels%20OR%20all%3A%22disjoint-set%22%20OR%20all%3Aarray%20OR%20all%3Acomponent%20OR%20all%3Avector%29%20AND%20%28cat%3Acs.DS%20OR%20cat%3Acs.PF%20OR%20cat%3Acs.DC%29%20AND%20NOT%20all%3A%22strongly%20connected%20components%22%20AND%20NOT%20all%3A%22wireless%20WCC%22%20AND%20NOT%20all%3A%22community%20detection%22&sortBy=relevance&sortOrder=descending&start=0	2026-08-11T06:44:46Z	0	200	15	e105ba77887fd10a3f729a71d0ddcaa6c23c4260a66d5db2ac3497b85a89030b	KnightBusArxivPatternFoundry/0.1	MISS	1	NONE	NONE	https://info.arxiv.org/help/api/tou.html	2026-08-11	arxiv-reference/cache/g02/arxiv/QRY-007-ALL.xml	COMPLETE
REQ-G02-0048	G02	QRY-007	QRY-007-PRE2001	arXiv	legacy_api_query_metadata_invalidated_date_filter_refetch	"(all:WCC OR all:""connected components"" OR all:Afforest) AND (all:canonical OR all:""pair-once"" OR all:edge OR all:stream OR all:undirected OR all:pair OR all:normalized OR all:runs OR all:""union-find"" OR all:parent OR all:labels OR all:""disjoint-set"" OR all:array OR all:component OR all:vector) AND (cat:cs.DS OR cat:cs.PF OR cat:cs.DC) AND NOT all:""strongly connected components"" AND NOT all:""wireless WCC"" AND NOT all:""community detection"" AND submittedDate:[197001010000 TO 200012312359]"	max_results=15&search_query=%28all%3AWCC%20OR%20all%3A%22connected%20components%22%20OR%20all%3AAfforest%29%20AND%20%28all%3Acanonical%20OR%20all%3A%22pair-once%22%20OR%20all%3Aedge%20OR%20all%3Astream%20OR%20all%3Aundirected%20OR%20all%3Apair%20OR%20all%3Anormalized%20OR%20all%3Aruns%20OR%20all%3A%22union-find%22%20OR%20all%3Aparent%20OR%20all%3Alabels%20OR%20all%3A%22disjoint-set%22%20OR%20all%3Aarray%20OR%20all%3Acomponent%20OR%20all%3Avector%29%20AND%20%28cat%3Acs.DS%20OR%20cat%3Acs.PF%20OR%20cat%3Acs.DC%29%20AND%20NOT%20all%3A%22strongly%20connected%20components%22%20AND%20NOT%20all%3A%22wireless%20WCC%22%20AND%20NOT%20all%3A%22community%20detection%22%20AND%20submittedDate%3A%5B197001010000%20TO%20200012312359%5D&sortBy=relevance&sortOrder=descending&start=0	2026-08-11T06:44:51Z	0	200	15	4cc29ffe05d23cee28e94ad6621f28f9fa07cf56ca9e2cdaf57612df7a3b4656	KnightBusArxivPatternFoundry/0.1	MISS	1	NONE	NONE	https://info.arxiv.org/help/api/tou.html	2026-08-11	arxiv-reference/cache/g02/arxiv/QRY-007-PRE2001.datefilter-invalid.xml	FAILED
REQ-G02-0049	G02	QRY-007	QRY-007-2001_2010	arXiv	legacy_api_query_metadata_invalidated_date_filter_refetch	"(all:WCC OR all:""connected components"" OR all:Afforest) AND (all:canonical OR all:""pair-once"" OR all:edge OR all:stream OR all:undirected OR all:pair OR all:normalized OR all:runs OR all:""union-find"" OR all:parent OR all:labels OR all:""disjoint-set"" OR all:array OR all:component OR all:vector) AND (cat:cs.DS OR cat:cs.PF OR cat:cs.DC) AND NOT all:""strongly connected components"" AND NOT all:""wireless WCC"" AND NOT all:""community detection"" AND submittedDate:[200101010000 TO 201012312359]"	max_results=15&search_query=%28all%3AWCC%20OR%20all%3A%22connected%20components%22%20OR%20all%3AAfforest%29%20AND%20%28all%3Acanonical%20OR%20all%3A%22pair-once%22%20OR%20all%3Aedge%20OR%20all%3Astream%20OR%20all%3Aundirected%20OR%20all%3Apair%20OR%20all%3Anormalized%20OR%20all%3Aruns%20OR%20all%3A%22union-find%22%20OR%20all%3Aparent%20OR%20all%3Alabels%20OR%20all%3A%22disjoint-set%22%20OR%20all%3Aarray%20OR%20all%3Acomponent%20OR%20all%3Avector%29%20AND%20%28cat%3Acs.DS%20OR%20cat%3Acs.PF%20OR%20cat%3Acs.DC%29%20AND%20NOT%20all%3A%22strongly%20connected%20components%22%20AND%20NOT%20all%3A%22wireless%20WCC%22%20AND%20NOT%20all%3A%22community%20detection%22%20AND%20submittedDate%3A%5B200101010000%20TO%20201012312359%5D&sortBy=relevance&sortOrder=descending&start=0	2026-08-11T06:44:55Z	0	200	15	f75d5a23b3933060b386a3d1e4246c5dc513f3fc745cc55957ce90242e362486	KnightBusArxivPatternFoundry/0.1	MISS	1	NONE	NONE	https://info.arxiv.org/help/api/tou.html	2026-08-11	arxiv-reference/cache/g02/arxiv/QRY-007-2001_2010.datefilter-invalid.xml	FAILED
REQ-G02-0050	G02	QRY-007	QRY-007-2011_2020	arXiv	legacy_api_query_metadata_invalidated_date_filter_not_retried_request_cap	"(all:WCC OR all:""connected components"" OR all:Afforest) AND (all:canonical OR all:""pair-once"" OR all:edge OR all:stream OR all:undirected OR all:pair OR all:normalized OR all:runs OR all:""union-find"" OR all:parent OR all:labels OR all:""disjoint-set"" OR all:array OR all:component OR all:vector) AND (cat:cs.DS OR cat:cs.PF OR cat:cs.DC) AND NOT all:""strongly connected components"" AND NOT all:""wireless WCC"" AND NOT all:""community detection"" AND submittedDate:[201101010000 TO 202012312359]"	max_results=15&search_query=%28all%3AWCC%20OR%20all%3A%22connected%20components%22%20OR%20all%3AAfforest%29%20AND%20%28all%3Acanonical%20OR%20all%3A%22pair-once%22%20OR%20all%3Aedge%20OR%20all%3Astream%20OR%20all%3Aundirected%20OR%20all%3Apair%20OR%20all%3Anormalized%20OR%20all%3Aruns%20OR%20all%3A%22union-find%22%20OR%20all%3Aparent%20OR%20all%3Alabels%20OR%20all%3A%22disjoint-set%22%20OR%20all%3Aarray%20OR%20all%3Acomponent%20OR%20all%3Avector%29%20AND%20%28cat%3Acs.DS%20OR%20cat%3Acs.PF%20OR%20cat%3Acs.DC%29%20AND%20NOT%20all%3A%22strongly%20connected%20components%22%20AND%20NOT%20all%3A%22wireless%20WCC%22%20AND%20NOT%20all%3A%22community%20detection%22%20AND%20submittedDate%3A%5B201101010000%20TO%20202012312359%5D&sortBy=relevance&sortOrder=descending&start=0	2026-08-11T06:45:00Z	0	200	15	3fa3bea2c568a10e7c8a8ce83dba9df2cb1767dee36ff6a6f4d9c830df6f8189	KnightBusArxivPatternFoundry/0.1	MISS	1	NONE	NONE	https://info.arxiv.org/help/api/tou.html	2026-08-11	arxiv-reference/cache/g02/arxiv/QRY-007-2011_2020.datefilter-invalid.xml	FAILED
REQ-G02-0051	G02	QRY-007	QRY-007-2021_CURRENT	arXiv	legacy_api_query_metadata_invalidated_date_filter_not_retried_request_cap	"(all:WCC OR all:""connected components"" OR all:Afforest) AND (all:canonical OR all:""pair-once"" OR all:edge OR all:stream OR all:undirected OR all:pair OR all:normalized OR all:runs OR all:""union-find"" OR all:parent OR all:labels OR all:""disjoint-set"" OR all:array OR all:component OR all:vector) AND (cat:cs.DS OR cat:cs.PF OR cat:cs.DC) AND NOT all:""strongly connected components"" AND NOT all:""wireless WCC"" AND NOT all:""community detection"" AND submittedDate:[202101010000 TO 202608112359]"	max_results=15&search_query=%28all%3AWCC%20OR%20all%3A%22connected%20components%22%20OR%20all%3AAfforest%29%20AND%20%28all%3Acanonical%20OR%20all%3A%22pair-once%22%20OR%20all%3Aedge%20OR%20all%3Astream%20OR%20all%3Aundirected%20OR%20all%3Apair%20OR%20all%3Anormalized%20OR%20all%3Aruns%20OR%20all%3A%22union-find%22%20OR%20all%3Aparent%20OR%20all%3Alabels%20OR%20all%3A%22disjoint-set%22%20OR%20all%3Aarray%20OR%20all%3Acomponent%20OR%20all%3Avector%29%20AND%20%28cat%3Acs.DS%20OR%20cat%3Acs.PF%20OR%20cat%3Acs.DC%29%20AND%20NOT%20all%3A%22strongly%20connected%20components%22%20AND%20NOT%20all%3A%22wireless%20WCC%22%20AND%20NOT%20all%3A%22community%20detection%22%20AND%20submittedDate%3A%5B202101010000%20TO%20202608112359%5D&sortBy=relevance&sortOrder=descending&start=0	2026-08-11T06:45:04Z	0	200	15	4c5a6825bd610cfbd97974cf67257e4bd5bcf0b15140f03cbe468e2f11455a86	KnightBusArxivPatternFoundry/0.1	MISS	1	NONE	NONE	https://info.arxiv.org/help/api/tou.html	2026-08-11	arxiv-reference/cache/g02/arxiv/QRY-007-2021_CURRENT.datefilter-invalid.xml	FAILED
REQ-G02-0052	G02	QRY-008	QRY-008-ALL	arXiv	legacy_api_query_metadata	"(all:WCC OR all:""connected components"") AND (all:""range-sharded"" OR all:union OR all:capsules OR all:partitioned OR all:label OR all:external OR all:windows OR all:""spanning-forest"" OR all:certificate OR all:connectivity OR all:witness OR all:forest OR all:""external-memory"" OR all:processing OR all:""out-of-core"" OR all:""semi-external"" OR all:bounded OR all:merge OR all:""fan-in"" OR all:""multi-pass"" OR all:""k-way"" OR all:limited OR all:run OR all:merger) AND (cat:cs.DS OR cat:cs.DC OR cat:cs.DB) AND NOT all:""approximate connectivity"" AND NOT all:""distributed-only system"" AND NOT all:""no exact certificate"""	max_results=15&search_query=%28all%3AWCC%20OR%20all%3A%22connected%20components%22%29%20AND%20%28all%3A%22range-sharded%22%20OR%20all%3Aunion%20OR%20all%3Acapsules%20OR%20all%3Apartitioned%20OR%20all%3Alabel%20OR%20all%3Aexternal%20OR%20all%3Awindows%20OR%20all%3A%22spanning-forest%22%20OR%20all%3Acertificate%20OR%20all%3Aconnectivity%20OR%20all%3Awitness%20OR%20all%3Aforest%20OR%20all%3A%22external-memory%22%20OR%20all%3Aprocessing%20OR%20all%3A%22out-of-core%22%20OR%20all%3A%22semi-external%22%20OR%20all%3Abounded%20OR%20all%3Amerge%20OR%20all%3A%22fan-in%22%20OR%20all%3A%22multi-pass%22%20OR%20all%3A%22k-way%22%20OR%20all%3Alimited%20OR%20all%3Arun%20OR%20all%3Amerger%29%20AND%20%28cat%3Acs.DS%20OR%20cat%3Acs.DC%20OR%20cat%3Acs.DB%29%20AND%20NOT%20all%3A%22approximate%20connectivity%22%20AND%20NOT%20all%3A%22distributed-only%20system%22%20AND%20NOT%20all%3A%22no%20exact%20certificate%22&sortBy=relevance&sortOrder=descending&start=0	2026-08-11T06:45:08Z	0	200	15	4ea1be48643b387ee3d460cc2c4f16771388dc9961400273895383598a249b01	KnightBusArxivPatternFoundry/0.1	MISS	1	NONE	NONE	https://info.arxiv.org/help/api/tou.html	2026-08-11	arxiv-reference/cache/g02/arxiv/QRY-008-ALL.xml	COMPLETE
REQ-G02-0053	G02	QRY-008	QRY-008-PRE2001	arXiv	legacy_api_query_metadata_invalidated_date_filter_refetch	"(all:WCC OR all:""connected components"") AND (all:""range-sharded"" OR all:union OR all:capsules OR all:partitioned OR all:label OR all:external OR all:windows OR all:""spanning-forest"" OR all:certificate OR all:connectivity OR all:witness OR all:forest OR all:""external-memory"" OR all:processing OR all:""out-of-core"" OR all:""semi-external"" OR all:bounded OR all:merge OR all:""fan-in"" OR all:""multi-pass"" OR all:""k-way"" OR all:limited OR all:run OR all:merger) AND (cat:cs.DS OR cat:cs.DC OR cat:cs.DB) AND NOT all:""approximate connectivity"" AND NOT all:""distributed-only system"" AND NOT all:""no exact certificate"" AND submittedDate:[197001010000 TO 200012312359]"	max_results=15&search_query=%28all%3AWCC%20OR%20all%3A%22connected%20components%22%29%20AND%20%28all%3A%22range-sharded%22%20OR%20all%3Aunion%20OR%20all%3Acapsules%20OR%20all%3Apartitioned%20OR%20all%3Alabel%20OR%20all%3Aexternal%20OR%20all%3Awindows%20OR%20all%3A%22spanning-forest%22%20OR%20all%3Acertificate%20OR%20all%3Aconnectivity%20OR%20all%3Awitness%20OR%20all%3Aforest%20OR%20all%3A%22external-memory%22%20OR%20all%3Aprocessing%20OR%20all%3A%22out-of-core%22%20OR%20all%3A%22semi-external%22%20OR%20all%3Abounded%20OR%20all%3Amerge%20OR%20all%3A%22fan-in%22%20OR%20all%3A%22multi-pass%22%20OR%20all%3A%22k-way%22%20OR%20all%3Alimited%20OR%20all%3Arun%20OR%20all%3Amerger%29%20AND%20%28cat%3Acs.DS%20OR%20cat%3Acs.DC%20OR%20cat%3Acs.DB%29%20AND%20NOT%20all%3A%22approximate%20connectivity%22%20AND%20NOT%20all%3A%22distributed-only%20system%22%20AND%20NOT%20all%3A%22no%20exact%20certificate%22%20AND%20submittedDate%3A%5B197001010000%20TO%20200012312359%5D&sortBy=relevance&sortOrder=descending&start=0	2026-08-11T06:45:13Z	0	200	15	a1cd02e2199efa02b25a2f8874a59c93bf0345d195518fc28f0649c8395da03f	KnightBusArxivPatternFoundry/0.1	MISS	1	NONE	NONE	https://info.arxiv.org/help/api/tou.html	2026-08-11	arxiv-reference/cache/g02/arxiv/QRY-008-PRE2001.datefilter-invalid.xml	FAILED
REQ-G02-0054	G02	QRY-008	QRY-008-2001_2010	arXiv	legacy_api_query_metadata_invalidated_date_filter_refetch	"(all:WCC OR all:""connected components"") AND (all:""range-sharded"" OR all:union OR all:capsules OR all:partitioned OR all:label OR all:external OR all:windows OR all:""spanning-forest"" OR all:certificate OR all:connectivity OR all:witness OR all:forest OR all:""external-memory"" OR all:processing OR all:""out-of-core"" OR all:""semi-external"" OR all:bounded OR all:merge OR all:""fan-in"" OR all:""multi-pass"" OR all:""k-way"" OR all:limited OR all:run OR all:merger) AND (cat:cs.DS OR cat:cs.DC OR cat:cs.DB) AND NOT all:""approximate connectivity"" AND NOT all:""distributed-only system"" AND NOT all:""no exact certificate"" AND submittedDate:[200101010000 TO 201012312359]"	max_results=15&search_query=%28all%3AWCC%20OR%20all%3A%22connected%20components%22%29%20AND%20%28all%3A%22range-sharded%22%20OR%20all%3Aunion%20OR%20all%3Acapsules%20OR%20all%3Apartitioned%20OR%20all%3Alabel%20OR%20all%3Aexternal%20OR%20all%3Awindows%20OR%20all%3A%22spanning-forest%22%20OR%20all%3Acertificate%20OR%20all%3Aconnectivity%20OR%20all%3Awitness%20OR%20all%3Aforest%20OR%20all%3A%22external-memory%22%20OR%20all%3Aprocessing%20OR%20all%3A%22out-of-core%22%20OR%20all%3A%22semi-external%22%20OR%20all%3Abounded%20OR%20all%3Amerge%20OR%20all%3A%22fan-in%22%20OR%20all%3A%22multi-pass%22%20OR%20all%3A%22k-way%22%20OR%20all%3Alimited%20OR%20all%3Arun%20OR%20all%3Amerger%29%20AND%20%28cat%3Acs.DS%20OR%20cat%3Acs.DC%20OR%20cat%3Acs.DB%29%20AND%20NOT%20all%3A%22approximate%20connectivity%22%20AND%20NOT%20all%3A%22distributed-only%20system%22%20AND%20NOT%20all%3A%22no%20exact%20certificate%22%20AND%20submittedDate%3A%5B200101010000%20TO%20201012312359%5D&sortBy=relevance&sortOrder=descending&start=0	2026-08-11T06:45:18Z	0	200	15	d86c62d8269adad8ced9863f52e0357fe23b7e7edd6e551e9ac922f9312ae05c	KnightBusArxivPatternFoundry/0.1	MISS	1	NONE	NONE	https://info.arxiv.org/help/api/tou.html	2026-08-11	arxiv-reference/cache/g02/arxiv/QRY-008-2001_2010.datefilter-invalid.xml	FAILED
REQ-G02-0055	G02	QRY-008	QRY-008-2011_2020	arXiv	legacy_api_query_metadata_invalidated_date_filter_not_retried_request_cap	"(all:WCC OR all:""connected components"") AND (all:""range-sharded"" OR all:union OR all:capsules OR all:partitioned OR all:label OR all:external OR all:windows OR all:""spanning-forest"" OR all:certificate OR all:connectivity OR all:witness OR all:forest OR all:""external-memory"" OR all:processing OR all:""out-of-core"" OR all:""semi-external"" OR all:bounded OR all:merge OR all:""fan-in"" OR all:""multi-pass"" OR all:""k-way"" OR all:limited OR all:run OR all:merger) AND (cat:cs.DS OR cat:cs.DC OR cat:cs.DB) AND NOT all:""approximate connectivity"" AND NOT all:""distributed-only system"" AND NOT all:""no exact certificate"" AND submittedDate:[201101010000 TO 202012312359]"	max_results=15&search_query=%28all%3AWCC%20OR%20all%3A%22connected%20components%22%29%20AND%20%28all%3A%22range-sharded%22%20OR%20all%3Aunion%20OR%20all%3Acapsules%20OR%20all%3Apartitioned%20OR%20all%3Alabel%20OR%20all%3Aexternal%20OR%20all%3Awindows%20OR%20all%3A%22spanning-forest%22%20OR%20all%3Acertificate%20OR%20all%3Aconnectivity%20OR%20all%3Awitness%20OR%20all%3Aforest%20OR%20all%3A%22external-memory%22%20OR%20all%3Aprocessing%20OR%20all%3A%22out-of-core%22%20OR%20all%3A%22semi-external%22%20OR%20all%3Abounded%20OR%20all%3Amerge%20OR%20all%3A%22fan-in%22%20OR%20all%3A%22multi-pass%22%20OR%20all%3A%22k-way%22%20OR%20all%3Alimited%20OR%20all%3Arun%20OR%20all%3Amerger%29%20AND%20%28cat%3Acs.DS%20OR%20cat%3Acs.DC%20OR%20cat%3Acs.DB%29%20AND%20NOT%20all%3A%22approximate%20connectivity%22%20AND%20NOT%20all%3A%22distributed-only%20system%22%20AND%20NOT%20all%3A%22no%20exact%20certificate%22%20AND%20submittedDate%3A%5B201101010000%20TO%20202012312359%5D&sortBy=relevance&sortOrder=descending&start=0	2026-08-11T06:45:23Z	0	200	15	e9c4f77c8a6e5adf41567d6d06a89aa81d67c9fc0d0e8273578ed67b3f01c3e8	KnightBusArxivPatternFoundry/0.1	MISS	1	NONE	NONE	https://info.arxiv.org/help/api/tou.html	2026-08-11	arxiv-reference/cache/g02/arxiv/QRY-008-2011_2020.datefilter-invalid.xml	FAILED
REQ-G02-0056	G02	QRY-008	QRY-008-2021_CURRENT	arXiv	legacy_api_query_metadata_invalidated_date_filter_not_retried_request_cap	"(all:WCC OR all:""connected components"") AND (all:""range-sharded"" OR all:union OR all:capsules OR all:partitioned OR all:label OR all:external OR all:windows OR all:""spanning-forest"" OR all:certificate OR all:connectivity OR all:witness OR all:forest OR all:""external-memory"" OR all:processing OR all:""out-of-core"" OR all:""semi-external"" OR all:bounded OR all:merge OR all:""fan-in"" OR all:""multi-pass"" OR all:""k-way"" OR all:limited OR all:run OR all:merger) AND (cat:cs.DS OR cat:cs.DC OR cat:cs.DB) AND NOT all:""approximate connectivity"" AND NOT all:""distributed-only system"" AND NOT all:""no exact certificate"" AND submittedDate:[202101010000 TO 202608112359]"	max_results=15&search_query=%28all%3AWCC%20OR%20all%3A%22connected%20components%22%29%20AND%20%28all%3A%22range-sharded%22%20OR%20all%3Aunion%20OR%20all%3Acapsules%20OR%20all%3Apartitioned%20OR%20all%3Alabel%20OR%20all%3Aexternal%20OR%20all%3Awindows%20OR%20all%3A%22spanning-forest%22%20OR%20all%3Acertificate%20OR%20all%3Aconnectivity%20OR%20all%3Awitness%20OR%20all%3Aforest%20OR%20all%3A%22external-memory%22%20OR%20all%3Aprocessing%20OR%20all%3A%22out-of-core%22%20OR%20all%3A%22semi-external%22%20OR%20all%3Abounded%20OR%20all%3Amerge%20OR%20all%3A%22fan-in%22%20OR%20all%3A%22multi-pass%22%20OR%20all%3A%22k-way%22%20OR%20all%3Alimited%20OR%20all%3Arun%20OR%20all%3Amerger%29%20AND%20%28cat%3Acs.DS%20OR%20cat%3Acs.DC%20OR%20cat%3Acs.DB%29%20AND%20NOT%20all%3A%22approximate%20connectivity%22%20AND%20NOT%20all%3A%22distributed-only%20system%22%20AND%20NOT%20all%3A%22no%20exact%20certificate%22%20AND%20submittedDate%3A%5B202101010000%20TO%20202608112359%5D&sortBy=relevance&sortOrder=descending&start=0	2026-08-11T06:45:28Z	0	200	15	d32b360931a23465719ec7d4d19ef8f0f0c8c892213b38c01ac434bbc9a2d8ec	KnightBusArxivPatternFoundry/0.1	MISS	1	NONE	NONE	https://info.arxiv.org/help/api/tou.html	2026-08-11	arxiv-reference/cache/g02/arxiv/QRY-008-2021_CURRENT.datefilter-invalid.xml	FAILED
REQ-G02-0057	G02	QRY-009	QRY-009-ALL	arXiv	legacy_api_query_metadata	"(all:""triangle counting"" OR all:""set intersection"") AND (all:degeneracy OR all:ordering OR all:""k-core"" OR all:orientation OR all:arboricity OR all:""forward-oriented"" OR all:adjacency OR all:oriented OR all:neighbor OR all:lists OR all:""forward-only"" OR all:motif OR all:view) AND (cat:cs.DS OR cat:cs.PF) AND NOT all:""geometric triangles"" AND NOT all:""triangle inequality"" AND NOT all:""computer vision"""	max_results=15&search_query=%28all%3A%22triangle%20counting%22%20OR%20all%3A%22set%20intersection%22%29%20AND%20%28all%3Adegeneracy%20OR%20all%3Aordering%20OR%20all%3A%22k-core%22%20OR%20all%3Aorientation%20OR%20all%3Aarboricity%20OR%20all%3A%22forward-oriented%22%20OR%20all%3Aadjacency%20OR%20all%3Aoriented%20OR%20all%3Aneighbor%20OR%20all%3Alists%20OR%20all%3A%22forward-only%22%20OR%20all%3Amotif%20OR%20all%3Aview%29%20AND%20%28cat%3Acs.DS%20OR%20cat%3Acs.PF%29%20AND%20NOT%20all%3A%22geometric%20triangles%22%20AND%20NOT%20all%3A%22triangle%20inequality%22%20AND%20NOT%20all%3A%22computer%20vision%22&sortBy=relevance&sortOrder=descending&start=0	2026-08-11T06:45:33Z	0	200	15	797003862cf2289a5e21e819f8e656ee2228013f70619d4389e6f14a89d5b26f	KnightBusArxivPatternFoundry/0.1	MISS	1	NONE	NONE	https://info.arxiv.org/help/api/tou.html	2026-08-11	arxiv-reference/cache/g02/arxiv/QRY-009-ALL.xml	COMPLETE
REQ-G02-0058	G02	QRY-009	QRY-009-PRE2001	arXiv	legacy_api_query_metadata_invalidated_date_filter_refetch	"(all:""triangle counting"" OR all:""set intersection"") AND (all:degeneracy OR all:ordering OR all:""k-core"" OR all:orientation OR all:arboricity OR all:""forward-oriented"" OR all:adjacency OR all:oriented OR all:neighbor OR all:lists OR all:""forward-only"" OR all:motif OR all:view) AND (cat:cs.DS OR cat:cs.PF) AND NOT all:""geometric triangles"" AND NOT all:""triangle inequality"" AND NOT all:""computer vision"" AND submittedDate:[197001010000 TO 200012312359]"	max_results=15&search_query=%28all%3A%22triangle%20counting%22%20OR%20all%3A%22set%20intersection%22%29%20AND%20%28all%3Adegeneracy%20OR%20all%3Aordering%20OR%20all%3A%22k-core%22%20OR%20all%3Aorientation%20OR%20all%3Aarboricity%20OR%20all%3A%22forward-oriented%22%20OR%20all%3Aadjacency%20OR%20all%3Aoriented%20OR%20all%3Aneighbor%20OR%20all%3Alists%20OR%20all%3A%22forward-only%22%20OR%20all%3Amotif%20OR%20all%3Aview%29%20AND%20%28cat%3Acs.DS%20OR%20cat%3Acs.PF%29%20AND%20NOT%20all%3A%22geometric%20triangles%22%20AND%20NOT%20all%3A%22triangle%20inequality%22%20AND%20NOT%20all%3A%22computer%20vision%22%20AND%20submittedDate%3A%5B197001010000%20TO%20200012312359%5D&sortBy=relevance&sortOrder=descending&start=0	2026-08-11T06:45:39Z	0	200	15	dda1cc09f5691e7cc28ff7f4a7c624ef87088410c9a809d3ba07780c66fa982b	KnightBusArxivPatternFoundry/0.1	MISS	1	NONE	NONE	https://info.arxiv.org/help/api/tou.html	2026-08-11	arxiv-reference/cache/g02/arxiv/QRY-009-PRE2001.datefilter-invalid.xml	FAILED
REQ-G02-0059	G02	QRY-009	QRY-009-2001_2010	arXiv	legacy_api_query_metadata_invalidated_date_filter_refetch	"(all:""triangle counting"" OR all:""set intersection"") AND (all:degeneracy OR all:ordering OR all:""k-core"" OR all:orientation OR all:arboricity OR all:""forward-oriented"" OR all:adjacency OR all:oriented OR all:neighbor OR all:lists OR all:""forward-only"" OR all:motif OR all:view) AND (cat:cs.DS OR cat:cs.PF) AND NOT all:""geometric triangles"" AND NOT all:""triangle inequality"" AND NOT all:""computer vision"" AND submittedDate:[200101010000 TO 201012312359]"	max_results=15&search_query=%28all%3A%22triangle%20counting%22%20OR%20all%3A%22set%20intersection%22%29%20AND%20%28all%3Adegeneracy%20OR%20all%3Aordering%20OR%20all%3A%22k-core%22%20OR%20all%3Aorientation%20OR%20all%3Aarboricity%20OR%20all%3A%22forward-oriented%22%20OR%20all%3Aadjacency%20OR%20all%3Aoriented%20OR%20all%3Aneighbor%20OR%20all%3Alists%20OR%20all%3A%22forward-only%22%20OR%20all%3Amotif%20OR%20all%3Aview%29%20AND%20%28cat%3Acs.DS%20OR%20cat%3Acs.PF%29%20AND%20NOT%20all%3A%22geometric%20triangles%22%20AND%20NOT%20all%3A%22triangle%20inequality%22%20AND%20NOT%20all%3A%22computer%20vision%22%20AND%20submittedDate%3A%5B200101010000%20TO%20201012312359%5D&sortBy=relevance&sortOrder=descending&start=0	2026-08-11T06:45:44Z	0	200	15	60a0bb1f4e9624290bb011f4135a9ad1ebfa8799fdd95f9d5b7d4640c81ce5c5	KnightBusArxivPatternFoundry/0.1	MISS	1	NONE	NONE	https://info.arxiv.org/help/api/tou.html	2026-08-11	arxiv-reference/cache/g02/arxiv/QRY-009-2001_2010.datefilter-invalid.xml	FAILED
REQ-G02-0060	G02	QRY-009	QRY-009-2011_2020	arXiv	legacy_api_query_metadata_invalidated_date_filter_not_retried_request_cap	"(all:""triangle counting"" OR all:""set intersection"") AND (all:degeneracy OR all:ordering OR all:""k-core"" OR all:orientation OR all:arboricity OR all:""forward-oriented"" OR all:adjacency OR all:oriented OR all:neighbor OR all:lists OR all:""forward-only"" OR all:motif OR all:view) AND (cat:cs.DS OR cat:cs.PF) AND NOT all:""geometric triangles"" AND NOT all:""triangle inequality"" AND NOT all:""computer vision"" AND submittedDate:[201101010000 TO 202012312359]"	max_results=15&search_query=%28all%3A%22triangle%20counting%22%20OR%20all%3A%22set%20intersection%22%29%20AND%20%28all%3Adegeneracy%20OR%20all%3Aordering%20OR%20all%3A%22k-core%22%20OR%20all%3Aorientation%20OR%20all%3Aarboricity%20OR%20all%3A%22forward-oriented%22%20OR%20all%3Aadjacency%20OR%20all%3Aoriented%20OR%20all%3Aneighbor%20OR%20all%3Alists%20OR%20all%3A%22forward-only%22%20OR%20all%3Amotif%20OR%20all%3Aview%29%20AND%20%28cat%3Acs.DS%20OR%20cat%3Acs.PF%29%20AND%20NOT%20all%3A%22geometric%20triangles%22%20AND%20NOT%20all%3A%22triangle%20inequality%22%20AND%20NOT%20all%3A%22computer%20vision%22%20AND%20submittedDate%3A%5B201101010000%20TO%20202012312359%5D&sortBy=relevance&sortOrder=descending&start=0	2026-08-11T06:45:48Z	0	200	15	24f746e644eeaf0278fd4d1b3d7a5c24e652caab8ebcf39a958f4123ef74baf3	KnightBusArxivPatternFoundry/0.1	MISS	1	NONE	NONE	https://info.arxiv.org/help/api/tou.html	2026-08-11	arxiv-reference/cache/g02/arxiv/QRY-009-2011_2020.datefilter-invalid.xml	FAILED
REQ-G02-0061	G02	QRY-009	QRY-009-2021_CURRENT	arXiv	legacy_api_query_metadata_invalidated_date_filter_not_retried_request_cap	"(all:""triangle counting"" OR all:""set intersection"") AND (all:degeneracy OR all:ordering OR all:""k-core"" OR all:orientation OR all:arboricity OR all:""forward-oriented"" OR all:adjacency OR all:oriented OR all:neighbor OR all:lists OR all:""forward-only"" OR all:motif OR all:view) AND (cat:cs.DS OR cat:cs.PF) AND NOT all:""geometric triangles"" AND NOT all:""triangle inequality"" AND NOT all:""computer vision"" AND submittedDate:[202101010000 TO 202608112359]"	max_results=15&search_query=%28all%3A%22triangle%20counting%22%20OR%20all%3A%22set%20intersection%22%29%20AND%20%28all%3Adegeneracy%20OR%20all%3Aordering%20OR%20all%3A%22k-core%22%20OR%20all%3Aorientation%20OR%20all%3Aarboricity%20OR%20all%3A%22forward-oriented%22%20OR%20all%3Aadjacency%20OR%20all%3Aoriented%20OR%20all%3Aneighbor%20OR%20all%3Alists%20OR%20all%3A%22forward-only%22%20OR%20all%3Amotif%20OR%20all%3Aview%29%20AND%20%28cat%3Acs.DS%20OR%20cat%3Acs.PF%29%20AND%20NOT%20all%3A%22geometric%20triangles%22%20AND%20NOT%20all%3A%22triangle%20inequality%22%20AND%20NOT%20all%3A%22computer%20vision%22%20AND%20submittedDate%3A%5B202101010000%20TO%20202608112359%5D&sortBy=relevance&sortOrder=descending&start=0	2026-08-11T06:45:54Z	0	200	15	c7e736b6c2dd0606f67238c20a6a3105c3c7c3bda3585b1de0d3b363f11ac0b5	KnightBusArxivPatternFoundry/0.1	MISS	1	NONE	NONE	https://info.arxiv.org/help/api/tou.html	2026-08-11	arxiv-reference/cache/g02/arxiv/QRY-009-2021_CURRENT.datefilter-invalid.xml	FAILED
REQ-G02-0062	G02	QRY-010	QRY-010-ALL	arXiv	legacy_api_query_metadata	"(all:""triangle counting"") AND (all:hub OR all:bit OR all:pages OR all:""dense-hub"" OR all:bitsets OR all:bitmap OR all:cache OR all:external OR all:wedge OR all:runs OR all:spilled OR all:enumeration OR all:tapes OR all:""per-node"" OR all:LCC OR all:counters OR all:local OR all:clustering OR all:""triangle-per-node"" OR all:""external-memory"" OR all:processing OR all:""out-of-core"" OR all:""semi-external"") AND (cat:cs.DS OR cat:cs.DC OR cat:cs.PF) AND NOT all:""approximate sampling only"" AND NOT all:""mesh processing"" AND NOT all:""generic motif survey"""	max_results=15&search_query=%28all%3A%22triangle%20counting%22%29%20AND%20%28all%3Ahub%20OR%20all%3Abit%20OR%20all%3Apages%20OR%20all%3A%22dense-hub%22%20OR%20all%3Abitsets%20OR%20all%3Abitmap%20OR%20all%3Acache%20OR%20all%3Aexternal%20OR%20all%3Awedge%20OR%20all%3Aruns%20OR%20all%3Aspilled%20OR%20all%3Aenumeration%20OR%20all%3Atapes%20OR%20all%3A%22per-node%22%20OR%20all%3ALCC%20OR%20all%3Acounters%20OR%20all%3Alocal%20OR%20all%3Aclustering%20OR%20all%3A%22triangle-per-node%22%20OR%20all%3A%22external-memory%22%20OR%20all%3Aprocessing%20OR%20all%3A%22out-of-core%22%20OR%20all%3A%22semi-external%22%29%20AND%20%28cat%3Acs.DS%20OR%20cat%3Acs.DC%20OR%20cat%3Acs.PF%29%20AND%20NOT%20all%3A%22approximate%20sampling%20only%22%20AND%20NOT%20all%3A%22mesh%20processing%22%20AND%20NOT%20all%3A%22generic%20motif%20survey%22&sortBy=relevance&sortOrder=descending&start=0	2026-08-11T06:45:58Z	0	200	15	bd1031b02f527037bd940916ebfd8c80a343453d0e707b55fbfe2a4124873150	KnightBusArxivPatternFoundry/0.1	MISS	1	NONE	NONE	https://info.arxiv.org/help/api/tou.html	2026-08-11	arxiv-reference/cache/g02/arxiv/QRY-010-ALL.xml	COMPLETE
REQ-G02-0063	G02	QRY-010	QRY-010-PRE2001	arXiv	legacy_api_query_metadata_invalidated_date_filter_refetch	"(all:""triangle counting"") AND (all:hub OR all:bit OR all:pages OR all:""dense-hub"" OR all:bitsets OR all:bitmap OR all:cache OR all:external OR all:wedge OR all:runs OR all:spilled OR all:enumeration OR all:tapes OR all:""per-node"" OR all:LCC OR all:counters OR all:local OR all:clustering OR all:""triangle-per-node"" OR all:""external-memory"" OR all:processing OR all:""out-of-core"" OR all:""semi-external"") AND (cat:cs.DS OR cat:cs.DC OR cat:cs.PF) AND NOT all:""approximate sampling only"" AND NOT all:""mesh processing"" AND NOT all:""generic motif survey"" AND submittedDate:[197001010000 TO 200012312359]"	max_results=15&search_query=%28all%3A%22triangle%20counting%22%29%20AND%20%28all%3Ahub%20OR%20all%3Abit%20OR%20all%3Apages%20OR%20all%3A%22dense-hub%22%20OR%20all%3Abitsets%20OR%20all%3Abitmap%20OR%20all%3Acache%20OR%20all%3Aexternal%20OR%20all%3Awedge%20OR%20all%3Aruns%20OR%20all%3Aspilled%20OR%20all%3Aenumeration%20OR%20all%3Atapes%20OR%20all%3A%22per-node%22%20OR%20all%3ALCC%20OR%20all%3Acounters%20OR%20all%3Alocal%20OR%20all%3Aclustering%20OR%20all%3A%22triangle-per-node%22%20OR%20all%3A%22external-memory%22%20OR%20all%3Aprocessing%20OR%20all%3A%22out-of-core%22%20OR%20all%3A%22semi-external%22%29%20AND%20%28cat%3Acs.DS%20OR%20cat%3Acs.DC%20OR%20cat%3Acs.PF%29%20AND%20NOT%20all%3A%22approximate%20sampling%20only%22%20AND%20NOT%20all%3A%22mesh%20processing%22%20AND%20NOT%20all%3A%22generic%20motif%20survey%22%20AND%20submittedDate%3A%5B197001010000%20TO%20200012312359%5D&sortBy=relevance&sortOrder=descending&start=0	2026-08-11T06:46:03Z	0	200	15	56a4b33861c8a578a0a119cac53763af8c10e705337e41a760c2e0493388787d	KnightBusArxivPatternFoundry/0.1	MISS	1	NONE	NONE	https://info.arxiv.org/help/api/tou.html	2026-08-11	arxiv-reference/cache/g02/arxiv/QRY-010-PRE2001.datefilter-invalid.xml	FAILED
REQ-G02-0064	G02	QRY-010	QRY-010-2001_2010	arXiv	legacy_api_query_metadata_invalidated_date_filter_refetch	"(all:""triangle counting"") AND (all:hub OR all:bit OR all:pages OR all:""dense-hub"" OR all:bitsets OR all:bitmap OR all:cache OR all:external OR all:wedge OR all:runs OR all:spilled OR all:enumeration OR all:tapes OR all:""per-node"" OR all:LCC OR all:counters OR all:local OR all:clustering OR all:""triangle-per-node"" OR all:""external-memory"" OR all:processing OR all:""out-of-core"" OR all:""semi-external"") AND (cat:cs.DS OR cat:cs.DC OR cat:cs.PF) AND NOT all:""approximate sampling only"" AND NOT all:""mesh processing"" AND NOT all:""generic motif survey"" AND submittedDate:[200101010000 TO 201012312359]"	max_results=15&search_query=%28all%3A%22triangle%20counting%22%29%20AND%20%28all%3Ahub%20OR%20all%3Abit%20OR%20all%3Apages%20OR%20all%3A%22dense-hub%22%20OR%20all%3Abitsets%20OR%20all%3Abitmap%20OR%20all%3Acache%20OR%20all%3Aexternal%20OR%20all%3Awedge%20OR%20all%3Aruns%20OR%20all%3Aspilled%20OR%20all%3Aenumeration%20OR%20all%3Atapes%20OR%20all%3A%22per-node%22%20OR%20all%3ALCC%20OR%20all%3Acounters%20OR%20all%3Alocal%20OR%20all%3Aclustering%20OR%20all%3A%22triangle-per-node%22%20OR%20all%3A%22external-memory%22%20OR%20all%3Aprocessing%20OR%20all%3A%22out-of-core%22%20OR%20all%3A%22semi-external%22%29%20AND%20%28cat%3Acs.DS%20OR%20cat%3Acs.DC%20OR%20cat%3Acs.PF%29%20AND%20NOT%20all%3A%22approximate%20sampling%20only%22%20AND%20NOT%20all%3A%22mesh%20processing%22%20AND%20NOT%20all%3A%22generic%20motif%20survey%22%20AND%20submittedDate%3A%5B200101010000%20TO%20201012312359%5D&sortBy=relevance&sortOrder=descending&start=0	2026-08-11T06:46:08Z	0	200	15	613e964597c131b4df18e6153fb2726e66b04b56f938dfc362a299ebae821730	KnightBusArxivPatternFoundry/0.1	MISS	1	NONE	NONE	https://info.arxiv.org/help/api/tou.html	2026-08-11	arxiv-reference/cache/g02/arxiv/QRY-010-2001_2010.datefilter-invalid.xml	FAILED
REQ-G02-0065	G02	QRY-010	QRY-010-2011_2020	arXiv	legacy_api_query_metadata_invalidated_date_filter_not_retried_request_cap	"(all:""triangle counting"") AND (all:hub OR all:bit OR all:pages OR all:""dense-hub"" OR all:bitsets OR all:bitmap OR all:cache OR all:external OR all:wedge OR all:runs OR all:spilled OR all:enumeration OR all:tapes OR all:""per-node"" OR all:LCC OR all:counters OR all:local OR all:clustering OR all:""triangle-per-node"" OR all:""external-memory"" OR all:processing OR all:""out-of-core"" OR all:""semi-external"") AND (cat:cs.DS OR cat:cs.DC OR cat:cs.PF) AND NOT all:""approximate sampling only"" AND NOT all:""mesh processing"" AND NOT all:""generic motif survey"" AND submittedDate:[201101010000 TO 202012312359]"	max_results=15&search_query=%28all%3A%22triangle%20counting%22%29%20AND%20%28all%3Ahub%20OR%20all%3Abit%20OR%20all%3Apages%20OR%20all%3A%22dense-hub%22%20OR%20all%3Abitsets%20OR%20all%3Abitmap%20OR%20all%3Acache%20OR%20all%3Aexternal%20OR%20all%3Awedge%20OR%20all%3Aruns%20OR%20all%3Aspilled%20OR%20all%3Aenumeration%20OR%20all%3Atapes%20OR%20all%3A%22per-node%22%20OR%20all%3ALCC%20OR%20all%3Acounters%20OR%20all%3Alocal%20OR%20all%3Aclustering%20OR%20all%3A%22triangle-per-node%22%20OR%20all%3A%22external-memory%22%20OR%20all%3Aprocessing%20OR%20all%3A%22out-of-core%22%20OR%20all%3A%22semi-external%22%29%20AND%20%28cat%3Acs.DS%20OR%20cat%3Acs.DC%20OR%20cat%3Acs.PF%29%20AND%20NOT%20all%3A%22approximate%20sampling%20only%22%20AND%20NOT%20all%3A%22mesh%20processing%22%20AND%20NOT%20all%3A%22generic%20motif%20survey%22%20AND%20submittedDate%3A%5B201101010000%20TO%20202012312359%5D&sortBy=relevance&sortOrder=descending&start=0	2026-08-11T06:46:13Z	0	200	15	13327b7f65c8fb4042c360f3b6434472a4487356fd1c8fb1c86953161b719d8b	KnightBusArxivPatternFoundry/0.1	MISS	1	NONE	NONE	https://info.arxiv.org/help/api/tou.html	2026-08-11	arxiv-reference/cache/g02/arxiv/QRY-010-2011_2020.datefilter-invalid.xml	FAILED
REQ-G02-0066	G02	QRY-010	QRY-010-2021_CURRENT	arXiv	legacy_api_query_metadata_invalidated_date_filter_not_retried_request_cap	"(all:""triangle counting"") AND (all:hub OR all:bit OR all:pages OR all:""dense-hub"" OR all:bitsets OR all:bitmap OR all:cache OR all:external OR all:wedge OR all:runs OR all:spilled OR all:enumeration OR all:tapes OR all:""per-node"" OR all:LCC OR all:counters OR all:local OR all:clustering OR all:""triangle-per-node"" OR all:""external-memory"" OR all:processing OR all:""out-of-core"" OR all:""semi-external"") AND (cat:cs.DS OR cat:cs.DC OR cat:cs.PF) AND NOT all:""approximate sampling only"" AND NOT all:""mesh processing"" AND NOT all:""generic motif survey"" AND submittedDate:[202101010000 TO 202608112359]"	max_results=15&search_query=%28all%3A%22triangle%20counting%22%29%20AND%20%28all%3Ahub%20OR%20all%3Abit%20OR%20all%3Apages%20OR%20all%3A%22dense-hub%22%20OR%20all%3Abitsets%20OR%20all%3Abitmap%20OR%20all%3Acache%20OR%20all%3Aexternal%20OR%20all%3Awedge%20OR%20all%3Aruns%20OR%20all%3Aspilled%20OR%20all%3Aenumeration%20OR%20all%3Atapes%20OR%20all%3A%22per-node%22%20OR%20all%3ALCC%20OR%20all%3Acounters%20OR%20all%3Alocal%20OR%20all%3Aclustering%20OR%20all%3A%22triangle-per-node%22%20OR%20all%3A%22external-memory%22%20OR%20all%3Aprocessing%20OR%20all%3A%22out-of-core%22%20OR%20all%3A%22semi-external%22%29%20AND%20%28cat%3Acs.DS%20OR%20cat%3Acs.DC%20OR%20cat%3Acs.PF%29%20AND%20NOT%20all%3A%22approximate%20sampling%20only%22%20AND%20NOT%20all%3A%22mesh%20processing%22%20AND%20NOT%20all%3A%22generic%20motif%20survey%22%20AND%20submittedDate%3A%5B202101010000%20TO%20202608112359%5D&sortBy=relevance&sortOrder=descending&start=0	2026-08-11T06:46:18Z	0	200	15	0a49c98ab4ae796c9b2ab19f4f6cfd7e95de4c815a3149d6387b7ac3278138ea	KnightBusArxivPatternFoundry/0.1	MISS	1	NONE	NONE	https://info.arxiv.org/help/api/tou.html	2026-08-11	arxiv-reference/cache/g02/arxiv/QRY-010-2021_CURRENT.datefilter-invalid.xml	FAILED
REQ-G02-0067	G02	QRY-011	QRY-011-ALL	arXiv	legacy_api_query_metadata	"(all:Louvain OR all:Leiden) AND (all:weighted OR all:undirected OR all:community OR all:blocks OR all:""community-range"" OR all:edge OR all:symmetric OR all:adjacency OR all:""neighbor-community"" OR all:tally OR all:weight OR all:map OR all:dynamic OR all:modularity OR all:accumulator) AND (cat:cs.DS OR cat:cs.PF OR cat:cs.SI) AND NOT all:""biological ecology"" AND NOT all:""topic modeling"" AND NOT all:""k-means"""	max_results=15&search_query=%28all%3ALouvain%20OR%20all%3ALeiden%29%20AND%20%28all%3Aweighted%20OR%20all%3Aundirected%20OR%20all%3Acommunity%20OR%20all%3Ablocks%20OR%20all%3A%22community-range%22%20OR%20all%3Aedge%20OR%20all%3Asymmetric%20OR%20all%3Aadjacency%20OR%20all%3A%22neighbor-community%22%20OR%20all%3Atally%20OR%20all%3Aweight%20OR%20all%3Amap%20OR%20all%3Adynamic%20OR%20all%3Amodularity%20OR%20all%3Aaccumulator%29%20AND%20%28cat%3Acs.DS%20OR%20cat%3Acs.PF%20OR%20cat%3Acs.SI%29%20AND%20NOT%20all%3A%22biological%20ecology%22%20AND%20NOT%20all%3A%22topic%20modeling%22%20AND%20NOT%20all%3A%22k-means%22&sortBy=relevance&sortOrder=descending&start=0	2026-08-11T06:46:23Z	0	200	15	76e27d51c2aceb24fc11d3b1bc9bad7cf03ec1e534b5f32310a66173622d28c7	KnightBusArxivPatternFoundry/0.1	MISS	1	NONE	NONE	https://info.arxiv.org/help/api/tou.html	2026-08-11	arxiv-reference/cache/g02/arxiv/QRY-011-ALL.xml	COMPLETE
REQ-G02-0068	G02	QRY-011	QRY-011-PRE2001	arXiv	legacy_api_query_metadata_invalidated_date_filter_refetch	"(all:Louvain OR all:Leiden) AND (all:weighted OR all:undirected OR all:community OR all:blocks OR all:""community-range"" OR all:edge OR all:symmetric OR all:adjacency OR all:""neighbor-community"" OR all:tally OR all:weight OR all:map OR all:dynamic OR all:modularity OR all:accumulator) AND (cat:cs.DS OR cat:cs.PF OR cat:cs.SI) AND NOT all:""biological ecology"" AND NOT all:""topic modeling"" AND NOT all:""k-means"" AND submittedDate:[197001010000 TO 200012312359]"	max_results=15&search_query=%28all%3ALouvain%20OR%20all%3ALeiden%29%20AND%20%28all%3Aweighted%20OR%20all%3Aundirected%20OR%20all%3Acommunity%20OR%20all%3Ablocks%20OR%20all%3A%22community-range%22%20OR%20all%3Aedge%20OR%20all%3Asymmetric%20OR%20all%3Aadjacency%20OR%20all%3A%22neighbor-community%22%20OR%20all%3Atally%20OR%20all%3Aweight%20OR%20all%3Amap%20OR%20all%3Adynamic%20OR%20all%3Amodularity%20OR%20all%3Aaccumulator%29%20AND%20%28cat%3Acs.DS%20OR%20cat%3Acs.PF%20OR%20cat%3Acs.SI%29%20AND%20NOT%20all%3A%22biological%20ecology%22%20AND%20NOT%20all%3A%22topic%20modeling%22%20AND%20NOT%20all%3A%22k-means%22%20AND%20submittedDate%3A%5B197001010000%20TO%20200012312359%5D&sortBy=relevance&sortOrder=descending&start=0	2026-08-11T06:46:28Z	0	200	15	7fee3510ef02239ae87480456bf0164d4e5ddd208926efd92c79fd68ad6ee20a	KnightBusArxivPatternFoundry/0.1	MISS	1	NONE	NONE	https://info.arxiv.org/help/api/tou.html	2026-08-11	arxiv-reference/cache/g02/arxiv/QRY-011-PRE2001.datefilter-invalid.xml	FAILED
REQ-G02-0069	G02	QRY-011	QRY-011-2001_2010	arXiv	legacy_api_query_metadata_invalidated_date_filter_refetch	"(all:Louvain OR all:Leiden) AND (all:weighted OR all:undirected OR all:community OR all:blocks OR all:""community-range"" OR all:edge OR all:symmetric OR all:adjacency OR all:""neighbor-community"" OR all:tally OR all:weight OR all:map OR all:dynamic OR all:modularity OR all:accumulator) AND (cat:cs.DS OR cat:cs.PF OR cat:cs.SI) AND NOT all:""biological ecology"" AND NOT all:""topic modeling"" AND NOT all:""k-means"" AND submittedDate:[200101010000 TO 201012312359]"	max_results=15&search_query=%28all%3ALouvain%20OR%20all%3ALeiden%29%20AND%20%28all%3Aweighted%20OR%20all%3Aundirected%20OR%20all%3Acommunity%20OR%20all%3Ablocks%20OR%20all%3A%22community-range%22%20OR%20all%3Aedge%20OR%20all%3Asymmetric%20OR%20all%3Aadjacency%20OR%20all%3A%22neighbor-community%22%20OR%20all%3Atally%20OR%20all%3Aweight%20OR%20all%3Amap%20OR%20all%3Adynamic%20OR%20all%3Amodularity%20OR%20all%3Aaccumulator%29%20AND%20%28cat%3Acs.DS%20OR%20cat%3Acs.PF%20OR%20cat%3Acs.SI%29%20AND%20NOT%20all%3A%22biological%20ecology%22%20AND%20NOT%20all%3A%22topic%20modeling%22%20AND%20NOT%20all%3A%22k-means%22%20AND%20submittedDate%3A%5B200101010000%20TO%20201012312359%5D&sortBy=relevance&sortOrder=descending&start=0	2026-08-11T06:46:32Z	0	200	15	ad9075b5cc74e214ea9ecf2c07b079f0cb693ea7dad4274eaa12acfddd20c30b	KnightBusArxivPatternFoundry/0.1	MISS	1	NONE	NONE	https://info.arxiv.org/help/api/tou.html	2026-08-11	arxiv-reference/cache/g02/arxiv/QRY-011-2001_2010.datefilter-invalid.xml	FAILED
REQ-G02-0070	G02	QRY-011	QRY-011-2011_2020	arXiv	legacy_api_query_metadata_invalidated_date_filter_not_retried_request_cap	"(all:Louvain OR all:Leiden) AND (all:weighted OR all:undirected OR all:community OR all:blocks OR all:""community-range"" OR all:edge OR all:symmetric OR all:adjacency OR all:""neighbor-community"" OR all:tally OR all:weight OR all:map OR all:dynamic OR all:modularity OR all:accumulator) AND (cat:cs.DS OR cat:cs.PF OR cat:cs.SI) AND NOT all:""biological ecology"" AND NOT all:""topic modeling"" AND NOT all:""k-means"" AND submittedDate:[201101010000 TO 202012312359]"	max_results=15&search_query=%28all%3ALouvain%20OR%20all%3ALeiden%29%20AND%20%28all%3Aweighted%20OR%20all%3Aundirected%20OR%20all%3Acommunity%20OR%20all%3Ablocks%20OR%20all%3A%22community-range%22%20OR%20all%3Aedge%20OR%20all%3Asymmetric%20OR%20all%3Aadjacency%20OR%20all%3A%22neighbor-community%22%20OR%20all%3Atally%20OR%20all%3Aweight%20OR%20all%3Amap%20OR%20all%3Adynamic%20OR%20all%3Amodularity%20OR%20all%3Aaccumulator%29%20AND%20%28cat%3Acs.DS%20OR%20cat%3Acs.PF%20OR%20cat%3Acs.SI%29%20AND%20NOT%20all%3A%22biological%20ecology%22%20AND%20NOT%20all%3A%22topic%20modeling%22%20AND%20NOT%20all%3A%22k-means%22%20AND%20submittedDate%3A%5B201101010000%20TO%20202012312359%5D&sortBy=relevance&sortOrder=descending&start=0	2026-08-11T06:46:37Z	0	200	15	723c92d1b45078f740c9d24d8a178c67c82bef6592ec12bbfa5e5f12c6c4930d	KnightBusArxivPatternFoundry/0.1	MISS	1	NONE	NONE	https://info.arxiv.org/help/api/tou.html	2026-08-11	arxiv-reference/cache/g02/arxiv/QRY-011-2011_2020.datefilter-invalid.xml	FAILED
REQ-G02-0071	G02	QRY-011	QRY-011-2021_CURRENT	arXiv	legacy_api_query_metadata_invalidated_date_filter_not_retried_request_cap	"(all:Louvain OR all:Leiden) AND (all:weighted OR all:undirected OR all:community OR all:blocks OR all:""community-range"" OR all:edge OR all:symmetric OR all:adjacency OR all:""neighbor-community"" OR all:tally OR all:weight OR all:map OR all:dynamic OR all:modularity OR all:accumulator) AND (cat:cs.DS OR cat:cs.PF OR cat:cs.SI) AND NOT all:""biological ecology"" AND NOT all:""topic modeling"" AND NOT all:""k-means"" AND submittedDate:[202101010000 TO 202608112359]"	max_results=15&search_query=%28all%3ALouvain%20OR%20all%3ALeiden%29%20AND%20%28all%3Aweighted%20OR%20all%3Aundirected%20OR%20all%3Acommunity%20OR%20all%3Ablocks%20OR%20all%3A%22community-range%22%20OR%20all%3Aedge%20OR%20all%3Asymmetric%20OR%20all%3Aadjacency%20OR%20all%3A%22neighbor-community%22%20OR%20all%3Atally%20OR%20all%3Aweight%20OR%20all%3Amap%20OR%20all%3Adynamic%20OR%20all%3Amodularity%20OR%20all%3Aaccumulator%29%20AND%20%28cat%3Acs.DS%20OR%20cat%3Acs.PF%20OR%20cat%3Acs.SI%29%20AND%20NOT%20all%3A%22biological%20ecology%22%20AND%20NOT%20all%3A%22topic%20modeling%22%20AND%20NOT%20all%3A%22k-means%22%20AND%20submittedDate%3A%5B202101010000%20TO%20202608112359%5D&sortBy=relevance&sortOrder=descending&start=0	2026-08-11T06:46:42Z	0	200	15	5f3cc1baedd2b8404fc284a851f05e066ff9bb25e21d66595a8dd48152555e2f	KnightBusArxivPatternFoundry/0.1	MISS	1	NONE	NONE	https://info.arxiv.org/help/api/tou.html	2026-08-11	arxiv-reference/cache/g02/arxiv/QRY-011-2021_CURRENT.datefilter-invalid.xml	FAILED
REQ-G02-0072	G02	QRY-012	QRY-012-ALL	arXiv	legacy_api_query_metadata	"(all:Louvain) AND (all:""sort-reduce"" OR all:community OR all:edges OR all:external OR all:aggregation OR all:""community-edge"" OR all:runs OR all:streamed OR all:contraction OR all:""one-level-at-a-time"" OR all:coarsening OR all:""external-memory"" OR all:processing OR all:""out-of-core"" OR all:""semi-external"" OR all:bounded OR all:merge OR all:""fan-in"" OR all:""multi-pass"" OR all:""k-way"" OR all:limited OR all:run OR all:merger) AND (cat:cs.DS OR cat:cs.DC OR cat:cs.DB) AND NOT all:""in-memory-only modularity"" AND NOT all:""social-science application only"" AND NOT all:""no resource model"""	max_results=15&search_query=%28all%3ALouvain%29%20AND%20%28all%3A%22sort-reduce%22%20OR%20all%3Acommunity%20OR%20all%3Aedges%20OR%20all%3Aexternal%20OR%20all%3Aaggregation%20OR%20all%3A%22community-edge%22%20OR%20all%3Aruns%20OR%20all%3Astreamed%20OR%20all%3Acontraction%20OR%20all%3A%22one-level-at-a-time%22%20OR%20all%3Acoarsening%20OR%20all%3A%22external-memory%22%20OR%20all%3Aprocessing%20OR%20all%3A%22out-of-core%22%20OR%20all%3A%22semi-external%22%20OR%20all%3Abounded%20OR%20all%3Amerge%20OR%20all%3A%22fan-in%22%20OR%20all%3A%22multi-pass%22%20OR%20all%3A%22k-way%22%20OR%20all%3Alimited%20OR%20all%3Arun%20OR%20all%3Amerger%29%20AND%20%28cat%3Acs.DS%20OR%20cat%3Acs.DC%20OR%20cat%3Acs.DB%29%20AND%20NOT%20all%3A%22in-memory-only%20modularity%22%20AND%20NOT%20all%3A%22social-science%20application%20only%22%20AND%20NOT%20all%3A%22no%20resource%20model%22&sortBy=relevance&sortOrder=descending&start=0	2026-08-11T06:46:46Z	0	200	15	bedce4b5bc2ba83c98345db9af606116724b80495c36e60c2f186c1b51bb7428	KnightBusArxivPatternFoundry/0.1	MISS	1	NONE	NONE	https://info.arxiv.org/help/api/tou.html	2026-08-11	arxiv-reference/cache/g02/arxiv/QRY-012-ALL.xml	COMPLETE
REQ-G02-0073	G02	QRY-012	QRY-012-PRE2001	arXiv	legacy_api_query_metadata_invalidated_date_filter_refetch	"(all:Louvain) AND (all:""sort-reduce"" OR all:community OR all:edges OR all:external OR all:aggregation OR all:""community-edge"" OR all:runs OR all:streamed OR all:contraction OR all:""one-level-at-a-time"" OR all:coarsening OR all:""external-memory"" OR all:processing OR all:""out-of-core"" OR all:""semi-external"" OR all:bounded OR all:merge OR all:""fan-in"" OR all:""multi-pass"" OR all:""k-way"" OR all:limited OR all:run OR all:merger) AND (cat:cs.DS OR cat:cs.DC OR cat:cs.DB) AND NOT all:""in-memory-only modularity"" AND NOT all:""social-science application only"" AND NOT all:""no resource model"" AND submittedDate:[197001010000 TO 200012312359]"	max_results=15&search_query=%28all%3ALouvain%29%20AND%20%28all%3A%22sort-reduce%22%20OR%20all%3Acommunity%20OR%20all%3Aedges%20OR%20all%3Aexternal%20OR%20all%3Aaggregation%20OR%20all%3A%22community-edge%22%20OR%20all%3Aruns%20OR%20all%3Astreamed%20OR%20all%3Acontraction%20OR%20all%3A%22one-level-at-a-time%22%20OR%20all%3Acoarsening%20OR%20all%3A%22external-memory%22%20OR%20all%3Aprocessing%20OR%20all%3A%22out-of-core%22%20OR%20all%3A%22semi-external%22%20OR%20all%3Abounded%20OR%20all%3Amerge%20OR%20all%3A%22fan-in%22%20OR%20all%3A%22multi-pass%22%20OR%20all%3A%22k-way%22%20OR%20all%3Alimited%20OR%20all%3Arun%20OR%20all%3Amerger%29%20AND%20%28cat%3Acs.DS%20OR%20cat%3Acs.DC%20OR%20cat%3Acs.DB%29%20AND%20NOT%20all%3A%22in-memory-only%20modularity%22%20AND%20NOT%20all%3A%22social-science%20application%20only%22%20AND%20NOT%20all%3A%22no%20resource%20model%22%20AND%20submittedDate%3A%5B197001010000%20TO%20200012312359%5D&sortBy=relevance&sortOrder=descending&start=0	2026-08-11T06:46:51Z	0	200	15	85c3eaca8cf07f97814b9eb1168879e1dcab06458bf7c9de4b6ad4ba7d1a05eb	KnightBusArxivPatternFoundry/0.1	MISS	1	NONE	NONE	https://info.arxiv.org/help/api/tou.html	2026-08-11	arxiv-reference/cache/g02/arxiv/QRY-012-PRE2001.datefilter-invalid.xml	FAILED
REQ-G02-0074	G02	QRY-012	QRY-012-2001_2010	arXiv	legacy_api_query_metadata_invalidated_date_filter_refetch	"(all:Louvain) AND (all:""sort-reduce"" OR all:community OR all:edges OR all:external OR all:aggregation OR all:""community-edge"" OR all:runs OR all:streamed OR all:contraction OR all:""one-level-at-a-time"" OR all:coarsening OR all:""external-memory"" OR all:processing OR all:""out-of-core"" OR all:""semi-external"" OR all:bounded OR all:merge OR all:""fan-in"" OR all:""multi-pass"" OR all:""k-way"" OR all:limited OR all:run OR all:merger) AND (cat:cs.DS OR cat:cs.DC OR cat:cs.DB) AND NOT all:""in-memory-only modularity"" AND NOT all:""social-science application only"" AND NOT all:""no resource model"" AND submittedDate:[200101010000 TO 201012312359]"	max_results=15&search_query=%28all%3ALouvain%29%20AND%20%28all%3A%22sort-reduce%22%20OR%20all%3Acommunity%20OR%20all%3Aedges%20OR%20all%3Aexternal%20OR%20all%3Aaggregation%20OR%20all%3A%22community-edge%22%20OR%20all%3Aruns%20OR%20all%3Astreamed%20OR%20all%3Acontraction%20OR%20all%3A%22one-level-at-a-time%22%20OR%20all%3Acoarsening%20OR%20all%3A%22external-memory%22%20OR%20all%3Aprocessing%20OR%20all%3A%22out-of-core%22%20OR%20all%3A%22semi-external%22%20OR%20all%3Abounded%20OR%20all%3Amerge%20OR%20all%3A%22fan-in%22%20OR%20all%3A%22multi-pass%22%20OR%20all%3A%22k-way%22%20OR%20all%3Alimited%20OR%20all%3Arun%20OR%20all%3Amerger%29%20AND%20%28cat%3Acs.DS%20OR%20cat%3Acs.DC%20OR%20cat%3Acs.DB%29%20AND%20NOT%20all%3A%22in-memory-only%20modularity%22%20AND%20NOT%20all%3A%22social-science%20application%20only%22%20AND%20NOT%20all%3A%22no%20resource%20model%22%20AND%20submittedDate%3A%5B200101010000%20TO%20201012312359%5D&sortBy=relevance&sortOrder=descending&start=0	2026-08-11T06:46:56Z	0	200	15	5e74ef840ab06005bb226019e5ce6df65d308ed6dfd15df9ff5685b3458b4575	KnightBusArxivPatternFoundry/0.1	MISS	1	NONE	NONE	https://info.arxiv.org/help/api/tou.html	2026-08-11	arxiv-reference/cache/g02/arxiv/QRY-012-2001_2010.datefilter-invalid.xml	FAILED
REQ-G02-0075	G02	QRY-012	QRY-012-2011_2020	arXiv	legacy_api_query_metadata_invalidated_date_filter_not_retried_request_cap	"(all:Louvain) AND (all:""sort-reduce"" OR all:community OR all:edges OR all:external OR all:aggregation OR all:""community-edge"" OR all:runs OR all:streamed OR all:contraction OR all:""one-level-at-a-time"" OR all:coarsening OR all:""external-memory"" OR all:processing OR all:""out-of-core"" OR all:""semi-external"" OR all:bounded OR all:merge OR all:""fan-in"" OR all:""multi-pass"" OR all:""k-way"" OR all:limited OR all:run OR all:merger) AND (cat:cs.DS OR cat:cs.DC OR cat:cs.DB) AND NOT all:""in-memory-only modularity"" AND NOT all:""social-science application only"" AND NOT all:""no resource model"" AND submittedDate:[201101010000 TO 202012312359]"	max_results=15&search_query=%28all%3ALouvain%29%20AND%20%28all%3A%22sort-reduce%22%20OR%20all%3Acommunity%20OR%20all%3Aedges%20OR%20all%3Aexternal%20OR%20all%3Aaggregation%20OR%20all%3A%22community-edge%22%20OR%20all%3Aruns%20OR%20all%3Astreamed%20OR%20all%3Acontraction%20OR%20all%3A%22one-level-at-a-time%22%20OR%20all%3Acoarsening%20OR%20all%3A%22external-memory%22%20OR%20all%3Aprocessing%20OR%20all%3A%22out-of-core%22%20OR%20all%3A%22semi-external%22%20OR%20all%3Abounded%20OR%20all%3Amerge%20OR%20all%3A%22fan-in%22%20OR%20all%3A%22multi-pass%22%20OR%20all%3A%22k-way%22%20OR%20all%3Alimited%20OR%20all%3Arun%20OR%20all%3Amerger%29%20AND%20%28cat%3Acs.DS%20OR%20cat%3Acs.DC%20OR%20cat%3Acs.DB%29%20AND%20NOT%20all%3A%22in-memory-only%20modularity%22%20AND%20NOT%20all%3A%22social-science%20application%20only%22%20AND%20NOT%20all%3A%22no%20resource%20model%22%20AND%20submittedDate%3A%5B201101010000%20TO%20202012312359%5D&sortBy=relevance&sortOrder=descending&start=0	2026-08-11T06:47:00Z	0	200	15	37bb9ff82cd44cdaae8476f116abcfdc8237d21ec92c9967438e10755b7ad243	KnightBusArxivPatternFoundry/0.1	MISS	1	NONE	NONE	https://info.arxiv.org/help/api/tou.html	2026-08-11	arxiv-reference/cache/g02/arxiv/QRY-012-2011_2020.datefilter-invalid.xml	FAILED
REQ-G02-0076	G02	QRY-012	QRY-012-2021_CURRENT	arXiv	legacy_api_query_metadata_invalidated_date_filter_not_retried_request_cap	"(all:Louvain) AND (all:""sort-reduce"" OR all:community OR all:edges OR all:external OR all:aggregation OR all:""community-edge"" OR all:runs OR all:streamed OR all:contraction OR all:""one-level-at-a-time"" OR all:coarsening OR all:""external-memory"" OR all:processing OR all:""out-of-core"" OR all:""semi-external"" OR all:bounded OR all:merge OR all:""fan-in"" OR all:""multi-pass"" OR all:""k-way"" OR all:limited OR all:run OR all:merger) AND (cat:cs.DS OR cat:cs.DC OR cat:cs.DB) AND NOT all:""in-memory-only modularity"" AND NOT all:""social-science application only"" AND NOT all:""no resource model"" AND submittedDate:[202101010000 TO 202608112359]"	max_results=15&search_query=%28all%3ALouvain%29%20AND%20%28all%3A%22sort-reduce%22%20OR%20all%3Acommunity%20OR%20all%3Aedges%20OR%20all%3Aexternal%20OR%20all%3Aaggregation%20OR%20all%3A%22community-edge%22%20OR%20all%3Aruns%20OR%20all%3Astreamed%20OR%20all%3Acontraction%20OR%20all%3A%22one-level-at-a-time%22%20OR%20all%3Acoarsening%20OR%20all%3A%22external-memory%22%20OR%20all%3Aprocessing%20OR%20all%3A%22out-of-core%22%20OR%20all%3A%22semi-external%22%20OR%20all%3Abounded%20OR%20all%3Amerge%20OR%20all%3A%22fan-in%22%20OR%20all%3A%22multi-pass%22%20OR%20all%3A%22k-way%22%20OR%20all%3Alimited%20OR%20all%3Arun%20OR%20all%3Amerger%29%20AND%20%28cat%3Acs.DS%20OR%20cat%3Acs.DC%20OR%20cat%3Acs.DB%29%20AND%20NOT%20all%3A%22in-memory-only%20modularity%22%20AND%20NOT%20all%3A%22social-science%20application%20only%22%20AND%20NOT%20all%3A%22no%20resource%20model%22%20AND%20submittedDate%3A%5B202101010000%20TO%20202608112359%5D&sortBy=relevance&sortOrder=descending&start=0	2026-08-11T06:47:05Z	0	200	15	56cc5a85d263851fdaec3160c34260517e06ed86af1c612c5816dd32eb8e5564	KnightBusArxivPatternFoundry/0.1	MISS	1	NONE	NONE	https://info.arxiv.org/help/api/tou.html	2026-08-11	arxiv-reference/cache/g02/arxiv/QRY-012-2021_CURRENT.datefilter-invalid.xml	FAILED
REQ-G02-0077	G02	QRY-013	QRY-013-ALL	arXiv	legacy_api_query_metadata	"(all:NodeSimilarity OR all:""node similarity"") AND (all:bipartite OR all:incidence OR all:postings OR all:""entity-feature"" OR all:""feature-to-entity"" OR all:""degree-band"" OR all:index OR all:cardinality OR all:bands OR all:""size-class"" OR all:""heavy-feature"" OR all:partitions OR all:""heavy-hitter"" OR all:feature OR all:buckets OR all:skew) AND (cat:cs.DS OR cat:cs.DB OR cat:cs.IR) AND NOT all:""generic vector embedding"" AND NOT all:""materialized pair clique"" AND NOT all:""application-only study"""	max_results=15&search_query=%28all%3ANodeSimilarity%20OR%20all%3A%22node%20similarity%22%29%20AND%20%28all%3Abipartite%20OR%20all%3Aincidence%20OR%20all%3Apostings%20OR%20all%3A%22entity-feature%22%20OR%20all%3A%22feature-to-entity%22%20OR%20all%3A%22degree-band%22%20OR%20all%3Aindex%20OR%20all%3Acardinality%20OR%20all%3Abands%20OR%20all%3A%22size-class%22%20OR%20all%3A%22heavy-feature%22%20OR%20all%3Apartitions%20OR%20all%3A%22heavy-hitter%22%20OR%20all%3Afeature%20OR%20all%3Abuckets%20OR%20all%3Askew%29%20AND%20%28cat%3Acs.DS%20OR%20cat%3Acs.DB%20OR%20cat%3Acs.IR%29%20AND%20NOT%20all%3A%22generic%20vector%20embedding%22%20AND%20NOT%20all%3A%22materialized%20pair%20clique%22%20AND%20NOT%20all%3A%22application-only%20study%22&sortBy=relevance&sortOrder=descending&start=0	2026-08-11T06:47:10Z	0	200	6	a5369749c7f386cacfc7950124e8667f6cd9574926a8ef67d16f50a83fc724a6	KnightBusArxivPatternFoundry/0.1	MISS	1	NONE	NONE	https://info.arxiv.org/help/api/tou.html	2026-08-11	arxiv-reference/cache/g02/arxiv/QRY-013-ALL.xml	COMPLETE
REQ-G02-0078	G02	QRY-013	QRY-013-PRE2001	arXiv	legacy_api_query_metadata_invalidated_date_filter_refetch	"(all:NodeSimilarity OR all:""node similarity"") AND (all:bipartite OR all:incidence OR all:postings OR all:""entity-feature"" OR all:""feature-to-entity"" OR all:""degree-band"" OR all:index OR all:cardinality OR all:bands OR all:""size-class"" OR all:""heavy-feature"" OR all:partitions OR all:""heavy-hitter"" OR all:feature OR all:buckets OR all:skew) AND (cat:cs.DS OR cat:cs.DB OR cat:cs.IR) AND NOT all:""generic vector embedding"" AND NOT all:""materialized pair clique"" AND NOT all:""application-only study"" AND submittedDate:[197001010000 TO 200012312359]"	max_results=15&search_query=%28all%3ANodeSimilarity%20OR%20all%3A%22node%20similarity%22%29%20AND%20%28all%3Abipartite%20OR%20all%3Aincidence%20OR%20all%3Apostings%20OR%20all%3A%22entity-feature%22%20OR%20all%3A%22feature-to-entity%22%20OR%20all%3A%22degree-band%22%20OR%20all%3Aindex%20OR%20all%3Acardinality%20OR%20all%3Abands%20OR%20all%3A%22size-class%22%20OR%20all%3A%22heavy-feature%22%20OR%20all%3Apartitions%20OR%20all%3A%22heavy-hitter%22%20OR%20all%3Afeature%20OR%20all%3Abuckets%20OR%20all%3Askew%29%20AND%20%28cat%3Acs.DS%20OR%20cat%3Acs.DB%20OR%20cat%3Acs.IR%29%20AND%20NOT%20all%3A%22generic%20vector%20embedding%22%20AND%20NOT%20all%3A%22materialized%20pair%20clique%22%20AND%20NOT%20all%3A%22application-only%20study%22%20AND%20submittedDate%3A%5B197001010000%20TO%20200012312359%5D&sortBy=relevance&sortOrder=descending&start=0	2026-08-11T06:47:14Z	0	200	6	f4c430f024b3b1ceb9756c769190b0c80d11944a19d7785f2e321d26086c7141	KnightBusArxivPatternFoundry/0.1	MISS	1	NONE	NONE	https://info.arxiv.org/help/api/tou.html	2026-08-11	arxiv-reference/cache/g02/arxiv/QRY-013-PRE2001.datefilter-invalid.xml	FAILED
REQ-G02-0079	G02	QRY-013	QRY-013-2001_2010	arXiv	legacy_api_query_metadata_invalidated_date_filter_refetch	"(all:NodeSimilarity OR all:""node similarity"") AND (all:bipartite OR all:incidence OR all:postings OR all:""entity-feature"" OR all:""feature-to-entity"" OR all:""degree-band"" OR all:index OR all:cardinality OR all:bands OR all:""size-class"" OR all:""heavy-feature"" OR all:partitions OR all:""heavy-hitter"" OR all:feature OR all:buckets OR all:skew) AND (cat:cs.DS OR cat:cs.DB OR cat:cs.IR) AND NOT all:""generic vector embedding"" AND NOT all:""materialized pair clique"" AND NOT all:""application-only study"" AND submittedDate:[200101010000 TO 201012312359]"	max_results=15&search_query=%28all%3ANodeSimilarity%20OR%20all%3A%22node%20similarity%22%29%20AND%20%28all%3Abipartite%20OR%20all%3Aincidence%20OR%20all%3Apostings%20OR%20all%3A%22entity-feature%22%20OR%20all%3A%22feature-to-entity%22%20OR%20all%3A%22degree-band%22%20OR%20all%3Aindex%20OR%20all%3Acardinality%20OR%20all%3Abands%20OR%20all%3A%22size-class%22%20OR%20all%3A%22heavy-feature%22%20OR%20all%3Apartitions%20OR%20all%3A%22heavy-hitter%22%20OR%20all%3Afeature%20OR%20all%3Abuckets%20OR%20all%3Askew%29%20AND%20%28cat%3Acs.DS%20OR%20cat%3Acs.DB%20OR%20cat%3Acs.IR%29%20AND%20NOT%20all%3A%22generic%20vector%20embedding%22%20AND%20NOT%20all%3A%22materialized%20pair%20clique%22%20AND%20NOT%20all%3A%22application-only%20study%22%20AND%20submittedDate%3A%5B200101010000%20TO%20201012312359%5D&sortBy=relevance&sortOrder=descending&start=0	2026-08-11T06:47:19Z	0	200	6	ee0072cde258e570dd5f04c8ca1b585f454ba4de4298ed32f127a3c91d00545e	KnightBusArxivPatternFoundry/0.1	MISS	1	NONE	NONE	https://info.arxiv.org/help/api/tou.html	2026-08-11	arxiv-reference/cache/g02/arxiv/QRY-013-2001_2010.datefilter-invalid.xml	FAILED
REQ-G02-0080	G02	QRY-013	QRY-013-2011_2020	arXiv	legacy_api_query_metadata_invalidated_date_filter_not_retried_request_cap	"(all:NodeSimilarity OR all:""node similarity"") AND (all:bipartite OR all:incidence OR all:postings OR all:""entity-feature"" OR all:""feature-to-entity"" OR all:""degree-band"" OR all:index OR all:cardinality OR all:bands OR all:""size-class"" OR all:""heavy-feature"" OR all:partitions OR all:""heavy-hitter"" OR all:feature OR all:buckets OR all:skew) AND (cat:cs.DS OR cat:cs.DB OR cat:cs.IR) AND NOT all:""generic vector embedding"" AND NOT all:""materialized pair clique"" AND NOT all:""application-only study"" AND submittedDate:[201101010000 TO 202012312359]"	max_results=15&search_query=%28all%3ANodeSimilarity%20OR%20all%3A%22node%20similarity%22%29%20AND%20%28all%3Abipartite%20OR%20all%3Aincidence%20OR%20all%3Apostings%20OR%20all%3A%22entity-feature%22%20OR%20all%3A%22feature-to-entity%22%20OR%20all%3A%22degree-band%22%20OR%20all%3Aindex%20OR%20all%3Acardinality%20OR%20all%3Abands%20OR%20all%3A%22size-class%22%20OR%20all%3A%22heavy-feature%22%20OR%20all%3Apartitions%20OR%20all%3A%22heavy-hitter%22%20OR%20all%3Afeature%20OR%20all%3Abuckets%20OR%20all%3Askew%29%20AND%20%28cat%3Acs.DS%20OR%20cat%3Acs.DB%20OR%20cat%3Acs.IR%29%20AND%20NOT%20all%3A%22generic%20vector%20embedding%22%20AND%20NOT%20all%3A%22materialized%20pair%20clique%22%20AND%20NOT%20all%3A%22application-only%20study%22%20AND%20submittedDate%3A%5B201101010000%20TO%20202012312359%5D&sortBy=relevance&sortOrder=descending&start=0	2026-08-11T06:47:23Z	0	200	6	cb467e2ec9fa1de7ad1c10a6bc61f2af69e63a7bbc1e33aeb3be689ba8f3af7c	KnightBusArxivPatternFoundry/0.1	MISS	1	NONE	NONE	https://info.arxiv.org/help/api/tou.html	2026-08-11	arxiv-reference/cache/g02/arxiv/QRY-013-2011_2020.datefilter-invalid.xml	FAILED
REQ-G02-0081	G02	QRY-013	QRY-013-2021_CURRENT	arXiv	legacy_api_query_metadata_invalidated_date_filter_not_retried_request_cap	"(all:NodeSimilarity OR all:""node similarity"") AND (all:bipartite OR all:incidence OR all:postings OR all:""entity-feature"" OR all:""feature-to-entity"" OR all:""degree-band"" OR all:index OR all:cardinality OR all:bands OR all:""size-class"" OR all:""heavy-feature"" OR all:partitions OR all:""heavy-hitter"" OR all:feature OR all:buckets OR all:skew) AND (cat:cs.DS OR cat:cs.DB OR cat:cs.IR) AND NOT all:""generic vector embedding"" AND NOT all:""materialized pair clique"" AND NOT all:""application-only study"" AND submittedDate:[202101010000 TO 202608112359]"	max_results=15&search_query=%28all%3ANodeSimilarity%20OR%20all%3A%22node%20similarity%22%29%20AND%20%28all%3Abipartite%20OR%20all%3Aincidence%20OR%20all%3Apostings%20OR%20all%3A%22entity-feature%22%20OR%20all%3A%22feature-to-entity%22%20OR%20all%3A%22degree-band%22%20OR%20all%3Aindex%20OR%20all%3Acardinality%20OR%20all%3Abands%20OR%20all%3A%22size-class%22%20OR%20all%3A%22heavy-feature%22%20OR%20all%3Apartitions%20OR%20all%3A%22heavy-hitter%22%20OR%20all%3Afeature%20OR%20all%3Abuckets%20OR%20all%3Askew%29%20AND%20%28cat%3Acs.DS%20OR%20cat%3Acs.DB%20OR%20cat%3Acs.IR%29%20AND%20NOT%20all%3A%22generic%20vector%20embedding%22%20AND%20NOT%20all%3A%22materialized%20pair%20clique%22%20AND%20NOT%20all%3A%22application-only%20study%22%20AND%20submittedDate%3A%5B202101010000%20TO%20202608112359%5D&sortBy=relevance&sortOrder=descending&start=0	2026-08-11T06:47:27Z	0	200	6	e52fad54e6f1f7cf4df22364c71fd1d7b7311d5e19892babccb41c9dba4599dd	KnightBusArxivPatternFoundry/0.1	MISS	1	NONE	NONE	https://info.arxiv.org/help/api/tou.html	2026-08-11	arxiv-reference/cache/g02/arxiv/QRY-013-2021_CURRENT.datefilter-invalid.xml	FAILED
REQ-G02-0082	G02	QRY-014	QRY-014-ALL	arXiv	legacy_api_query_metadata	"(all:kNN OR all:""nearest neighbor"") AND (all:HNSW OR all:index OR all:hierarchical OR all:navigable OR all:small OR all:world OR all:layered OR all:proximity OR all:""IVF-PQ"" OR all:partitioned OR all:probes OR all:""inverted-file"" OR all:product OR all:quantization OR all:""coarse-list"" OR all:vector OR all:codes OR all:scalar OR all:""disk-resident"" OR all:ANN OR all:DiskANN OR all:Disk OR all:Vamana OR all:exact OR all:reranking OR all:landing OR all:candidate OR all:verification) AND (cat:cs.DS OR cat:cs.IR OR cat:cs.DB) AND NOT all:""kNN classifier"" AND NOT all:""exact-neighbor claim without recall"" AND NOT all:""GPU memory without host accounting"""	max_results=15&search_query=%28all%3AkNN%20OR%20all%3A%22nearest%20neighbor%22%29%20AND%20%28all%3AHNSW%20OR%20all%3Aindex%20OR%20all%3Ahierarchical%20OR%20all%3Anavigable%20OR%20all%3Asmall%20OR%20all%3Aworld%20OR%20all%3Alayered%20OR%20all%3Aproximity%20OR%20all%3A%22IVF-PQ%22%20OR%20all%3Apartitioned%20OR%20all%3Aprobes%20OR%20all%3A%22inverted-file%22%20OR%20all%3Aproduct%20OR%20all%3Aquantization%20OR%20all%3A%22coarse-list%22%20OR%20all%3Avector%20OR%20all%3Acodes%20OR%20all%3Ascalar%20OR%20all%3A%22disk-resident%22%20OR%20all%3AANN%20OR%20all%3ADiskANN%20OR%20all%3ADisk%20OR%20all%3AVamana%20OR%20all%3Aexact%20OR%20all%3Areranking%20OR%20all%3Alanding%20OR%20all%3Acandidate%20OR%20all%3Averification%29%20AND%20%28cat%3Acs.DS%20OR%20cat%3Acs.IR%20OR%20cat%3Acs.DB%29%20AND%20NOT%20all%3A%22kNN%20classifier%22%20AND%20NOT%20all%3A%22exact-neighbor%20claim%20without%20recall%22%20AND%20NOT%20all%3A%22GPU%20memory%20without%20host%20accounting%22&sortBy=relevance&sortOrder=descending&start=0	2026-08-11T06:47:31Z	0	200	15	567293ad528c423e6bc1f0c7097f9fd51c7bd2155239642fca234febabeb926c	KnightBusArxivPatternFoundry/0.1	MISS	1	NONE	NONE	https://info.arxiv.org/help/api/tou.html	2026-08-11	arxiv-reference/cache/g02/arxiv/QRY-014-ALL.xml	COMPLETE
REQ-G02-0083	G02	QRY-014	QRY-014-PRE2001	arXiv	legacy_api_query_metadata_invalidated_date_filter_refetch	"(all:kNN OR all:""nearest neighbor"") AND (all:HNSW OR all:index OR all:hierarchical OR all:navigable OR all:small OR all:world OR all:layered OR all:proximity OR all:""IVF-PQ"" OR all:partitioned OR all:probes OR all:""inverted-file"" OR all:product OR all:quantization OR all:""coarse-list"" OR all:vector OR all:codes OR all:scalar OR all:""disk-resident"" OR all:ANN OR all:DiskANN OR all:Disk OR all:Vamana OR all:exact OR all:reranking OR all:landing OR all:candidate OR all:verification) AND (cat:cs.DS OR cat:cs.IR OR cat:cs.DB) AND NOT all:""kNN classifier"" AND NOT all:""exact-neighbor claim without recall"" AND NOT all:""GPU memory without host accounting"" AND submittedDate:[197001010000 TO 200012312359]"	max_results=15&search_query=%28all%3AkNN%20OR%20all%3A%22nearest%20neighbor%22%29%20AND%20%28all%3AHNSW%20OR%20all%3Aindex%20OR%20all%3Ahierarchical%20OR%20all%3Anavigable%20OR%20all%3Asmall%20OR%20all%3Aworld%20OR%20all%3Alayered%20OR%20all%3Aproximity%20OR%20all%3A%22IVF-PQ%22%20OR%20all%3Apartitioned%20OR%20all%3Aprobes%20OR%20all%3A%22inverted-file%22%20OR%20all%3Aproduct%20OR%20all%3Aquantization%20OR%20all%3A%22coarse-list%22%20OR%20all%3Avector%20OR%20all%3Acodes%20OR%20all%3Ascalar%20OR%20all%3A%22disk-resident%22%20OR%20all%3AANN%20OR%20all%3ADiskANN%20OR%20all%3ADisk%20OR%20all%3AVamana%20OR%20all%3Aexact%20OR%20all%3Areranking%20OR%20all%3Alanding%20OR%20all%3Acandidate%20OR%20all%3Averification%29%20AND%20%28cat%3Acs.DS%20OR%20cat%3Acs.IR%20OR%20cat%3Acs.DB%29%20AND%20NOT%20all%3A%22kNN%20classifier%22%20AND%20NOT%20all%3A%22exact-neighbor%20claim%20without%20recall%22%20AND%20NOT%20all%3A%22GPU%20memory%20without%20host%20accounting%22%20AND%20submittedDate%3A%5B197001010000%20TO%20200012312359%5D&sortBy=relevance&sortOrder=descending&start=0	2026-08-11T06:47:36Z	0	200	15	a77f12df469f2480fbb34cf74c20a485cc7fc4c016691c177c2dec7e4f75917e	KnightBusArxivPatternFoundry/0.1	MISS	1	NONE	NONE	https://info.arxiv.org/help/api/tou.html	2026-08-11	arxiv-reference/cache/g02/arxiv/QRY-014-PRE2001.datefilter-invalid.xml	FAILED
REQ-G02-0084	G02	QRY-014	QRY-014-2001_2010	arXiv	legacy_api_query_metadata_invalidated_date_filter_refetch	"(all:kNN OR all:""nearest neighbor"") AND (all:HNSW OR all:index OR all:hierarchical OR all:navigable OR all:small OR all:world OR all:layered OR all:proximity OR all:""IVF-PQ"" OR all:partitioned OR all:probes OR all:""inverted-file"" OR all:product OR all:quantization OR all:""coarse-list"" OR all:vector OR all:codes OR all:scalar OR all:""disk-resident"" OR all:ANN OR all:DiskANN OR all:Disk OR all:Vamana OR all:exact OR all:reranking OR all:landing OR all:candidate OR all:verification) AND (cat:cs.DS OR cat:cs.IR OR cat:cs.DB) AND NOT all:""kNN classifier"" AND NOT all:""exact-neighbor claim without recall"" AND NOT all:""GPU memory without host accounting"" AND submittedDate:[200101010000 TO 201012312359]"	max_results=15&search_query=%28all%3AkNN%20OR%20all%3A%22nearest%20neighbor%22%29%20AND%20%28all%3AHNSW%20OR%20all%3Aindex%20OR%20all%3Ahierarchical%20OR%20all%3Anavigable%20OR%20all%3Asmall%20OR%20all%3Aworld%20OR%20all%3Alayered%20OR%20all%3Aproximity%20OR%20all%3A%22IVF-PQ%22%20OR%20all%3Apartitioned%20OR%20all%3Aprobes%20OR%20all%3A%22inverted-file%22%20OR%20all%3Aproduct%20OR%20all%3Aquantization%20OR%20all%3A%22coarse-list%22%20OR%20all%3Avector%20OR%20all%3Acodes%20OR%20all%3Ascalar%20OR%20all%3A%22disk-resident%22%20OR%20all%3AANN%20OR%20all%3ADiskANN%20OR%20all%3ADisk%20OR%20all%3AVamana%20OR%20all%3Aexact%20OR%20all%3Areranking%20OR%20all%3Alanding%20OR%20all%3Acandidate%20OR%20all%3Averification%29%20AND%20%28cat%3Acs.DS%20OR%20cat%3Acs.IR%20OR%20cat%3Acs.DB%29%20AND%20NOT%20all%3A%22kNN%20classifier%22%20AND%20NOT%20all%3A%22exact-neighbor%20claim%20without%20recall%22%20AND%20NOT%20all%3A%22GPU%20memory%20without%20host%20accounting%22%20AND%20submittedDate%3A%5B200101010000%20TO%20201012312359%5D&sortBy=relevance&sortOrder=descending&start=0	2026-08-11T06:47:41Z	0	200	15	9d95b92529e50ccb09f0b5de18f3217d56107649709cf26c36dcd5d368d6d20e	KnightBusArxivPatternFoundry/0.1	MISS	1	NONE	NONE	https://info.arxiv.org/help/api/tou.html	2026-08-11	arxiv-reference/cache/g02/arxiv/QRY-014-2001_2010.datefilter-invalid.xml	FAILED
REQ-G02-0085	G02	QRY-014	QRY-014-2011_2020	arXiv	legacy_api_query_metadata_invalidated_date_filter_not_retried_request_cap	"(all:kNN OR all:""nearest neighbor"") AND (all:HNSW OR all:index OR all:hierarchical OR all:navigable OR all:small OR all:world OR all:layered OR all:proximity OR all:""IVF-PQ"" OR all:partitioned OR all:probes OR all:""inverted-file"" OR all:product OR all:quantization OR all:""coarse-list"" OR all:vector OR all:codes OR all:scalar OR all:""disk-resident"" OR all:ANN OR all:DiskANN OR all:Disk OR all:Vamana OR all:exact OR all:reranking OR all:landing OR all:candidate OR all:verification) AND (cat:cs.DS OR cat:cs.IR OR cat:cs.DB) AND NOT all:""kNN classifier"" AND NOT all:""exact-neighbor claim without recall"" AND NOT all:""GPU memory without host accounting"" AND submittedDate:[201101010000 TO 202012312359]"	max_results=15&search_query=%28all%3AkNN%20OR%20all%3A%22nearest%20neighbor%22%29%20AND%20%28all%3AHNSW%20OR%20all%3Aindex%20OR%20all%3Ahierarchical%20OR%20all%3Anavigable%20OR%20all%3Asmall%20OR%20all%3Aworld%20OR%20all%3Alayered%20OR%20all%3Aproximity%20OR%20all%3A%22IVF-PQ%22%20OR%20all%3Apartitioned%20OR%20all%3Aprobes%20OR%20all%3A%22inverted-file%22%20OR%20all%3Aproduct%20OR%20all%3Aquantization%20OR%20all%3A%22coarse-list%22%20OR%20all%3Avector%20OR%20all%3Acodes%20OR%20all%3Ascalar%20OR%20all%3A%22disk-resident%22%20OR%20all%3AANN%20OR%20all%3ADiskANN%20OR%20all%3ADisk%20OR%20all%3AVamana%20OR%20all%3Aexact%20OR%20all%3Areranking%20OR%20all%3Alanding%20OR%20all%3Acandidate%20OR%20all%3Averification%29%20AND%20%28cat%3Acs.DS%20OR%20cat%3Acs.IR%20OR%20cat%3Acs.DB%29%20AND%20NOT%20all%3A%22kNN%20classifier%22%20AND%20NOT%20all%3A%22exact-neighbor%20claim%20without%20recall%22%20AND%20NOT%20all%3A%22GPU%20memory%20without%20host%20accounting%22%20AND%20submittedDate%3A%5B201101010000%20TO%20202012312359%5D&sortBy=relevance&sortOrder=descending&start=0	2026-08-11T06:47:47Z	0	200	15	6e8472c4e3c95ad2b44b3b48c3813f44d32dcfffc4b020d4e7eea56e4250dad2	KnightBusArxivPatternFoundry/0.1	MISS	1	NONE	NONE	https://info.arxiv.org/help/api/tou.html	2026-08-11	arxiv-reference/cache/g02/arxiv/QRY-014-2011_2020.datefilter-invalid.xml	FAILED
REQ-G02-0086	G02	QRY-014	QRY-014-2021_CURRENT	arXiv	legacy_api_query_metadata_invalidated_date_filter_not_retried_request_cap	"(all:kNN OR all:""nearest neighbor"") AND (all:HNSW OR all:index OR all:hierarchical OR all:navigable OR all:small OR all:world OR all:layered OR all:proximity OR all:""IVF-PQ"" OR all:partitioned OR all:probes OR all:""inverted-file"" OR all:product OR all:quantization OR all:""coarse-list"" OR all:vector OR all:codes OR all:scalar OR all:""disk-resident"" OR all:ANN OR all:DiskANN OR all:Disk OR all:Vamana OR all:exact OR all:reranking OR all:landing OR all:candidate OR all:verification) AND (cat:cs.DS OR cat:cs.IR OR cat:cs.DB) AND NOT all:""kNN classifier"" AND NOT all:""exact-neighbor claim without recall"" AND NOT all:""GPU memory without host accounting"" AND submittedDate:[202101010000 TO 202608112359]"	max_results=15&search_query=%28all%3AkNN%20OR%20all%3A%22nearest%20neighbor%22%29%20AND%20%28all%3AHNSW%20OR%20all%3Aindex%20OR%20all%3Ahierarchical%20OR%20all%3Anavigable%20OR%20all%3Asmall%20OR%20all%3Aworld%20OR%20all%3Alayered%20OR%20all%3Aproximity%20OR%20all%3A%22IVF-PQ%22%20OR%20all%3Apartitioned%20OR%20all%3Aprobes%20OR%20all%3A%22inverted-file%22%20OR%20all%3Aproduct%20OR%20all%3Aquantization%20OR%20all%3A%22coarse-list%22%20OR%20all%3Avector%20OR%20all%3Acodes%20OR%20all%3Ascalar%20OR%20all%3A%22disk-resident%22%20OR%20all%3AANN%20OR%20all%3ADiskANN%20OR%20all%3ADisk%20OR%20all%3AVamana%20OR%20all%3Aexact%20OR%20all%3Areranking%20OR%20all%3Alanding%20OR%20all%3Acandidate%20OR%20all%3Averification%29%20AND%20%28cat%3Acs.DS%20OR%20cat%3Acs.IR%20OR%20cat%3Acs.DB%29%20AND%20NOT%20all%3A%22kNN%20classifier%22%20AND%20NOT%20all%3A%22exact-neighbor%20claim%20without%20recall%22%20AND%20NOT%20all%3A%22GPU%20memory%20without%20host%20accounting%22%20AND%20submittedDate%3A%5B202101010000%20TO%20202608112359%5D&sortBy=relevance&sortOrder=descending&start=0	2026-08-11T06:47:52Z	0	200	15	5db7ed98814828f6410de8562fa97e53f3924ec835c327cf05a37eb7b352c4b7	KnightBusArxivPatternFoundry/0.1	MISS	1	NONE	NONE	https://info.arxiv.org/help/api/tou.html	2026-08-11	arxiv-reference/cache/g02/arxiv/QRY-014-2021_CURRENT.datefilter-invalid.xml	FAILED
REQ-G02-0087	G02	QRY-015	QRY-015-ALL	arXiv	legacy_api_query_metadata	"(all:BFS OR all:""breadth-first search"" OR all:""bounded reachability"") AND (all:""external-memory"" OR all:processing OR all:""out-of-core"" OR all:""semi-external"" OR all:""strict-RAM"" OR all:streamed OR all:""hard-cap"" OR all:execution OR all:""bounded-memory"" OR all:lane OR all:fit OR all:spill OR all:approximate OR all:refuse OR all:""four-way"" OR all:admission OR all:alternatives OR all:hard OR all:cgroup OR all:RSS OR all:ceiling OR all:process OR all:memory OR all:quota OR all:enforced OR all:limit OR all:""full-working-set"" OR all:estimate OR all:complete OR all:model OR all:resource OR all:envelope) AND (cat:cs.DS OR cat:cs.OS OR cat:cs.DC) AND NOT all:""OOM retry"" AND NOT all:""heap estimate only"" AND NOT all:""distributed capacity provisioning"""	max_results=15&search_query=%28all%3ABFS%20OR%20all%3A%22breadth-first%20search%22%20OR%20all%3A%22bounded%20reachability%22%29%20AND%20%28all%3A%22external-memory%22%20OR%20all%3Aprocessing%20OR%20all%3A%22out-of-core%22%20OR%20all%3A%22semi-external%22%20OR%20all%3A%22strict-RAM%22%20OR%20all%3Astreamed%20OR%20all%3A%22hard-cap%22%20OR%20all%3Aexecution%20OR%20all%3A%22bounded-memory%22%20OR%20all%3Alane%20OR%20all%3Afit%20OR%20all%3Aspill%20OR%20all%3Aapproximate%20OR%20all%3Arefuse%20OR%20all%3A%22four-way%22%20OR%20all%3Aadmission%20OR%20all%3Aalternatives%20OR%20all%3Ahard%20OR%20all%3Acgroup%20OR%20all%3ARSS%20OR%20all%3Aceiling%20OR%20all%3Aprocess%20OR%20all%3Amemory%20OR%20all%3Aquota%20OR%20all%3Aenforced%20OR%20all%3Alimit%20OR%20all%3A%22full-working-set%22%20OR%20all%3Aestimate%20OR%20all%3Acomplete%20OR%20all%3Amodel%20OR%20all%3Aresource%20OR%20all%3Aenvelope%29%20AND%20%28cat%3Acs.DS%20OR%20cat%3Acs.OS%20OR%20cat%3Acs.DC%29%20AND%20NOT%20all%3A%22OOM%20retry%22%20AND%20NOT%20all%3A%22heap%20estimate%20only%22%20AND%20NOT%20all%3A%22distributed%20capacity%20provisioning%22&sortBy=relevance&sortOrder=descending&start=0	2026-08-11T06:47:57Z	0	200	15	bc067fe38af5a725239dfcc9a8c995bc26fef05aea9708d20cf00a27a9f250c8	KnightBusArxivPatternFoundry/0.1	MISS	1	NONE	NONE	https://info.arxiv.org/help/api/tou.html	2026-08-11	arxiv-reference/cache/g02/arxiv/QRY-015-ALL.xml	COMPLETE
REQ-G02-0088	G02	QRY-015	QRY-015-PRE2001	arXiv	legacy_api_query_metadata_invalidated_date_filter_refetch	"(all:BFS OR all:""breadth-first search"" OR all:""bounded reachability"") AND (all:""external-memory"" OR all:processing OR all:""out-of-core"" OR all:""semi-external"" OR all:""strict-RAM"" OR all:streamed OR all:""hard-cap"" OR all:execution OR all:""bounded-memory"" OR all:lane OR all:fit OR all:spill OR all:approximate OR all:refuse OR all:""four-way"" OR all:admission OR all:alternatives OR all:hard OR all:cgroup OR all:RSS OR all:ceiling OR all:process OR all:memory OR all:quota OR all:enforced OR all:limit OR all:""full-working-set"" OR all:estimate OR all:complete OR all:model OR all:resource OR all:envelope) AND (cat:cs.DS OR cat:cs.OS OR cat:cs.DC) AND NOT all:""OOM retry"" AND NOT all:""heap estimate only"" AND NOT all:""distributed capacity provisioning"" AND submittedDate:[197001010000 TO 200012312359]"	max_results=15&search_query=%28all%3ABFS%20OR%20all%3A%22breadth-first%20search%22%20OR%20all%3A%22bounded%20reachability%22%29%20AND%20%28all%3A%22external-memory%22%20OR%20all%3Aprocessing%20OR%20all%3A%22out-of-core%22%20OR%20all%3A%22semi-external%22%20OR%20all%3A%22strict-RAM%22%20OR%20all%3Astreamed%20OR%20all%3A%22hard-cap%22%20OR%20all%3Aexecution%20OR%20all%3A%22bounded-memory%22%20OR%20all%3Alane%20OR%20all%3Afit%20OR%20all%3Aspill%20OR%20all%3Aapproximate%20OR%20all%3Arefuse%20OR%20all%3A%22four-way%22%20OR%20all%3Aadmission%20OR%20all%3Aalternatives%20OR%20all%3Ahard%20OR%20all%3Acgroup%20OR%20all%3ARSS%20OR%20all%3Aceiling%20OR%20all%3Aprocess%20OR%20all%3Amemory%20OR%20all%3Aquota%20OR%20all%3Aenforced%20OR%20all%3Alimit%20OR%20all%3A%22full-working-set%22%20OR%20all%3Aestimate%20OR%20all%3Acomplete%20OR%20all%3Amodel%20OR%20all%3Aresource%20OR%20all%3Aenvelope%29%20AND%20%28cat%3Acs.DS%20OR%20cat%3Acs.OS%20OR%20cat%3Acs.DC%29%20AND%20NOT%20all%3A%22OOM%20retry%22%20AND%20NOT%20all%3A%22heap%20estimate%20only%22%20AND%20NOT%20all%3A%22distributed%20capacity%20provisioning%22%20AND%20submittedDate%3A%5B197001010000%20TO%20200012312359%5D&sortBy=relevance&sortOrder=descending&start=0	2026-08-11T06:48:01Z	0	200	15	9eac7c4cd81e1a91d00e064322edc67cbd7759f65b233f6f64247306ecf3010f	KnightBusArxivPatternFoundry/0.1	MISS	1	NONE	NONE	https://info.arxiv.org/help/api/tou.html	2026-08-11	arxiv-reference/cache/g02/arxiv/QRY-015-PRE2001.datefilter-invalid.xml	FAILED
REQ-G02-0089	G02	QRY-015	QRY-015-2001_2010	arXiv	legacy_api_query_metadata_invalidated_date_filter_refetch	"(all:BFS OR all:""breadth-first search"" OR all:""bounded reachability"") AND (all:""external-memory"" OR all:processing OR all:""out-of-core"" OR all:""semi-external"" OR all:""strict-RAM"" OR all:streamed OR all:""hard-cap"" OR all:execution OR all:""bounded-memory"" OR all:lane OR all:fit OR all:spill OR all:approximate OR all:refuse OR all:""four-way"" OR all:admission OR all:alternatives OR all:hard OR all:cgroup OR all:RSS OR all:ceiling OR all:process OR all:memory OR all:quota OR all:enforced OR all:limit OR all:""full-working-set"" OR all:estimate OR all:complete OR all:model OR all:resource OR all:envelope) AND (cat:cs.DS OR cat:cs.OS OR cat:cs.DC) AND NOT all:""OOM retry"" AND NOT all:""heap estimate only"" AND NOT all:""distributed capacity provisioning"" AND submittedDate:[200101010000 TO 201012312359]"	max_results=15&search_query=%28all%3ABFS%20OR%20all%3A%22breadth-first%20search%22%20OR%20all%3A%22bounded%20reachability%22%29%20AND%20%28all%3A%22external-memory%22%20OR%20all%3Aprocessing%20OR%20all%3A%22out-of-core%22%20OR%20all%3A%22semi-external%22%20OR%20all%3A%22strict-RAM%22%20OR%20all%3Astreamed%20OR%20all%3A%22hard-cap%22%20OR%20all%3Aexecution%20OR%20all%3A%22bounded-memory%22%20OR%20all%3Alane%20OR%20all%3Afit%20OR%20all%3Aspill%20OR%20all%3Aapproximate%20OR%20all%3Arefuse%20OR%20all%3A%22four-way%22%20OR%20all%3Aadmission%20OR%20all%3Aalternatives%20OR%20all%3Ahard%20OR%20all%3Acgroup%20OR%20all%3ARSS%20OR%20all%3Aceiling%20OR%20all%3Aprocess%20OR%20all%3Amemory%20OR%20all%3Aquota%20OR%20all%3Aenforced%20OR%20all%3Alimit%20OR%20all%3A%22full-working-set%22%20OR%20all%3Aestimate%20OR%20all%3Acomplete%20OR%20all%3Amodel%20OR%20all%3Aresource%20OR%20all%3Aenvelope%29%20AND%20%28cat%3Acs.DS%20OR%20cat%3Acs.OS%20OR%20cat%3Acs.DC%29%20AND%20NOT%20all%3A%22OOM%20retry%22%20AND%20NOT%20all%3A%22heap%20estimate%20only%22%20AND%20NOT%20all%3A%22distributed%20capacity%20provisioning%22%20AND%20submittedDate%3A%5B200101010000%20TO%20201012312359%5D&sortBy=relevance&sortOrder=descending&start=0	2026-08-11T06:48:06Z	0	200	15	b74ed64ab858275c318e255e6018e985e911264196305bbf9dc84d42f08772e2	KnightBusArxivPatternFoundry/0.1	MISS	1	NONE	NONE	https://info.arxiv.org/help/api/tou.html	2026-08-11	arxiv-reference/cache/g02/arxiv/QRY-015-2001_2010.datefilter-invalid.xml	FAILED
REQ-G02-0090	G02	QRY-015	QRY-015-2011_2020	arXiv	legacy_api_query_metadata_invalidated_date_filter_not_retried_request_cap	"(all:BFS OR all:""breadth-first search"" OR all:""bounded reachability"") AND (all:""external-memory"" OR all:processing OR all:""out-of-core"" OR all:""semi-external"" OR all:""strict-RAM"" OR all:streamed OR all:""hard-cap"" OR all:execution OR all:""bounded-memory"" OR all:lane OR all:fit OR all:spill OR all:approximate OR all:refuse OR all:""four-way"" OR all:admission OR all:alternatives OR all:hard OR all:cgroup OR all:RSS OR all:ceiling OR all:process OR all:memory OR all:quota OR all:enforced OR all:limit OR all:""full-working-set"" OR all:estimate OR all:complete OR all:model OR all:resource OR all:envelope) AND (cat:cs.DS OR cat:cs.OS OR cat:cs.DC) AND NOT all:""OOM retry"" AND NOT all:""heap estimate only"" AND NOT all:""distributed capacity provisioning"" AND submittedDate:[201101010000 TO 202012312359]"	max_results=15&search_query=%28all%3ABFS%20OR%20all%3A%22breadth-first%20search%22%20OR%20all%3A%22bounded%20reachability%22%29%20AND%20%28all%3A%22external-memory%22%20OR%20all%3Aprocessing%20OR%20all%3A%22out-of-core%22%20OR%20all%3A%22semi-external%22%20OR%20all%3A%22strict-RAM%22%20OR%20all%3Astreamed%20OR%20all%3A%22hard-cap%22%20OR%20all%3Aexecution%20OR%20all%3A%22bounded-memory%22%20OR%20all%3Alane%20OR%20all%3Afit%20OR%20all%3Aspill%20OR%20all%3Aapproximate%20OR%20all%3Arefuse%20OR%20all%3A%22four-way%22%20OR%20all%3Aadmission%20OR%20all%3Aalternatives%20OR%20all%3Ahard%20OR%20all%3Acgroup%20OR%20all%3ARSS%20OR%20all%3Aceiling%20OR%20all%3Aprocess%20OR%20all%3Amemory%20OR%20all%3Aquota%20OR%20all%3Aenforced%20OR%20all%3Alimit%20OR%20all%3A%22full-working-set%22%20OR%20all%3Aestimate%20OR%20all%3Acomplete%20OR%20all%3Amodel%20OR%20all%3Aresource%20OR%20all%3Aenvelope%29%20AND%20%28cat%3Acs.DS%20OR%20cat%3Acs.OS%20OR%20cat%3Acs.DC%29%20AND%20NOT%20all%3A%22OOM%20retry%22%20AND%20NOT%20all%3A%22heap%20estimate%20only%22%20AND%20NOT%20all%3A%22distributed%20capacity%20provisioning%22%20AND%20submittedDate%3A%5B201101010000%20TO%20202012312359%5D&sortBy=relevance&sortOrder=descending&start=0	2026-08-11T06:48:11Z	0	200	15	1f054d5eaf4062dcac8584bef4bb4415a9daf06b1a63e28bd0ba44459c6e260c	KnightBusArxivPatternFoundry/0.1	MISS	1	NONE	NONE	https://info.arxiv.org/help/api/tou.html	2026-08-11	arxiv-reference/cache/g02/arxiv/QRY-015-2011_2020.datefilter-invalid.xml	FAILED
REQ-G02-0091	G02	QRY-015	QRY-015-2021_CURRENT	arXiv	legacy_api_query_metadata_invalidated_date_filter_not_retried_request_cap	"(all:BFS OR all:""breadth-first search"" OR all:""bounded reachability"") AND (all:""external-memory"" OR all:processing OR all:""out-of-core"" OR all:""semi-external"" OR all:""strict-RAM"" OR all:streamed OR all:""hard-cap"" OR all:execution OR all:""bounded-memory"" OR all:lane OR all:fit OR all:spill OR all:approximate OR all:refuse OR all:""four-way"" OR all:admission OR all:alternatives OR all:hard OR all:cgroup OR all:RSS OR all:ceiling OR all:process OR all:memory OR all:quota OR all:enforced OR all:limit OR all:""full-working-set"" OR all:estimate OR all:complete OR all:model OR all:resource OR all:envelope) AND (cat:cs.DS OR cat:cs.OS OR cat:cs.DC) AND NOT all:""OOM retry"" AND NOT all:""heap estimate only"" AND NOT all:""distributed capacity provisioning"" AND submittedDate:[202101010000 TO 202608112359]"	max_results=15&search_query=%28all%3ABFS%20OR%20all%3A%22breadth-first%20search%22%20OR%20all%3A%22bounded%20reachability%22%29%20AND%20%28all%3A%22external-memory%22%20OR%20all%3Aprocessing%20OR%20all%3A%22out-of-core%22%20OR%20all%3A%22semi-external%22%20OR%20all%3A%22strict-RAM%22%20OR%20all%3Astreamed%20OR%20all%3A%22hard-cap%22%20OR%20all%3Aexecution%20OR%20all%3A%22bounded-memory%22%20OR%20all%3Alane%20OR%20all%3Afit%20OR%20all%3Aspill%20OR%20all%3Aapproximate%20OR%20all%3Arefuse%20OR%20all%3A%22four-way%22%20OR%20all%3Aadmission%20OR%20all%3Aalternatives%20OR%20all%3Ahard%20OR%20all%3Acgroup%20OR%20all%3ARSS%20OR%20all%3Aceiling%20OR%20all%3Aprocess%20OR%20all%3Amemory%20OR%20all%3Aquota%20OR%20all%3Aenforced%20OR%20all%3Alimit%20OR%20all%3A%22full-working-set%22%20OR%20all%3Aestimate%20OR%20all%3Acomplete%20OR%20all%3Amodel%20OR%20all%3Aresource%20OR%20all%3Aenvelope%29%20AND%20%28cat%3Acs.DS%20OR%20cat%3Acs.OS%20OR%20cat%3Acs.DC%29%20AND%20NOT%20all%3A%22OOM%20retry%22%20AND%20NOT%20all%3A%22heap%20estimate%20only%22%20AND%20NOT%20all%3A%22distributed%20capacity%20provisioning%22%20AND%20submittedDate%3A%5B202101010000%20TO%20202608112359%5D&sortBy=relevance&sortOrder=descending&start=0	2026-08-11T06:48:16Z	0	200	15	7342f70f266db15d1b466d81c899fa92581bb6e60feaf4bf8d87aceb65c45ede	KnightBusArxivPatternFoundry/0.1	MISS	1	NONE	NONE	https://info.arxiv.org/help/api/tou.html	2026-08-11	arxiv-reference/cache/g02/arxiv/QRY-015-2021_CURRENT.datefilter-invalid.xml	FAILED
REQ-G02-0092	G02	QRY-016	QRY-016-ALL	arXiv	legacy_api_query_metadata	"(all:WCC OR all:""connected components"") AND (all:fixed OR all:buffer OR all:pool OR all:preallocated OR all:buffers OR all:capsule OR all:bounded OR all:merge OR all:""fan-in"" OR all:""multi-pass"" OR all:""k-way"" OR all:limited OR all:run OR all:merger OR all:spill OR all:receipt OR all:""temporary-storage"" OR all:""bytes-written"" OR all:proof OR all:admission OR all:overshoot OR all:bound OR all:ceiling OR all:violation OR all:tolerance OR all:enforcement OR all:slack) AND (cat:cs.DS OR cat:cs.OS OR cat:cs.DB) AND NOT all:""operating-system swap"" AND NOT all:""unbounded k-way merge"" AND NOT all:""average memory only"""	max_results=15&search_query=%28all%3AWCC%20OR%20all%3A%22connected%20components%22%29%20AND%20%28all%3Afixed%20OR%20all%3Abuffer%20OR%20all%3Apool%20OR%20all%3Apreallocated%20OR%20all%3Abuffers%20OR%20all%3Acapsule%20OR%20all%3Abounded%20OR%20all%3Amerge%20OR%20all%3A%22fan-in%22%20OR%20all%3A%22multi-pass%22%20OR%20all%3A%22k-way%22%20OR%20all%3Alimited%20OR%20all%3Arun%20OR%20all%3Amerger%20OR%20all%3Aspill%20OR%20all%3Areceipt%20OR%20all%3A%22temporary-storage%22%20OR%20all%3A%22bytes-written%22%20OR%20all%3Aproof%20OR%20all%3Aadmission%20OR%20all%3Aovershoot%20OR%20all%3Abound%20OR%20all%3Aceiling%20OR%20all%3Aviolation%20OR%20all%3Atolerance%20OR%20all%3Aenforcement%20OR%20all%3Aslack%29%20AND%20%28cat%3Acs.DS%20OR%20cat%3Acs.OS%20OR%20cat%3Acs.DB%29%20AND%20NOT%20all%3A%22operating-system%20swap%22%20AND%20NOT%20all%3A%22unbounded%20k-way%20merge%22%20AND%20NOT%20all%3A%22average%20memory%20only%22&sortBy=relevance&sortOrder=descending&start=0	2026-08-11T06:48:21Z	0	200	15	b2ed92d2f203469cdd57dd1a302b35dd9c362456ab410a49d832a149c3847078	KnightBusArxivPatternFoundry/0.1	MISS	1	NONE	NONE	https://info.arxiv.org/help/api/tou.html	2026-08-11	arxiv-reference/cache/g02/arxiv/QRY-016-ALL.xml	COMPLETE
REQ-G02-0093	G02	QRY-016	QRY-016-PRE2001	arXiv	legacy_api_query_metadata_invalidated_date_filter_refetch	"(all:WCC OR all:""connected components"") AND (all:fixed OR all:buffer OR all:pool OR all:preallocated OR all:buffers OR all:capsule OR all:bounded OR all:merge OR all:""fan-in"" OR all:""multi-pass"" OR all:""k-way"" OR all:limited OR all:run OR all:merger OR all:spill OR all:receipt OR all:""temporary-storage"" OR all:""bytes-written"" OR all:proof OR all:admission OR all:overshoot OR all:bound OR all:ceiling OR all:violation OR all:tolerance OR all:enforcement OR all:slack) AND (cat:cs.DS OR cat:cs.OS OR cat:cs.DB) AND NOT all:""operating-system swap"" AND NOT all:""unbounded k-way merge"" AND NOT all:""average memory only"" AND submittedDate:[197001010000 TO 200012312359]"	max_results=15&search_query=%28all%3AWCC%20OR%20all%3A%22connected%20components%22%29%20AND%20%28all%3Afixed%20OR%20all%3Abuffer%20OR%20all%3Apool%20OR%20all%3Apreallocated%20OR%20all%3Abuffers%20OR%20all%3Acapsule%20OR%20all%3Abounded%20OR%20all%3Amerge%20OR%20all%3A%22fan-in%22%20OR%20all%3A%22multi-pass%22%20OR%20all%3A%22k-way%22%20OR%20all%3Alimited%20OR%20all%3Arun%20OR%20all%3Amerger%20OR%20all%3Aspill%20OR%20all%3Areceipt%20OR%20all%3A%22temporary-storage%22%20OR%20all%3A%22bytes-written%22%20OR%20all%3Aproof%20OR%20all%3Aadmission%20OR%20all%3Aovershoot%20OR%20all%3Abound%20OR%20all%3Aceiling%20OR%20all%3Aviolation%20OR%20all%3Atolerance%20OR%20all%3Aenforcement%20OR%20all%3Aslack%29%20AND%20%28cat%3Acs.DS%20OR%20cat%3Acs.OS%20OR%20cat%3Acs.DB%29%20AND%20NOT%20all%3A%22operating-system%20swap%22%20AND%20NOT%20all%3A%22unbounded%20k-way%20merge%22%20AND%20NOT%20all%3A%22average%20memory%20only%22%20AND%20submittedDate%3A%5B197001010000%20TO%20200012312359%5D&sortBy=relevance&sortOrder=descending&start=0	2026-08-11T06:48:25Z	0	200	15	60e2a1181856c8198a13a65ea5af2d07905a816ab4adb887a7c2f0e6520e4efb	KnightBusArxivPatternFoundry/0.1	MISS	1	NONE	NONE	https://info.arxiv.org/help/api/tou.html	2026-08-11	arxiv-reference/cache/g02/arxiv/QRY-016-PRE2001.datefilter-invalid.xml	FAILED
REQ-G02-0094	G02	QRY-016	QRY-016-2001_2010	arXiv	legacy_api_query_metadata_invalidated_date_filter_refetch	"(all:WCC OR all:""connected components"") AND (all:fixed OR all:buffer OR all:pool OR all:preallocated OR all:buffers OR all:capsule OR all:bounded OR all:merge OR all:""fan-in"" OR all:""multi-pass"" OR all:""k-way"" OR all:limited OR all:run OR all:merger OR all:spill OR all:receipt OR all:""temporary-storage"" OR all:""bytes-written"" OR all:proof OR all:admission OR all:overshoot OR all:bound OR all:ceiling OR all:violation OR all:tolerance OR all:enforcement OR all:slack) AND (cat:cs.DS OR cat:cs.OS OR cat:cs.DB) AND NOT all:""operating-system swap"" AND NOT all:""unbounded k-way merge"" AND NOT all:""average memory only"" AND submittedDate:[200101010000 TO 201012312359]"	max_results=15&search_query=%28all%3AWCC%20OR%20all%3A%22connected%20components%22%29%20AND%20%28all%3Afixed%20OR%20all%3Abuffer%20OR%20all%3Apool%20OR%20all%3Apreallocated%20OR%20all%3Abuffers%20OR%20all%3Acapsule%20OR%20all%3Abounded%20OR%20all%3Amerge%20OR%20all%3A%22fan-in%22%20OR%20all%3A%22multi-pass%22%20OR%20all%3A%22k-way%22%20OR%20all%3Alimited%20OR%20all%3Arun%20OR%20all%3Amerger%20OR%20all%3Aspill%20OR%20all%3Areceipt%20OR%20all%3A%22temporary-storage%22%20OR%20all%3A%22bytes-written%22%20OR%20all%3Aproof%20OR%20all%3Aadmission%20OR%20all%3Aovershoot%20OR%20all%3Abound%20OR%20all%3Aceiling%20OR%20all%3Aviolation%20OR%20all%3Atolerance%20OR%20all%3Aenforcement%20OR%20all%3Aslack%29%20AND%20%28cat%3Acs.DS%20OR%20cat%3Acs.OS%20OR%20cat%3Acs.DB%29%20AND%20NOT%20all%3A%22operating-system%20swap%22%20AND%20NOT%20all%3A%22unbounded%20k-way%20merge%22%20AND%20NOT%20all%3A%22average%20memory%20only%22%20AND%20submittedDate%3A%5B200101010000%20TO%20201012312359%5D&sortBy=relevance&sortOrder=descending&start=0	2026-08-11T06:48:30Z	0	200	15	70ae65b140ee58e081b8a37f2805f34601b9c1f1a9004bec211037054dd201a1	KnightBusArxivPatternFoundry/0.1	MISS	1	NONE	NONE	https://info.arxiv.org/help/api/tou.html	2026-08-11	arxiv-reference/cache/g02/arxiv/QRY-016-2001_2010.datefilter-invalid.xml	FAILED
REQ-G02-0095	G02	QRY-016	QRY-016-2011_2020	arXiv	legacy_api_query_metadata_invalidated_date_filter_not_retried_request_cap	"(all:WCC OR all:""connected components"") AND (all:fixed OR all:buffer OR all:pool OR all:preallocated OR all:buffers OR all:capsule OR all:bounded OR all:merge OR all:""fan-in"" OR all:""multi-pass"" OR all:""k-way"" OR all:limited OR all:run OR all:merger OR all:spill OR all:receipt OR all:""temporary-storage"" OR all:""bytes-written"" OR all:proof OR all:admission OR all:overshoot OR all:bound OR all:ceiling OR all:violation OR all:tolerance OR all:enforcement OR all:slack) AND (cat:cs.DS OR cat:cs.OS OR cat:cs.DB) AND NOT all:""operating-system swap"" AND NOT all:""unbounded k-way merge"" AND NOT all:""average memory only"" AND submittedDate:[201101010000 TO 202012312359]"	max_results=15&search_query=%28all%3AWCC%20OR%20all%3A%22connected%20components%22%29%20AND%20%28all%3Afixed%20OR%20all%3Abuffer%20OR%20all%3Apool%20OR%20all%3Apreallocated%20OR%20all%3Abuffers%20OR%20all%3Acapsule%20OR%20all%3Abounded%20OR%20all%3Amerge%20OR%20all%3A%22fan-in%22%20OR%20all%3A%22multi-pass%22%20OR%20all%3A%22k-way%22%20OR%20all%3Alimited%20OR%20all%3Arun%20OR%20all%3Amerger%20OR%20all%3Aspill%20OR%20all%3Areceipt%20OR%20all%3A%22temporary-storage%22%20OR%20all%3A%22bytes-written%22%20OR%20all%3Aproof%20OR%20all%3Aadmission%20OR%20all%3Aovershoot%20OR%20all%3Abound%20OR%20all%3Aceiling%20OR%20all%3Aviolation%20OR%20all%3Atolerance%20OR%20all%3Aenforcement%20OR%20all%3Aslack%29%20AND%20%28cat%3Acs.DS%20OR%20cat%3Acs.OS%20OR%20cat%3Acs.DB%29%20AND%20NOT%20all%3A%22operating-system%20swap%22%20AND%20NOT%20all%3A%22unbounded%20k-way%20merge%22%20AND%20NOT%20all%3A%22average%20memory%20only%22%20AND%20submittedDate%3A%5B201101010000%20TO%20202012312359%5D&sortBy=relevance&sortOrder=descending&start=0	2026-08-11T06:48:35Z	0	200	15	6553d4734b9b02983444485f4c1f4016c035ed1ce0111c9c275c2d901618a97b	KnightBusArxivPatternFoundry/0.1	MISS	1	NONE	NONE	https://info.arxiv.org/help/api/tou.html	2026-08-11	arxiv-reference/cache/g02/arxiv/QRY-016-2011_2020.datefilter-invalid.xml	FAILED
REQ-G02-0096	G02	QRY-016	QRY-016-2021_CURRENT	arXiv	legacy_api_query_metadata_invalidated_date_filter_not_retried_request_cap	"(all:WCC OR all:""connected components"") AND (all:fixed OR all:buffer OR all:pool OR all:preallocated OR all:buffers OR all:capsule OR all:bounded OR all:merge OR all:""fan-in"" OR all:""multi-pass"" OR all:""k-way"" OR all:limited OR all:run OR all:merger OR all:spill OR all:receipt OR all:""temporary-storage"" OR all:""bytes-written"" OR all:proof OR all:admission OR all:overshoot OR all:bound OR all:ceiling OR all:violation OR all:tolerance OR all:enforcement OR all:slack) AND (cat:cs.DS OR cat:cs.OS OR cat:cs.DB) AND NOT all:""operating-system swap"" AND NOT all:""unbounded k-way merge"" AND NOT all:""average memory only"" AND submittedDate:[202101010000 TO 202608112359]"	max_results=15&search_query=%28all%3AWCC%20OR%20all%3A%22connected%20components%22%29%20AND%20%28all%3Afixed%20OR%20all%3Abuffer%20OR%20all%3Apool%20OR%20all%3Apreallocated%20OR%20all%3Abuffers%20OR%20all%3Acapsule%20OR%20all%3Abounded%20OR%20all%3Amerge%20OR%20all%3A%22fan-in%22%20OR%20all%3A%22multi-pass%22%20OR%20all%3A%22k-way%22%20OR%20all%3Alimited%20OR%20all%3Arun%20OR%20all%3Amerger%20OR%20all%3Aspill%20OR%20all%3Areceipt%20OR%20all%3A%22temporary-storage%22%20OR%20all%3A%22bytes-written%22%20OR%20all%3Aproof%20OR%20all%3Aadmission%20OR%20all%3Aovershoot%20OR%20all%3Abound%20OR%20all%3Aceiling%20OR%20all%3Aviolation%20OR%20all%3Atolerance%20OR%20all%3Aenforcement%20OR%20all%3Aslack%29%20AND%20%28cat%3Acs.DS%20OR%20cat%3Acs.OS%20OR%20cat%3Acs.DB%29%20AND%20NOT%20all%3A%22operating-system%20swap%22%20AND%20NOT%20all%3A%22unbounded%20k-way%20merge%22%20AND%20NOT%20all%3A%22average%20memory%20only%22%20AND%20submittedDate%3A%5B202101010000%20TO%20202608112359%5D&sortBy=relevance&sortOrder=descending&start=0	2026-08-11T06:48:40Z	0	200	15	b6d8e8903673a4b7f75477ff07f794ae4e9de4c91959afda8f0477048d072b87	KnightBusArxivPatternFoundry/0.1	MISS	1	NONE	NONE	https://info.arxiv.org/help/api/tou.html	2026-08-11	arxiv-reference/cache/g02/arxiv/QRY-016-2021_CURRENT.datefilter-invalid.xml	FAILED
REQ-G02-0097	G02	QRY-017	QRY-017-ALL	arXiv	legacy_api_query_metadata	"(all:PageRank) AND (all:preparation OR all:amortization OR all:""build-versus-query"" OR all:tradeoff OR all:""break-even"" OR all:reuse OR all:""build-once"" OR all:""query-many"" OR all:""repeated-run"" OR all:optimization OR all:persistent OR all:derived OR all:view OR all:materialized OR all:answer OR all:precomputed OR all:result OR all:semantic OR all:compression OR all:freshness OR all:invalidation OR all:""stale-and-rebuild"" OR all:""reuse-count"" OR all:plan OR all:selection OR all:amortized OR all:choice OR all:workload OR all:frequency OR all:policy) AND (cat:cs.DB OR cat:cs.DS) AND NOT all:""kernel-time-only benchmark"" AND NOT all:""one-shot workload"" AND NOT all:""free retained storage"""	max_results=15&search_query=%28all%3APageRank%29%20AND%20%28all%3Apreparation%20OR%20all%3Aamortization%20OR%20all%3A%22build-versus-query%22%20OR%20all%3Atradeoff%20OR%20all%3A%22break-even%22%20OR%20all%3Areuse%20OR%20all%3A%22build-once%22%20OR%20all%3A%22query-many%22%20OR%20all%3A%22repeated-run%22%20OR%20all%3Aoptimization%20OR%20all%3Apersistent%20OR%20all%3Aderived%20OR%20all%3Aview%20OR%20all%3Amaterialized%20OR%20all%3Aanswer%20OR%20all%3Aprecomputed%20OR%20all%3Aresult%20OR%20all%3Asemantic%20OR%20all%3Acompression%20OR%20all%3Afreshness%20OR%20all%3Ainvalidation%20OR%20all%3A%22stale-and-rebuild%22%20OR%20all%3A%22reuse-count%22%20OR%20all%3Aplan%20OR%20all%3Aselection%20OR%20all%3Aamortized%20OR%20all%3Achoice%20OR%20all%3Aworkload%20OR%20all%3Afrequency%20OR%20all%3Apolicy%29%20AND%20%28cat%3Acs.DB%20OR%20cat%3Acs.DS%29%20AND%20NOT%20all%3A%22kernel-time-only%20benchmark%22%20AND%20NOT%20all%3A%22one-shot%20workload%22%20AND%20NOT%20all%3A%22free%20retained%20storage%22&sortBy=relevance&sortOrder=descending&start=0	2026-08-11T06:48:45Z	0	200	15	a4aa2fa1326d40375a3249207c87bc47f28b38a67f88e7d1356f6dc360b94efe	KnightBusArxivPatternFoundry/0.1	MISS	1	NONE	NONE	https://info.arxiv.org/help/api/tou.html	2026-08-11	arxiv-reference/cache/g02/arxiv/QRY-017-ALL.xml	COMPLETE
REQ-G02-0098	G02	QRY-017	QRY-017-PRE2001	arXiv	legacy_api_query_metadata_invalidated_date_filter_refetch	"(all:PageRank) AND (all:preparation OR all:amortization OR all:""build-versus-query"" OR all:tradeoff OR all:""break-even"" OR all:reuse OR all:""build-once"" OR all:""query-many"" OR all:""repeated-run"" OR all:optimization OR all:persistent OR all:derived OR all:view OR all:materialized OR all:answer OR all:precomputed OR all:result OR all:semantic OR all:compression OR all:freshness OR all:invalidation OR all:""stale-and-rebuild"" OR all:""reuse-count"" OR all:plan OR all:selection OR all:amortized OR all:choice OR all:workload OR all:frequency OR all:policy) AND (cat:cs.DB OR cat:cs.DS) AND NOT all:""kernel-time-only benchmark"" AND NOT all:""one-shot workload"" AND NOT all:""free retained storage"" AND submittedDate:[197001010000 TO 200012312359]"	max_results=15&search_query=%28all%3APageRank%29%20AND%20%28all%3Apreparation%20OR%20all%3Aamortization%20OR%20all%3A%22build-versus-query%22%20OR%20all%3Atradeoff%20OR%20all%3A%22break-even%22%20OR%20all%3Areuse%20OR%20all%3A%22build-once%22%20OR%20all%3A%22query-many%22%20OR%20all%3A%22repeated-run%22%20OR%20all%3Aoptimization%20OR%20all%3Apersistent%20OR%20all%3Aderived%20OR%20all%3Aview%20OR%20all%3Amaterialized%20OR%20all%3Aanswer%20OR%20all%3Aprecomputed%20OR%20all%3Aresult%20OR%20all%3Asemantic%20OR%20all%3Acompression%20OR%20all%3Afreshness%20OR%20all%3Ainvalidation%20OR%20all%3A%22stale-and-rebuild%22%20OR%20all%3A%22reuse-count%22%20OR%20all%3Aplan%20OR%20all%3Aselection%20OR%20all%3Aamortized%20OR%20all%3Achoice%20OR%20all%3Aworkload%20OR%20all%3Afrequency%20OR%20all%3Apolicy%29%20AND%20%28cat%3Acs.DB%20OR%20cat%3Acs.DS%29%20AND%20NOT%20all%3A%22kernel-time-only%20benchmark%22%20AND%20NOT%20all%3A%22one-shot%20workload%22%20AND%20NOT%20all%3A%22free%20retained%20storage%22%20AND%20submittedDate%3A%5B197001010000%20TO%20200012312359%5D&sortBy=relevance&sortOrder=descending&start=0	2026-08-11T06:48:50Z	0	200	15	5639495fb636d796ebb411f9bf3f0bd98dcd05fdb78cd56f60e4404d891c4f99	KnightBusArxivPatternFoundry/0.1	MISS	1	NONE	NONE	https://info.arxiv.org/help/api/tou.html	2026-08-11	arxiv-reference/cache/g02/arxiv/QRY-017-PRE2001.datefilter-invalid.xml	FAILED
REQ-G02-0099	G02	QRY-017	QRY-017-2001_2010	arXiv	legacy_api_query_metadata_invalidated_date_filter_refetch	"(all:PageRank) AND (all:preparation OR all:amortization OR all:""build-versus-query"" OR all:tradeoff OR all:""break-even"" OR all:reuse OR all:""build-once"" OR all:""query-many"" OR all:""repeated-run"" OR all:optimization OR all:persistent OR all:derived OR all:view OR all:materialized OR all:answer OR all:precomputed OR all:result OR all:semantic OR all:compression OR all:freshness OR all:invalidation OR all:""stale-and-rebuild"" OR all:""reuse-count"" OR all:plan OR all:selection OR all:amortized OR all:choice OR all:workload OR all:frequency OR all:policy) AND (cat:cs.DB OR cat:cs.DS) AND NOT all:""kernel-time-only benchmark"" AND NOT all:""one-shot workload"" AND NOT all:""free retained storage"" AND submittedDate:[200101010000 TO 201012312359]"	max_results=15&search_query=%28all%3APageRank%29%20AND%20%28all%3Apreparation%20OR%20all%3Aamortization%20OR%20all%3A%22build-versus-query%22%20OR%20all%3Atradeoff%20OR%20all%3A%22break-even%22%20OR%20all%3Areuse%20OR%20all%3A%22build-once%22%20OR%20all%3A%22query-many%22%20OR%20all%3A%22repeated-run%22%20OR%20all%3Aoptimization%20OR%20all%3Apersistent%20OR%20all%3Aderived%20OR%20all%3Aview%20OR%20all%3Amaterialized%20OR%20all%3Aanswer%20OR%20all%3Aprecomputed%20OR%20all%3Aresult%20OR%20all%3Asemantic%20OR%20all%3Acompression%20OR%20all%3Afreshness%20OR%20all%3Ainvalidation%20OR%20all%3A%22stale-and-rebuild%22%20OR%20all%3A%22reuse-count%22%20OR%20all%3Aplan%20OR%20all%3Aselection%20OR%20all%3Aamortized%20OR%20all%3Achoice%20OR%20all%3Aworkload%20OR%20all%3Afrequency%20OR%20all%3Apolicy%29%20AND%20%28cat%3Acs.DB%20OR%20cat%3Acs.DS%29%20AND%20NOT%20all%3A%22kernel-time-only%20benchmark%22%20AND%20NOT%20all%3A%22one-shot%20workload%22%20AND%20NOT%20all%3A%22free%20retained%20storage%22%20AND%20submittedDate%3A%5B200101010000%20TO%20201012312359%5D&sortBy=relevance&sortOrder=descending&start=0	2026-08-11T06:48:56Z	0	200	15	d5eb396f3fca043f49b0ab6b653d762deb8ff2615e9547076396ee9d33bbc22a	KnightBusArxivPatternFoundry/0.1	MISS	1	NONE	NONE	https://info.arxiv.org/help/api/tou.html	2026-08-11	arxiv-reference/cache/g02/arxiv/QRY-017-2001_2010.datefilter-invalid.xml	FAILED
REQ-G02-0100	G02	QRY-017	QRY-017-2011_2020	arXiv	legacy_api_query_metadata_invalidated_date_filter_not_retried_request_cap	"(all:PageRank) AND (all:preparation OR all:amortization OR all:""build-versus-query"" OR all:tradeoff OR all:""break-even"" OR all:reuse OR all:""build-once"" OR all:""query-many"" OR all:""repeated-run"" OR all:optimization OR all:persistent OR all:derived OR all:view OR all:materialized OR all:answer OR all:precomputed OR all:result OR all:semantic OR all:compression OR all:freshness OR all:invalidation OR all:""stale-and-rebuild"" OR all:""reuse-count"" OR all:plan OR all:selection OR all:amortized OR all:choice OR all:workload OR all:frequency OR all:policy) AND (cat:cs.DB OR cat:cs.DS) AND NOT all:""kernel-time-only benchmark"" AND NOT all:""one-shot workload"" AND NOT all:""free retained storage"" AND submittedDate:[201101010000 TO 202012312359]"	max_results=15&search_query=%28all%3APageRank%29%20AND%20%28all%3Apreparation%20OR%20all%3Aamortization%20OR%20all%3A%22build-versus-query%22%20OR%20all%3Atradeoff%20OR%20all%3A%22break-even%22%20OR%20all%3Areuse%20OR%20all%3A%22build-once%22%20OR%20all%3A%22query-many%22%20OR%20all%3A%22repeated-run%22%20OR%20all%3Aoptimization%20OR%20all%3Apersistent%20OR%20all%3Aderived%20OR%20all%3Aview%20OR%20all%3Amaterialized%20OR%20all%3Aanswer%20OR%20all%3Aprecomputed%20OR%20all%3Aresult%20OR%20all%3Asemantic%20OR%20all%3Acompression%20OR%20all%3Afreshness%20OR%20all%3Ainvalidation%20OR%20all%3A%22stale-and-rebuild%22%20OR%20all%3A%22reuse-count%22%20OR%20all%3Aplan%20OR%20all%3Aselection%20OR%20all%3Aamortized%20OR%20all%3Achoice%20OR%20all%3Aworkload%20OR%20all%3Afrequency%20OR%20all%3Apolicy%29%20AND%20%28cat%3Acs.DB%20OR%20cat%3Acs.DS%29%20AND%20NOT%20all%3A%22kernel-time-only%20benchmark%22%20AND%20NOT%20all%3A%22one-shot%20workload%22%20AND%20NOT%20all%3A%22free%20retained%20storage%22%20AND%20submittedDate%3A%5B201101010000%20TO%20202012312359%5D&sortBy=relevance&sortOrder=descending&start=0	2026-08-11T06:49:01Z	0	200	15	10954580af3d79893839eefa57d5d09be25d82ef44e0c205e2343bce9a354eca	KnightBusArxivPatternFoundry/0.1	MISS	1	NONE	NONE	https://info.arxiv.org/help/api/tou.html	2026-08-11	arxiv-reference/cache/g02/arxiv/QRY-017-2011_2020.datefilter-invalid.xml	FAILED
REQ-G02-0101	G02	QRY-017	QRY-017-2021_CURRENT	arXiv	legacy_api_query_metadata_invalidated_date_filter_not_retried_request_cap	"(all:PageRank) AND (all:preparation OR all:amortization OR all:""build-versus-query"" OR all:tradeoff OR all:""break-even"" OR all:reuse OR all:""build-once"" OR all:""query-many"" OR all:""repeated-run"" OR all:optimization OR all:persistent OR all:derived OR all:view OR all:materialized OR all:answer OR all:precomputed OR all:result OR all:semantic OR all:compression OR all:freshness OR all:invalidation OR all:""stale-and-rebuild"" OR all:""reuse-count"" OR all:plan OR all:selection OR all:amortized OR all:choice OR all:workload OR all:frequency OR all:policy) AND (cat:cs.DB OR cat:cs.DS) AND NOT all:""kernel-time-only benchmark"" AND NOT all:""one-shot workload"" AND NOT all:""free retained storage"" AND submittedDate:[202101010000 TO 202608112359]"	max_results=15&search_query=%28all%3APageRank%29%20AND%20%28all%3Apreparation%20OR%20all%3Aamortization%20OR%20all%3A%22build-versus-query%22%20OR%20all%3Atradeoff%20OR%20all%3A%22break-even%22%20OR%20all%3Areuse%20OR%20all%3A%22build-once%22%20OR%20all%3A%22query-many%22%20OR%20all%3A%22repeated-run%22%20OR%20all%3Aoptimization%20OR%20all%3Apersistent%20OR%20all%3Aderived%20OR%20all%3Aview%20OR%20all%3Amaterialized%20OR%20all%3Aanswer%20OR%20all%3Aprecomputed%20OR%20all%3Aresult%20OR%20all%3Asemantic%20OR%20all%3Acompression%20OR%20all%3Afreshness%20OR%20all%3Ainvalidation%20OR%20all%3A%22stale-and-rebuild%22%20OR%20all%3A%22reuse-count%22%20OR%20all%3Aplan%20OR%20all%3Aselection%20OR%20all%3Aamortized%20OR%20all%3Achoice%20OR%20all%3Aworkload%20OR%20all%3Afrequency%20OR%20all%3Apolicy%29%20AND%20%28cat%3Acs.DB%20OR%20cat%3Acs.DS%29%20AND%20NOT%20all%3A%22kernel-time-only%20benchmark%22%20AND%20NOT%20all%3A%22one-shot%20workload%22%20AND%20NOT%20all%3A%22free%20retained%20storage%22%20AND%20submittedDate%3A%5B202101010000%20TO%20202608112359%5D&sortBy=relevance&sortOrder=descending&start=0	2026-08-11T06:49:07Z	0	200	15	9593eef39146342f592b282287a9f52a82cb0900c0e8817d506e852be679bdf9	KnightBusArxivPatternFoundry/0.1	MISS	1	NONE	NONE	https://info.arxiv.org/help/api/tou.html	2026-08-11	arxiv-reference/cache/g02/arxiv/QRY-017-2021_CURRENT.datefilter-invalid.xml	FAILED
REQ-G02-0102	G02	QRY-018	QRY-018-ALL	arXiv	legacy_api_query_metadata	"(all:PageRank) AND (all:""warm-start"" OR all:rank OR all:certificate OR all:""previous-rank"" OR all:vector OR all:incremental OR all:PageRank OR all:seed OR all:materialized OR all:answer OR all:precomputed OR all:result OR all:semantic OR all:compression OR all:""generation-bound"" OR all:cache OR all:identity OR all:view OR all:hash OR all:""cold-versus-warm"" OR all:cold OR all:start OR all:versus OR all:warmed OR all:run OR all:conditioning) AND (cat:cs.DB OR cat:cs.DS OR cat:cs.DC) AND NOT all:""stale result accepted"" AND NOT all:""cache without generation key"" AND NOT all:""application-only paper"""	max_results=15&search_query=%28all%3APageRank%29%20AND%20%28all%3A%22warm-start%22%20OR%20all%3Arank%20OR%20all%3Acertificate%20OR%20all%3A%22previous-rank%22%20OR%20all%3Avector%20OR%20all%3Aincremental%20OR%20all%3APageRank%20OR%20all%3Aseed%20OR%20all%3Amaterialized%20OR%20all%3Aanswer%20OR%20all%3Aprecomputed%20OR%20all%3Aresult%20OR%20all%3Asemantic%20OR%20all%3Acompression%20OR%20all%3A%22generation-bound%22%20OR%20all%3Acache%20OR%20all%3Aidentity%20OR%20all%3Aview%20OR%20all%3Ahash%20OR%20all%3A%22cold-versus-warm%22%20OR%20all%3Acold%20OR%20all%3Astart%20OR%20all%3Aversus%20OR%20all%3Awarmed%20OR%20all%3Arun%20OR%20all%3Aconditioning%29%20AND%20%28cat%3Acs.DB%20OR%20cat%3Acs.DS%20OR%20cat%3Acs.DC%29%20AND%20NOT%20all%3A%22stale%20result%20accepted%22%20AND%20NOT%20all%3A%22cache%20without%20generation%20key%22%20AND%20NOT%20all%3A%22application-only%20paper%22&sortBy=relevance&sortOrder=descending&start=0	2026-08-11T06:49:12Z	0	200	15	d368ff1f19ff8620def2f91244814220d88b4e8266d13aa8afc0bdb826554c5b	KnightBusArxivPatternFoundry/0.1	MISS	1	NONE	NONE	https://info.arxiv.org/help/api/tou.html	2026-08-11	arxiv-reference/cache/g02/arxiv/QRY-018-ALL.xml	COMPLETE
REQ-G02-0103	G02	QRY-018	QRY-018-PRE2001	arXiv	legacy_api_query_metadata_invalidated_date_filter_refetch	"(all:PageRank) AND (all:""warm-start"" OR all:rank OR all:certificate OR all:""previous-rank"" OR all:vector OR all:incremental OR all:PageRank OR all:seed OR all:materialized OR all:answer OR all:precomputed OR all:result OR all:semantic OR all:compression OR all:""generation-bound"" OR all:cache OR all:identity OR all:view OR all:hash OR all:""cold-versus-warm"" OR all:cold OR all:start OR all:versus OR all:warmed OR all:run OR all:conditioning) AND (cat:cs.DB OR cat:cs.DS OR cat:cs.DC) AND NOT all:""stale result accepted"" AND NOT all:""cache without generation key"" AND NOT all:""application-only paper"" AND submittedDate:[197001010000 TO 200012312359]"	max_results=15&search_query=%28all%3APageRank%29%20AND%20%28all%3A%22warm-start%22%20OR%20all%3Arank%20OR%20all%3Acertificate%20OR%20all%3A%22previous-rank%22%20OR%20all%3Avector%20OR%20all%3Aincremental%20OR%20all%3APageRank%20OR%20all%3Aseed%20OR%20all%3Amaterialized%20OR%20all%3Aanswer%20OR%20all%3Aprecomputed%20OR%20all%3Aresult%20OR%20all%3Asemantic%20OR%20all%3Acompression%20OR%20all%3A%22generation-bound%22%20OR%20all%3Acache%20OR%20all%3Aidentity%20OR%20all%3Aview%20OR%20all%3Ahash%20OR%20all%3A%22cold-versus-warm%22%20OR%20all%3Acold%20OR%20all%3Astart%20OR%20all%3Aversus%20OR%20all%3Awarmed%20OR%20all%3Arun%20OR%20all%3Aconditioning%29%20AND%20%28cat%3Acs.DB%20OR%20cat%3Acs.DS%20OR%20cat%3Acs.DC%29%20AND%20NOT%20all%3A%22stale%20result%20accepted%22%20AND%20NOT%20all%3A%22cache%20without%20generation%20key%22%20AND%20NOT%20all%3A%22application-only%20paper%22%20AND%20submittedDate%3A%5B197001010000%20TO%20200012312359%5D&sortBy=relevance&sortOrder=descending&start=0	2026-08-11T06:49:17Z	0	200	15	d44232fd50991dc22aa01f4fb3683db841ef91b734baa4a8a20716518941804a	KnightBusArxivPatternFoundry/0.1	MISS	1	NONE	NONE	https://info.arxiv.org/help/api/tou.html	2026-08-11	arxiv-reference/cache/g02/arxiv/QRY-018-PRE2001.datefilter-invalid.xml	FAILED
REQ-G02-0104	G02	QRY-018	QRY-018-2001_2010	arXiv	legacy_api_query_metadata_invalidated_date_filter_refetch	"(all:PageRank) AND (all:""warm-start"" OR all:rank OR all:certificate OR all:""previous-rank"" OR all:vector OR all:incremental OR all:PageRank OR all:seed OR all:materialized OR all:answer OR all:precomputed OR all:result OR all:semantic OR all:compression OR all:""generation-bound"" OR all:cache OR all:identity OR all:view OR all:hash OR all:""cold-versus-warm"" OR all:cold OR all:start OR all:versus OR all:warmed OR all:run OR all:conditioning) AND (cat:cs.DB OR cat:cs.DS OR cat:cs.DC) AND NOT all:""stale result accepted"" AND NOT all:""cache without generation key"" AND NOT all:""application-only paper"" AND submittedDate:[200101010000 TO 201012312359]"	max_results=15&search_query=%28all%3APageRank%29%20AND%20%28all%3A%22warm-start%22%20OR%20all%3Arank%20OR%20all%3Acertificate%20OR%20all%3A%22previous-rank%22%20OR%20all%3Avector%20OR%20all%3Aincremental%20OR%20all%3APageRank%20OR%20all%3Aseed%20OR%20all%3Amaterialized%20OR%20all%3Aanswer%20OR%20all%3Aprecomputed%20OR%20all%3Aresult%20OR%20all%3Asemantic%20OR%20all%3Acompression%20OR%20all%3A%22generation-bound%22%20OR%20all%3Acache%20OR%20all%3Aidentity%20OR%20all%3Aview%20OR%20all%3Ahash%20OR%20all%3A%22cold-versus-warm%22%20OR%20all%3Acold%20OR%20all%3Astart%20OR%20all%3Aversus%20OR%20all%3Awarmed%20OR%20all%3Arun%20OR%20all%3Aconditioning%29%20AND%20%28cat%3Acs.DB%20OR%20cat%3Acs.DS%20OR%20cat%3Acs.DC%29%20AND%20NOT%20all%3A%22stale%20result%20accepted%22%20AND%20NOT%20all%3A%22cache%20without%20generation%20key%22%20AND%20NOT%20all%3A%22application-only%20paper%22%20AND%20submittedDate%3A%5B200101010000%20TO%20201012312359%5D&sortBy=relevance&sortOrder=descending&start=0	2026-08-11T06:49:21Z	0	200	15	59490d230343b05fd29dd275c6da095200459600b6e309e3a2b22e2319bc2839	KnightBusArxivPatternFoundry/0.1	MISS	1	NONE	NONE	https://info.arxiv.org/help/api/tou.html	2026-08-11	arxiv-reference/cache/g02/arxiv/QRY-018-2001_2010.datefilter-invalid.xml	FAILED
REQ-G02-0105	G02	QRY-018	QRY-018-2011_2020	arXiv	legacy_api_query_metadata_invalidated_date_filter_not_retried_request_cap	"(all:PageRank) AND (all:""warm-start"" OR all:rank OR all:certificate OR all:""previous-rank"" OR all:vector OR all:incremental OR all:PageRank OR all:seed OR all:materialized OR all:answer OR all:precomputed OR all:result OR all:semantic OR all:compression OR all:""generation-bound"" OR all:cache OR all:identity OR all:view OR all:hash OR all:""cold-versus-warm"" OR all:cold OR all:start OR all:versus OR all:warmed OR all:run OR all:conditioning) AND (cat:cs.DB OR cat:cs.DS OR cat:cs.DC) AND NOT all:""stale result accepted"" AND NOT all:""cache without generation key"" AND NOT all:""application-only paper"" AND submittedDate:[201101010000 TO 202012312359]"	max_results=15&search_query=%28all%3APageRank%29%20AND%20%28all%3A%22warm-start%22%20OR%20all%3Arank%20OR%20all%3Acertificate%20OR%20all%3A%22previous-rank%22%20OR%20all%3Avector%20OR%20all%3Aincremental%20OR%20all%3APageRank%20OR%20all%3Aseed%20OR%20all%3Amaterialized%20OR%20all%3Aanswer%20OR%20all%3Aprecomputed%20OR%20all%3Aresult%20OR%20all%3Asemantic%20OR%20all%3Acompression%20OR%20all%3A%22generation-bound%22%20OR%20all%3Acache%20OR%20all%3Aidentity%20OR%20all%3Aview%20OR%20all%3Ahash%20OR%20all%3A%22cold-versus-warm%22%20OR%20all%3Acold%20OR%20all%3Astart%20OR%20all%3Aversus%20OR%20all%3Awarmed%20OR%20all%3Arun%20OR%20all%3Aconditioning%29%20AND%20%28cat%3Acs.DB%20OR%20cat%3Acs.DS%20OR%20cat%3Acs.DC%29%20AND%20NOT%20all%3A%22stale%20result%20accepted%22%20AND%20NOT%20all%3A%22cache%20without%20generation%20key%22%20AND%20NOT%20all%3A%22application-only%20paper%22%20AND%20submittedDate%3A%5B201101010000%20TO%20202012312359%5D&sortBy=relevance&sortOrder=descending&start=0	2026-08-11T06:49:26Z	0	200	15	b076c5d848da1a09e9822f5236247e03817480796498ba15eb9c431e1493ee0d	KnightBusArxivPatternFoundry/0.1	MISS	1	NONE	NONE	https://info.arxiv.org/help/api/tou.html	2026-08-11	arxiv-reference/cache/g02/arxiv/QRY-018-2011_2020.datefilter-invalid.xml	FAILED
REQ-G02-0106	G02	QRY-018	QRY-018-2021_CURRENT	arXiv	legacy_api_query_metadata_invalidated_date_filter_not_retried_request_cap	"(all:PageRank) AND (all:""warm-start"" OR all:rank OR all:certificate OR all:""previous-rank"" OR all:vector OR all:incremental OR all:PageRank OR all:seed OR all:materialized OR all:answer OR all:precomputed OR all:result OR all:semantic OR all:compression OR all:""generation-bound"" OR all:cache OR all:identity OR all:view OR all:hash OR all:""cold-versus-warm"" OR all:cold OR all:start OR all:versus OR all:warmed OR all:run OR all:conditioning) AND (cat:cs.DB OR cat:cs.DS OR cat:cs.DC) AND NOT all:""stale result accepted"" AND NOT all:""cache without generation key"" AND NOT all:""application-only paper"" AND submittedDate:[202101010000 TO 202608112359]"	max_results=15&search_query=%28all%3APageRank%29%20AND%20%28all%3A%22warm-start%22%20OR%20all%3Arank%20OR%20all%3Acertificate%20OR%20all%3A%22previous-rank%22%20OR%20all%3Avector%20OR%20all%3Aincremental%20OR%20all%3APageRank%20OR%20all%3Aseed%20OR%20all%3Amaterialized%20OR%20all%3Aanswer%20OR%20all%3Aprecomputed%20OR%20all%3Aresult%20OR%20all%3Asemantic%20OR%20all%3Acompression%20OR%20all%3A%22generation-bound%22%20OR%20all%3Acache%20OR%20all%3Aidentity%20OR%20all%3Aview%20OR%20all%3Ahash%20OR%20all%3A%22cold-versus-warm%22%20OR%20all%3Acold%20OR%20all%3Astart%20OR%20all%3Aversus%20OR%20all%3Awarmed%20OR%20all%3Arun%20OR%20all%3Aconditioning%29%20AND%20%28cat%3Acs.DB%20OR%20cat%3Acs.DS%20OR%20cat%3Acs.DC%29%20AND%20NOT%20all%3A%22stale%20result%20accepted%22%20AND%20NOT%20all%3A%22cache%20without%20generation%20key%22%20AND%20NOT%20all%3A%22application-only%20paper%22%20AND%20submittedDate%3A%5B202101010000%20TO%20202608112359%5D&sortBy=relevance&sortOrder=descending&start=0	2026-08-11T06:49:32Z	0	200	15	d44c597b303d793ceddd1de33e9c50f9edc7eecceffd8dff4917b9b06f99aa39	KnightBusArxivPatternFoundry/0.1	MISS	1	NONE	NONE	https://info.arxiv.org/help/api/tou.html	2026-08-11	arxiv-reference/cache/g02/arxiv/QRY-018-2021_CURRENT.datefilter-invalid.xml	FAILED
REQ-G02-0107	G02	QRY-019	QRY-019-ALL	arXiv	legacy_api_query_metadata	"(all:BFS OR all:""breadth-first search"" OR all:""bounded reachability"") AND (all:deterministic OR all:peak OR all:RSS OR all:bounded OR all:resident OR all:set OR all:""peak-memory"" OR all:envelope OR all:""tail-latency"" OR all:latency OR all:distribution OR all:jitter OR all:""page-fault"" OR all:control OR all:""resident-window"" OR all:prefaulting OR all:concurrency OR all:worker OR all:cap OR all:downgrade) AND (cat:cs.OS OR cat:cs.DC OR cat:cs.PF) AND NOT all:""mean-only benchmark"" AND NOT all:""uncontrolled public cloud"" AND NOT all:""universal P100 claim"""	max_results=15&search_query=%28all%3ABFS%20OR%20all%3A%22breadth-first%20search%22%20OR%20all%3A%22bounded%20reachability%22%29%20AND%20%28all%3Adeterministic%20OR%20all%3Apeak%20OR%20all%3ARSS%20OR%20all%3Abounded%20OR%20all%3Aresident%20OR%20all%3Aset%20OR%20all%3A%22peak-memory%22%20OR%20all%3Aenvelope%20OR%20all%3A%22tail-latency%22%20OR%20all%3Alatency%20OR%20all%3Adistribution%20OR%20all%3Ajitter%20OR%20all%3A%22page-fault%22%20OR%20all%3Acontrol%20OR%20all%3A%22resident-window%22%20OR%20all%3Aprefaulting%20OR%20all%3Aconcurrency%20OR%20all%3Aworker%20OR%20all%3Acap%20OR%20all%3Adowngrade%29%20AND%20%28cat%3Acs.OS%20OR%20cat%3Acs.DC%20OR%20cat%3Acs.PF%29%20AND%20NOT%20all%3A%22mean-only%20benchmark%22%20AND%20NOT%20all%3A%22uncontrolled%20public%20cloud%22%20AND%20NOT%20all%3A%22universal%20P100%20claim%22&sortBy=relevance&sortOrder=descending&start=0	2026-08-11T06:49:36Z	0	200	15	09b872c91a6e320c6cb0f85be6a483f7e75a00c49d0fde0205311a3342a71d89	KnightBusArxivPatternFoundry/0.1	MISS	1	NONE	NONE	https://info.arxiv.org/help/api/tou.html	2026-08-11	arxiv-reference/cache/g02/arxiv/QRY-019-ALL.xml	COMPLETE
REQ-G02-0108	G02	QRY-019	QRY-019-PRE2001	arXiv	legacy_api_query_metadata_invalidated_date_filter_refetch	"(all:BFS OR all:""breadth-first search"" OR all:""bounded reachability"") AND (all:deterministic OR all:peak OR all:RSS OR all:bounded OR all:resident OR all:set OR all:""peak-memory"" OR all:envelope OR all:""tail-latency"" OR all:latency OR all:distribution OR all:jitter OR all:""page-fault"" OR all:control OR all:""resident-window"" OR all:prefaulting OR all:concurrency OR all:worker OR all:cap OR all:downgrade) AND (cat:cs.OS OR cat:cs.DC OR cat:cs.PF) AND NOT all:""mean-only benchmark"" AND NOT all:""uncontrolled public cloud"" AND NOT all:""universal P100 claim"" AND submittedDate:[197001010000 TO 200012312359]"	max_results=15&search_query=%28all%3ABFS%20OR%20all%3A%22breadth-first%20search%22%20OR%20all%3A%22bounded%20reachability%22%29%20AND%20%28all%3Adeterministic%20OR%20all%3Apeak%20OR%20all%3ARSS%20OR%20all%3Abounded%20OR%20all%3Aresident%20OR%20all%3Aset%20OR%20all%3A%22peak-memory%22%20OR%20all%3Aenvelope%20OR%20all%3A%22tail-latency%22%20OR%20all%3Alatency%20OR%20all%3Adistribution%20OR%20all%3Ajitter%20OR%20all%3A%22page-fault%22%20OR%20all%3Acontrol%20OR%20all%3A%22resident-window%22%20OR%20all%3Aprefaulting%20OR%20all%3Aconcurrency%20OR%20all%3Aworker%20OR%20all%3Acap%20OR%20all%3Adowngrade%29%20AND%20%28cat%3Acs.OS%20OR%20cat%3Acs.DC%20OR%20cat%3Acs.PF%29%20AND%20NOT%20all%3A%22mean-only%20benchmark%22%20AND%20NOT%20all%3A%22uncontrolled%20public%20cloud%22%20AND%20NOT%20all%3A%22universal%20P100%20claim%22%20AND%20submittedDate%3A%5B197001010000%20TO%20200012312359%5D&sortBy=relevance&sortOrder=descending&start=0	2026-08-11T06:49:41Z	0	200	15	a8d359353d8d87054d79d942abdf4711c559ec3d8a3baf4c9692fcd9f2252388	KnightBusArxivPatternFoundry/0.1	MISS	1	NONE	NONE	https://info.arxiv.org/help/api/tou.html	2026-08-11	arxiv-reference/cache/g02/arxiv/QRY-019-PRE2001.datefilter-invalid.xml	FAILED
REQ-G02-0109	G02	QRY-019	QRY-019-2001_2010	arXiv	legacy_api_query_metadata_invalidated_date_filter_refetch	"(all:BFS OR all:""breadth-first search"" OR all:""bounded reachability"") AND (all:deterministic OR all:peak OR all:RSS OR all:bounded OR all:resident OR all:set OR all:""peak-memory"" OR all:envelope OR all:""tail-latency"" OR all:latency OR all:distribution OR all:jitter OR all:""page-fault"" OR all:control OR all:""resident-window"" OR all:prefaulting OR all:concurrency OR all:worker OR all:cap OR all:downgrade) AND (cat:cs.OS OR cat:cs.DC OR cat:cs.PF) AND NOT all:""mean-only benchmark"" AND NOT all:""uncontrolled public cloud"" AND NOT all:""universal P100 claim"" AND submittedDate:[200101010000 TO 201012312359]"	max_results=15&search_query=%28all%3ABFS%20OR%20all%3A%22breadth-first%20search%22%20OR%20all%3A%22bounded%20reachability%22%29%20AND%20%28all%3Adeterministic%20OR%20all%3Apeak%20OR%20all%3ARSS%20OR%20all%3Abounded%20OR%20all%3Aresident%20OR%20all%3Aset%20OR%20all%3A%22peak-memory%22%20OR%20all%3Aenvelope%20OR%20all%3A%22tail-latency%22%20OR%20all%3Alatency%20OR%20all%3Adistribution%20OR%20all%3Ajitter%20OR%20all%3A%22page-fault%22%20OR%20all%3Acontrol%20OR%20all%3A%22resident-window%22%20OR%20all%3Aprefaulting%20OR%20all%3Aconcurrency%20OR%20all%3Aworker%20OR%20all%3Acap%20OR%20all%3Adowngrade%29%20AND%20%28cat%3Acs.OS%20OR%20cat%3Acs.DC%20OR%20cat%3Acs.PF%29%20AND%20NOT%20all%3A%22mean-only%20benchmark%22%20AND%20NOT%20all%3A%22uncontrolled%20public%20cloud%22%20AND%20NOT%20all%3A%22universal%20P100%20claim%22%20AND%20submittedDate%3A%5B200101010000%20TO%20201012312359%5D&sortBy=relevance&sortOrder=descending&start=0	2026-08-11T06:49:46Z	0	200	15	535f3fcca3d708e50c0a4ac1bb5ae70a7b42e7696ad16f56b5dedacbc159aacd	KnightBusArxivPatternFoundry/0.1	MISS	1	NONE	NONE	https://info.arxiv.org/help/api/tou.html	2026-08-11	arxiv-reference/cache/g02/arxiv/QRY-019-2001_2010.datefilter-invalid.xml	FAILED
REQ-G02-0110	G02	QRY-019	QRY-019-2011_2020	arXiv	legacy_api_query_metadata_invalidated_date_filter_not_retried_request_cap	"(all:BFS OR all:""breadth-first search"" OR all:""bounded reachability"") AND (all:deterministic OR all:peak OR all:RSS OR all:bounded OR all:resident OR all:set OR all:""peak-memory"" OR all:envelope OR all:""tail-latency"" OR all:latency OR all:distribution OR all:jitter OR all:""page-fault"" OR all:control OR all:""resident-window"" OR all:prefaulting OR all:concurrency OR all:worker OR all:cap OR all:downgrade) AND (cat:cs.OS OR cat:cs.DC OR cat:cs.PF) AND NOT all:""mean-only benchmark"" AND NOT all:""uncontrolled public cloud"" AND NOT all:""universal P100 claim"" AND submittedDate:[201101010000 TO 202012312359]"	max_results=15&search_query=%28all%3ABFS%20OR%20all%3A%22breadth-first%20search%22%20OR%20all%3A%22bounded%20reachability%22%29%20AND%20%28all%3Adeterministic%20OR%20all%3Apeak%20OR%20all%3ARSS%20OR%20all%3Abounded%20OR%20all%3Aresident%20OR%20all%3Aset%20OR%20all%3A%22peak-memory%22%20OR%20all%3Aenvelope%20OR%20all%3A%22tail-latency%22%20OR%20all%3Alatency%20OR%20all%3Adistribution%20OR%20all%3Ajitter%20OR%20all%3A%22page-fault%22%20OR%20all%3Acontrol%20OR%20all%3A%22resident-window%22%20OR%20all%3Aprefaulting%20OR%20all%3Aconcurrency%20OR%20all%3Aworker%20OR%20all%3Acap%20OR%20all%3Adowngrade%29%20AND%20%28cat%3Acs.OS%20OR%20cat%3Acs.DC%20OR%20cat%3Acs.PF%29%20AND%20NOT%20all%3A%22mean-only%20benchmark%22%20AND%20NOT%20all%3A%22uncontrolled%20public%20cloud%22%20AND%20NOT%20all%3A%22universal%20P100%20claim%22%20AND%20submittedDate%3A%5B201101010000%20TO%20202012312359%5D&sortBy=relevance&sortOrder=descending&start=0	2026-08-11T06:49:51Z	0	200	15	f5d8b8fb870a871d9418cc92203ddd94fc7b97abcf54b8f4d3267bb7b3a4d095	KnightBusArxivPatternFoundry/0.1	MISS	1	NONE	NONE	https://info.arxiv.org/help/api/tou.html	2026-08-11	arxiv-reference/cache/g02/arxiv/QRY-019-2011_2020.datefilter-invalid.xml	FAILED
REQ-G02-0111	G02	QRY-019	QRY-019-2021_CURRENT	arXiv	legacy_api_query_metadata_invalidated_date_filter_not_retried_request_cap	"(all:BFS OR all:""breadth-first search"" OR all:""bounded reachability"") AND (all:deterministic OR all:peak OR all:RSS OR all:bounded OR all:resident OR all:set OR all:""peak-memory"" OR all:envelope OR all:""tail-latency"" OR all:latency OR all:distribution OR all:jitter OR all:""page-fault"" OR all:control OR all:""resident-window"" OR all:prefaulting OR all:concurrency OR all:worker OR all:cap OR all:downgrade) AND (cat:cs.OS OR cat:cs.DC OR cat:cs.PF) AND NOT all:""mean-only benchmark"" AND NOT all:""uncontrolled public cloud"" AND NOT all:""universal P100 claim"" AND submittedDate:[202101010000 TO 202608112359]"	max_results=15&search_query=%28all%3ABFS%20OR%20all%3A%22breadth-first%20search%22%20OR%20all%3A%22bounded%20reachability%22%29%20AND%20%28all%3Adeterministic%20OR%20all%3Apeak%20OR%20all%3ARSS%20OR%20all%3Abounded%20OR%20all%3Aresident%20OR%20all%3Aset%20OR%20all%3A%22peak-memory%22%20OR%20all%3Aenvelope%20OR%20all%3A%22tail-latency%22%20OR%20all%3Alatency%20OR%20all%3Adistribution%20OR%20all%3Ajitter%20OR%20all%3A%22page-fault%22%20OR%20all%3Acontrol%20OR%20all%3A%22resident-window%22%20OR%20all%3Aprefaulting%20OR%20all%3Aconcurrency%20OR%20all%3Aworker%20OR%20all%3Acap%20OR%20all%3Adowngrade%29%20AND%20%28cat%3Acs.OS%20OR%20cat%3Acs.DC%20OR%20cat%3Acs.PF%29%20AND%20NOT%20all%3A%22mean-only%20benchmark%22%20AND%20NOT%20all%3A%22uncontrolled%20public%20cloud%22%20AND%20NOT%20all%3A%22universal%20P100%20claim%22%20AND%20submittedDate%3A%5B202101010000%20TO%20202608112359%5D&sortBy=relevance&sortOrder=descending&start=0	2026-08-11T06:49:55Z	0	200	15	4d3d783a35167504451b021105bf816905bc9b46a4a6a6c4075f61381a4a7b38	KnightBusArxivPatternFoundry/0.1	MISS	1	NONE	NONE	https://info.arxiv.org/help/api/tou.html	2026-08-11	arxiv-reference/cache/g02/arxiv/QRY-019-2021_CURRENT.datefilter-invalid.xml	FAILED
REQ-G02-0112	G02	QRY-020	QRY-020-ALL	arXiv	legacy_api_query_metadata	"(all:PageRank) AND (all:NUMA OR all:pinning OR all:memory OR all:locality OR all:binding OR all:CPU OR all:affinity OR all:""mapped-versus-resident"" OR all:bytes OR all:RSS OR all:versus OR all:virtual OR all:mapping OR all:resident OR all:mapped OR all:pages OR all:calibrated OR all:safety OR all:margin OR all:upper OR all:confidence OR all:bound OR all:conservative OR all:refusal OR all:admission OR all:overshoot OR all:ceiling OR all:violation OR all:tolerance OR all:enforcement OR all:slack) AND (cat:cs.OS OR cat:cs.DC OR cat:cs.PF) AND NOT all:""virtual size as RSS"" AND NOT all:""static safety factor only"" AND NOT all:""language comparison"""	max_results=15&search_query=%28all%3APageRank%29%20AND%20%28all%3ANUMA%20OR%20all%3Apinning%20OR%20all%3Amemory%20OR%20all%3Alocality%20OR%20all%3Abinding%20OR%20all%3ACPU%20OR%20all%3Aaffinity%20OR%20all%3A%22mapped-versus-resident%22%20OR%20all%3Abytes%20OR%20all%3ARSS%20OR%20all%3Aversus%20OR%20all%3Avirtual%20OR%20all%3Amapping%20OR%20all%3Aresident%20OR%20all%3Amapped%20OR%20all%3Apages%20OR%20all%3Acalibrated%20OR%20all%3Asafety%20OR%20all%3Amargin%20OR%20all%3Aupper%20OR%20all%3Aconfidence%20OR%20all%3Abound%20OR%20all%3Aconservative%20OR%20all%3Arefusal%20OR%20all%3Aadmission%20OR%20all%3Aovershoot%20OR%20all%3Aceiling%20OR%20all%3Aviolation%20OR%20all%3Atolerance%20OR%20all%3Aenforcement%20OR%20all%3Aslack%29%20AND%20%28cat%3Acs.OS%20OR%20cat%3Acs.DC%20OR%20cat%3Acs.PF%29%20AND%20NOT%20all%3A%22virtual%20size%20as%20RSS%22%20AND%20NOT%20all%3A%22static%20safety%20factor%20only%22%20AND%20NOT%20all%3A%22language%20comparison%22&sortBy=relevance&sortOrder=descending&start=0	2026-08-11T06:50:00Z	0	200	15	06035c04f91de435ceebc504d5f711df116d37998b31098ae7175ef4b43ae1c3	KnightBusArxivPatternFoundry/0.1	MISS	1	NONE	NONE	https://info.arxiv.org/help/api/tou.html	2026-08-11	arxiv-reference/cache/g02/arxiv/QRY-020-ALL.xml	COMPLETE
REQ-G02-0113	G02	QRY-020	QRY-020-PRE2001	arXiv	legacy_api_query_metadata_invalidated_date_filter_refetch	"(all:PageRank) AND (all:NUMA OR all:pinning OR all:memory OR all:locality OR all:binding OR all:CPU OR all:affinity OR all:""mapped-versus-resident"" OR all:bytes OR all:RSS OR all:versus OR all:virtual OR all:mapping OR all:resident OR all:mapped OR all:pages OR all:calibrated OR all:safety OR all:margin OR all:upper OR all:confidence OR all:bound OR all:conservative OR all:refusal OR all:admission OR all:overshoot OR all:ceiling OR all:violation OR all:tolerance OR all:enforcement OR all:slack) AND (cat:cs.OS OR cat:cs.DC OR cat:cs.PF) AND NOT all:""virtual size as RSS"" AND NOT all:""static safety factor only"" AND NOT all:""language comparison"" AND submittedDate:[197001010000 TO 200012312359]"	max_results=15&search_query=%28all%3APageRank%29%20AND%20%28all%3ANUMA%20OR%20all%3Apinning%20OR%20all%3Amemory%20OR%20all%3Alocality%20OR%20all%3Abinding%20OR%20all%3ACPU%20OR%20all%3Aaffinity%20OR%20all%3A%22mapped-versus-resident%22%20OR%20all%3Abytes%20OR%20all%3ARSS%20OR%20all%3Aversus%20OR%20all%3Avirtual%20OR%20all%3Amapping%20OR%20all%3Aresident%20OR%20all%3Amapped%20OR%20all%3Apages%20OR%20all%3Acalibrated%20OR%20all%3Asafety%20OR%20all%3Amargin%20OR%20all%3Aupper%20OR%20all%3Aconfidence%20OR%20all%3Abound%20OR%20all%3Aconservative%20OR%20all%3Arefusal%20OR%20all%3Aadmission%20OR%20all%3Aovershoot%20OR%20all%3Aceiling%20OR%20all%3Aviolation%20OR%20all%3Atolerance%20OR%20all%3Aenforcement%20OR%20all%3Aslack%29%20AND%20%28cat%3Acs.OS%20OR%20cat%3Acs.DC%20OR%20cat%3Acs.PF%29%20AND%20NOT%20all%3A%22virtual%20size%20as%20RSS%22%20AND%20NOT%20all%3A%22static%20safety%20factor%20only%22%20AND%20NOT%20all%3A%22language%20comparison%22%20AND%20submittedDate%3A%5B197001010000%20TO%20200012312359%5D&sortBy=relevance&sortOrder=descending&start=0	2026-08-11T06:50:04Z	0	200	15	66541fb43bc7a7212855101674ca8761a9ab16ca5ea3f7dd541709cc417a4b90	KnightBusArxivPatternFoundry/0.1	MISS	1	NONE	NONE	https://info.arxiv.org/help/api/tou.html	2026-08-11	arxiv-reference/cache/g02/arxiv/QRY-020-PRE2001.datefilter-invalid.xml	FAILED
REQ-G02-0114	G02	QRY-020	QRY-020-2001_2010	arXiv	legacy_api_query_metadata_invalidated_date_filter_refetch	"(all:PageRank) AND (all:NUMA OR all:pinning OR all:memory OR all:locality OR all:binding OR all:CPU OR all:affinity OR all:""mapped-versus-resident"" OR all:bytes OR all:RSS OR all:versus OR all:virtual OR all:mapping OR all:resident OR all:mapped OR all:pages OR all:calibrated OR all:safety OR all:margin OR all:upper OR all:confidence OR all:bound OR all:conservative OR all:refusal OR all:admission OR all:overshoot OR all:ceiling OR all:violation OR all:tolerance OR all:enforcement OR all:slack) AND (cat:cs.OS OR cat:cs.DC OR cat:cs.PF) AND NOT all:""virtual size as RSS"" AND NOT all:""static safety factor only"" AND NOT all:""language comparison"" AND submittedDate:[200101010000 TO 201012312359]"	max_results=15&search_query=%28all%3APageRank%29%20AND%20%28all%3ANUMA%20OR%20all%3Apinning%20OR%20all%3Amemory%20OR%20all%3Alocality%20OR%20all%3Abinding%20OR%20all%3ACPU%20OR%20all%3Aaffinity%20OR%20all%3A%22mapped-versus-resident%22%20OR%20all%3Abytes%20OR%20all%3ARSS%20OR%20all%3Aversus%20OR%20all%3Avirtual%20OR%20all%3Amapping%20OR%20all%3Aresident%20OR%20all%3Amapped%20OR%20all%3Apages%20OR%20all%3Acalibrated%20OR%20all%3Asafety%20OR%20all%3Amargin%20OR%20all%3Aupper%20OR%20all%3Aconfidence%20OR%20all%3Abound%20OR%20all%3Aconservative%20OR%20all%3Arefusal%20OR%20all%3Aadmission%20OR%20all%3Aovershoot%20OR%20all%3Aceiling%20OR%20all%3Aviolation%20OR%20all%3Atolerance%20OR%20all%3Aenforcement%20OR%20all%3Aslack%29%20AND%20%28cat%3Acs.OS%20OR%20cat%3Acs.DC%20OR%20cat%3Acs.PF%29%20AND%20NOT%20all%3A%22virtual%20size%20as%20RSS%22%20AND%20NOT%20all%3A%22static%20safety%20factor%20only%22%20AND%20NOT%20all%3A%22language%20comparison%22%20AND%20submittedDate%3A%5B200101010000%20TO%20201012312359%5D&sortBy=relevance&sortOrder=descending&start=0	2026-08-11T06:50:09Z	0	200	15	35dd7194c8ace3d48c5d6d105bde7f0a39190d0247bb5927d834e77f9ba56448	KnightBusArxivPatternFoundry/0.1	MISS	1	NONE	NONE	https://info.arxiv.org/help/api/tou.html	2026-08-11	arxiv-reference/cache/g02/arxiv/QRY-020-2001_2010.datefilter-invalid.xml	FAILED
REQ-G02-0115	G02	QRY-020	QRY-020-2011_2020	arXiv	legacy_api_query_metadata_invalidated_date_filter_not_retried_request_cap	"(all:PageRank) AND (all:NUMA OR all:pinning OR all:memory OR all:locality OR all:binding OR all:CPU OR all:affinity OR all:""mapped-versus-resident"" OR all:bytes OR all:RSS OR all:versus OR all:virtual OR all:mapping OR all:resident OR all:mapped OR all:pages OR all:calibrated OR all:safety OR all:margin OR all:upper OR all:confidence OR all:bound OR all:conservative OR all:refusal OR all:admission OR all:overshoot OR all:ceiling OR all:violation OR all:tolerance OR all:enforcement OR all:slack) AND (cat:cs.OS OR cat:cs.DC OR cat:cs.PF) AND NOT all:""virtual size as RSS"" AND NOT all:""static safety factor only"" AND NOT all:""language comparison"" AND submittedDate:[201101010000 TO 202012312359]"	max_results=15&search_query=%28all%3APageRank%29%20AND%20%28all%3ANUMA%20OR%20all%3Apinning%20OR%20all%3Amemory%20OR%20all%3Alocality%20OR%20all%3Abinding%20OR%20all%3ACPU%20OR%20all%3Aaffinity%20OR%20all%3A%22mapped-versus-resident%22%20OR%20all%3Abytes%20OR%20all%3ARSS%20OR%20all%3Aversus%20OR%20all%3Avirtual%20OR%20all%3Amapping%20OR%20all%3Aresident%20OR%20all%3Amapped%20OR%20all%3Apages%20OR%20all%3Acalibrated%20OR%20all%3Asafety%20OR%20all%3Amargin%20OR%20all%3Aupper%20OR%20all%3Aconfidence%20OR%20all%3Abound%20OR%20all%3Aconservative%20OR%20all%3Arefusal%20OR%20all%3Aadmission%20OR%20all%3Aovershoot%20OR%20all%3Aceiling%20OR%20all%3Aviolation%20OR%20all%3Atolerance%20OR%20all%3Aenforcement%20OR%20all%3Aslack%29%20AND%20%28cat%3Acs.OS%20OR%20cat%3Acs.DC%20OR%20cat%3Acs.PF%29%20AND%20NOT%20all%3A%22virtual%20size%20as%20RSS%22%20AND%20NOT%20all%3A%22static%20safety%20factor%20only%22%20AND%20NOT%20all%3A%22language%20comparison%22%20AND%20submittedDate%3A%5B201101010000%20TO%20202012312359%5D&sortBy=relevance&sortOrder=descending&start=0	2026-08-11T06:50:14Z	0	200	15	4000a48d5907cddfbb381a8bf25b6332bac43e7164eab7bd804ac15db30d979f	KnightBusArxivPatternFoundry/0.1	MISS	1	NONE	NONE	https://info.arxiv.org/help/api/tou.html	2026-08-11	arxiv-reference/cache/g02/arxiv/QRY-020-2011_2020.datefilter-invalid.xml	FAILED
REQ-G02-0116	G02	QRY-020	QRY-020-2021_CURRENT	arXiv	legacy_api_query_metadata_invalidated_date_filter_not_retried_request_cap	"(all:PageRank) AND (all:NUMA OR all:pinning OR all:memory OR all:locality OR all:binding OR all:CPU OR all:affinity OR all:""mapped-versus-resident"" OR all:bytes OR all:RSS OR all:versus OR all:virtual OR all:mapping OR all:resident OR all:mapped OR all:pages OR all:calibrated OR all:safety OR all:margin OR all:upper OR all:confidence OR all:bound OR all:conservative OR all:refusal OR all:admission OR all:overshoot OR all:ceiling OR all:violation OR all:tolerance OR all:enforcement OR all:slack) AND (cat:cs.OS OR cat:cs.DC OR cat:cs.PF) AND NOT all:""virtual size as RSS"" AND NOT all:""static safety factor only"" AND NOT all:""language comparison"" AND submittedDate:[202101010000 TO 202608112359]"	max_results=15&search_query=%28all%3APageRank%29%20AND%20%28all%3ANUMA%20OR%20all%3Apinning%20OR%20all%3Amemory%20OR%20all%3Alocality%20OR%20all%3Abinding%20OR%20all%3ACPU%20OR%20all%3Aaffinity%20OR%20all%3A%22mapped-versus-resident%22%20OR%20all%3Abytes%20OR%20all%3ARSS%20OR%20all%3Aversus%20OR%20all%3Avirtual%20OR%20all%3Amapping%20OR%20all%3Aresident%20OR%20all%3Amapped%20OR%20all%3Apages%20OR%20all%3Acalibrated%20OR%20all%3Asafety%20OR%20all%3Amargin%20OR%20all%3Aupper%20OR%20all%3Aconfidence%20OR%20all%3Abound%20OR%20all%3Aconservative%20OR%20all%3Arefusal%20OR%20all%3Aadmission%20OR%20all%3Aovershoot%20OR%20all%3Aceiling%20OR%20all%3Aviolation%20OR%20all%3Atolerance%20OR%20all%3Aenforcement%20OR%20all%3Aslack%29%20AND%20%28cat%3Acs.OS%20OR%20cat%3Acs.DC%20OR%20cat%3Acs.PF%29%20AND%20NOT%20all%3A%22virtual%20size%20as%20RSS%22%20AND%20NOT%20all%3A%22static%20safety%20factor%20only%22%20AND%20NOT%20all%3A%22language%20comparison%22%20AND%20submittedDate%3A%5B202101010000%20TO%20202608112359%5D&sortBy=relevance&sortOrder=descending&start=0	2026-08-11T06:50:19Z	0	200	15	26b62208ac019ef00a0aca53ff0183b6ce0901ac11c17cdef129acc77bf48757	KnightBusArxivPatternFoundry/0.1	MISS	1	NONE	NONE	https://info.arxiv.org/help/api/tou.html	2026-08-11	arxiv-reference/cache/g02/arxiv/QRY-020-2021_CURRENT.datefilter-invalid.xml	FAILED
REQ-G02-0117	G02	QRY-021	QRY-021-ALL	arXiv	legacy_api_query_metadata	"(all:BFS OR all:""breadth-first search"" OR all:""bounded reachability"") AND (all:Bolt OR all:protocol OR all:compatibility OR all:Neo4j OR all:driver OR all:adapter OR all:constrained OR all:Cypher OR all:subset OR all:eligibility OR all:""adapter-only"" OR all:boundary OR all:translation OR all:edge OR all:shim OR all:""unsupported-surface"" OR all:refusal OR all:""fail-closed"" OR all:explicit OR all:unsupported OR all:error) AND (cat:cs.DB OR cat:cs.SE) AND NOT all:""full database rewrite"" AND NOT all:""parser performance only"" AND NOT all:""unrelated network protocol"""	max_results=15&search_query=%28all%3ABFS%20OR%20all%3A%22breadth-first%20search%22%20OR%20all%3A%22bounded%20reachability%22%29%20AND%20%28all%3ABolt%20OR%20all%3Aprotocol%20OR%20all%3Acompatibility%20OR%20all%3ANeo4j%20OR%20all%3Adriver%20OR%20all%3Aadapter%20OR%20all%3Aconstrained%20OR%20all%3ACypher%20OR%20all%3Asubset%20OR%20all%3Aeligibility%20OR%20all%3A%22adapter-only%22%20OR%20all%3Aboundary%20OR%20all%3Atranslation%20OR%20all%3Aedge%20OR%20all%3Ashim%20OR%20all%3A%22unsupported-surface%22%20OR%20all%3Arefusal%20OR%20all%3A%22fail-closed%22%20OR%20all%3Aexplicit%20OR%20all%3Aunsupported%20OR%20all%3Aerror%29%20AND%20%28cat%3Acs.DB%20OR%20cat%3Acs.SE%29%20AND%20NOT%20all%3A%22full%20database%20rewrite%22%20AND%20NOT%20all%3A%22parser%20performance%20only%22%20AND%20NOT%20all%3A%22unrelated%20network%20protocol%22&sortBy=relevance&sortOrder=descending&start=0	2026-08-11T06:50:24Z	0	200	15	922b7957fea7158e416b3cc5de35a19703d01f90b874030fe0f0053ef20f9dc0	KnightBusArxivPatternFoundry/0.1	MISS	1	NONE	NONE	https://info.arxiv.org/help/api/tou.html	2026-08-11	arxiv-reference/cache/g02/arxiv/QRY-021-ALL.xml	COMPLETE
REQ-G02-0118	G02	QRY-021	QRY-021-PRE2001	arXiv	legacy_api_query_metadata_invalidated_date_filter_refetch	"(all:BFS OR all:""breadth-first search"" OR all:""bounded reachability"") AND (all:Bolt OR all:protocol OR all:compatibility OR all:Neo4j OR all:driver OR all:adapter OR all:constrained OR all:Cypher OR all:subset OR all:eligibility OR all:""adapter-only"" OR all:boundary OR all:translation OR all:edge OR all:shim OR all:""unsupported-surface"" OR all:refusal OR all:""fail-closed"" OR all:explicit OR all:unsupported OR all:error) AND (cat:cs.DB OR cat:cs.SE) AND NOT all:""full database rewrite"" AND NOT all:""parser performance only"" AND NOT all:""unrelated network protocol"" AND submittedDate:[197001010000 TO 200012312359]"	max_results=15&search_query=%28all%3ABFS%20OR%20all%3A%22breadth-first%20search%22%20OR%20all%3A%22bounded%20reachability%22%29%20AND%20%28all%3ABolt%20OR%20all%3Aprotocol%20OR%20all%3Acompatibility%20OR%20all%3ANeo4j%20OR%20all%3Adriver%20OR%20all%3Aadapter%20OR%20all%3Aconstrained%20OR%20all%3ACypher%20OR%20all%3Asubset%20OR%20all%3Aeligibility%20OR%20all%3A%22adapter-only%22%20OR%20all%3Aboundary%20OR%20all%3Atranslation%20OR%20all%3Aedge%20OR%20all%3Ashim%20OR%20all%3A%22unsupported-surface%22%20OR%20all%3Arefusal%20OR%20all%3A%22fail-closed%22%20OR%20all%3Aexplicit%20OR%20all%3Aunsupported%20OR%20all%3Aerror%29%20AND%20%28cat%3Acs.DB%20OR%20cat%3Acs.SE%29%20AND%20NOT%20all%3A%22full%20database%20rewrite%22%20AND%20NOT%20all%3A%22parser%20performance%20only%22%20AND%20NOT%20all%3A%22unrelated%20network%20protocol%22%20AND%20submittedDate%3A%5B197001010000%20TO%20200012312359%5D&sortBy=relevance&sortOrder=descending&start=0	2026-08-11T06:50:29Z	0	200	15	9b1e0472efe51d4e6d6decc26b58e3fa47ccd6f3546aa7120df91051f0db4732	KnightBusArxivPatternFoundry/0.1	MISS	1	NONE	NONE	https://info.arxiv.org/help/api/tou.html	2026-08-11	arxiv-reference/cache/g02/arxiv/QRY-021-PRE2001.datefilter-invalid.xml	FAILED
REQ-G02-0119	G02	QRY-021	QRY-021-2001_2010	arXiv	legacy_api_query_metadata_invalidated_date_filter_refetch	"(all:BFS OR all:""breadth-first search"" OR all:""bounded reachability"") AND (all:Bolt OR all:protocol OR all:compatibility OR all:Neo4j OR all:driver OR all:adapter OR all:constrained OR all:Cypher OR all:subset OR all:eligibility OR all:""adapter-only"" OR all:boundary OR all:translation OR all:edge OR all:shim OR all:""unsupported-surface"" OR all:refusal OR all:""fail-closed"" OR all:explicit OR all:unsupported OR all:error) AND (cat:cs.DB OR cat:cs.SE) AND NOT all:""full database rewrite"" AND NOT all:""parser performance only"" AND NOT all:""unrelated network protocol"" AND submittedDate:[200101010000 TO 201012312359]"	max_results=15&search_query=%28all%3ABFS%20OR%20all%3A%22breadth-first%20search%22%20OR%20all%3A%22bounded%20reachability%22%29%20AND%20%28all%3ABolt%20OR%20all%3Aprotocol%20OR%20all%3Acompatibility%20OR%20all%3ANeo4j%20OR%20all%3Adriver%20OR%20all%3Aadapter%20OR%20all%3Aconstrained%20OR%20all%3ACypher%20OR%20all%3Asubset%20OR%20all%3Aeligibility%20OR%20all%3A%22adapter-only%22%20OR%20all%3Aboundary%20OR%20all%3Atranslation%20OR%20all%3Aedge%20OR%20all%3Ashim%20OR%20all%3A%22unsupported-surface%22%20OR%20all%3Arefusal%20OR%20all%3A%22fail-closed%22%20OR%20all%3Aexplicit%20OR%20all%3Aunsupported%20OR%20all%3Aerror%29%20AND%20%28cat%3Acs.DB%20OR%20cat%3Acs.SE%29%20AND%20NOT%20all%3A%22full%20database%20rewrite%22%20AND%20NOT%20all%3A%22parser%20performance%20only%22%20AND%20NOT%20all%3A%22unrelated%20network%20protocol%22%20AND%20submittedDate%3A%5B200101010000%20TO%20201012312359%5D&sortBy=relevance&sortOrder=descending&start=0	2026-08-11T06:50:34Z	0	200	15	c08e0143163d1a2b9ab8ad81ee3fb8d78cb358cfa2eb0429210f3e5c530ab33b	KnightBusArxivPatternFoundry/0.1	MISS	1	NONE	NONE	https://info.arxiv.org/help/api/tou.html	2026-08-11	arxiv-reference/cache/g02/arxiv/QRY-021-2001_2010.datefilter-invalid.xml	FAILED
REQ-G02-0120	G02	QRY-021	QRY-021-2011_2020	arXiv	legacy_api_query_metadata_invalidated_date_filter_not_retried_request_cap	"(all:BFS OR all:""breadth-first search"" OR all:""bounded reachability"") AND (all:Bolt OR all:protocol OR all:compatibility OR all:Neo4j OR all:driver OR all:adapter OR all:constrained OR all:Cypher OR all:subset OR all:eligibility OR all:""adapter-only"" OR all:boundary OR all:translation OR all:edge OR all:shim OR all:""unsupported-surface"" OR all:refusal OR all:""fail-closed"" OR all:explicit OR all:unsupported OR all:error) AND (cat:cs.DB OR cat:cs.SE) AND NOT all:""full database rewrite"" AND NOT all:""parser performance only"" AND NOT all:""unrelated network protocol"" AND submittedDate:[201101010000 TO 202012312359]"	max_results=15&search_query=%28all%3ABFS%20OR%20all%3A%22breadth-first%20search%22%20OR%20all%3A%22bounded%20reachability%22%29%20AND%20%28all%3ABolt%20OR%20all%3Aprotocol%20OR%20all%3Acompatibility%20OR%20all%3ANeo4j%20OR%20all%3Adriver%20OR%20all%3Aadapter%20OR%20all%3Aconstrained%20OR%20all%3ACypher%20OR%20all%3Asubset%20OR%20all%3Aeligibility%20OR%20all%3A%22adapter-only%22%20OR%20all%3Aboundary%20OR%20all%3Atranslation%20OR%20all%3Aedge%20OR%20all%3Ashim%20OR%20all%3A%22unsupported-surface%22%20OR%20all%3Arefusal%20OR%20all%3A%22fail-closed%22%20OR%20all%3Aexplicit%20OR%20all%3Aunsupported%20OR%20all%3Aerror%29%20AND%20%28cat%3Acs.DB%20OR%20cat%3Acs.SE%29%20AND%20NOT%20all%3A%22full%20database%20rewrite%22%20AND%20NOT%20all%3A%22parser%20performance%20only%22%20AND%20NOT%20all%3A%22unrelated%20network%20protocol%22%20AND%20submittedDate%3A%5B201101010000%20TO%20202012312359%5D&sortBy=relevance&sortOrder=descending&start=0	2026-08-11T06:50:38Z	0	200	15	e75b234bd087429ff58c08d4fae0c024b4b10d4c458f026bc537362c88b92af9	KnightBusArxivPatternFoundry/0.1	MISS	1	NONE	NONE	https://info.arxiv.org/help/api/tou.html	2026-08-11	arxiv-reference/cache/g02/arxiv/QRY-021-2011_2020.datefilter-invalid.xml	FAILED
REQ-G02-0121	G02	QRY-021	QRY-021-2021_CURRENT	arXiv	legacy_api_query_metadata_invalidated_date_filter_not_retried_request_cap	"(all:BFS OR all:""breadth-first search"" OR all:""bounded reachability"") AND (all:Bolt OR all:protocol OR all:compatibility OR all:Neo4j OR all:driver OR all:adapter OR all:constrained OR all:Cypher OR all:subset OR all:eligibility OR all:""adapter-only"" OR all:boundary OR all:translation OR all:edge OR all:shim OR all:""unsupported-surface"" OR all:refusal OR all:""fail-closed"" OR all:explicit OR all:unsupported OR all:error) AND (cat:cs.DB OR cat:cs.SE) AND NOT all:""full database rewrite"" AND NOT all:""parser performance only"" AND NOT all:""unrelated network protocol"" AND submittedDate:[202101010000 TO 202608112359]"	max_results=15&search_query=%28all%3ABFS%20OR%20all%3A%22breadth-first%20search%22%20OR%20all%3A%22bounded%20reachability%22%29%20AND%20%28all%3ABolt%20OR%20all%3Aprotocol%20OR%20all%3Acompatibility%20OR%20all%3ANeo4j%20OR%20all%3Adriver%20OR%20all%3Aadapter%20OR%20all%3Aconstrained%20OR%20all%3ACypher%20OR%20all%3Asubset%20OR%20all%3Aeligibility%20OR%20all%3A%22adapter-only%22%20OR%20all%3Aboundary%20OR%20all%3Atranslation%20OR%20all%3Aedge%20OR%20all%3Ashim%20OR%20all%3A%22unsupported-surface%22%20OR%20all%3Arefusal%20OR%20all%3A%22fail-closed%22%20OR%20all%3Aexplicit%20OR%20all%3Aunsupported%20OR%20all%3Aerror%29%20AND%20%28cat%3Acs.DB%20OR%20cat%3Acs.SE%29%20AND%20NOT%20all%3A%22full%20database%20rewrite%22%20AND%20NOT%20all%3A%22parser%20performance%20only%22%20AND%20NOT%20all%3A%22unrelated%20network%20protocol%22%20AND%20submittedDate%3A%5B202101010000%20TO%20202608112359%5D&sortBy=relevance&sortOrder=descending&start=0	2026-08-11T06:50:43Z	0	200	15	fa4d4e7c773c98e0083e5fecf4a368b19c3e09e0eec5d677087e7230efe438c0	KnightBusArxivPatternFoundry/0.1	MISS	1	NONE	NONE	https://info.arxiv.org/help/api/tou.html	2026-08-11	arxiv-reference/cache/g02/arxiv/QRY-021-2021_CURRENT.datefilter-invalid.xml	FAILED
REQ-G02-0122	G02	QRY-022	QRY-022-ALL	arXiv	legacy_api_query_metadata	"(all:WCC OR all:""connected components"") AND (all:GDS OR all:procedure OR all:surface OR all:data OR all:science OR all:API OR all:registry OR all:differential OR all:oracle OR all:behavioral OR all:parity OR all:test OR all:""reference-engine"" OR all:comparison OR all:stream OR all:stats OR all:mutate OR all:write OR all:modes OR all:execution OR all:result OR all:projection OR all:semantics OR all:logical OR all:view) AND (cat:cs.DB OR cat:cs.SE OR cat:cs.DS) AND NOT all:""API inventory only"" AND NOT all:""transaction kernel internals"" AND NOT all:""no behavioral oracle"""	max_results=15&search_query=%28all%3AWCC%20OR%20all%3A%22connected%20components%22%29%20AND%20%28all%3AGDS%20OR%20all%3Aprocedure%20OR%20all%3Asurface%20OR%20all%3Adata%20OR%20all%3Ascience%20OR%20all%3AAPI%20OR%20all%3Aregistry%20OR%20all%3Adifferential%20OR%20all%3Aoracle%20OR%20all%3Abehavioral%20OR%20all%3Aparity%20OR%20all%3Atest%20OR%20all%3A%22reference-engine%22%20OR%20all%3Acomparison%20OR%20all%3Astream%20OR%20all%3Astats%20OR%20all%3Amutate%20OR%20all%3Awrite%20OR%20all%3Amodes%20OR%20all%3Aexecution%20OR%20all%3Aresult%20OR%20all%3Aprojection%20OR%20all%3Asemantics%20OR%20all%3Alogical%20OR%20all%3Aview%29%20AND%20%28cat%3Acs.DB%20OR%20cat%3Acs.SE%20OR%20cat%3Acs.DS%29%20AND%20NOT%20all%3A%22API%20inventory%20only%22%20AND%20NOT%20all%3A%22transaction%20kernel%20internals%22%20AND%20NOT%20all%3A%22no%20behavioral%20oracle%22&sortBy=relevance&sortOrder=descending&start=0	2026-08-11T06:50:48Z	0	200	15	1d280382579f326587a91bd59cbd89ff35b25c514b98bc2a237d905a33636faf	KnightBusArxivPatternFoundry/0.1	MISS	1	NONE	NONE	https://info.arxiv.org/help/api/tou.html	2026-08-11	arxiv-reference/cache/g02/arxiv/QRY-022-ALL.xml	COMPLETE
REQ-G02-0123	G02	QRY-022	QRY-022-PRE2001	arXiv	legacy_api_query_metadata_invalidated_date_filter_refetch	"(all:WCC OR all:""connected components"") AND (all:GDS OR all:procedure OR all:surface OR all:data OR all:science OR all:API OR all:registry OR all:differential OR all:oracle OR all:behavioral OR all:parity OR all:test OR all:""reference-engine"" OR all:comparison OR all:stream OR all:stats OR all:mutate OR all:write OR all:modes OR all:execution OR all:result OR all:projection OR all:semantics OR all:logical OR all:view) AND (cat:cs.DB OR cat:cs.SE OR cat:cs.DS) AND NOT all:""API inventory only"" AND NOT all:""transaction kernel internals"" AND NOT all:""no behavioral oracle"" AND submittedDate:[197001010000 TO 200012312359]"	max_results=15&search_query=%28all%3AWCC%20OR%20all%3A%22connected%20components%22%29%20AND%20%28all%3AGDS%20OR%20all%3Aprocedure%20OR%20all%3Asurface%20OR%20all%3Adata%20OR%20all%3Ascience%20OR%20all%3AAPI%20OR%20all%3Aregistry%20OR%20all%3Adifferential%20OR%20all%3Aoracle%20OR%20all%3Abehavioral%20OR%20all%3Aparity%20OR%20all%3Atest%20OR%20all%3A%22reference-engine%22%20OR%20all%3Acomparison%20OR%20all%3Astream%20OR%20all%3Astats%20OR%20all%3Amutate%20OR%20all%3Awrite%20OR%20all%3Amodes%20OR%20all%3Aexecution%20OR%20all%3Aresult%20OR%20all%3Aprojection%20OR%20all%3Asemantics%20OR%20all%3Alogical%20OR%20all%3Aview%29%20AND%20%28cat%3Acs.DB%20OR%20cat%3Acs.SE%20OR%20cat%3Acs.DS%29%20AND%20NOT%20all%3A%22API%20inventory%20only%22%20AND%20NOT%20all%3A%22transaction%20kernel%20internals%22%20AND%20NOT%20all%3A%22no%20behavioral%20oracle%22%20AND%20submittedDate%3A%5B197001010000%20TO%20200012312359%5D&sortBy=relevance&sortOrder=descending&start=0	2026-08-11T06:50:53Z	0	200	15	ad4f027d1e4e234b0aba6a0edfb60573a66c7baa89be54e19386cca2226cf4be	KnightBusArxivPatternFoundry/0.1	MISS	1	NONE	NONE	https://info.arxiv.org/help/api/tou.html	2026-08-11	arxiv-reference/cache/g02/arxiv/QRY-022-PRE2001.datefilter-invalid.xml	FAILED
REQ-G02-0124	G02	QRY-022	QRY-022-2001_2010	arXiv	legacy_api_query_metadata_invalidated_date_filter_refetch	"(all:WCC OR all:""connected components"") AND (all:GDS OR all:procedure OR all:surface OR all:data OR all:science OR all:API OR all:registry OR all:differential OR all:oracle OR all:behavioral OR all:parity OR all:test OR all:""reference-engine"" OR all:comparison OR all:stream OR all:stats OR all:mutate OR all:write OR all:modes OR all:execution OR all:result OR all:projection OR all:semantics OR all:logical OR all:view) AND (cat:cs.DB OR cat:cs.SE OR cat:cs.DS) AND NOT all:""API inventory only"" AND NOT all:""transaction kernel internals"" AND NOT all:""no behavioral oracle"" AND submittedDate:[200101010000 TO 201012312359]"	max_results=15&search_query=%28all%3AWCC%20OR%20all%3A%22connected%20components%22%29%20AND%20%28all%3AGDS%20OR%20all%3Aprocedure%20OR%20all%3Asurface%20OR%20all%3Adata%20OR%20all%3Ascience%20OR%20all%3AAPI%20OR%20all%3Aregistry%20OR%20all%3Adifferential%20OR%20all%3Aoracle%20OR%20all%3Abehavioral%20OR%20all%3Aparity%20OR%20all%3Atest%20OR%20all%3A%22reference-engine%22%20OR%20all%3Acomparison%20OR%20all%3Astream%20OR%20all%3Astats%20OR%20all%3Amutate%20OR%20all%3Awrite%20OR%20all%3Amodes%20OR%20all%3Aexecution%20OR%20all%3Aresult%20OR%20all%3Aprojection%20OR%20all%3Asemantics%20OR%20all%3Alogical%20OR%20all%3Aview%29%20AND%20%28cat%3Acs.DB%20OR%20cat%3Acs.SE%20OR%20cat%3Acs.DS%29%20AND%20NOT%20all%3A%22API%20inventory%20only%22%20AND%20NOT%20all%3A%22transaction%20kernel%20internals%22%20AND%20NOT%20all%3A%22no%20behavioral%20oracle%22%20AND%20submittedDate%3A%5B200101010000%20TO%20201012312359%5D&sortBy=relevance&sortOrder=descending&start=0	2026-08-11T06:50:58Z	0	200	15	53c53ec8a68a295dcaa9814364a03bde240d04803fd4ac11b64cfd54e824b8a8	KnightBusArxivPatternFoundry/0.1	MISS	1	NONE	NONE	https://info.arxiv.org/help/api/tou.html	2026-08-11	arxiv-reference/cache/g02/arxiv/QRY-022-2001_2010.datefilter-invalid.xml	FAILED
REQ-G02-0125	G02	QRY-022	QRY-022-2011_2020	arXiv	legacy_api_query_metadata_invalidated_date_filter_not_retried_request_cap	"(all:WCC OR all:""connected components"") AND (all:GDS OR all:procedure OR all:surface OR all:data OR all:science OR all:API OR all:registry OR all:differential OR all:oracle OR all:behavioral OR all:parity OR all:test OR all:""reference-engine"" OR all:comparison OR all:stream OR all:stats OR all:mutate OR all:write OR all:modes OR all:execution OR all:result OR all:projection OR all:semantics OR all:logical OR all:view) AND (cat:cs.DB OR cat:cs.SE OR cat:cs.DS) AND NOT all:""API inventory only"" AND NOT all:""transaction kernel internals"" AND NOT all:""no behavioral oracle"" AND submittedDate:[201101010000 TO 202012312359]"	max_results=15&search_query=%28all%3AWCC%20OR%20all%3A%22connected%20components%22%29%20AND%20%28all%3AGDS%20OR%20all%3Aprocedure%20OR%20all%3Asurface%20OR%20all%3Adata%20OR%20all%3Ascience%20OR%20all%3AAPI%20OR%20all%3Aregistry%20OR%20all%3Adifferential%20OR%20all%3Aoracle%20OR%20all%3Abehavioral%20OR%20all%3Aparity%20OR%20all%3Atest%20OR%20all%3A%22reference-engine%22%20OR%20all%3Acomparison%20OR%20all%3Astream%20OR%20all%3Astats%20OR%20all%3Amutate%20OR%20all%3Awrite%20OR%20all%3Amodes%20OR%20all%3Aexecution%20OR%20all%3Aresult%20OR%20all%3Aprojection%20OR%20all%3Asemantics%20OR%20all%3Alogical%20OR%20all%3Aview%29%20AND%20%28cat%3Acs.DB%20OR%20cat%3Acs.SE%20OR%20cat%3Acs.DS%29%20AND%20NOT%20all%3A%22API%20inventory%20only%22%20AND%20NOT%20all%3A%22transaction%20kernel%20internals%22%20AND%20NOT%20all%3A%22no%20behavioral%20oracle%22%20AND%20submittedDate%3A%5B201101010000%20TO%20202012312359%5D&sortBy=relevance&sortOrder=descending&start=0	2026-08-11T06:51:03Z	0	200	15	1d6205a63a32b6ea1a02332cc327a5528b94f8ce4612502087106066ffa4cd79	KnightBusArxivPatternFoundry/0.1	MISS	1	NONE	NONE	https://info.arxiv.org/help/api/tou.html	2026-08-11	arxiv-reference/cache/g02/arxiv/QRY-022-2011_2020.datefilter-invalid.xml	FAILED
REQ-G02-0126	G02	QRY-022	QRY-022-2021_CURRENT	arXiv	legacy_api_query_metadata_invalidated_date_filter_not_retried_request_cap	"(all:WCC OR all:""connected components"") AND (all:GDS OR all:procedure OR all:surface OR all:data OR all:science OR all:API OR all:registry OR all:differential OR all:oracle OR all:behavioral OR all:parity OR all:test OR all:""reference-engine"" OR all:comparison OR all:stream OR all:stats OR all:mutate OR all:write OR all:modes OR all:execution OR all:result OR all:projection OR all:semantics OR all:logical OR all:view) AND (cat:cs.DB OR cat:cs.SE OR cat:cs.DS) AND NOT all:""API inventory only"" AND NOT all:""transaction kernel internals"" AND NOT all:""no behavioral oracle"" AND submittedDate:[202101010000 TO 202608112359]"	max_results=15&search_query=%28all%3AWCC%20OR%20all%3A%22connected%20components%22%29%20AND%20%28all%3AGDS%20OR%20all%3Aprocedure%20OR%20all%3Asurface%20OR%20all%3Adata%20OR%20all%3Ascience%20OR%20all%3AAPI%20OR%20all%3Aregistry%20OR%20all%3Adifferential%20OR%20all%3Aoracle%20OR%20all%3Abehavioral%20OR%20all%3Aparity%20OR%20all%3Atest%20OR%20all%3A%22reference-engine%22%20OR%20all%3Acomparison%20OR%20all%3Astream%20OR%20all%3Astats%20OR%20all%3Amutate%20OR%20all%3Awrite%20OR%20all%3Amodes%20OR%20all%3Aexecution%20OR%20all%3Aresult%20OR%20all%3Aprojection%20OR%20all%3Asemantics%20OR%20all%3Alogical%20OR%20all%3Aview%29%20AND%20%28cat%3Acs.DB%20OR%20cat%3Acs.SE%20OR%20cat%3Acs.DS%29%20AND%20NOT%20all%3A%22API%20inventory%20only%22%20AND%20NOT%20all%3A%22transaction%20kernel%20internals%22%20AND%20NOT%20all%3A%22no%20behavioral%20oracle%22%20AND%20submittedDate%3A%5B202101010000%20TO%20202608112359%5D&sortBy=relevance&sortOrder=descending&start=0	2026-08-11T06:51:08Z	0	200	15	23653ce625ba72f5f9421b485308834bfdca41a2c314775d3e83f3da65bd794a	KnightBusArxivPatternFoundry/0.1	MISS	1	NONE	NONE	https://info.arxiv.org/help/api/tou.html	2026-08-11	arxiv-reference/cache/g02/arxiv/QRY-022-2021_CURRENT.datefilter-invalid.xml	FAILED
REQ-G02-0127	G02	QRY-023	QRY-023-ALL	arXiv	legacy_api_query_metadata	"(all:WCC OR all:""connected components"") AND (all:""proof-carrying"" OR all:execution OR all:receipt OR all:verifiable OR all:run OR all:certificate OR all:before OR all:during OR all:after OR all:preflight OR all:runtime OR all:terminal OR all:phase OR all:independent OR all:mathematical OR all:oracle OR all:""hand-checkable"" OR all:reference OR all:epistemically OR all:metamorphic OR all:invariants OR all:""property-based"" OR all:tests OR all:""relation-preserving"" OR all:transformations) AND (cat:cs.SE OR cat:cs.DS OR cat:cs.DC) AND NOT all:""blockchain proof only"" AND NOT all:""observability without oracle"" AND NOT all:""benchmark narrative"""	max_results=15&search_query=%28all%3AWCC%20OR%20all%3A%22connected%20components%22%29%20AND%20%28all%3A%22proof-carrying%22%20OR%20all%3Aexecution%20OR%20all%3Areceipt%20OR%20all%3Averifiable%20OR%20all%3Arun%20OR%20all%3Acertificate%20OR%20all%3Abefore%20OR%20all%3Aduring%20OR%20all%3Aafter%20OR%20all%3Apreflight%20OR%20all%3Aruntime%20OR%20all%3Aterminal%20OR%20all%3Aphase%20OR%20all%3Aindependent%20OR%20all%3Amathematical%20OR%20all%3Aoracle%20OR%20all%3A%22hand-checkable%22%20OR%20all%3Areference%20OR%20all%3Aepistemically%20OR%20all%3Ametamorphic%20OR%20all%3Ainvariants%20OR%20all%3A%22property-based%22%20OR%20all%3Atests%20OR%20all%3A%22relation-preserving%22%20OR%20all%3Atransformations%29%20AND%20%28cat%3Acs.SE%20OR%20cat%3Acs.DS%20OR%20cat%3Acs.DC%29%20AND%20NOT%20all%3A%22blockchain%20proof%20only%22%20AND%20NOT%20all%3A%22observability%20without%20oracle%22%20AND%20NOT%20all%3A%22benchmark%20narrative%22&sortBy=relevance&sortOrder=descending&start=0	2026-08-11T06:51:13Z	0	200	15	2e110b04497c6179d3b5c23987807c8dafa860474aac8e7da82df66c0b9a8fbd	KnightBusArxivPatternFoundry/0.1	MISS	1	NONE	NONE	https://info.arxiv.org/help/api/tou.html	2026-08-11	arxiv-reference/cache/g02/arxiv/QRY-023-ALL.xml	COMPLETE
REQ-G02-0128	G02	QRY-023	QRY-023-PRE2001	arXiv	legacy_api_query_metadata_invalidated_date_filter_refetch	"(all:WCC OR all:""connected components"") AND (all:""proof-carrying"" OR all:execution OR all:receipt OR all:verifiable OR all:run OR all:certificate OR all:before OR all:during OR all:after OR all:preflight OR all:runtime OR all:terminal OR all:phase OR all:independent OR all:mathematical OR all:oracle OR all:""hand-checkable"" OR all:reference OR all:epistemically OR all:metamorphic OR all:invariants OR all:""property-based"" OR all:tests OR all:""relation-preserving"" OR all:transformations) AND (cat:cs.SE OR cat:cs.DS OR cat:cs.DC) AND NOT all:""blockchain proof only"" AND NOT all:""observability without oracle"" AND NOT all:""benchmark narrative"" AND submittedDate:[197001010000 TO 200012312359]"	max_results=15&search_query=%28all%3AWCC%20OR%20all%3A%22connected%20components%22%29%20AND%20%28all%3A%22proof-carrying%22%20OR%20all%3Aexecution%20OR%20all%3Areceipt%20OR%20all%3Averifiable%20OR%20all%3Arun%20OR%20all%3Acertificate%20OR%20all%3Abefore%20OR%20all%3Aduring%20OR%20all%3Aafter%20OR%20all%3Apreflight%20OR%20all%3Aruntime%20OR%20all%3Aterminal%20OR%20all%3Aphase%20OR%20all%3Aindependent%20OR%20all%3Amathematical%20OR%20all%3Aoracle%20OR%20all%3A%22hand-checkable%22%20OR%20all%3Areference%20OR%20all%3Aepistemically%20OR%20all%3Ametamorphic%20OR%20all%3Ainvariants%20OR%20all%3A%22property-based%22%20OR%20all%3Atests%20OR%20all%3A%22relation-preserving%22%20OR%20all%3Atransformations%29%20AND%20%28cat%3Acs.SE%20OR%20cat%3Acs.DS%20OR%20cat%3Acs.DC%29%20AND%20NOT%20all%3A%22blockchain%20proof%20only%22%20AND%20NOT%20all%3A%22observability%20without%20oracle%22%20AND%20NOT%20all%3A%22benchmark%20narrative%22%20AND%20submittedDate%3A%5B197001010000%20TO%20200012312359%5D&sortBy=relevance&sortOrder=descending&start=0	2026-08-11T06:51:18Z	0	200	15	aa68a9e6270e2efb2d6afa998e9e4eabfe7180f1bd4e01a808315fe877aac6c8	KnightBusArxivPatternFoundry/0.1	MISS	1	NONE	NONE	https://info.arxiv.org/help/api/tou.html	2026-08-11	arxiv-reference/cache/g02/arxiv/QRY-023-PRE2001.datefilter-invalid.xml	FAILED
REQ-G02-0129	G02	QRY-023	QRY-023-2001_2010	arXiv	legacy_api_query_metadata_invalidated_date_filter_refetch	"(all:WCC OR all:""connected components"") AND (all:""proof-carrying"" OR all:execution OR all:receipt OR all:verifiable OR all:run OR all:certificate OR all:before OR all:during OR all:after OR all:preflight OR all:runtime OR all:terminal OR all:phase OR all:independent OR all:mathematical OR all:oracle OR all:""hand-checkable"" OR all:reference OR all:epistemically OR all:metamorphic OR all:invariants OR all:""property-based"" OR all:tests OR all:""relation-preserving"" OR all:transformations) AND (cat:cs.SE OR cat:cs.DS OR cat:cs.DC) AND NOT all:""blockchain proof only"" AND NOT all:""observability without oracle"" AND NOT all:""benchmark narrative"" AND submittedDate:[200101010000 TO 201012312359]"	max_results=15&search_query=%28all%3AWCC%20OR%20all%3A%22connected%20components%22%29%20AND%20%28all%3A%22proof-carrying%22%20OR%20all%3Aexecution%20OR%20all%3Areceipt%20OR%20all%3Averifiable%20OR%20all%3Arun%20OR%20all%3Acertificate%20OR%20all%3Abefore%20OR%20all%3Aduring%20OR%20all%3Aafter%20OR%20all%3Apreflight%20OR%20all%3Aruntime%20OR%20all%3Aterminal%20OR%20all%3Aphase%20OR%20all%3Aindependent%20OR%20all%3Amathematical%20OR%20all%3Aoracle%20OR%20all%3A%22hand-checkable%22%20OR%20all%3Areference%20OR%20all%3Aepistemically%20OR%20all%3Ametamorphic%20OR%20all%3Ainvariants%20OR%20all%3A%22property-based%22%20OR%20all%3Atests%20OR%20all%3A%22relation-preserving%22%20OR%20all%3Atransformations%29%20AND%20%28cat%3Acs.SE%20OR%20cat%3Acs.DS%20OR%20cat%3Acs.DC%29%20AND%20NOT%20all%3A%22blockchain%20proof%20only%22%20AND%20NOT%20all%3A%22observability%20without%20oracle%22%20AND%20NOT%20all%3A%22benchmark%20narrative%22%20AND%20submittedDate%3A%5B200101010000%20TO%20201012312359%5D&sortBy=relevance&sortOrder=descending&start=0	2026-08-11T06:51:23Z	0	200	15	3a8a7a5af4abfa0a8993e39b3cef1d65f32f488d8bb25cfab3c0d77df1992dcc	KnightBusArxivPatternFoundry/0.1	MISS	1	NONE	NONE	https://info.arxiv.org/help/api/tou.html	2026-08-11	arxiv-reference/cache/g02/arxiv/QRY-023-2001_2010.datefilter-invalid.xml	FAILED
REQ-G02-0130	G02	QRY-023	QRY-023-2011_2020	arXiv	legacy_api_query_metadata_invalidated_date_filter_not_retried_request_cap	"(all:WCC OR all:""connected components"") AND (all:""proof-carrying"" OR all:execution OR all:receipt OR all:verifiable OR all:run OR all:certificate OR all:before OR all:during OR all:after OR all:preflight OR all:runtime OR all:terminal OR all:phase OR all:independent OR all:mathematical OR all:oracle OR all:""hand-checkable"" OR all:reference OR all:epistemically OR all:metamorphic OR all:invariants OR all:""property-based"" OR all:tests OR all:""relation-preserving"" OR all:transformations) AND (cat:cs.SE OR cat:cs.DS OR cat:cs.DC) AND NOT all:""blockchain proof only"" AND NOT all:""observability without oracle"" AND NOT all:""benchmark narrative"" AND submittedDate:[201101010000 TO 202012312359]"	max_results=15&search_query=%28all%3AWCC%20OR%20all%3A%22connected%20components%22%29%20AND%20%28all%3A%22proof-carrying%22%20OR%20all%3Aexecution%20OR%20all%3Areceipt%20OR%20all%3Averifiable%20OR%20all%3Arun%20OR%20all%3Acertificate%20OR%20all%3Abefore%20OR%20all%3Aduring%20OR%20all%3Aafter%20OR%20all%3Apreflight%20OR%20all%3Aruntime%20OR%20all%3Aterminal%20OR%20all%3Aphase%20OR%20all%3Aindependent%20OR%20all%3Amathematical%20OR%20all%3Aoracle%20OR%20all%3A%22hand-checkable%22%20OR%20all%3Areference%20OR%20all%3Aepistemically%20OR%20all%3Ametamorphic%20OR%20all%3Ainvariants%20OR%20all%3A%22property-based%22%20OR%20all%3Atests%20OR%20all%3A%22relation-preserving%22%20OR%20all%3Atransformations%29%20AND%20%28cat%3Acs.SE%20OR%20cat%3Acs.DS%20OR%20cat%3Acs.DC%29%20AND%20NOT%20all%3A%22blockchain%20proof%20only%22%20AND%20NOT%20all%3A%22observability%20without%20oracle%22%20AND%20NOT%20all%3A%22benchmark%20narrative%22%20AND%20submittedDate%3A%5B201101010000%20TO%20202012312359%5D&sortBy=relevance&sortOrder=descending&start=0	2026-08-11T06:51:28Z	0	200	15	529f95bbc130058d1fe79eeb38c32be998ae4021b0577e0a76a9dadd84c37b92	KnightBusArxivPatternFoundry/0.1	MISS	1	NONE	NONE	https://info.arxiv.org/help/api/tou.html	2026-08-11	arxiv-reference/cache/g02/arxiv/QRY-023-2011_2020.datefilter-invalid.xml	FAILED
REQ-G02-0131	G02	QRY-023	QRY-023-2021_CURRENT	arXiv	legacy_api_query_metadata_invalidated_date_filter_not_retried_request_cap	"(all:WCC OR all:""connected components"") AND (all:""proof-carrying"" OR all:execution OR all:receipt OR all:verifiable OR all:run OR all:certificate OR all:before OR all:during OR all:after OR all:preflight OR all:runtime OR all:terminal OR all:phase OR all:independent OR all:mathematical OR all:oracle OR all:""hand-checkable"" OR all:reference OR all:epistemically OR all:metamorphic OR all:invariants OR all:""property-based"" OR all:tests OR all:""relation-preserving"" OR all:transformations) AND (cat:cs.SE OR cat:cs.DS OR cat:cs.DC) AND NOT all:""blockchain proof only"" AND NOT all:""observability without oracle"" AND NOT all:""benchmark narrative"" AND submittedDate:[202101010000 TO 202608112359]"	max_results=15&search_query=%28all%3AWCC%20OR%20all%3A%22connected%20components%22%29%20AND%20%28all%3A%22proof-carrying%22%20OR%20all%3Aexecution%20OR%20all%3Areceipt%20OR%20all%3Averifiable%20OR%20all%3Arun%20OR%20all%3Acertificate%20OR%20all%3Abefore%20OR%20all%3Aduring%20OR%20all%3Aafter%20OR%20all%3Apreflight%20OR%20all%3Aruntime%20OR%20all%3Aterminal%20OR%20all%3Aphase%20OR%20all%3Aindependent%20OR%20all%3Amathematical%20OR%20all%3Aoracle%20OR%20all%3A%22hand-checkable%22%20OR%20all%3Areference%20OR%20all%3Aepistemically%20OR%20all%3Ametamorphic%20OR%20all%3Ainvariants%20OR%20all%3A%22property-based%22%20OR%20all%3Atests%20OR%20all%3A%22relation-preserving%22%20OR%20all%3Atransformations%29%20AND%20%28cat%3Acs.SE%20OR%20cat%3Acs.DS%20OR%20cat%3Acs.DC%29%20AND%20NOT%20all%3A%22blockchain%20proof%20only%22%20AND%20NOT%20all%3A%22observability%20without%20oracle%22%20AND%20NOT%20all%3A%22benchmark%20narrative%22%20AND%20submittedDate%3A%5B202101010000%20TO%20202608112359%5D&sortBy=relevance&sortOrder=descending&start=0	2026-08-11T06:51:33Z	0	200	15	79aeb6d43edb7eaa5a94c36faf6285eef5a90013fc76b7c292ce17ca88c43fcd	KnightBusArxivPatternFoundry/0.1	MISS	1	NONE	NONE	https://info.arxiv.org/help/api/tou.html	2026-08-11	arxiv-reference/cache/g02/arxiv/QRY-023-2021_CURRENT.datefilter-invalid.xml	FAILED
REQ-G02-0132	G02	QRY-024	QRY-024-ALL	arXiv	legacy_api_query_metadata	"(all:PageRank) AND (all:canonical OR all:partition OR all:comparison OR all:equivalence OR all:label OR all:normalization OR all:""floating-point"" OR all:tolerance OR all:contract OR all:numerical OR all:ULP OR all:residual OR all:""same-input"" OR all:resource OR all:controlled OR all:baseline OR all:""apples-to-apples"" OR all:benchmark OR all:estimator OR all:error OR all:calibration OR all:""predicted-versus-observed"") AND (cat:cs.SE OR cat:cs.DS OR cat:cs.PF) AND NOT all:""bitwise equality only"" AND NOT all:""different hardware baseline"" AND NOT all:""uncalibrated point estimate"""	max_results=15&search_query=%28all%3APageRank%29%20AND%20%28all%3Acanonical%20OR%20all%3Apartition%20OR%20all%3Acomparison%20OR%20all%3Aequivalence%20OR%20all%3Alabel%20OR%20all%3Anormalization%20OR%20all%3A%22floating-point%22%20OR%20all%3Atolerance%20OR%20all%3Acontract%20OR%20all%3Anumerical%20OR%20all%3AULP%20OR%20all%3Aresidual%20OR%20all%3A%22same-input%22%20OR%20all%3Aresource%20OR%20all%3Acontrolled%20OR%20all%3Abaseline%20OR%20all%3A%22apples-to-apples%22%20OR%20all%3Abenchmark%20OR%20all%3Aestimator%20OR%20all%3Aerror%20OR%20all%3Acalibration%20OR%20all%3A%22predicted-versus-observed%22%29%20AND%20%28cat%3Acs.SE%20OR%20cat%3Acs.DS%20OR%20cat%3Acs.PF%29%20AND%20NOT%20all%3A%22bitwise%20equality%20only%22%20AND%20NOT%20all%3A%22different%20hardware%20baseline%22%20AND%20NOT%20all%3A%22uncalibrated%20point%20estimate%22&sortBy=relevance&sortOrder=descending&start=0	2026-08-11T06:51:37Z	0	200	15	25a83d3e96a1288aa8a7547dd432698f337fc0a8833ca1103b4c4b73b66941be	KnightBusArxivPatternFoundry/0.1	MISS	1	NONE	NONE	https://info.arxiv.org/help/api/tou.html	2026-08-11	arxiv-reference/cache/g02/arxiv/QRY-024-ALL.xml	COMPLETE
REQ-G02-0133	G02	QRY-024	QRY-024-PRE2001	arXiv	legacy_api_query_metadata_invalidated_date_filter_refetch	"(all:PageRank) AND (all:canonical OR all:partition OR all:comparison OR all:equivalence OR all:label OR all:normalization OR all:""floating-point"" OR all:tolerance OR all:contract OR all:numerical OR all:ULP OR all:residual OR all:""same-input"" OR all:resource OR all:controlled OR all:baseline OR all:""apples-to-apples"" OR all:benchmark OR all:estimator OR all:error OR all:calibration OR all:""predicted-versus-observed"") AND (cat:cs.SE OR cat:cs.DS OR cat:cs.PF) AND NOT all:""bitwise equality only"" AND NOT all:""different hardware baseline"" AND NOT all:""uncalibrated point estimate"" AND submittedDate:[197001010000 TO 200012312359]"	max_results=15&search_query=%28all%3APageRank%29%20AND%20%28all%3Acanonical%20OR%20all%3Apartition%20OR%20all%3Acomparison%20OR%20all%3Aequivalence%20OR%20all%3Alabel%20OR%20all%3Anormalization%20OR%20all%3A%22floating-point%22%20OR%20all%3Atolerance%20OR%20all%3Acontract%20OR%20all%3Anumerical%20OR%20all%3AULP%20OR%20all%3Aresidual%20OR%20all%3A%22same-input%22%20OR%20all%3Aresource%20OR%20all%3Acontrolled%20OR%20all%3Abaseline%20OR%20all%3A%22apples-to-apples%22%20OR%20all%3Abenchmark%20OR%20all%3Aestimator%20OR%20all%3Aerror%20OR%20all%3Acalibration%20OR%20all%3A%22predicted-versus-observed%22%29%20AND%20%28cat%3Acs.SE%20OR%20cat%3Acs.DS%20OR%20cat%3Acs.PF%29%20AND%20NOT%20all%3A%22bitwise%20equality%20only%22%20AND%20NOT%20all%3A%22different%20hardware%20baseline%22%20AND%20NOT%20all%3A%22uncalibrated%20point%20estimate%22%20AND%20submittedDate%3A%5B197001010000%20TO%20200012312359%5D&sortBy=relevance&sortOrder=descending&start=0	2026-08-11T06:51:43Z	0	200	15	0ce2eebdba3accf48cf56c4b5f3619f2f0adf56357d3e12de5a6b51951faa580	KnightBusArxivPatternFoundry/0.1	MISS	1	NONE	NONE	https://info.arxiv.org/help/api/tou.html	2026-08-11	arxiv-reference/cache/g02/arxiv/QRY-024-PRE2001.datefilter-invalid.xml	FAILED
REQ-G02-0134	G02	QRY-024	QRY-024-2001_2010	arXiv	legacy_api_query_metadata_invalidated_date_filter_refetch	"(all:PageRank) AND (all:canonical OR all:partition OR all:comparison OR all:equivalence OR all:label OR all:normalization OR all:""floating-point"" OR all:tolerance OR all:contract OR all:numerical OR all:ULP OR all:residual OR all:""same-input"" OR all:resource OR all:controlled OR all:baseline OR all:""apples-to-apples"" OR all:benchmark OR all:estimator OR all:error OR all:calibration OR all:""predicted-versus-observed"") AND (cat:cs.SE OR cat:cs.DS OR cat:cs.PF) AND NOT all:""bitwise equality only"" AND NOT all:""different hardware baseline"" AND NOT all:""uncalibrated point estimate"" AND submittedDate:[200101010000 TO 201012312359]"	max_results=15&search_query=%28all%3APageRank%29%20AND%20%28all%3Acanonical%20OR%20all%3Apartition%20OR%20all%3Acomparison%20OR%20all%3Aequivalence%20OR%20all%3Alabel%20OR%20all%3Anormalization%20OR%20all%3A%22floating-point%22%20OR%20all%3Atolerance%20OR%20all%3Acontract%20OR%20all%3Anumerical%20OR%20all%3AULP%20OR%20all%3Aresidual%20OR%20all%3A%22same-input%22%20OR%20all%3Aresource%20OR%20all%3Acontrolled%20OR%20all%3Abaseline%20OR%20all%3A%22apples-to-apples%22%20OR%20all%3Abenchmark%20OR%20all%3Aestimator%20OR%20all%3Aerror%20OR%20all%3Acalibration%20OR%20all%3A%22predicted-versus-observed%22%29%20AND%20%28cat%3Acs.SE%20OR%20cat%3Acs.DS%20OR%20cat%3Acs.PF%29%20AND%20NOT%20all%3A%22bitwise%20equality%20only%22%20AND%20NOT%20all%3A%22different%20hardware%20baseline%22%20AND%20NOT%20all%3A%22uncalibrated%20point%20estimate%22%20AND%20submittedDate%3A%5B200101010000%20TO%20201012312359%5D&sortBy=relevance&sortOrder=descending&start=0	2026-08-11T06:51:48Z	0	200	15	b6756806fdb3c912add1e62d83edeee8145638d0e5746a0377244ce4374f752c	KnightBusArxivPatternFoundry/0.1	MISS	1	NONE	NONE	https://info.arxiv.org/help/api/tou.html	2026-08-11	arxiv-reference/cache/g02/arxiv/QRY-024-2001_2010.datefilter-invalid.xml	FAILED
REQ-G02-0135	G02	QRY-024	QRY-024-2011_2020	arXiv	legacy_api_query_metadata_invalidated_date_filter_not_retried_request_cap	"(all:PageRank) AND (all:canonical OR all:partition OR all:comparison OR all:equivalence OR all:label OR all:normalization OR all:""floating-point"" OR all:tolerance OR all:contract OR all:numerical OR all:ULP OR all:residual OR all:""same-input"" OR all:resource OR all:controlled OR all:baseline OR all:""apples-to-apples"" OR all:benchmark OR all:estimator OR all:error OR all:calibration OR all:""predicted-versus-observed"") AND (cat:cs.SE OR cat:cs.DS OR cat:cs.PF) AND NOT all:""bitwise equality only"" AND NOT all:""different hardware baseline"" AND NOT all:""uncalibrated point estimate"" AND submittedDate:[201101010000 TO 202012312359]"	max_results=15&search_query=%28all%3APageRank%29%20AND%20%28all%3Acanonical%20OR%20all%3Apartition%20OR%20all%3Acomparison%20OR%20all%3Aequivalence%20OR%20all%3Alabel%20OR%20all%3Anormalization%20OR%20all%3A%22floating-point%22%20OR%20all%3Atolerance%20OR%20all%3Acontract%20OR%20all%3Anumerical%20OR%20all%3AULP%20OR%20all%3Aresidual%20OR%20all%3A%22same-input%22%20OR%20all%3Aresource%20OR%20all%3Acontrolled%20OR%20all%3Abaseline%20OR%20all%3A%22apples-to-apples%22%20OR%20all%3Abenchmark%20OR%20all%3Aestimator%20OR%20all%3Aerror%20OR%20all%3Acalibration%20OR%20all%3A%22predicted-versus-observed%22%29%20AND%20%28cat%3Acs.SE%20OR%20cat%3Acs.DS%20OR%20cat%3Acs.PF%29%20AND%20NOT%20all%3A%22bitwise%20equality%20only%22%20AND%20NOT%20all%3A%22different%20hardware%20baseline%22%20AND%20NOT%20all%3A%22uncalibrated%20point%20estimate%22%20AND%20submittedDate%3A%5B201101010000%20TO%20202012312359%5D&sortBy=relevance&sortOrder=descending&start=0	2026-08-11T06:51:53Z	0	200	15	26272441f0fa84e6e109e6badb1f4c773b0ce00b3e8dd6550c61e9e3977a6336	KnightBusArxivPatternFoundry/0.1	MISS	1	NONE	NONE	https://info.arxiv.org/help/api/tou.html	2026-08-11	arxiv-reference/cache/g02/arxiv/QRY-024-2011_2020.datefilter-invalid.xml	FAILED
REQ-G02-0136	G02	QRY-024	QRY-024-2021_CURRENT	arXiv	legacy_api_query_metadata_invalidated_date_filter_not_retried_request_cap	"(all:PageRank) AND (all:canonical OR all:partition OR all:comparison OR all:equivalence OR all:label OR all:normalization OR all:""floating-point"" OR all:tolerance OR all:contract OR all:numerical OR all:ULP OR all:residual OR all:""same-input"" OR all:resource OR all:controlled OR all:baseline OR all:""apples-to-apples"" OR all:benchmark OR all:estimator OR all:error OR all:calibration OR all:""predicted-versus-observed"") AND (cat:cs.SE OR cat:cs.DS OR cat:cs.PF) AND NOT all:""bitwise equality only"" AND NOT all:""different hardware baseline"" AND NOT all:""uncalibrated point estimate"" AND submittedDate:[202101010000 TO 202608112359]"	max_results=15&search_query=%28all%3APageRank%29%20AND%20%28all%3Acanonical%20OR%20all%3Apartition%20OR%20all%3Acomparison%20OR%20all%3Aequivalence%20OR%20all%3Alabel%20OR%20all%3Anormalization%20OR%20all%3A%22floating-point%22%20OR%20all%3Atolerance%20OR%20all%3Acontract%20OR%20all%3Anumerical%20OR%20all%3AULP%20OR%20all%3Aresidual%20OR%20all%3A%22same-input%22%20OR%20all%3Aresource%20OR%20all%3Acontrolled%20OR%20all%3Abaseline%20OR%20all%3A%22apples-to-apples%22%20OR%20all%3Abenchmark%20OR%20all%3Aestimator%20OR%20all%3Aerror%20OR%20all%3Acalibration%20OR%20all%3A%22predicted-versus-observed%22%29%20AND%20%28cat%3Acs.SE%20OR%20cat%3Acs.DS%20OR%20cat%3Acs.PF%29%20AND%20NOT%20all%3A%22bitwise%20equality%20only%22%20AND%20NOT%20all%3A%22different%20hardware%20baseline%22%20AND%20NOT%20all%3A%22uncalibrated%20point%20estimate%22%20AND%20submittedDate%3A%5B202101010000%20TO%20202608112359%5D&sortBy=relevance&sortOrder=descending&start=0	2026-08-11T06:51:58Z	0	200	15	6ec6f5dc8440d0a13066d6a719f239cb40700e4a5c5575d399bb703fbd19d37c	KnightBusArxivPatternFoundry/0.1	MISS	1	NONE	NONE	https://info.arxiv.org/help/api/tou.html	2026-08-11	arxiv-reference/cache/g02/arxiv/QRY-024-2021_CURRENT.datefilter-invalid.xml	FAILED
REQ-G02-0137	G02	QRY-025	QRY-025-ALL	arXiv	legacy_api_query_metadata	"(all:BFS OR all:""breadth-first search"" OR all:""bounded reachability"") AND (all:named OR all:feature OR all:vector OR all:capability OR all:matrix OR all:manifest OR all:""read-only"" OR all:""auto-commit"" OR all:implicit OR all:read OR all:transaction OR all:""demand-driven"" OR all:PULL OR all:backpressure OR all:lazy OR all:record OR all:production OR all:bounded OR all:fetch OR all:window OR all:whole OR all:""compatibility-stack"" OR all:RSS OR all:""gateway-inclusive"" OR all:resident OR all:set OR all:""process-tree"" OR all:""bounded-query"" OR all:normalized OR all:logical OR all:intent OR all:eligible OR all:plan) AND (cat:cs.DB OR cat:cs.SE OR cat:cs.DC) AND NOT all:""full database rewrite"" AND NOT all:""materialize all results"" AND NOT all:""protocol throughput without memory accounting"""	max_results=15&search_query=%28all%3ABFS%20OR%20all%3A%22breadth-first%20search%22%20OR%20all%3A%22bounded%20reachability%22%29%20AND%20%28all%3Anamed%20OR%20all%3Afeature%20OR%20all%3Avector%20OR%20all%3Acapability%20OR%20all%3Amatrix%20OR%20all%3Amanifest%20OR%20all%3A%22read-only%22%20OR%20all%3A%22auto-commit%22%20OR%20all%3Aimplicit%20OR%20all%3Aread%20OR%20all%3Atransaction%20OR%20all%3A%22demand-driven%22%20OR%20all%3APULL%20OR%20all%3Abackpressure%20OR%20all%3Alazy%20OR%20all%3Arecord%20OR%20all%3Aproduction%20OR%20all%3Abounded%20OR%20all%3Afetch%20OR%20all%3Awindow%20OR%20all%3Awhole%20OR%20all%3A%22compatibility-stack%22%20OR%20all%3ARSS%20OR%20all%3A%22gateway-inclusive%22%20OR%20all%3Aresident%20OR%20all%3Aset%20OR%20all%3A%22process-tree%22%20OR%20all%3A%22bounded-query%22%20OR%20all%3Anormalized%20OR%20all%3Alogical%20OR%20all%3Aintent%20OR%20all%3Aeligible%20OR%20all%3Aplan%29%20AND%20%28cat%3Acs.DB%20OR%20cat%3Acs.SE%20OR%20cat%3Acs.DC%29%20AND%20NOT%20all%3A%22full%20database%20rewrite%22%20AND%20NOT%20all%3A%22materialize%20all%20results%22%20AND%20NOT%20all%3A%22protocol%20throughput%20without%20memory%20accounting%22&sortBy=relevance&sortOrder=descending&start=0	2026-08-11T06:52:03Z	0	200	15	afa8cac039ef6831700771e7e3fbaefce7bd66ba15dda9f7d408df42e2744fe8	KnightBusArxivPatternFoundry/0.1	MISS	1	NONE	NONE	https://info.arxiv.org/help/api/tou.html	2026-08-11	arxiv-reference/cache/g02/arxiv/QRY-025-ALL.xml	COMPLETE
REQ-G02-0138	G02	QRY-025	QRY-025-PRE2001	arXiv	legacy_api_query_metadata_invalidated_date_filter_refetch	"(all:BFS OR all:""breadth-first search"" OR all:""bounded reachability"") AND (all:named OR all:feature OR all:vector OR all:capability OR all:matrix OR all:manifest OR all:""read-only"" OR all:""auto-commit"" OR all:implicit OR all:read OR all:transaction OR all:""demand-driven"" OR all:PULL OR all:backpressure OR all:lazy OR all:record OR all:production OR all:bounded OR all:fetch OR all:window OR all:whole OR all:""compatibility-stack"" OR all:RSS OR all:""gateway-inclusive"" OR all:resident OR all:set OR all:""process-tree"" OR all:""bounded-query"" OR all:normalized OR all:logical OR all:intent OR all:eligible OR all:plan) AND (cat:cs.DB OR cat:cs.SE OR cat:cs.DC) AND NOT all:""full database rewrite"" AND NOT all:""materialize all results"" AND NOT all:""protocol throughput without memory accounting"" AND submittedDate:[197001010000 TO 200012312359]"	max_results=15&search_query=%28all%3ABFS%20OR%20all%3A%22breadth-first%20search%22%20OR%20all%3A%22bounded%20reachability%22%29%20AND%20%28all%3Anamed%20OR%20all%3Afeature%20OR%20all%3Avector%20OR%20all%3Acapability%20OR%20all%3Amatrix%20OR%20all%3Amanifest%20OR%20all%3A%22read-only%22%20OR%20all%3A%22auto-commit%22%20OR%20all%3Aimplicit%20OR%20all%3Aread%20OR%20all%3Atransaction%20OR%20all%3A%22demand-driven%22%20OR%20all%3APULL%20OR%20all%3Abackpressure%20OR%20all%3Alazy%20OR%20all%3Arecord%20OR%20all%3Aproduction%20OR%20all%3Abounded%20OR%20all%3Afetch%20OR%20all%3Awindow%20OR%20all%3Awhole%20OR%20all%3A%22compatibility-stack%22%20OR%20all%3ARSS%20OR%20all%3A%22gateway-inclusive%22%20OR%20all%3Aresident%20OR%20all%3Aset%20OR%20all%3A%22process-tree%22%20OR%20all%3A%22bounded-query%22%20OR%20all%3Anormalized%20OR%20all%3Alogical%20OR%20all%3Aintent%20OR%20all%3Aeligible%20OR%20all%3Aplan%29%20AND%20%28cat%3Acs.DB%20OR%20cat%3Acs.SE%20OR%20cat%3Acs.DC%29%20AND%20NOT%20all%3A%22full%20database%20rewrite%22%20AND%20NOT%20all%3A%22materialize%20all%20results%22%20AND%20NOT%20all%3A%22protocol%20throughput%20without%20memory%20accounting%22%20AND%20submittedDate%3A%5B197001010000%20TO%20200012312359%5D&sortBy=relevance&sortOrder=descending&start=0	2026-08-11T06:52:09Z	0	200	15	bc2f58b97bfc18898e52b0e4c65f4fcec8bd150fa436a64ce08ba0f0ef24bb84	KnightBusArxivPatternFoundry/0.1	MISS	1	NONE	NONE	https://info.arxiv.org/help/api/tou.html	2026-08-11	arxiv-reference/cache/g02/arxiv/QRY-025-PRE2001.datefilter-invalid.xml	FAILED
REQ-G02-0139	G02	QRY-025	QRY-025-2001_2010	arXiv	legacy_api_query_metadata_invalidated_date_filter_refetch	"(all:BFS OR all:""breadth-first search"" OR all:""bounded reachability"") AND (all:named OR all:feature OR all:vector OR all:capability OR all:matrix OR all:manifest OR all:""read-only"" OR all:""auto-commit"" OR all:implicit OR all:read OR all:transaction OR all:""demand-driven"" OR all:PULL OR all:backpressure OR all:lazy OR all:record OR all:production OR all:bounded OR all:fetch OR all:window OR all:whole OR all:""compatibility-stack"" OR all:RSS OR all:""gateway-inclusive"" OR all:resident OR all:set OR all:""process-tree"" OR all:""bounded-query"" OR all:normalized OR all:logical OR all:intent OR all:eligible OR all:plan) AND (cat:cs.DB OR cat:cs.SE OR cat:cs.DC) AND NOT all:""full database rewrite"" AND NOT all:""materialize all results"" AND NOT all:""protocol throughput without memory accounting"" AND submittedDate:[200101010000 TO 201012312359]"	max_results=15&search_query=%28all%3ABFS%20OR%20all%3A%22breadth-first%20search%22%20OR%20all%3A%22bounded%20reachability%22%29%20AND%20%28all%3Anamed%20OR%20all%3Afeature%20OR%20all%3Avector%20OR%20all%3Acapability%20OR%20all%3Amatrix%20OR%20all%3Amanifest%20OR%20all%3A%22read-only%22%20OR%20all%3A%22auto-commit%22%20OR%20all%3Aimplicit%20OR%20all%3Aread%20OR%20all%3Atransaction%20OR%20all%3A%22demand-driven%22%20OR%20all%3APULL%20OR%20all%3Abackpressure%20OR%20all%3Alazy%20OR%20all%3Arecord%20OR%20all%3Aproduction%20OR%20all%3Abounded%20OR%20all%3Afetch%20OR%20all%3Awindow%20OR%20all%3Awhole%20OR%20all%3A%22compatibility-stack%22%20OR%20all%3ARSS%20OR%20all%3A%22gateway-inclusive%22%20OR%20all%3Aresident%20OR%20all%3Aset%20OR%20all%3A%22process-tree%22%20OR%20all%3A%22bounded-query%22%20OR%20all%3Anormalized%20OR%20all%3Alogical%20OR%20all%3Aintent%20OR%20all%3Aeligible%20OR%20all%3Aplan%29%20AND%20%28cat%3Acs.DB%20OR%20cat%3Acs.SE%20OR%20cat%3Acs.DC%29%20AND%20NOT%20all%3A%22full%20database%20rewrite%22%20AND%20NOT%20all%3A%22materialize%20all%20results%22%20AND%20NOT%20all%3A%22protocol%20throughput%20without%20memory%20accounting%22%20AND%20submittedDate%3A%5B200101010000%20TO%20201012312359%5D&sortBy=relevance&sortOrder=descending&start=0	2026-08-11T06:52:14Z	0	200	15	acdc3e6f25e0cbe21dbde212048e595802e5749191ec3603849a0ae0eeb8b4e6	KnightBusArxivPatternFoundry/0.1	MISS	1	NONE	NONE	https://info.arxiv.org/help/api/tou.html	2026-08-11	arxiv-reference/cache/g02/arxiv/QRY-025-2001_2010.datefilter-invalid.xml	FAILED
REQ-G02-0140	G02	QRY-025	QRY-025-2011_2020	arXiv	legacy_api_query_metadata_invalidated_date_filter_not_retried_request_cap	"(all:BFS OR all:""breadth-first search"" OR all:""bounded reachability"") AND (all:named OR all:feature OR all:vector OR all:capability OR all:matrix OR all:manifest OR all:""read-only"" OR all:""auto-commit"" OR all:implicit OR all:read OR all:transaction OR all:""demand-driven"" OR all:PULL OR all:backpressure OR all:lazy OR all:record OR all:production OR all:bounded OR all:fetch OR all:window OR all:whole OR all:""compatibility-stack"" OR all:RSS OR all:""gateway-inclusive"" OR all:resident OR all:set OR all:""process-tree"" OR all:""bounded-query"" OR all:normalized OR all:logical OR all:intent OR all:eligible OR all:plan) AND (cat:cs.DB OR cat:cs.SE OR cat:cs.DC) AND NOT all:""full database rewrite"" AND NOT all:""materialize all results"" AND NOT all:""protocol throughput without memory accounting"" AND submittedDate:[201101010000 TO 202012312359]"	max_results=15&search_query=%28all%3ABFS%20OR%20all%3A%22breadth-first%20search%22%20OR%20all%3A%22bounded%20reachability%22%29%20AND%20%28all%3Anamed%20OR%20all%3Afeature%20OR%20all%3Avector%20OR%20all%3Acapability%20OR%20all%3Amatrix%20OR%20all%3Amanifest%20OR%20all%3A%22read-only%22%20OR%20all%3A%22auto-commit%22%20OR%20all%3Aimplicit%20OR%20all%3Aread%20OR%20all%3Atransaction%20OR%20all%3A%22demand-driven%22%20OR%20all%3APULL%20OR%20all%3Abackpressure%20OR%20all%3Alazy%20OR%20all%3Arecord%20OR%20all%3Aproduction%20OR%20all%3Abounded%20OR%20all%3Afetch%20OR%20all%3Awindow%20OR%20all%3Awhole%20OR%20all%3A%22compatibility-stack%22%20OR%20all%3ARSS%20OR%20all%3A%22gateway-inclusive%22%20OR%20all%3Aresident%20OR%20all%3Aset%20OR%20all%3A%22process-tree%22%20OR%20all%3A%22bounded-query%22%20OR%20all%3Anormalized%20OR%20all%3Alogical%20OR%20all%3Aintent%20OR%20all%3Aeligible%20OR%20all%3Aplan%29%20AND%20%28cat%3Acs.DB%20OR%20cat%3Acs.SE%20OR%20cat%3Acs.DC%29%20AND%20NOT%20all%3A%22full%20database%20rewrite%22%20AND%20NOT%20all%3A%22materialize%20all%20results%22%20AND%20NOT%20all%3A%22protocol%20throughput%20without%20memory%20accounting%22%20AND%20submittedDate%3A%5B201101010000%20TO%20202012312359%5D&sortBy=relevance&sortOrder=descending&start=0	2026-08-11T06:52:21Z	0	200	15	a7fa0387b2ba71953080db07e9f0ebea694d99ed77396677a0bb5ff842066186	KnightBusArxivPatternFoundry/0.1	MISS	1	NONE	NONE	https://info.arxiv.org/help/api/tou.html	2026-08-11	arxiv-reference/cache/g02/arxiv/QRY-025-2011_2020.datefilter-invalid.xml	FAILED
REQ-G02-0141	G02	QRY-025	QRY-025-2021_CURRENT	arXiv	legacy_api_query_metadata_invalidated_date_filter_not_retried_request_cap	"(all:BFS OR all:""breadth-first search"" OR all:""bounded reachability"") AND (all:named OR all:feature OR all:vector OR all:capability OR all:matrix OR all:manifest OR all:""read-only"" OR all:""auto-commit"" OR all:implicit OR all:read OR all:transaction OR all:""demand-driven"" OR all:PULL OR all:backpressure OR all:lazy OR all:record OR all:production OR all:bounded OR all:fetch OR all:window OR all:whole OR all:""compatibility-stack"" OR all:RSS OR all:""gateway-inclusive"" OR all:resident OR all:set OR all:""process-tree"" OR all:""bounded-query"" OR all:normalized OR all:logical OR all:intent OR all:eligible OR all:plan) AND (cat:cs.DB OR cat:cs.SE OR cat:cs.DC) AND NOT all:""full database rewrite"" AND NOT all:""materialize all results"" AND NOT all:""protocol throughput without memory accounting"" AND submittedDate:[202101010000 TO 202608112359]"	max_results=15&search_query=%28all%3ABFS%20OR%20all%3A%22breadth-first%20search%22%20OR%20all%3A%22bounded%20reachability%22%29%20AND%20%28all%3Anamed%20OR%20all%3Afeature%20OR%20all%3Avector%20OR%20all%3Acapability%20OR%20all%3Amatrix%20OR%20all%3Amanifest%20OR%20all%3A%22read-only%22%20OR%20all%3A%22auto-commit%22%20OR%20all%3Aimplicit%20OR%20all%3Aread%20OR%20all%3Atransaction%20OR%20all%3A%22demand-driven%22%20OR%20all%3APULL%20OR%20all%3Abackpressure%20OR%20all%3Alazy%20OR%20all%3Arecord%20OR%20all%3Aproduction%20OR%20all%3Abounded%20OR%20all%3Afetch%20OR%20all%3Awindow%20OR%20all%3Awhole%20OR%20all%3A%22compatibility-stack%22%20OR%20all%3ARSS%20OR%20all%3A%22gateway-inclusive%22%20OR%20all%3Aresident%20OR%20all%3Aset%20OR%20all%3A%22process-tree%22%20OR%20all%3A%22bounded-query%22%20OR%20all%3Anormalized%20OR%20all%3Alogical%20OR%20all%3Aintent%20OR%20all%3Aeligible%20OR%20all%3Aplan%29%20AND%20%28cat%3Acs.DB%20OR%20cat%3Acs.SE%20OR%20cat%3Acs.DC%29%20AND%20NOT%20all%3A%22full%20database%20rewrite%22%20AND%20NOT%20all%3A%22materialize%20all%20results%22%20AND%20NOT%20all%3A%22protocol%20throughput%20without%20memory%20accounting%22%20AND%20submittedDate%3A%5B202101010000%20TO%20202608112359%5D&sortBy=relevance&sortOrder=descending&start=0	2026-08-11T06:52:27Z	0	200	15	6267f197011d8c9fcfced0a72e9dfacf02bbf2d088dc309950cd31c615c33dec	KnightBusArxivPatternFoundry/0.1	MISS	1	NONE	NONE	https://info.arxiv.org/help/api/tou.html	2026-08-11	arxiv-reference/cache/g02/arxiv/QRY-025-2021_CURRENT.datefilter-invalid.xml	FAILED
REQ-G02-0142	G02	QRY-001	QRY-001-PRE2001	arXiv	legacy_api_query_metadata	"(all:PageRank) AND (all:""algorithm-shaped"" OR all:storage OR all:""algorithm-native"" OR all:layout OR all:""workload-specific"" OR all:immutable OR all:canonical OR all:generation OR all:snapshot OR all:epoch OR all:physical OR all:view OR all:portfolio OR all:compiled OR all:plan OR all:""read-shaped"" OR all:surface) AND (cat:cs.DS OR cat:cs.DB OR cat:cs.PF) AND submittedDate:[197001010000 TO 200012312359] ANDNOT all:""generic graph database"" ANDNOT all:""survey only"" ANDNOT all:""programming-language comparison"""	max_results=15&search_query=%28all%3APageRank%29%20AND%20%28all%3A%22algorithm-shaped%22%20OR%20all%3Astorage%20OR%20all%3A%22algorithm-native%22%20OR%20all%3Alayout%20OR%20all%3A%22workload-specific%22%20OR%20all%3Aimmutable%20OR%20all%3Acanonical%20OR%20all%3Ageneration%20OR%20all%3Asnapshot%20OR%20all%3Aepoch%20OR%20all%3Aphysical%20OR%20all%3Aview%20OR%20all%3Aportfolio%20OR%20all%3Acompiled%20OR%20all%3Aplan%20OR%20all%3A%22read-shaped%22%20OR%20all%3Asurface%29%20AND%20%28cat%3Acs.DS%20OR%20cat%3Acs.DB%20OR%20cat%3Acs.PF%29%20AND%20submittedDate%3A%5B197001010000%20TO%20200012312359%5D%20ANDNOT%20all%3A%22generic%20graph%20database%22%20ANDNOT%20all%3A%22survey%20only%22%20ANDNOT%20all%3A%22programming-language%20comparison%22&sortBy=relevance&sortOrder=descending&start=0	2026-08-11T06:58:46Z	0	200	0	2a9d61317ec3c7ee48dc20555d1cb11bdc9cb3b228a38d0840115bdd70a7565b	KnightBusArxivPatternFoundry/0.1	MISS	1	NONE	NONE	https://info.arxiv.org/help/api/tou.html	2026-08-11	arxiv-reference/cache/g02/arxiv/QRY-001-PRE2001.xml	COMPLETE
REQ-G02-0143	G02	QRY-001	QRY-001-2001_2010	arXiv	legacy_api_query_metadata	"(all:PageRank) AND (all:""algorithm-shaped"" OR all:storage OR all:""algorithm-native"" OR all:layout OR all:""workload-specific"" OR all:immutable OR all:canonical OR all:generation OR all:snapshot OR all:epoch OR all:physical OR all:view OR all:portfolio OR all:compiled OR all:plan OR all:""read-shaped"" OR all:surface) AND (cat:cs.DS OR cat:cs.DB OR cat:cs.PF) AND submittedDate:[200101010000 TO 201012312359] ANDNOT all:""generic graph database"" ANDNOT all:""survey only"" ANDNOT all:""programming-language comparison"""	max_results=15&search_query=%28all%3APageRank%29%20AND%20%28all%3A%22algorithm-shaped%22%20OR%20all%3Astorage%20OR%20all%3A%22algorithm-native%22%20OR%20all%3Alayout%20OR%20all%3A%22workload-specific%22%20OR%20all%3Aimmutable%20OR%20all%3Acanonical%20OR%20all%3Ageneration%20OR%20all%3Asnapshot%20OR%20all%3Aepoch%20OR%20all%3Aphysical%20OR%20all%3Aview%20OR%20all%3Aportfolio%20OR%20all%3Acompiled%20OR%20all%3Aplan%20OR%20all%3A%22read-shaped%22%20OR%20all%3Asurface%29%20AND%20%28cat%3Acs.DS%20OR%20cat%3Acs.DB%20OR%20cat%3Acs.PF%29%20AND%20submittedDate%3A%5B200101010000%20TO%20201012312359%5D%20ANDNOT%20all%3A%22generic%20graph%20database%22%20ANDNOT%20all%3A%22survey%20only%22%20ANDNOT%20all%3A%22programming-language%20comparison%22&sortBy=relevance&sortOrder=descending&start=0	2026-08-11T06:58:50Z	0	200	5	848d3136fce66e39c618a0e2ac826398db4bf330849a82e9d4c42099991ee447	KnightBusArxivPatternFoundry/0.1	MISS	1	NONE	NONE	https://info.arxiv.org/help/api/tou.html	2026-08-11	arxiv-reference/cache/g02/arxiv/QRY-001-2001_2010.xml	COMPLETE
REQ-G02-0144	G02	QRY-002	QRY-002-PRE2001	arXiv	legacy_api_query_metadata	"(all:PageRank) AND (all:view OR all:promotion OR all:lifecycle OR all:""ephemeral-to-persisted"" OR all:substrate OR all:topology OR all:specialized OR all:""query-shape"" OR all:optimization OR all:unit OR all:workload OR all:signature OR all:""physical-plan"" OR all:key OR all:preparation OR all:amortization OR all:""build-versus-query"" OR all:tradeoff OR all:""break-even"" OR all:reuse) AND (cat:cs.DB OR cat:cs.DS) AND submittedDate:[197001010000 TO 200012312359] ANDNOT all:""universal graph format"" ANDNOT all:""free preprocessing"" ANDNOT all:""opinion only"""	max_results=15&search_query=%28all%3APageRank%29%20AND%20%28all%3Aview%20OR%20all%3Apromotion%20OR%20all%3Alifecycle%20OR%20all%3A%22ephemeral-to-persisted%22%20OR%20all%3Asubstrate%20OR%20all%3Atopology%20OR%20all%3Aspecialized%20OR%20all%3A%22query-shape%22%20OR%20all%3Aoptimization%20OR%20all%3Aunit%20OR%20all%3Aworkload%20OR%20all%3Asignature%20OR%20all%3A%22physical-plan%22%20OR%20all%3Akey%20OR%20all%3Apreparation%20OR%20all%3Aamortization%20OR%20all%3A%22build-versus-query%22%20OR%20all%3Atradeoff%20OR%20all%3A%22break-even%22%20OR%20all%3Areuse%29%20AND%20%28cat%3Acs.DB%20OR%20cat%3Acs.DS%29%20AND%20submittedDate%3A%5B197001010000%20TO%20200012312359%5D%20ANDNOT%20all%3A%22universal%20graph%20format%22%20ANDNOT%20all%3A%22free%20preprocessing%22%20ANDNOT%20all%3A%22opinion%20only%22&sortBy=relevance&sortOrder=descending&start=0	2026-08-11T06:58:54Z	0	200	0	96902909f58c6e4187bef5e75239c9249466ff1a3dc8c8e4d93d8ebe3dcb3774	KnightBusArxivPatternFoundry/0.1	MISS	1	NONE	NONE	https://info.arxiv.org/help/api/tou.html	2026-08-11	arxiv-reference/cache/g02/arxiv/QRY-002-PRE2001.xml	COMPLETE
REQ-G02-0145	G02	QRY-002	QRY-002-2001_2010	arXiv	legacy_api_query_metadata	"(all:PageRank) AND (all:view OR all:promotion OR all:lifecycle OR all:""ephemeral-to-persisted"" OR all:substrate OR all:topology OR all:specialized OR all:""query-shape"" OR all:optimization OR all:unit OR all:workload OR all:signature OR all:""physical-plan"" OR all:key OR all:preparation OR all:amortization OR all:""build-versus-query"" OR all:tradeoff OR all:""break-even"" OR all:reuse) AND (cat:cs.DB OR cat:cs.DS) AND submittedDate:[200101010000 TO 201012312359] ANDNOT all:""universal graph format"" ANDNOT all:""free preprocessing"" ANDNOT all:""opinion only"""	max_results=15&search_query=%28all%3APageRank%29%20AND%20%28all%3Aview%20OR%20all%3Apromotion%20OR%20all%3Alifecycle%20OR%20all%3A%22ephemeral-to-persisted%22%20OR%20all%3Asubstrate%20OR%20all%3Atopology%20OR%20all%3Aspecialized%20OR%20all%3A%22query-shape%22%20OR%20all%3Aoptimization%20OR%20all%3Aunit%20OR%20all%3Aworkload%20OR%20all%3Asignature%20OR%20all%3A%22physical-plan%22%20OR%20all%3Akey%20OR%20all%3Apreparation%20OR%20all%3Aamortization%20OR%20all%3A%22build-versus-query%22%20OR%20all%3Atradeoff%20OR%20all%3A%22break-even%22%20OR%20all%3Areuse%29%20AND%20%28cat%3Acs.DB%20OR%20cat%3Acs.DS%29%20AND%20submittedDate%3A%5B200101010000%20TO%20201012312359%5D%20ANDNOT%20all%3A%22universal%20graph%20format%22%20ANDNOT%20all%3A%22free%20preprocessing%22%20ANDNOT%20all%3A%22opinion%20only%22&sortBy=relevance&sortOrder=descending&start=0	2026-08-11T06:58:58Z	0	200	4	36ca5ca6688bc92940ae6883e5be3b1a5ead1992cc33b4d318f4bb0f1f8026c4	KnightBusArxivPatternFoundry/0.1	MISS	1	NONE	NONE	https://info.arxiv.org/help/api/tou.html	2026-08-11	arxiv-reference/cache/g02/arxiv/QRY-002-2001_2010.xml	COMPLETE
REQ-G02-0146	G02	QRY-003	QRY-003-PRE2001	arXiv	legacy_api_query_metadata	"(all:PageRank) AND (all:reverse OR all:CSR OR all:pull OR all:layout OR all:CSC OR all:""destination-major"" OR all:adjacency OR all:""destination-range"" OR all:blocks OR all:tape OR all:rank OR all:""ping-pong"" OR all:vectors OR all:""double-buffered"" OR all:rolling OR all:score) AND (cat:cs.DS OR cat:cs.PF OR cat:cs.DC) AND submittedDate:[197001010000 TO 200012312359] ANDNOT all:""generic centrality survey"" ANDNOT all:""GNN training"" ANDNOT all:""language-only speedup"""	max_results=15&search_query=%28all%3APageRank%29%20AND%20%28all%3Areverse%20OR%20all%3ACSR%20OR%20all%3Apull%20OR%20all%3Alayout%20OR%20all%3ACSC%20OR%20all%3A%22destination-major%22%20OR%20all%3Aadjacency%20OR%20all%3A%22destination-range%22%20OR%20all%3Ablocks%20OR%20all%3Atape%20OR%20all%3Arank%20OR%20all%3A%22ping-pong%22%20OR%20all%3Avectors%20OR%20all%3A%22double-buffered%22%20OR%20all%3Arolling%20OR%20all%3Ascore%29%20AND%20%28cat%3Acs.DS%20OR%20cat%3Acs.PF%20OR%20cat%3Acs.DC%29%20AND%20submittedDate%3A%5B197001010000%20TO%20200012312359%5D%20ANDNOT%20all%3A%22generic%20centrality%20survey%22%20ANDNOT%20all%3A%22GNN%20training%22%20ANDNOT%20all%3A%22language-only%20speedup%22&sortBy=relevance&sortOrder=descending&start=0	2026-08-11T06:59:02Z	0	200	0	5ddaa3cf0fcc65a6f93bbf85c022c608122177a5c7431c73af3f6168382a9ec5	KnightBusArxivPatternFoundry/0.1	MISS	1	NONE	NONE	https://info.arxiv.org/help/api/tou.html	2026-08-11	arxiv-reference/cache/g02/arxiv/QRY-003-PRE2001.xml	COMPLETE
REQ-G02-0147	G02	QRY-003	QRY-003-2001_2010	arXiv	legacy_api_query_metadata	"(all:PageRank) AND (all:reverse OR all:CSR OR all:pull OR all:layout OR all:CSC OR all:""destination-major"" OR all:adjacency OR all:""destination-range"" OR all:blocks OR all:tape OR all:rank OR all:""ping-pong"" OR all:vectors OR all:""double-buffered"" OR all:rolling OR all:score) AND (cat:cs.DS OR cat:cs.PF OR cat:cs.DC) AND submittedDate:[200101010000 TO 201012312359] ANDNOT all:""generic centrality survey"" ANDNOT all:""GNN training"" ANDNOT all:""language-only speedup"""	max_results=15&search_query=%28all%3APageRank%29%20AND%20%28all%3Areverse%20OR%20all%3ACSR%20OR%20all%3Apull%20OR%20all%3Alayout%20OR%20all%3ACSC%20OR%20all%3A%22destination-major%22%20OR%20all%3Aadjacency%20OR%20all%3A%22destination-range%22%20OR%20all%3Ablocks%20OR%20all%3Atape%20OR%20all%3Arank%20OR%20all%3A%22ping-pong%22%20OR%20all%3Avectors%20OR%20all%3A%22double-buffered%22%20OR%20all%3Arolling%20OR%20all%3Ascore%29%20AND%20%28cat%3Acs.DS%20OR%20cat%3Acs.PF%20OR%20cat%3Acs.DC%29%20AND%20submittedDate%3A%5B200101010000%20TO%20201012312359%5D%20ANDNOT%20all%3A%22generic%20centrality%20survey%22%20ANDNOT%20all%3A%22GNN%20training%22%20ANDNOT%20all%3A%22language-only%20speedup%22&sortBy=relevance&sortOrder=descending&start=0	2026-08-11T06:59:07Z	0	200	8	eaf08d4dbc715c0adf6bb7287df9e9705f815f6933d9b2a8933f62735474ebd1	KnightBusArxivPatternFoundry/0.1	MISS	1	NONE	NONE	https://info.arxiv.org/help/api/tou.html	2026-08-11	arxiv-reference/cache/g02/arxiv/QRY-003-2001_2010.xml	COMPLETE
REQ-G02-0148	G02	QRY-004	QRY-004-PRE2001	arXiv	legacy_api_query_metadata	"(all:PageRank) AND (all:rank OR all:""ping-pong"" OR all:vectors OR all:""double-buffered"" OR all:rolling OR all:score OR all:""two-dimensional"" OR all:pull OR all:tiles OR all:""source-destination"" OR all:edge OR all:""external-memory"" OR all:processing OR all:""out-of-core"" OR all:""semi-external"" OR all:fixed OR all:buffer OR all:pool OR all:preallocated OR all:buffers OR all:capsule) AND (cat:cs.DS OR cat:cs.DC OR cat:cs.PF) AND submittedDate:[197001010000 TO 200012312359] ANDNOT all:""distributed-only system"" ANDNOT all:""GPU-only fit"" ANDNOT all:""top-K without state model"""	max_results=15&search_query=%28all%3APageRank%29%20AND%20%28all%3Arank%20OR%20all%3A%22ping-pong%22%20OR%20all%3Avectors%20OR%20all%3A%22double-buffered%22%20OR%20all%3Arolling%20OR%20all%3Ascore%20OR%20all%3A%22two-dimensional%22%20OR%20all%3Apull%20OR%20all%3Atiles%20OR%20all%3A%22source-destination%22%20OR%20all%3Aedge%20OR%20all%3A%22external-memory%22%20OR%20all%3Aprocessing%20OR%20all%3A%22out-of-core%22%20OR%20all%3A%22semi-external%22%20OR%20all%3Afixed%20OR%20all%3Abuffer%20OR%20all%3Apool%20OR%20all%3Apreallocated%20OR%20all%3Abuffers%20OR%20all%3Acapsule%29%20AND%20%28cat%3Acs.DS%20OR%20cat%3Acs.DC%20OR%20cat%3Acs.PF%29%20AND%20submittedDate%3A%5B197001010000%20TO%20200012312359%5D%20ANDNOT%20all%3A%22distributed-only%20system%22%20ANDNOT%20all%3A%22GPU-only%20fit%22%20ANDNOT%20all%3A%22top-K%20without%20state%20model%22&sortBy=relevance&sortOrder=descending&start=0	2026-08-11T06:59:12Z	0	200	0	3cc41fe1be7742f1e96f95a14036c319423a94c3d32d6a80de8321b4a8e8ba14	KnightBusArxivPatternFoundry/0.1	MISS	1	NONE	NONE	https://info.arxiv.org/help/api/tou.html	2026-08-11	arxiv-reference/cache/g02/arxiv/QRY-004-PRE2001.xml	COMPLETE
REQ-G02-0149	G02	QRY-004	QRY-004-2001_2010	arXiv	legacy_api_query_metadata	"(all:PageRank) AND (all:rank OR all:""ping-pong"" OR all:vectors OR all:""double-buffered"" OR all:rolling OR all:score OR all:""two-dimensional"" OR all:pull OR all:tiles OR all:""source-destination"" OR all:edge OR all:""external-memory"" OR all:processing OR all:""out-of-core"" OR all:""semi-external"" OR all:fixed OR all:buffer OR all:pool OR all:preallocated OR all:buffers OR all:capsule) AND (cat:cs.DS OR cat:cs.DC OR cat:cs.PF) AND submittedDate:[200101010000 TO 201012312359] ANDNOT all:""distributed-only system"" ANDNOT all:""GPU-only fit"" ANDNOT all:""top-K without state model"""	max_results=15&search_query=%28all%3APageRank%29%20AND%20%28all%3Arank%20OR%20all%3A%22ping-pong%22%20OR%20all%3Avectors%20OR%20all%3A%22double-buffered%22%20OR%20all%3Arolling%20OR%20all%3Ascore%20OR%20all%3A%22two-dimensional%22%20OR%20all%3Apull%20OR%20all%3Atiles%20OR%20all%3A%22source-destination%22%20OR%20all%3Aedge%20OR%20all%3A%22external-memory%22%20OR%20all%3Aprocessing%20OR%20all%3A%22out-of-core%22%20OR%20all%3A%22semi-external%22%20OR%20all%3Afixed%20OR%20all%3Abuffer%20OR%20all%3Apool%20OR%20all%3Apreallocated%20OR%20all%3Abuffers%20OR%20all%3Acapsule%29%20AND%20%28cat%3Acs.DS%20OR%20cat%3Acs.DC%20OR%20cat%3Acs.PF%29%20AND%20submittedDate%3A%5B200101010000%20TO%20201012312359%5D%20ANDNOT%20all%3A%22distributed-only%20system%22%20ANDNOT%20all%3A%22GPU-only%20fit%22%20ANDNOT%20all%3A%22top-K%20without%20state%20model%22&sortBy=relevance&sortOrder=descending&start=0	2026-08-11T06:59:16Z	0	200	11	c9d238a10b941b8610340a2ea8c6c7dff6542e6a5fa1cbae2812498d76914009	KnightBusArxivPatternFoundry/0.1	MISS	1	NONE	NONE	https://info.arxiv.org/help/api/tou.html	2026-08-11	arxiv-reference/cache/g02/arxiv/QRY-004-2001_2010.xml	COMPLETE
REQ-G02-0150	G02	QRY-005	QRY-005-PRE2001	arXiv	legacy_api_query_metadata	"(all:BFS OR all:""breadth-first search"" OR all:""bounded reachability"") AND (all:frontier OR all:""push-pull"" OR all:switching OR all:""direction-optimizing"" OR all:BFS OR all:adaptive OR all:traversal OR all:visited OR all:bitmap OR all:bitset OR all:""seen-node"" OR all:mask OR all:virtualization OR all:spillable OR all:runs) AND (cat:cs.DS OR cat:cs.PF) AND submittedDate:[197001010000 TO 200012312359] ANDNOT all:""all-pairs shortest paths"" ANDNOT all:""generic traversal survey"" ANDNOT all:""unbounded enumeration"""	max_results=15&search_query=%28all%3ABFS%20OR%20all%3A%22breadth-first%20search%22%20OR%20all%3A%22bounded%20reachability%22%29%20AND%20%28all%3Afrontier%20OR%20all%3A%22push-pull%22%20OR%20all%3Aswitching%20OR%20all%3A%22direction-optimizing%22%20OR%20all%3ABFS%20OR%20all%3Aadaptive%20OR%20all%3Atraversal%20OR%20all%3Avisited%20OR%20all%3Abitmap%20OR%20all%3Abitset%20OR%20all%3A%22seen-node%22%20OR%20all%3Amask%20OR%20all%3Avirtualization%20OR%20all%3Aspillable%20OR%20all%3Aruns%29%20AND%20%28cat%3Acs.DS%20OR%20cat%3Acs.PF%29%20AND%20submittedDate%3A%5B197001010000%20TO%20200012312359%5D%20ANDNOT%20all%3A%22all-pairs%20shortest%20paths%22%20ANDNOT%20all%3A%22generic%20traversal%20survey%22%20ANDNOT%20all%3A%22unbounded%20enumeration%22&sortBy=relevance&sortOrder=descending&start=0	2026-08-11T06:59:20Z	0	200	1	cbd3de0e5ac0c027aafc1c0a0ee855eecda1b5914b712fcb999cdbd61296d6d4	KnightBusArxivPatternFoundry/0.1	MISS	1	NONE	NONE	https://info.arxiv.org/help/api/tou.html	2026-08-11	arxiv-reference/cache/g02/arxiv/QRY-005-PRE2001.xml	COMPLETE
REQ-G02-0151	G02	QRY-005	QRY-005-2001_2010	arXiv	legacy_api_query_metadata	"(all:BFS OR all:""breadth-first search"" OR all:""bounded reachability"") AND (all:frontier OR all:""push-pull"" OR all:switching OR all:""direction-optimizing"" OR all:BFS OR all:adaptive OR all:traversal OR all:visited OR all:bitmap OR all:bitset OR all:""seen-node"" OR all:mask OR all:virtualization OR all:spillable OR all:runs) AND (cat:cs.DS OR cat:cs.PF) AND submittedDate:[200101010000 TO 201012312359] ANDNOT all:""all-pairs shortest paths"" ANDNOT all:""generic traversal survey"" ANDNOT all:""unbounded enumeration"""	max_results=15&search_query=%28all%3ABFS%20OR%20all%3A%22breadth-first%20search%22%20OR%20all%3A%22bounded%20reachability%22%29%20AND%20%28all%3Afrontier%20OR%20all%3A%22push-pull%22%20OR%20all%3Aswitching%20OR%20all%3A%22direction-optimizing%22%20OR%20all%3ABFS%20OR%20all%3Aadaptive%20OR%20all%3Atraversal%20OR%20all%3Avisited%20OR%20all%3Abitmap%20OR%20all%3Abitset%20OR%20all%3A%22seen-node%22%20OR%20all%3Amask%20OR%20all%3Avirtualization%20OR%20all%3Aspillable%20OR%20all%3Aruns%29%20AND%20%28cat%3Acs.DS%20OR%20cat%3Acs.PF%29%20AND%20submittedDate%3A%5B200101010000%20TO%20201012312359%5D%20ANDNOT%20all%3A%22all-pairs%20shortest%20paths%22%20ANDNOT%20all%3A%22generic%20traversal%20survey%22%20ANDNOT%20all%3A%22unbounded%20enumeration%22&sortBy=relevance&sortOrder=descending&start=0	2026-08-11T06:59:24Z	0	200	12	235be5bfe552241e74b87447f6bb9f41823b11e22b3934e1b9bb14245b3ffc3c	KnightBusArxivPatternFoundry/0.1	MISS	1	NONE	NONE	https://info.arxiv.org/help/api/tou.html	2026-08-11	arxiv-reference/cache/g02/arxiv/QRY-005-2001_2010.xml	COMPLETE
REQ-G02-0152	G02	QRY-006	QRY-006-PRE2001	arXiv	legacy_api_query_metadata	"(all:BFS OR all:""breadth-first search"" OR all:""bounded reachability"") AND (all:""source-range"" OR all:edge OR all:channels OR all:""frontier-addressable"" OR all:blocks OR all:typed OR all:external OR all:predecessor OR all:slabs OR all:spilled OR all:parent OR all:array OR all:disk OR all:tape OR all:spillable OR all:priority OR all:queue OR all:""external-memory"" OR all:bounded OR all:heap OR all:processing OR all:""out-of-core"" OR all:""semi-external"") AND (cat:cs.DS OR cat:cs.DB OR cat:cs.DC) AND submittedDate:[197001010000 TO 200012312359] ANDNOT all:""in-memory-only BFS"" ANDNOT all:""routing application only"" ANDNOT all:""no memory model"""	max_results=15&search_query=%28all%3ABFS%20OR%20all%3A%22breadth-first%20search%22%20OR%20all%3A%22bounded%20reachability%22%29%20AND%20%28all%3A%22source-range%22%20OR%20all%3Aedge%20OR%20all%3Achannels%20OR%20all%3A%22frontier-addressable%22%20OR%20all%3Ablocks%20OR%20all%3Atyped%20OR%20all%3Aexternal%20OR%20all%3Apredecessor%20OR%20all%3Aslabs%20OR%20all%3Aspilled%20OR%20all%3Aparent%20OR%20all%3Aarray%20OR%20all%3Adisk%20OR%20all%3Atape%20OR%20all%3Aspillable%20OR%20all%3Apriority%20OR%20all%3Aqueue%20OR%20all%3A%22external-memory%22%20OR%20all%3Abounded%20OR%20all%3Aheap%20OR%20all%3Aprocessing%20OR%20all%3A%22out-of-core%22%20OR%20all%3A%22semi-external%22%29%20AND%20%28cat%3Acs.DS%20OR%20cat%3Acs.DB%20OR%20cat%3Acs.DC%29%20AND%20submittedDate%3A%5B197001010000%20TO%20200012312359%5D%20ANDNOT%20all%3A%22in-memory-only%20BFS%22%20ANDNOT%20all%3A%22routing%20application%20only%22%20ANDNOT%20all%3A%22no%20memory%20model%22&sortBy=relevance&sortOrder=descending&start=0	2026-08-11T06:59:29Z	0	200	0	0faa2160c02995f775e66ad586f2cc5bd26dccba0d90024a77fa1f4dfff8cc35	KnightBusArxivPatternFoundry/0.1	MISS	1	NONE	NONE	https://info.arxiv.org/help/api/tou.html	2026-08-11	arxiv-reference/cache/g02/arxiv/QRY-006-PRE2001.xml	COMPLETE
REQ-G02-0153	G02	QRY-006	QRY-006-2001_2010	arXiv	legacy_api_query_metadata	"(all:BFS OR all:""breadth-first search"" OR all:""bounded reachability"") AND (all:""source-range"" OR all:edge OR all:channels OR all:""frontier-addressable"" OR all:blocks OR all:typed OR all:external OR all:predecessor OR all:slabs OR all:spilled OR all:parent OR all:array OR all:disk OR all:tape OR all:spillable OR all:priority OR all:queue OR all:""external-memory"" OR all:bounded OR all:heap OR all:processing OR all:""out-of-core"" OR all:""semi-external"") AND (cat:cs.DS OR cat:cs.DB OR cat:cs.DC) AND submittedDate:[200101010000 TO 201012312359] ANDNOT all:""in-memory-only BFS"" ANDNOT all:""routing application only"" ANDNOT all:""no memory model"""	max_results=15&search_query=%28all%3ABFS%20OR%20all%3A%22breadth-first%20search%22%20OR%20all%3A%22bounded%20reachability%22%29%20AND%20%28all%3A%22source-range%22%20OR%20all%3Aedge%20OR%20all%3Achannels%20OR%20all%3A%22frontier-addressable%22%20OR%20all%3Ablocks%20OR%20all%3Atyped%20OR%20all%3Aexternal%20OR%20all%3Apredecessor%20OR%20all%3Aslabs%20OR%20all%3Aspilled%20OR%20all%3Aparent%20OR%20all%3Aarray%20OR%20all%3Adisk%20OR%20all%3Atape%20OR%20all%3Aspillable%20OR%20all%3Apriority%20OR%20all%3Aqueue%20OR%20all%3A%22external-memory%22%20OR%20all%3Abounded%20OR%20all%3Aheap%20OR%20all%3Aprocessing%20OR%20all%3A%22out-of-core%22%20OR%20all%3A%22semi-external%22%29%20AND%20%28cat%3Acs.DS%20OR%20cat%3Acs.DB%20OR%20cat%3Acs.DC%29%20AND%20submittedDate%3A%5B200101010000%20TO%20201012312359%5D%20ANDNOT%20all%3A%22in-memory-only%20BFS%22%20ANDNOT%20all%3A%22routing%20application%20only%22%20ANDNOT%20all%3A%22no%20memory%20model%22&sortBy=relevance&sortOrder=descending&start=0	2026-08-11T06:59:33Z	0	200	5	ed6cca9bfd5cfcbf689d112efdea3dbf3badbd60df5e4adbf8169b504c54eb02	KnightBusArxivPatternFoundry/0.1	MISS	1	NONE	NONE	https://info.arxiv.org/help/api/tou.html	2026-08-11	arxiv-reference/cache/g02/arxiv/QRY-006-2001_2010.xml	COMPLETE
REQ-G02-0154	G02	QRY-007	QRY-007-PRE2001	arXiv	legacy_api_query_metadata	"(all:WCC OR all:""connected components"" OR all:Afforest) AND (all:canonical OR all:""pair-once"" OR all:edge OR all:stream OR all:undirected OR all:pair OR all:normalized OR all:runs OR all:""union-find"" OR all:parent OR all:labels OR all:""disjoint-set"" OR all:array OR all:component OR all:vector) AND (cat:cs.DS OR cat:cs.PF OR cat:cs.DC) AND submittedDate:[197001010000 TO 200012312359] ANDNOT all:""strongly connected components"" ANDNOT all:""wireless WCC"" ANDNOT all:""community detection"""	max_results=15&search_query=%28all%3AWCC%20OR%20all%3A%22connected%20components%22%20OR%20all%3AAfforest%29%20AND%20%28all%3Acanonical%20OR%20all%3A%22pair-once%22%20OR%20all%3Aedge%20OR%20all%3Astream%20OR%20all%3Aundirected%20OR%20all%3Apair%20OR%20all%3Anormalized%20OR%20all%3Aruns%20OR%20all%3A%22union-find%22%20OR%20all%3Aparent%20OR%20all%3Alabels%20OR%20all%3A%22disjoint-set%22%20OR%20all%3Aarray%20OR%20all%3Acomponent%20OR%20all%3Avector%29%20AND%20%28cat%3Acs.DS%20OR%20cat%3Acs.PF%20OR%20cat%3Acs.DC%29%20AND%20submittedDate%3A%5B197001010000%20TO%20200012312359%5D%20ANDNOT%20all%3A%22strongly%20connected%20components%22%20ANDNOT%20all%3A%22wireless%20WCC%22%20ANDNOT%20all%3A%22community%20detection%22&sortBy=relevance&sortOrder=descending&start=0	2026-08-11T06:59:37Z	0	200	0	4027bd57dcbb17c7d7a7d49f1553ae881cac600aab27de2a0a4467d7424246e0	KnightBusArxivPatternFoundry/0.1	MISS	1	NONE	NONE	https://info.arxiv.org/help/api/tou.html	2026-08-11	arxiv-reference/cache/g02/arxiv/QRY-007-PRE2001.xml	COMPLETE
REQ-G02-0155	G02	QRY-007	QRY-007-2001_2010	arXiv	legacy_api_query_metadata	"(all:WCC OR all:""connected components"" OR all:Afforest) AND (all:canonical OR all:""pair-once"" OR all:edge OR all:stream OR all:undirected OR all:pair OR all:normalized OR all:runs OR all:""union-find"" OR all:parent OR all:labels OR all:""disjoint-set"" OR all:array OR all:component OR all:vector) AND (cat:cs.DS OR cat:cs.PF OR cat:cs.DC) AND submittedDate:[200101010000 TO 201012312359] ANDNOT all:""strongly connected components"" ANDNOT all:""wireless WCC"" ANDNOT all:""community detection"""	max_results=15&search_query=%28all%3AWCC%20OR%20all%3A%22connected%20components%22%20OR%20all%3AAfforest%29%20AND%20%28all%3Acanonical%20OR%20all%3A%22pair-once%22%20OR%20all%3Aedge%20OR%20all%3Astream%20OR%20all%3Aundirected%20OR%20all%3Apair%20OR%20all%3Anormalized%20OR%20all%3Aruns%20OR%20all%3A%22union-find%22%20OR%20all%3Aparent%20OR%20all%3Alabels%20OR%20all%3A%22disjoint-set%22%20OR%20all%3Aarray%20OR%20all%3Acomponent%20OR%20all%3Avector%29%20AND%20%28cat%3Acs.DS%20OR%20cat%3Acs.PF%20OR%20cat%3Acs.DC%29%20AND%20submittedDate%3A%5B200101010000%20TO%20201012312359%5D%20ANDNOT%20all%3A%22strongly%20connected%20components%22%20ANDNOT%20all%3A%22wireless%20WCC%22%20ANDNOT%20all%3A%22community%20detection%22&sortBy=relevance&sortOrder=descending&start=0	2026-08-11T06:59:41Z	0	200	14	4437fdc00aa581cea495b84f258b8700b2f5b94d6e802a094aa41fda3495acb7	KnightBusArxivPatternFoundry/0.1	MISS	1	NONE	NONE	https://info.arxiv.org/help/api/tou.html	2026-08-11	arxiv-reference/cache/g02/arxiv/QRY-007-2001_2010.xml	COMPLETE
REQ-G02-0156	G02	QRY-008	QRY-008-PRE2001	arXiv	legacy_api_query_metadata	"(all:WCC OR all:""connected components"") AND (all:""range-sharded"" OR all:union OR all:capsules OR all:partitioned OR all:label OR all:external OR all:windows OR all:""spanning-forest"" OR all:certificate OR all:connectivity OR all:witness OR all:forest OR all:""external-memory"" OR all:processing OR all:""out-of-core"" OR all:""semi-external"" OR all:bounded OR all:merge OR all:""fan-in"" OR all:""multi-pass"" OR all:""k-way"" OR all:limited OR all:run OR all:merger) AND (cat:cs.DS OR cat:cs.DC OR cat:cs.DB) AND submittedDate:[197001010000 TO 200012312359] ANDNOT all:""approximate connectivity"" ANDNOT all:""distributed-only system"" ANDNOT all:""no exact certificate"""	max_results=15&search_query=%28all%3AWCC%20OR%20all%3A%22connected%20components%22%29%20AND%20%28all%3A%22range-sharded%22%20OR%20all%3Aunion%20OR%20all%3Acapsules%20OR%20all%3Apartitioned%20OR%20all%3Alabel%20OR%20all%3Aexternal%20OR%20all%3Awindows%20OR%20all%3A%22spanning-forest%22%20OR%20all%3Acertificate%20OR%20all%3Aconnectivity%20OR%20all%3Awitness%20OR%20all%3Aforest%20OR%20all%3A%22external-memory%22%20OR%20all%3Aprocessing%20OR%20all%3A%22out-of-core%22%20OR%20all%3A%22semi-external%22%20OR%20all%3Abounded%20OR%20all%3Amerge%20OR%20all%3A%22fan-in%22%20OR%20all%3A%22multi-pass%22%20OR%20all%3A%22k-way%22%20OR%20all%3Alimited%20OR%20all%3Arun%20OR%20all%3Amerger%29%20AND%20%28cat%3Acs.DS%20OR%20cat%3Acs.DC%20OR%20cat%3Acs.DB%29%20AND%20submittedDate%3A%5B197001010000%20TO%20200012312359%5D%20ANDNOT%20all%3A%22approximate%20connectivity%22%20ANDNOT%20all%3A%22distributed-only%20system%22%20ANDNOT%20all%3A%22no%20exact%20certificate%22&sortBy=relevance&sortOrder=descending&start=0	2026-08-11T06:59:46Z	0	200	0	a2ae704a8e190da3c8a2b6584d44a0d0c94c286b2a455a910f3765aee8825732	KnightBusArxivPatternFoundry/0.1	MISS	1	NONE	NONE	https://info.arxiv.org/help/api/tou.html	2026-08-11	arxiv-reference/cache/g02/arxiv/QRY-008-PRE2001.xml	COMPLETE
REQ-G02-0157	G02	QRY-008	QRY-008-2001_2010	arXiv	legacy_api_query_metadata	"(all:WCC OR all:""connected components"") AND (all:""range-sharded"" OR all:union OR all:capsules OR all:partitioned OR all:label OR all:external OR all:windows OR all:""spanning-forest"" OR all:certificate OR all:connectivity OR all:witness OR all:forest OR all:""external-memory"" OR all:processing OR all:""out-of-core"" OR all:""semi-external"" OR all:bounded OR all:merge OR all:""fan-in"" OR all:""multi-pass"" OR all:""k-way"" OR all:limited OR all:run OR all:merger) AND (cat:cs.DS OR cat:cs.DC OR cat:cs.DB) AND submittedDate:[200101010000 TO 201012312359] ANDNOT all:""approximate connectivity"" ANDNOT all:""distributed-only system"" ANDNOT all:""no exact certificate"""	max_results=15&search_query=%28all%3AWCC%20OR%20all%3A%22connected%20components%22%29%20AND%20%28all%3A%22range-sharded%22%20OR%20all%3Aunion%20OR%20all%3Acapsules%20OR%20all%3Apartitioned%20OR%20all%3Alabel%20OR%20all%3Aexternal%20OR%20all%3Awindows%20OR%20all%3A%22spanning-forest%22%20OR%20all%3Acertificate%20OR%20all%3Aconnectivity%20OR%20all%3Awitness%20OR%20all%3Aforest%20OR%20all%3A%22external-memory%22%20OR%20all%3Aprocessing%20OR%20all%3A%22out-of-core%22%20OR%20all%3A%22semi-external%22%20OR%20all%3Abounded%20OR%20all%3Amerge%20OR%20all%3A%22fan-in%22%20OR%20all%3A%22multi-pass%22%20OR%20all%3A%22k-way%22%20OR%20all%3Alimited%20OR%20all%3Arun%20OR%20all%3Amerger%29%20AND%20%28cat%3Acs.DS%20OR%20cat%3Acs.DC%20OR%20cat%3Acs.DB%29%20AND%20submittedDate%3A%5B200101010000%20TO%20201012312359%5D%20ANDNOT%20all%3A%22approximate%20connectivity%22%20ANDNOT%20all%3A%22distributed-only%20system%22%20ANDNOT%20all%3A%22no%20exact%20certificate%22&sortBy=relevance&sortOrder=descending&start=0	2026-08-11T06:59:50Z	0	200	15	e24e1ad2e6bd7334c4f23a10a81776212a6b69240d9c83bfd483e7cebeb47def	KnightBusArxivPatternFoundry/0.1	MISS	1	NONE	NONE	https://info.arxiv.org/help/api/tou.html	2026-08-11	arxiv-reference/cache/g02/arxiv/QRY-008-2001_2010.xml	COMPLETE
REQ-G02-0158	G02	QRY-009	QRY-009-PRE2001	arXiv	legacy_api_query_metadata	"(all:""triangle counting"" OR all:""set intersection"") AND (all:degeneracy OR all:ordering OR all:""k-core"" OR all:orientation OR all:arboricity OR all:""forward-oriented"" OR all:adjacency OR all:oriented OR all:neighbor OR all:lists OR all:""forward-only"" OR all:motif OR all:view) AND (cat:cs.DS OR cat:cs.PF) AND submittedDate:[197001010000 TO 200012312359] ANDNOT all:""geometric triangles"" ANDNOT all:""triangle inequality"" ANDNOT all:""computer vision"""	max_results=15&search_query=%28all%3A%22triangle%20counting%22%20OR%20all%3A%22set%20intersection%22%29%20AND%20%28all%3Adegeneracy%20OR%20all%3Aordering%20OR%20all%3A%22k-core%22%20OR%20all%3Aorientation%20OR%20all%3Aarboricity%20OR%20all%3A%22forward-oriented%22%20OR%20all%3Aadjacency%20OR%20all%3Aoriented%20OR%20all%3Aneighbor%20OR%20all%3Alists%20OR%20all%3A%22forward-only%22%20OR%20all%3Amotif%20OR%20all%3Aview%29%20AND%20%28cat%3Acs.DS%20OR%20cat%3Acs.PF%29%20AND%20submittedDate%3A%5B197001010000%20TO%20200012312359%5D%20ANDNOT%20all%3A%22geometric%20triangles%22%20ANDNOT%20all%3A%22triangle%20inequality%22%20ANDNOT%20all%3A%22computer%20vision%22&sortBy=relevance&sortOrder=descending&start=0	2026-08-11T06:59:55Z	0	200	0	2166c062bf48f1980fd453fa9c6f5d7e021a96d9660592515fc7ef1d2ca69c7b	KnightBusArxivPatternFoundry/0.1	MISS	1	NONE	NONE	https://info.arxiv.org/help/api/tou.html	2026-08-11	arxiv-reference/cache/g02/arxiv/QRY-009-PRE2001.xml	COMPLETE
REQ-G02-0159	G02	QRY-009	QRY-009-2001_2010	arXiv	legacy_api_query_metadata	"(all:""triangle counting"" OR all:""set intersection"") AND (all:degeneracy OR all:ordering OR all:""k-core"" OR all:orientation OR all:arboricity OR all:""forward-oriented"" OR all:adjacency OR all:oriented OR all:neighbor OR all:lists OR all:""forward-only"" OR all:motif OR all:view) AND (cat:cs.DS OR cat:cs.PF) AND submittedDate:[200101010000 TO 201012312359] ANDNOT all:""geometric triangles"" ANDNOT all:""triangle inequality"" ANDNOT all:""computer vision"""	max_results=15&search_query=%28all%3A%22triangle%20counting%22%20OR%20all%3A%22set%20intersection%22%29%20AND%20%28all%3Adegeneracy%20OR%20all%3Aordering%20OR%20all%3A%22k-core%22%20OR%20all%3Aorientation%20OR%20all%3Aarboricity%20OR%20all%3A%22forward-oriented%22%20OR%20all%3Aadjacency%20OR%20all%3Aoriented%20OR%20all%3Aneighbor%20OR%20all%3Alists%20OR%20all%3A%22forward-only%22%20OR%20all%3Amotif%20OR%20all%3Aview%29%20AND%20%28cat%3Acs.DS%20OR%20cat%3Acs.PF%29%20AND%20submittedDate%3A%5B200101010000%20TO%20201012312359%5D%20ANDNOT%20all%3A%22geometric%20triangles%22%20ANDNOT%20all%3A%22triangle%20inequality%22%20ANDNOT%20all%3A%22computer%20vision%22&sortBy=relevance&sortOrder=descending&start=0	2026-08-11T06:59:59Z	0	200	2	6acf8f2299c36af6a2584ea51c494fbaa68e4655fc6bab09899f0220a9f65f3e	KnightBusArxivPatternFoundry/0.1	MISS	1	NONE	NONE	https://info.arxiv.org/help/api/tou.html	2026-08-11	arxiv-reference/cache/g02/arxiv/QRY-009-2001_2010.xml	COMPLETE
REQ-G02-0160	G02	QRY-010	QRY-010-PRE2001	arXiv	legacy_api_query_metadata	"(all:""triangle counting"") AND (all:hub OR all:bit OR all:pages OR all:""dense-hub"" OR all:bitsets OR all:bitmap OR all:cache OR all:external OR all:wedge OR all:runs OR all:spilled OR all:enumeration OR all:tapes OR all:""per-node"" OR all:LCC OR all:counters OR all:local OR all:clustering OR all:""triangle-per-node"" OR all:""external-memory"" OR all:processing OR all:""out-of-core"" OR all:""semi-external"") AND (cat:cs.DS OR cat:cs.DC OR cat:cs.PF) AND submittedDate:[197001010000 TO 200012312359] ANDNOT all:""approximate sampling only"" ANDNOT all:""mesh processing"" ANDNOT all:""generic motif survey"""	max_results=15&search_query=%28all%3A%22triangle%20counting%22%29%20AND%20%28all%3Ahub%20OR%20all%3Abit%20OR%20all%3Apages%20OR%20all%3A%22dense-hub%22%20OR%20all%3Abitsets%20OR%20all%3Abitmap%20OR%20all%3Acache%20OR%20all%3Aexternal%20OR%20all%3Awedge%20OR%20all%3Aruns%20OR%20all%3Aspilled%20OR%20all%3Aenumeration%20OR%20all%3Atapes%20OR%20all%3A%22per-node%22%20OR%20all%3ALCC%20OR%20all%3Acounters%20OR%20all%3Alocal%20OR%20all%3Aclustering%20OR%20all%3A%22triangle-per-node%22%20OR%20all%3A%22external-memory%22%20OR%20all%3Aprocessing%20OR%20all%3A%22out-of-core%22%20OR%20all%3A%22semi-external%22%29%20AND%20%28cat%3Acs.DS%20OR%20cat%3Acs.DC%20OR%20cat%3Acs.PF%29%20AND%20submittedDate%3A%5B197001010000%20TO%20200012312359%5D%20ANDNOT%20all%3A%22approximate%20sampling%20only%22%20ANDNOT%20all%3A%22mesh%20processing%22%20ANDNOT%20all%3A%22generic%20motif%20survey%22&sortBy=relevance&sortOrder=descending&start=0	2026-08-11T07:00:03Z	0	200	0	60a7dff2f1ea5b54ecae373c97913e8a05b620c794cf5f50b6380dcc65c86a7f	KnightBusArxivPatternFoundry/0.1	MISS	1	NONE	NONE	https://info.arxiv.org/help/api/tou.html	2026-08-11	arxiv-reference/cache/g02/arxiv/QRY-010-PRE2001.xml	COMPLETE
REQ-G02-0161	G02	QRY-010	QRY-010-2001_2010	arXiv	legacy_api_query_metadata	"(all:""triangle counting"") AND (all:hub OR all:bit OR all:pages OR all:""dense-hub"" OR all:bitsets OR all:bitmap OR all:cache OR all:external OR all:wedge OR all:runs OR all:spilled OR all:enumeration OR all:tapes OR all:""per-node"" OR all:LCC OR all:counters OR all:local OR all:clustering OR all:""triangle-per-node"" OR all:""external-memory"" OR all:processing OR all:""out-of-core"" OR all:""semi-external"") AND (cat:cs.DS OR cat:cs.DC OR cat:cs.PF) AND submittedDate:[200101010000 TO 201012312359] ANDNOT all:""approximate sampling only"" ANDNOT all:""mesh processing"" ANDNOT all:""generic motif survey"""	max_results=15&search_query=%28all%3A%22triangle%20counting%22%29%20AND%20%28all%3Ahub%20OR%20all%3Abit%20OR%20all%3Apages%20OR%20all%3A%22dense-hub%22%20OR%20all%3Abitsets%20OR%20all%3Abitmap%20OR%20all%3Acache%20OR%20all%3Aexternal%20OR%20all%3Awedge%20OR%20all%3Aruns%20OR%20all%3Aspilled%20OR%20all%3Aenumeration%20OR%20all%3Atapes%20OR%20all%3A%22per-node%22%20OR%20all%3ALCC%20OR%20all%3Acounters%20OR%20all%3Alocal%20OR%20all%3Aclustering%20OR%20all%3A%22triangle-per-node%22%20OR%20all%3A%22external-memory%22%20OR%20all%3Aprocessing%20OR%20all%3A%22out-of-core%22%20OR%20all%3A%22semi-external%22%29%20AND%20%28cat%3Acs.DS%20OR%20cat%3Acs.DC%20OR%20cat%3Acs.PF%29%20AND%20submittedDate%3A%5B200101010000%20TO%20201012312359%5D%20ANDNOT%20all%3A%22approximate%20sampling%20only%22%20ANDNOT%20all%3A%22mesh%20processing%22%20ANDNOT%20all%3A%22generic%20motif%20survey%22&sortBy=relevance&sortOrder=descending&start=0	2026-08-11T07:00:08Z	0	200	2	c7df6039c5f043db38298372a0ab30e5999955b7367dd3515795b5d86300c6b4	KnightBusArxivPatternFoundry/0.1	MISS	1	NONE	NONE	https://info.arxiv.org/help/api/tou.html	2026-08-11	arxiv-reference/cache/g02/arxiv/QRY-010-2001_2010.xml	COMPLETE
REQ-G02-0162	G02	QRY-011	QRY-011-PRE2001	arXiv	legacy_api_query_metadata	"(all:Louvain OR all:Leiden) AND (all:weighted OR all:undirected OR all:community OR all:blocks OR all:""community-range"" OR all:edge OR all:symmetric OR all:adjacency OR all:""neighbor-community"" OR all:tally OR all:weight OR all:map OR all:dynamic OR all:modularity OR all:accumulator) AND (cat:cs.DS OR cat:cs.PF OR cat:cs.SI) AND submittedDate:[197001010000 TO 200012312359] ANDNOT all:""biological ecology"" ANDNOT all:""topic modeling"" ANDNOT all:""k-means"""	max_results=15&search_query=%28all%3ALouvain%20OR%20all%3ALeiden%29%20AND%20%28all%3Aweighted%20OR%20all%3Aundirected%20OR%20all%3Acommunity%20OR%20all%3Ablocks%20OR%20all%3A%22community-range%22%20OR%20all%3Aedge%20OR%20all%3Asymmetric%20OR%20all%3Aadjacency%20OR%20all%3A%22neighbor-community%22%20OR%20all%3Atally%20OR%20all%3Aweight%20OR%20all%3Amap%20OR%20all%3Adynamic%20OR%20all%3Amodularity%20OR%20all%3Aaccumulator%29%20AND%20%28cat%3Acs.DS%20OR%20cat%3Acs.PF%20OR%20cat%3Acs.SI%29%20AND%20submittedDate%3A%5B197001010000%20TO%20200012312359%5D%20ANDNOT%20all%3A%22biological%20ecology%22%20ANDNOT%20all%3A%22topic%20modeling%22%20ANDNOT%20all%3A%22k-means%22&sortBy=relevance&sortOrder=descending&start=0	2026-08-11T07:00:20Z	0	200	0	75f82590c72d19bd4ca4dac763f0538f39e3283afa49e8f270436634f2f2a1df	KnightBusArxivPatternFoundry/0.1	MISS	1	NONE	NONE	https://info.arxiv.org/help/api/tou.html	2026-08-11	arxiv-reference/cache/g02/arxiv/QRY-011-PRE2001.xml	COMPLETE
REQ-G02-0163	G02	QRY-011	QRY-011-2001_2010	arXiv	legacy_api_query_metadata	"(all:Louvain OR all:Leiden) AND (all:weighted OR all:undirected OR all:community OR all:blocks OR all:""community-range"" OR all:edge OR all:symmetric OR all:adjacency OR all:""neighbor-community"" OR all:tally OR all:weight OR all:map OR all:dynamic OR all:modularity OR all:accumulator) AND (cat:cs.DS OR cat:cs.PF OR cat:cs.SI) AND submittedDate:[200101010000 TO 201012312359] ANDNOT all:""biological ecology"" ANDNOT all:""topic modeling"" ANDNOT all:""k-means"""	max_results=15&search_query=%28all%3ALouvain%20OR%20all%3ALeiden%29%20AND%20%28all%3Aweighted%20OR%20all%3Aundirected%20OR%20all%3Acommunity%20OR%20all%3Ablocks%20OR%20all%3A%22community-range%22%20OR%20all%3Aedge%20OR%20all%3Asymmetric%20OR%20all%3Aadjacency%20OR%20all%3A%22neighbor-community%22%20OR%20all%3Atally%20OR%20all%3Aweight%20OR%20all%3Amap%20OR%20all%3Adynamic%20OR%20all%3Amodularity%20OR%20all%3Aaccumulator%29%20AND%20%28cat%3Acs.DS%20OR%20cat%3Acs.PF%20OR%20cat%3Acs.SI%29%20AND%20submittedDate%3A%5B200101010000%20TO%20201012312359%5D%20ANDNOT%20all%3A%22biological%20ecology%22%20ANDNOT%20all%3A%22topic%20modeling%22%20ANDNOT%20all%3A%22k-means%22&sortBy=relevance&sortOrder=descending&start=0	2026-08-11T07:00:24Z	0	200	0	dfc1e488cc8bb9aaddefdaf7ceae16e5e7524c8a17e73e992f9101e139ee67e2	KnightBusArxivPatternFoundry/0.1	MISS	1	NONE	NONE	https://info.arxiv.org/help/api/tou.html	2026-08-11	arxiv-reference/cache/g02/arxiv/QRY-011-2001_2010.xml	COMPLETE
REQ-G02-0164	G02	QRY-012	QRY-012-PRE2001	arXiv	legacy_api_query_metadata	"(all:Louvain) AND (all:""sort-reduce"" OR all:community OR all:edges OR all:external OR all:aggregation OR all:""community-edge"" OR all:runs OR all:streamed OR all:contraction OR all:""one-level-at-a-time"" OR all:coarsening OR all:""external-memory"" OR all:processing OR all:""out-of-core"" OR all:""semi-external"" OR all:bounded OR all:merge OR all:""fan-in"" OR all:""multi-pass"" OR all:""k-way"" OR all:limited OR all:run OR all:merger) AND (cat:cs.DS OR cat:cs.DC OR cat:cs.DB) AND submittedDate:[197001010000 TO 200012312359] ANDNOT all:""in-memory-only modularity"" ANDNOT all:""social-science application only"" ANDNOT all:""no resource model"""	max_results=15&search_query=%28all%3ALouvain%29%20AND%20%28all%3A%22sort-reduce%22%20OR%20all%3Acommunity%20OR%20all%3Aedges%20OR%20all%3Aexternal%20OR%20all%3Aaggregation%20OR%20all%3A%22community-edge%22%20OR%20all%3Aruns%20OR%20all%3Astreamed%20OR%20all%3Acontraction%20OR%20all%3A%22one-level-at-a-time%22%20OR%20all%3Acoarsening%20OR%20all%3A%22external-memory%22%20OR%20all%3Aprocessing%20OR%20all%3A%22out-of-core%22%20OR%20all%3A%22semi-external%22%20OR%20all%3Abounded%20OR%20all%3Amerge%20OR%20all%3A%22fan-in%22%20OR%20all%3A%22multi-pass%22%20OR%20all%3A%22k-way%22%20OR%20all%3Alimited%20OR%20all%3Arun%20OR%20all%3Amerger%29%20AND%20%28cat%3Acs.DS%20OR%20cat%3Acs.DC%20OR%20cat%3Acs.DB%29%20AND%20submittedDate%3A%5B197001010000%20TO%20200012312359%5D%20ANDNOT%20all%3A%22in-memory-only%20modularity%22%20ANDNOT%20all%3A%22social-science%20application%20only%22%20ANDNOT%20all%3A%22no%20resource%20model%22&sortBy=relevance&sortOrder=descending&start=0	2026-08-11T07:00:28Z	0	200	0	ca495caa5f1264942cd900a61608fc883e7687c1603e40cae249d25cefedab3a	KnightBusArxivPatternFoundry/0.1	MISS	1	NONE	NONE	https://info.arxiv.org/help/api/tou.html	2026-08-11	arxiv-reference/cache/g02/arxiv/QRY-012-PRE2001.xml	COMPLETE
REQ-G02-0165	G02	QRY-012	QRY-012-2001_2010	arXiv	legacy_api_query_metadata	"(all:Louvain) AND (all:""sort-reduce"" OR all:community OR all:edges OR all:external OR all:aggregation OR all:""community-edge"" OR all:runs OR all:streamed OR all:contraction OR all:""one-level-at-a-time"" OR all:coarsening OR all:""external-memory"" OR all:processing OR all:""out-of-core"" OR all:""semi-external"" OR all:bounded OR all:merge OR all:""fan-in"" OR all:""multi-pass"" OR all:""k-way"" OR all:limited OR all:run OR all:merger) AND (cat:cs.DS OR cat:cs.DC OR cat:cs.DB) AND submittedDate:[200101010000 TO 201012312359] ANDNOT all:""in-memory-only modularity"" ANDNOT all:""social-science application only"" ANDNOT all:""no resource model"""	max_results=15&search_query=%28all%3ALouvain%29%20AND%20%28all%3A%22sort-reduce%22%20OR%20all%3Acommunity%20OR%20all%3Aedges%20OR%20all%3Aexternal%20OR%20all%3Aaggregation%20OR%20all%3A%22community-edge%22%20OR%20all%3Aruns%20OR%20all%3Astreamed%20OR%20all%3Acontraction%20OR%20all%3A%22one-level-at-a-time%22%20OR%20all%3Acoarsening%20OR%20all%3A%22external-memory%22%20OR%20all%3Aprocessing%20OR%20all%3A%22out-of-core%22%20OR%20all%3A%22semi-external%22%20OR%20all%3Abounded%20OR%20all%3Amerge%20OR%20all%3A%22fan-in%22%20OR%20all%3A%22multi-pass%22%20OR%20all%3A%22k-way%22%20OR%20all%3Alimited%20OR%20all%3Arun%20OR%20all%3Amerger%29%20AND%20%28cat%3Acs.DS%20OR%20cat%3Acs.DC%20OR%20cat%3Acs.DB%29%20AND%20submittedDate%3A%5B200101010000%20TO%20201012312359%5D%20ANDNOT%20all%3A%22in-memory-only%20modularity%22%20ANDNOT%20all%3A%22social-science%20application%20only%22%20ANDNOT%20all%3A%22no%20resource%20model%22&sortBy=relevance&sortOrder=descending&start=0	2026-08-11T07:00:35Z	0	200	0	64811fd4e5e01563e34eed1887044b9a2e57fb06696543ddc586a985f14ee8d7	KnightBusArxivPatternFoundry/0.1	MISS	1	NONE	NONE	https://info.arxiv.org/help/api/tou.html	2026-08-11	arxiv-reference/cache/g02/arxiv/QRY-012-2001_2010.xml	COMPLETE
REQ-G02-0166	G02	QRY-013	QRY-013-PRE2001	arXiv	legacy_api_query_metadata	"(all:NodeSimilarity OR all:""node similarity"") AND (all:bipartite OR all:incidence OR all:postings OR all:""entity-feature"" OR all:""feature-to-entity"" OR all:""degree-band"" OR all:index OR all:cardinality OR all:bands OR all:""size-class"" OR all:""heavy-feature"" OR all:partitions OR all:""heavy-hitter"" OR all:feature OR all:buckets OR all:skew) AND (cat:cs.DS OR cat:cs.DB OR cat:cs.IR) AND submittedDate:[197001010000 TO 200012312359] ANDNOT all:""generic vector embedding"" ANDNOT all:""materialized pair clique"" ANDNOT all:""application-only study"""	max_results=15&search_query=%28all%3ANodeSimilarity%20OR%20all%3A%22node%20similarity%22%29%20AND%20%28all%3Abipartite%20OR%20all%3Aincidence%20OR%20all%3Apostings%20OR%20all%3A%22entity-feature%22%20OR%20all%3A%22feature-to-entity%22%20OR%20all%3A%22degree-band%22%20OR%20all%3Aindex%20OR%20all%3Acardinality%20OR%20all%3Abands%20OR%20all%3A%22size-class%22%20OR%20all%3A%22heavy-feature%22%20OR%20all%3Apartitions%20OR%20all%3A%22heavy-hitter%22%20OR%20all%3Afeature%20OR%20all%3Abuckets%20OR%20all%3Askew%29%20AND%20%28cat%3Acs.DS%20OR%20cat%3Acs.DB%20OR%20cat%3Acs.IR%29%20AND%20submittedDate%3A%5B197001010000%20TO%20200012312359%5D%20ANDNOT%20all%3A%22generic%20vector%20embedding%22%20ANDNOT%20all%3A%22materialized%20pair%20clique%22%20ANDNOT%20all%3A%22application-only%20study%22&sortBy=relevance&sortOrder=descending&start=0	2026-08-11T07:00:39Z	0	200	0	b7d39721c5d17280760ec7bbeadd96e6ea415950a25fb74b1ece2e6c21bf5811	KnightBusArxivPatternFoundry/0.1	MISS	1	NONE	NONE	https://info.arxiv.org/help/api/tou.html	2026-08-11	arxiv-reference/cache/g02/arxiv/QRY-013-PRE2001.xml	COMPLETE
REQ-G02-0167	G02	QRY-013	QRY-013-2001_2010	arXiv	legacy_api_query_metadata	"(all:NodeSimilarity OR all:""node similarity"") AND (all:bipartite OR all:incidence OR all:postings OR all:""entity-feature"" OR all:""feature-to-entity"" OR all:""degree-band"" OR all:index OR all:cardinality OR all:bands OR all:""size-class"" OR all:""heavy-feature"" OR all:partitions OR all:""heavy-hitter"" OR all:feature OR all:buckets OR all:skew) AND (cat:cs.DS OR cat:cs.DB OR cat:cs.IR) AND submittedDate:[200101010000 TO 201012312359] ANDNOT all:""generic vector embedding"" ANDNOT all:""materialized pair clique"" ANDNOT all:""application-only study"""	max_results=15&search_query=%28all%3ANodeSimilarity%20OR%20all%3A%22node%20similarity%22%29%20AND%20%28all%3Abipartite%20OR%20all%3Aincidence%20OR%20all%3Apostings%20OR%20all%3A%22entity-feature%22%20OR%20all%3A%22feature-to-entity%22%20OR%20all%3A%22degree-band%22%20OR%20all%3Aindex%20OR%20all%3Acardinality%20OR%20all%3Abands%20OR%20all%3A%22size-class%22%20OR%20all%3A%22heavy-feature%22%20OR%20all%3Apartitions%20OR%20all%3A%22heavy-hitter%22%20OR%20all%3Afeature%20OR%20all%3Abuckets%20OR%20all%3Askew%29%20AND%20%28cat%3Acs.DS%20OR%20cat%3Acs.DB%20OR%20cat%3Acs.IR%29%20AND%20submittedDate%3A%5B200101010000%20TO%20201012312359%5D%20ANDNOT%20all%3A%22generic%20vector%20embedding%22%20ANDNOT%20all%3A%22materialized%20pair%20clique%22%20ANDNOT%20all%3A%22application-only%20study%22&sortBy=relevance&sortOrder=descending&start=0	2026-08-11T07:00:43Z	0	200	0	6a14b4728601cf909b6af77b091f21fb212038b98803ee980a29b080c77ef318	KnightBusArxivPatternFoundry/0.1	MISS	1	NONE	NONE	https://info.arxiv.org/help/api/tou.html	2026-08-11	arxiv-reference/cache/g02/arxiv/QRY-013-2001_2010.xml	COMPLETE
REQ-G02-0168	G02	QRY-014	QRY-014-PRE2001	arXiv	legacy_api_query_metadata	"(all:kNN OR all:""nearest neighbor"") AND (all:HNSW OR all:index OR all:hierarchical OR all:navigable OR all:small OR all:world OR all:layered OR all:proximity OR all:""IVF-PQ"" OR all:partitioned OR all:probes OR all:""inverted-file"" OR all:product OR all:quantization OR all:""coarse-list"" OR all:vector OR all:codes OR all:scalar OR all:""disk-resident"" OR all:ANN OR all:DiskANN OR all:Disk OR all:Vamana OR all:exact OR all:reranking OR all:landing OR all:candidate OR all:verification) AND (cat:cs.DS OR cat:cs.IR OR cat:cs.DB) AND submittedDate:[197001010000 TO 200012312359] ANDNOT all:""kNN classifier"" ANDNOT all:""exact-neighbor claim without recall"" ANDNOT all:""GPU memory without host accounting"""	max_results=15&search_query=%28all%3AkNN%20OR%20all%3A%22nearest%20neighbor%22%29%20AND%20%28all%3AHNSW%20OR%20all%3Aindex%20OR%20all%3Ahierarchical%20OR%20all%3Anavigable%20OR%20all%3Asmall%20OR%20all%3Aworld%20OR%20all%3Alayered%20OR%20all%3Aproximity%20OR%20all%3A%22IVF-PQ%22%20OR%20all%3Apartitioned%20OR%20all%3Aprobes%20OR%20all%3A%22inverted-file%22%20OR%20all%3Aproduct%20OR%20all%3Aquantization%20OR%20all%3A%22coarse-list%22%20OR%20all%3Avector%20OR%20all%3Acodes%20OR%20all%3Ascalar%20OR%20all%3A%22disk-resident%22%20OR%20all%3AANN%20OR%20all%3ADiskANN%20OR%20all%3ADisk%20OR%20all%3AVamana%20OR%20all%3Aexact%20OR%20all%3Areranking%20OR%20all%3Alanding%20OR%20all%3Acandidate%20OR%20all%3Averification%29%20AND%20%28cat%3Acs.DS%20OR%20cat%3Acs.IR%20OR%20cat%3Acs.DB%29%20AND%20submittedDate%3A%5B197001010000%20TO%20200012312359%5D%20ANDNOT%20all%3A%22kNN%20classifier%22%20ANDNOT%20all%3A%22exact-neighbor%20claim%20without%20recall%22%20ANDNOT%20all%3A%22GPU%20memory%20without%20host%20accounting%22&sortBy=relevance&sortOrder=descending&start=0	2026-08-11T07:00:48Z	0	200	0	b3e8b66fe222d4dff3cbfddc435821c27c86ed54a94bf56df1391fc1d0395382	KnightBusArxivPatternFoundry/0.1	MISS	1	NONE	NONE	https://info.arxiv.org/help/api/tou.html	2026-08-11	arxiv-reference/cache/g02/arxiv/QRY-014-PRE2001.xml	COMPLETE
REQ-G02-0169	G02	QRY-014	QRY-014-2001_2010	arXiv	legacy_api_query_metadata	"(all:kNN OR all:""nearest neighbor"") AND (all:HNSW OR all:index OR all:hierarchical OR all:navigable OR all:small OR all:world OR all:layered OR all:proximity OR all:""IVF-PQ"" OR all:partitioned OR all:probes OR all:""inverted-file"" OR all:product OR all:quantization OR all:""coarse-list"" OR all:vector OR all:codes OR all:scalar OR all:""disk-resident"" OR all:ANN OR all:DiskANN OR all:Disk OR all:Vamana OR all:exact OR all:reranking OR all:landing OR all:candidate OR all:verification) AND (cat:cs.DS OR cat:cs.IR OR cat:cs.DB) AND submittedDate:[200101010000 TO 201012312359] ANDNOT all:""kNN classifier"" ANDNOT all:""exact-neighbor claim without recall"" ANDNOT all:""GPU memory without host accounting"""	max_results=15&search_query=%28all%3AkNN%20OR%20all%3A%22nearest%20neighbor%22%29%20AND%20%28all%3AHNSW%20OR%20all%3Aindex%20OR%20all%3Ahierarchical%20OR%20all%3Anavigable%20OR%20all%3Asmall%20OR%20all%3Aworld%20OR%20all%3Alayered%20OR%20all%3Aproximity%20OR%20all%3A%22IVF-PQ%22%20OR%20all%3Apartitioned%20OR%20all%3Aprobes%20OR%20all%3A%22inverted-file%22%20OR%20all%3Aproduct%20OR%20all%3Aquantization%20OR%20all%3A%22coarse-list%22%20OR%20all%3Avector%20OR%20all%3Acodes%20OR%20all%3Ascalar%20OR%20all%3A%22disk-resident%22%20OR%20all%3AANN%20OR%20all%3ADiskANN%20OR%20all%3ADisk%20OR%20all%3AVamana%20OR%20all%3Aexact%20OR%20all%3Areranking%20OR%20all%3Alanding%20OR%20all%3Acandidate%20OR%20all%3Averification%29%20AND%20%28cat%3Acs.DS%20OR%20cat%3Acs.IR%20OR%20cat%3Acs.DB%29%20AND%20submittedDate%3A%5B200101010000%20TO%20201012312359%5D%20ANDNOT%20all%3A%22kNN%20classifier%22%20ANDNOT%20all%3A%22exact-neighbor%20claim%20without%20recall%22%20ANDNOT%20all%3A%22GPU%20memory%20without%20host%20accounting%22&sortBy=relevance&sortOrder=descending&start=0	2026-08-11T07:00:53Z	0	200	15	9b8132a894074ba69c123fcd6e7a5cf755ca03183c2df6af59e6ea09e89a3620	KnightBusArxivPatternFoundry/0.1	MISS	1	NONE	NONE	https://info.arxiv.org/help/api/tou.html	2026-08-11	arxiv-reference/cache/g02/arxiv/QRY-014-2001_2010.xml	COMPLETE
REQ-G02-0170	G02	QRY-015	QRY-015-PRE2001	arXiv	legacy_api_query_metadata	"(all:BFS OR all:""breadth-first search"" OR all:""bounded reachability"") AND (all:""external-memory"" OR all:processing OR all:""out-of-core"" OR all:""semi-external"" OR all:""strict-RAM"" OR all:streamed OR all:""hard-cap"" OR all:execution OR all:""bounded-memory"" OR all:lane OR all:fit OR all:spill OR all:approximate OR all:refuse OR all:""four-way"" OR all:admission OR all:alternatives OR all:hard OR all:cgroup OR all:RSS OR all:ceiling OR all:process OR all:memory OR all:quota OR all:enforced OR all:limit OR all:""full-working-set"" OR all:estimate OR all:complete OR all:model OR all:resource OR all:envelope) AND (cat:cs.DS OR cat:cs.OS OR cat:cs.DC) AND submittedDate:[197001010000 TO 200012312359] ANDNOT all:""OOM retry"" ANDNOT all:""heap estimate only"" ANDNOT all:""distributed capacity provisioning"""	max_results=15&search_query=%28all%3ABFS%20OR%20all%3A%22breadth-first%20search%22%20OR%20all%3A%22bounded%20reachability%22%29%20AND%20%28all%3A%22external-memory%22%20OR%20all%3Aprocessing%20OR%20all%3A%22out-of-core%22%20OR%20all%3A%22semi-external%22%20OR%20all%3A%22strict-RAM%22%20OR%20all%3Astreamed%20OR%20all%3A%22hard-cap%22%20OR%20all%3Aexecution%20OR%20all%3A%22bounded-memory%22%20OR%20all%3Alane%20OR%20all%3Afit%20OR%20all%3Aspill%20OR%20all%3Aapproximate%20OR%20all%3Arefuse%20OR%20all%3A%22four-way%22%20OR%20all%3Aadmission%20OR%20all%3Aalternatives%20OR%20all%3Ahard%20OR%20all%3Acgroup%20OR%20all%3ARSS%20OR%20all%3Aceiling%20OR%20all%3Aprocess%20OR%20all%3Amemory%20OR%20all%3Aquota%20OR%20all%3Aenforced%20OR%20all%3Alimit%20OR%20all%3A%22full-working-set%22%20OR%20all%3Aestimate%20OR%20all%3Acomplete%20OR%20all%3Amodel%20OR%20all%3Aresource%20OR%20all%3Aenvelope%29%20AND%20%28cat%3Acs.DS%20OR%20cat%3Acs.OS%20OR%20cat%3Acs.DC%29%20AND%20submittedDate%3A%5B197001010000%20TO%20200012312359%5D%20ANDNOT%20all%3A%22OOM%20retry%22%20ANDNOT%20all%3A%22heap%20estimate%20only%22%20ANDNOT%20all%3A%22distributed%20capacity%20provisioning%22&sortBy=relevance&sortOrder=descending&start=0	2026-08-11T07:01:01Z	0	200	1	d36bed9e88aacdacb5189eef185980f82e090f89130e66882b33bafc65665947	KnightBusArxivPatternFoundry/0.1	MISS	1	NONE	NONE	https://info.arxiv.org/help/api/tou.html	2026-08-11	arxiv-reference/cache/g02/arxiv/QRY-015-PRE2001.xml	COMPLETE
REQ-G02-0171	G02	QRY-015	QRY-015-2001_2010	arXiv	legacy_api_query_metadata	"(all:BFS OR all:""breadth-first search"" OR all:""bounded reachability"") AND (all:""external-memory"" OR all:processing OR all:""out-of-core"" OR all:""semi-external"" OR all:""strict-RAM"" OR all:streamed OR all:""hard-cap"" OR all:execution OR all:""bounded-memory"" OR all:lane OR all:fit OR all:spill OR all:approximate OR all:refuse OR all:""four-way"" OR all:admission OR all:alternatives OR all:hard OR all:cgroup OR all:RSS OR all:ceiling OR all:process OR all:memory OR all:quota OR all:enforced OR all:limit OR all:""full-working-set"" OR all:estimate OR all:complete OR all:model OR all:resource OR all:envelope) AND (cat:cs.DS OR cat:cs.OS OR cat:cs.DC) AND submittedDate:[200101010000 TO 201012312359] ANDNOT all:""OOM retry"" ANDNOT all:""heap estimate only"" ANDNOT all:""distributed capacity provisioning"""	max_results=15&search_query=%28all%3ABFS%20OR%20all%3A%22breadth-first%20search%22%20OR%20all%3A%22bounded%20reachability%22%29%20AND%20%28all%3A%22external-memory%22%20OR%20all%3Aprocessing%20OR%20all%3A%22out-of-core%22%20OR%20all%3A%22semi-external%22%20OR%20all%3A%22strict-RAM%22%20OR%20all%3Astreamed%20OR%20all%3A%22hard-cap%22%20OR%20all%3Aexecution%20OR%20all%3A%22bounded-memory%22%20OR%20all%3Alane%20OR%20all%3Afit%20OR%20all%3Aspill%20OR%20all%3Aapproximate%20OR%20all%3Arefuse%20OR%20all%3A%22four-way%22%20OR%20all%3Aadmission%20OR%20all%3Aalternatives%20OR%20all%3Ahard%20OR%20all%3Acgroup%20OR%20all%3ARSS%20OR%20all%3Aceiling%20OR%20all%3Aprocess%20OR%20all%3Amemory%20OR%20all%3Aquota%20OR%20all%3Aenforced%20OR%20all%3Alimit%20OR%20all%3A%22full-working-set%22%20OR%20all%3Aestimate%20OR%20all%3Acomplete%20OR%20all%3Amodel%20OR%20all%3Aresource%20OR%20all%3Aenvelope%29%20AND%20%28cat%3Acs.DS%20OR%20cat%3Acs.OS%20OR%20cat%3Acs.DC%29%20AND%20submittedDate%3A%5B200101010000%20TO%20201012312359%5D%20ANDNOT%20all%3A%22OOM%20retry%22%20ANDNOT%20all%3A%22heap%20estimate%20only%22%20ANDNOT%20all%3A%22distributed%20capacity%20provisioning%22&sortBy=relevance&sortOrder=descending&start=0	2026-08-11T07:01:07Z	0	200	11	e06c181bda8247af84612b7bcf31864c97faf900e90b149b6018f3a482968df5	KnightBusArxivPatternFoundry/0.1	MISS	1	NONE	NONE	https://info.arxiv.org/help/api/tou.html	2026-08-11	arxiv-reference/cache/g02/arxiv/QRY-015-2001_2010.xml	COMPLETE
REQ-G02-0172	G02	QRY-016	QRY-016-PRE2001	arXiv	legacy_api_query_metadata	"(all:WCC OR all:""connected components"") AND (all:fixed OR all:buffer OR all:pool OR all:preallocated OR all:buffers OR all:capsule OR all:bounded OR all:merge OR all:""fan-in"" OR all:""multi-pass"" OR all:""k-way"" OR all:limited OR all:run OR all:merger OR all:spill OR all:receipt OR all:""temporary-storage"" OR all:""bytes-written"" OR all:proof OR all:admission OR all:overshoot OR all:bound OR all:ceiling OR all:violation OR all:tolerance OR all:enforcement OR all:slack) AND (cat:cs.DS OR cat:cs.OS OR cat:cs.DB) AND submittedDate:[197001010000 TO 200012312359] ANDNOT all:""operating-system swap"" ANDNOT all:""unbounded k-way merge"" ANDNOT all:""average memory only"""	max_results=15&search_query=%28all%3AWCC%20OR%20all%3A%22connected%20components%22%29%20AND%20%28all%3Afixed%20OR%20all%3Abuffer%20OR%20all%3Apool%20OR%20all%3Apreallocated%20OR%20all%3Abuffers%20OR%20all%3Acapsule%20OR%20all%3Abounded%20OR%20all%3Amerge%20OR%20all%3A%22fan-in%22%20OR%20all%3A%22multi-pass%22%20OR%20all%3A%22k-way%22%20OR%20all%3Alimited%20OR%20all%3Arun%20OR%20all%3Amerger%20OR%20all%3Aspill%20OR%20all%3Areceipt%20OR%20all%3A%22temporary-storage%22%20OR%20all%3A%22bytes-written%22%20OR%20all%3Aproof%20OR%20all%3Aadmission%20OR%20all%3Aovershoot%20OR%20all%3Abound%20OR%20all%3Aceiling%20OR%20all%3Aviolation%20OR%20all%3Atolerance%20OR%20all%3Aenforcement%20OR%20all%3Aslack%29%20AND%20%28cat%3Acs.DS%20OR%20cat%3Acs.OS%20OR%20cat%3Acs.DB%29%20AND%20submittedDate%3A%5B197001010000%20TO%20200012312359%5D%20ANDNOT%20all%3A%22operating-system%20swap%22%20ANDNOT%20all%3A%22unbounded%20k-way%20merge%22%20ANDNOT%20all%3A%22average%20memory%20only%22&sortBy=relevance&sortOrder=descending&start=0	2026-08-11T07:01:13Z	0	200	0	28b7e8a591ac1daf0c1a4d350a93ed6f9dc86ab51efece8b423cb6746575372e	KnightBusArxivPatternFoundry/0.1	MISS	1	NONE	NONE	https://info.arxiv.org/help/api/tou.html	2026-08-11	arxiv-reference/cache/g02/arxiv/QRY-016-PRE2001.xml	COMPLETE
REQ-G02-0173	G02	QRY-016	QRY-016-2001_2010	arXiv	legacy_api_query_metadata	"(all:WCC OR all:""connected components"") AND (all:fixed OR all:buffer OR all:pool OR all:preallocated OR all:buffers OR all:capsule OR all:bounded OR all:merge OR all:""fan-in"" OR all:""multi-pass"" OR all:""k-way"" OR all:limited OR all:run OR all:merger OR all:spill OR all:receipt OR all:""temporary-storage"" OR all:""bytes-written"" OR all:proof OR all:admission OR all:overshoot OR all:bound OR all:ceiling OR all:violation OR all:tolerance OR all:enforcement OR all:slack) AND (cat:cs.DS OR cat:cs.OS OR cat:cs.DB) AND submittedDate:[200101010000 TO 201012312359] ANDNOT all:""operating-system swap"" ANDNOT all:""unbounded k-way merge"" ANDNOT all:""average memory only"""	max_results=15&search_query=%28all%3AWCC%20OR%20all%3A%22connected%20components%22%29%20AND%20%28all%3Afixed%20OR%20all%3Abuffer%20OR%20all%3Apool%20OR%20all%3Apreallocated%20OR%20all%3Abuffers%20OR%20all%3Acapsule%20OR%20all%3Abounded%20OR%20all%3Amerge%20OR%20all%3A%22fan-in%22%20OR%20all%3A%22multi-pass%22%20OR%20all%3A%22k-way%22%20OR%20all%3Alimited%20OR%20all%3Arun%20OR%20all%3Amerger%20OR%20all%3Aspill%20OR%20all%3Areceipt%20OR%20all%3A%22temporary-storage%22%20OR%20all%3A%22bytes-written%22%20OR%20all%3Aproof%20OR%20all%3Aadmission%20OR%20all%3Aovershoot%20OR%20all%3Abound%20OR%20all%3Aceiling%20OR%20all%3Aviolation%20OR%20all%3Atolerance%20OR%20all%3Aenforcement%20OR%20all%3Aslack%29%20AND%20%28cat%3Acs.DS%20OR%20cat%3Acs.OS%20OR%20cat%3Acs.DB%29%20AND%20submittedDate%3A%5B200101010000%20TO%20201012312359%5D%20ANDNOT%20all%3A%22operating-system%20swap%22%20ANDNOT%20all%3A%22unbounded%20k-way%20merge%22%20ANDNOT%20all%3A%22average%20memory%20only%22&sortBy=relevance&sortOrder=descending&start=0	2026-08-11T07:01:17Z	0	200	7	6eb2ee2f30e7d0f927d8e5ac214479faaa8e35686077846d2c8b9424f63ff112	KnightBusArxivPatternFoundry/0.1	MISS	1	NONE	NONE	https://info.arxiv.org/help/api/tou.html	2026-08-11	arxiv-reference/cache/g02/arxiv/QRY-016-2001_2010.xml	COMPLETE
REQ-G02-0174	G02	QRY-017	QRY-017-PRE2001	arXiv	legacy_api_query_metadata	"(all:PageRank) AND (all:preparation OR all:amortization OR all:""build-versus-query"" OR all:tradeoff OR all:""break-even"" OR all:reuse OR all:""build-once"" OR all:""query-many"" OR all:""repeated-run"" OR all:optimization OR all:persistent OR all:derived OR all:view OR all:materialized OR all:answer OR all:precomputed OR all:result OR all:semantic OR all:compression OR all:freshness OR all:invalidation OR all:""stale-and-rebuild"" OR all:""reuse-count"" OR all:plan OR all:selection OR all:amortized OR all:choice OR all:workload OR all:frequency OR all:policy) AND (cat:cs.DB OR cat:cs.DS) AND submittedDate:[197001010000 TO 200012312359] ANDNOT all:""kernel-time-only benchmark"" ANDNOT all:""one-shot workload"" ANDNOT all:""free retained storage"""	max_results=15&search_query=%28all%3APageRank%29%20AND%20%28all%3Apreparation%20OR%20all%3Aamortization%20OR%20all%3A%22build-versus-query%22%20OR%20all%3Atradeoff%20OR%20all%3A%22break-even%22%20OR%20all%3Areuse%20OR%20all%3A%22build-once%22%20OR%20all%3A%22query-many%22%20OR%20all%3A%22repeated-run%22%20OR%20all%3Aoptimization%20OR%20all%3Apersistent%20OR%20all%3Aderived%20OR%20all%3Aview%20OR%20all%3Amaterialized%20OR%20all%3Aanswer%20OR%20all%3Aprecomputed%20OR%20all%3Aresult%20OR%20all%3Asemantic%20OR%20all%3Acompression%20OR%20all%3Afreshness%20OR%20all%3Ainvalidation%20OR%20all%3A%22stale-and-rebuild%22%20OR%20all%3A%22reuse-count%22%20OR%20all%3Aplan%20OR%20all%3Aselection%20OR%20all%3Aamortized%20OR%20all%3Achoice%20OR%20all%3Aworkload%20OR%20all%3Afrequency%20OR%20all%3Apolicy%29%20AND%20%28cat%3Acs.DB%20OR%20cat%3Acs.DS%29%20AND%20submittedDate%3A%5B197001010000%20TO%20200012312359%5D%20ANDNOT%20all%3A%22kernel-time-only%20benchmark%22%20ANDNOT%20all%3A%22one-shot%20workload%22%20ANDNOT%20all%3A%22free%20retained%20storage%22&sortBy=relevance&sortOrder=descending&start=0	2026-08-11T07:01:23Z	0	200	0	ce99d914a6681c1776edb6ea2b5ad74eac14084c71897b570a054ae570cd2e65	KnightBusArxivPatternFoundry/0.1	MISS	1	NONE	NONE	https://info.arxiv.org/help/api/tou.html	2026-08-11	arxiv-reference/cache/g02/arxiv/QRY-017-PRE2001.xml	COMPLETE
REQ-G02-0175	G02	QRY-017	QRY-017-2001_2010	arXiv	legacy_api_query_metadata	"(all:PageRank) AND (all:preparation OR all:amortization OR all:""build-versus-query"" OR all:tradeoff OR all:""break-even"" OR all:reuse OR all:""build-once"" OR all:""query-many"" OR all:""repeated-run"" OR all:optimization OR all:persistent OR all:derived OR all:view OR all:materialized OR all:answer OR all:precomputed OR all:result OR all:semantic OR all:compression OR all:freshness OR all:invalidation OR all:""stale-and-rebuild"" OR all:""reuse-count"" OR all:plan OR all:selection OR all:amortized OR all:choice OR all:workload OR all:frequency OR all:policy) AND (cat:cs.DB OR cat:cs.DS) AND submittedDate:[200101010000 TO 201012312359] ANDNOT all:""kernel-time-only benchmark"" ANDNOT all:""one-shot workload"" ANDNOT all:""free retained storage"""	max_results=15&search_query=%28all%3APageRank%29%20AND%20%28all%3Apreparation%20OR%20all%3Aamortization%20OR%20all%3A%22build-versus-query%22%20OR%20all%3Atradeoff%20OR%20all%3A%22break-even%22%20OR%20all%3Areuse%20OR%20all%3A%22build-once%22%20OR%20all%3A%22query-many%22%20OR%20all%3A%22repeated-run%22%20OR%20all%3Aoptimization%20OR%20all%3Apersistent%20OR%20all%3Aderived%20OR%20all%3Aview%20OR%20all%3Amaterialized%20OR%20all%3Aanswer%20OR%20all%3Aprecomputed%20OR%20all%3Aresult%20OR%20all%3Asemantic%20OR%20all%3Acompression%20OR%20all%3Afreshness%20OR%20all%3Ainvalidation%20OR%20all%3A%22stale-and-rebuild%22%20OR%20all%3A%22reuse-count%22%20OR%20all%3Aplan%20OR%20all%3Aselection%20OR%20all%3Aamortized%20OR%20all%3Achoice%20OR%20all%3Aworkload%20OR%20all%3Afrequency%20OR%20all%3Apolicy%29%20AND%20%28cat%3Acs.DB%20OR%20cat%3Acs.DS%29%20AND%20submittedDate%3A%5B200101010000%20TO%20201012312359%5D%20ANDNOT%20all%3A%22kernel-time-only%20benchmark%22%20ANDNOT%20all%3A%22one-shot%20workload%22%20ANDNOT%20all%3A%22free%20retained%20storage%22&sortBy=relevance&sortOrder=descending&start=0	2026-08-11T07:01:27Z	0	200	8	4a8f0e159ea6be7fe73994afbee5b69bd98e33991005f730a7be438aecc3b660	KnightBusArxivPatternFoundry/0.1	MISS	1	NONE	NONE	https://info.arxiv.org/help/api/tou.html	2026-08-11	arxiv-reference/cache/g02/arxiv/QRY-017-2001_2010.xml	COMPLETE
REQ-G02-0176	G02	QRY-018	QRY-018-PRE2001	arXiv	legacy_api_query_metadata	"(all:PageRank) AND (all:""warm-start"" OR all:rank OR all:certificate OR all:""previous-rank"" OR all:vector OR all:incremental OR all:PageRank OR all:seed OR all:materialized OR all:answer OR all:precomputed OR all:result OR all:semantic OR all:compression OR all:""generation-bound"" OR all:cache OR all:identity OR all:view OR all:hash OR all:""cold-versus-warm"" OR all:cold OR all:start OR all:versus OR all:warmed OR all:run OR all:conditioning) AND (cat:cs.DB OR cat:cs.DS OR cat:cs.DC) AND submittedDate:[197001010000 TO 200012312359] ANDNOT all:""stale result accepted"" ANDNOT all:""cache without generation key"" ANDNOT all:""application-only paper"""	max_results=15&search_query=%28all%3APageRank%29%20AND%20%28all%3A%22warm-start%22%20OR%20all%3Arank%20OR%20all%3Acertificate%20OR%20all%3A%22previous-rank%22%20OR%20all%3Avector%20OR%20all%3Aincremental%20OR%20all%3APageRank%20OR%20all%3Aseed%20OR%20all%3Amaterialized%20OR%20all%3Aanswer%20OR%20all%3Aprecomputed%20OR%20all%3Aresult%20OR%20all%3Asemantic%20OR%20all%3Acompression%20OR%20all%3A%22generation-bound%22%20OR%20all%3Acache%20OR%20all%3Aidentity%20OR%20all%3Aview%20OR%20all%3Ahash%20OR%20all%3A%22cold-versus-warm%22%20OR%20all%3Acold%20OR%20all%3Astart%20OR%20all%3Aversus%20OR%20all%3Awarmed%20OR%20all%3Arun%20OR%20all%3Aconditioning%29%20AND%20%28cat%3Acs.DB%20OR%20cat%3Acs.DS%20OR%20cat%3Acs.DC%29%20AND%20submittedDate%3A%5B197001010000%20TO%20200012312359%5D%20ANDNOT%20all%3A%22stale%20result%20accepted%22%20ANDNOT%20all%3A%22cache%20without%20generation%20key%22%20ANDNOT%20all%3A%22application-only%20paper%22&sortBy=relevance&sortOrder=descending&start=0	2026-08-11T07:01:33Z	0	200	0	ca6b16514de7e7bf931f85cc77a6ced3687a2906cbce15b2e947567c1f5e502a	KnightBusArxivPatternFoundry/0.1	MISS	1	NONE	NONE	https://info.arxiv.org/help/api/tou.html	2026-08-11	arxiv-reference/cache/g02/arxiv/QRY-018-PRE2001.xml	COMPLETE
REQ-G02-0177	G02	QRY-018	QRY-018-2001_2010	arXiv	legacy_api_query_metadata	"(all:PageRank) AND (all:""warm-start"" OR all:rank OR all:certificate OR all:""previous-rank"" OR all:vector OR all:incremental OR all:PageRank OR all:seed OR all:materialized OR all:answer OR all:precomputed OR all:result OR all:semantic OR all:compression OR all:""generation-bound"" OR all:cache OR all:identity OR all:view OR all:hash OR all:""cold-versus-warm"" OR all:cold OR all:start OR all:versus OR all:warmed OR all:run OR all:conditioning) AND (cat:cs.DB OR cat:cs.DS OR cat:cs.DC) AND submittedDate:[200101010000 TO 201012312359] ANDNOT all:""stale result accepted"" ANDNOT all:""cache without generation key"" ANDNOT all:""application-only paper"""	max_results=15&search_query=%28all%3APageRank%29%20AND%20%28all%3A%22warm-start%22%20OR%20all%3Arank%20OR%20all%3Acertificate%20OR%20all%3A%22previous-rank%22%20OR%20all%3Avector%20OR%20all%3Aincremental%20OR%20all%3APageRank%20OR%20all%3Aseed%20OR%20all%3Amaterialized%20OR%20all%3Aanswer%20OR%20all%3Aprecomputed%20OR%20all%3Aresult%20OR%20all%3Asemantic%20OR%20all%3Acompression%20OR%20all%3A%22generation-bound%22%20OR%20all%3Acache%20OR%20all%3Aidentity%20OR%20all%3Aview%20OR%20all%3Ahash%20OR%20all%3A%22cold-versus-warm%22%20OR%20all%3Acold%20OR%20all%3Astart%20OR%20all%3Aversus%20OR%20all%3Awarmed%20OR%20all%3Arun%20OR%20all%3Aconditioning%29%20AND%20%28cat%3Acs.DB%20OR%20cat%3Acs.DS%20OR%20cat%3Acs.DC%29%20AND%20submittedDate%3A%5B200101010000%20TO%20201012312359%5D%20ANDNOT%20all%3A%22stale%20result%20accepted%22%20ANDNOT%20all%3A%22cache%20without%20generation%20key%22%20ANDNOT%20all%3A%22application-only%20paper%22&sortBy=relevance&sortOrder=descending&start=0	2026-08-11T07:01:37Z	0	200	12	9ccb67dcdeee9e7f4cfa954ea03b2b605a44d19c98c7ae9f10c8574b95ab1311	KnightBusArxivPatternFoundry/0.1	MISS	1	NONE	NONE	https://info.arxiv.org/help/api/tou.html	2026-08-11	arxiv-reference/cache/g02/arxiv/QRY-018-2001_2010.xml	COMPLETE
REQ-G02-0178	G02	QRY-019	QRY-019-PRE2001	arXiv	legacy_api_query_metadata	"(all:BFS OR all:""breadth-first search"" OR all:""bounded reachability"") AND (all:deterministic OR all:peak OR all:RSS OR all:bounded OR all:resident OR all:set OR all:""peak-memory"" OR all:envelope OR all:""tail-latency"" OR all:latency OR all:distribution OR all:jitter OR all:""page-fault"" OR all:control OR all:""resident-window"" OR all:prefaulting OR all:concurrency OR all:worker OR all:cap OR all:downgrade) AND (cat:cs.OS OR cat:cs.DC OR cat:cs.PF) AND submittedDate:[197001010000 TO 200012312359] ANDNOT all:""mean-only benchmark"" ANDNOT all:""uncontrolled public cloud"" ANDNOT all:""universal P100 claim"""	max_results=15&search_query=%28all%3ABFS%20OR%20all%3A%22breadth-first%20search%22%20OR%20all%3A%22bounded%20reachability%22%29%20AND%20%28all%3Adeterministic%20OR%20all%3Apeak%20OR%20all%3ARSS%20OR%20all%3Abounded%20OR%20all%3Aresident%20OR%20all%3Aset%20OR%20all%3A%22peak-memory%22%20OR%20all%3Aenvelope%20OR%20all%3A%22tail-latency%22%20OR%20all%3Alatency%20OR%20all%3Adistribution%20OR%20all%3Ajitter%20OR%20all%3A%22page-fault%22%20OR%20all%3Acontrol%20OR%20all%3A%22resident-window%22%20OR%20all%3Aprefaulting%20OR%20all%3Aconcurrency%20OR%20all%3Aworker%20OR%20all%3Acap%20OR%20all%3Adowngrade%29%20AND%20%28cat%3Acs.OS%20OR%20cat%3Acs.DC%20OR%20cat%3Acs.PF%29%20AND%20submittedDate%3A%5B197001010000%20TO%20200012312359%5D%20ANDNOT%20all%3A%22mean-only%20benchmark%22%20ANDNOT%20all%3A%22uncontrolled%20public%20cloud%22%20ANDNOT%20all%3A%22universal%20P100%20claim%22&sortBy=relevance&sortOrder=descending&start=0	2026-08-11T07:01:42Z	0	200	0	2a42b4647861215bf0494f5dca4433a8855478a6d7f697c972e53672961c08a0	KnightBusArxivPatternFoundry/0.1	MISS	1	NONE	NONE	https://info.arxiv.org/help/api/tou.html	2026-08-11	arxiv-reference/cache/g02/arxiv/QRY-019-PRE2001.xml	COMPLETE
REQ-G02-0179	G02	QRY-019	QRY-019-2001_2010	arXiv	legacy_api_query_metadata	"(all:BFS OR all:""breadth-first search"" OR all:""bounded reachability"") AND (all:deterministic OR all:peak OR all:RSS OR all:bounded OR all:resident OR all:set OR all:""peak-memory"" OR all:envelope OR all:""tail-latency"" OR all:latency OR all:distribution OR all:jitter OR all:""page-fault"" OR all:control OR all:""resident-window"" OR all:prefaulting OR all:concurrency OR all:worker OR all:cap OR all:downgrade) AND (cat:cs.OS OR cat:cs.DC OR cat:cs.PF) AND submittedDate:[200101010000 TO 201012312359] ANDNOT all:""mean-only benchmark"" ANDNOT all:""uncontrolled public cloud"" ANDNOT all:""universal P100 claim"""	max_results=15&search_query=%28all%3ABFS%20OR%20all%3A%22breadth-first%20search%22%20OR%20all%3A%22bounded%20reachability%22%29%20AND%20%28all%3Adeterministic%20OR%20all%3Apeak%20OR%20all%3ARSS%20OR%20all%3Abounded%20OR%20all%3Aresident%20OR%20all%3Aset%20OR%20all%3A%22peak-memory%22%20OR%20all%3Aenvelope%20OR%20all%3A%22tail-latency%22%20OR%20all%3Alatency%20OR%20all%3Adistribution%20OR%20all%3Ajitter%20OR%20all%3A%22page-fault%22%20OR%20all%3Acontrol%20OR%20all%3A%22resident-window%22%20OR%20all%3Aprefaulting%20OR%20all%3Aconcurrency%20OR%20all%3Aworker%20OR%20all%3Acap%20OR%20all%3Adowngrade%29%20AND%20%28cat%3Acs.OS%20OR%20cat%3Acs.DC%20OR%20cat%3Acs.PF%29%20AND%20submittedDate%3A%5B200101010000%20TO%20201012312359%5D%20ANDNOT%20all%3A%22mean-only%20benchmark%22%20ANDNOT%20all%3A%22uncontrolled%20public%20cloud%22%20ANDNOT%20all%3A%22universal%20P100%20claim%22&sortBy=relevance&sortOrder=descending&start=0	2026-08-11T07:01:46Z	0	200	3	11d457c2273e22f4f61535c848b93e279acfa5332a53d3358f9fe9f8677b5e35	KnightBusArxivPatternFoundry/0.1	MISS	1	NONE	NONE	https://info.arxiv.org/help/api/tou.html	2026-08-11	arxiv-reference/cache/g02/arxiv/QRY-019-2001_2010.xml	COMPLETE
REQ-G02-0180	G02	QRY-020	QRY-020-PRE2001	arXiv	legacy_api_query_metadata	"(all:PageRank) AND (all:NUMA OR all:pinning OR all:memory OR all:locality OR all:binding OR all:CPU OR all:affinity OR all:""mapped-versus-resident"" OR all:bytes OR all:RSS OR all:versus OR all:virtual OR all:mapping OR all:resident OR all:mapped OR all:pages OR all:calibrated OR all:safety OR all:margin OR all:upper OR all:confidence OR all:bound OR all:conservative OR all:refusal OR all:admission OR all:overshoot OR all:ceiling OR all:violation OR all:tolerance OR all:enforcement OR all:slack) AND (cat:cs.OS OR cat:cs.DC OR cat:cs.PF) AND submittedDate:[197001010000 TO 200012312359] ANDNOT all:""virtual size as RSS"" ANDNOT all:""static safety factor only"" ANDNOT all:""language comparison"""	max_results=15&search_query=%28all%3APageRank%29%20AND%20%28all%3ANUMA%20OR%20all%3Apinning%20OR%20all%3Amemory%20OR%20all%3Alocality%20OR%20all%3Abinding%20OR%20all%3ACPU%20OR%20all%3Aaffinity%20OR%20all%3A%22mapped-versus-resident%22%20OR%20all%3Abytes%20OR%20all%3ARSS%20OR%20all%3Aversus%20OR%20all%3Avirtual%20OR%20all%3Amapping%20OR%20all%3Aresident%20OR%20all%3Amapped%20OR%20all%3Apages%20OR%20all%3Acalibrated%20OR%20all%3Asafety%20OR%20all%3Amargin%20OR%20all%3Aupper%20OR%20all%3Aconfidence%20OR%20all%3Abound%20OR%20all%3Aconservative%20OR%20all%3Arefusal%20OR%20all%3Aadmission%20OR%20all%3Aovershoot%20OR%20all%3Aceiling%20OR%20all%3Aviolation%20OR%20all%3Atolerance%20OR%20all%3Aenforcement%20OR%20all%3Aslack%29%20AND%20%28cat%3Acs.OS%20OR%20cat%3Acs.DC%20OR%20cat%3Acs.PF%29%20AND%20submittedDate%3A%5B197001010000%20TO%20200012312359%5D%20ANDNOT%20all%3A%22virtual%20size%20as%20RSS%22%20ANDNOT%20all%3A%22static%20safety%20factor%20only%22%20ANDNOT%20all%3A%22language%20comparison%22&sortBy=relevance&sortOrder=descending&start=0	2026-08-11T07:01:51Z	0	200	0	d6cbd0b79e6ddd5a53eb6cd1f273dad25736e8a48259578cf3fc48d004900731	KnightBusArxivPatternFoundry/0.1	MISS	1	NONE	NONE	https://info.arxiv.org/help/api/tou.html	2026-08-11	arxiv-reference/cache/g02/arxiv/QRY-020-PRE2001.xml	COMPLETE
REQ-G02-0181	G02	QRY-020	QRY-020-2001_2010	arXiv	legacy_api_query_metadata	"(all:PageRank) AND (all:NUMA OR all:pinning OR all:memory OR all:locality OR all:binding OR all:CPU OR all:affinity OR all:""mapped-versus-resident"" OR all:bytes OR all:RSS OR all:versus OR all:virtual OR all:mapping OR all:resident OR all:mapped OR all:pages OR all:calibrated OR all:safety OR all:margin OR all:upper OR all:confidence OR all:bound OR all:conservative OR all:refusal OR all:admission OR all:overshoot OR all:ceiling OR all:violation OR all:tolerance OR all:enforcement OR all:slack) AND (cat:cs.OS OR cat:cs.DC OR cat:cs.PF) AND submittedDate:[200101010000 TO 201012312359] ANDNOT all:""virtual size as RSS"" ANDNOT all:""static safety factor only"" ANDNOT all:""language comparison"""	max_results=15&search_query=%28all%3APageRank%29%20AND%20%28all%3ANUMA%20OR%20all%3Apinning%20OR%20all%3Amemory%20OR%20all%3Alocality%20OR%20all%3Abinding%20OR%20all%3ACPU%20OR%20all%3Aaffinity%20OR%20all%3A%22mapped-versus-resident%22%20OR%20all%3Abytes%20OR%20all%3ARSS%20OR%20all%3Aversus%20OR%20all%3Avirtual%20OR%20all%3Amapping%20OR%20all%3Aresident%20OR%20all%3Amapped%20OR%20all%3Apages%20OR%20all%3Acalibrated%20OR%20all%3Asafety%20OR%20all%3Amargin%20OR%20all%3Aupper%20OR%20all%3Aconfidence%20OR%20all%3Abound%20OR%20all%3Aconservative%20OR%20all%3Arefusal%20OR%20all%3Aadmission%20OR%20all%3Aovershoot%20OR%20all%3Aceiling%20OR%20all%3Aviolation%20OR%20all%3Atolerance%20OR%20all%3Aenforcement%20OR%20all%3Aslack%29%20AND%20%28cat%3Acs.OS%20OR%20cat%3Acs.DC%20OR%20cat%3Acs.PF%29%20AND%20submittedDate%3A%5B200101010000%20TO%20201012312359%5D%20ANDNOT%20all%3A%22virtual%20size%20as%20RSS%22%20ANDNOT%20all%3A%22static%20safety%20factor%20only%22%20ANDNOT%20all%3A%22language%20comparison%22&sortBy=relevance&sortOrder=descending&start=0	2026-08-11T07:01:56Z	0	200	1	90447415aceea9680de90423142218077e79a5636ccc620dd6bc1d969f428882	KnightBusArxivPatternFoundry/0.1	MISS	1	NONE	NONE	https://info.arxiv.org/help/api/tou.html	2026-08-11	arxiv-reference/cache/g02/arxiv/QRY-020-2001_2010.xml	COMPLETE
REQ-G02-0182	G02	QRY-021	QRY-021-PRE2001	arXiv	legacy_api_query_metadata	"(all:BFS OR all:""breadth-first search"" OR all:""bounded reachability"") AND (all:Bolt OR all:protocol OR all:compatibility OR all:Neo4j OR all:driver OR all:adapter OR all:constrained OR all:Cypher OR all:subset OR all:eligibility OR all:""adapter-only"" OR all:boundary OR all:translation OR all:edge OR all:shim OR all:""unsupported-surface"" OR all:refusal OR all:""fail-closed"" OR all:explicit OR all:unsupported OR all:error) AND (cat:cs.DB OR cat:cs.SE) AND submittedDate:[197001010000 TO 200012312359] ANDNOT all:""full database rewrite"" ANDNOT all:""parser performance only"" ANDNOT all:""unrelated network protocol"""	max_results=15&search_query=%28all%3ABFS%20OR%20all%3A%22breadth-first%20search%22%20OR%20all%3A%22bounded%20reachability%22%29%20AND%20%28all%3ABolt%20OR%20all%3Aprotocol%20OR%20all%3Acompatibility%20OR%20all%3ANeo4j%20OR%20all%3Adriver%20OR%20all%3Aadapter%20OR%20all%3Aconstrained%20OR%20all%3ACypher%20OR%20all%3Asubset%20OR%20all%3Aeligibility%20OR%20all%3A%22adapter-only%22%20OR%20all%3Aboundary%20OR%20all%3Atranslation%20OR%20all%3Aedge%20OR%20all%3Ashim%20OR%20all%3A%22unsupported-surface%22%20OR%20all%3Arefusal%20OR%20all%3A%22fail-closed%22%20OR%20all%3Aexplicit%20OR%20all%3Aunsupported%20OR%20all%3Aerror%29%20AND%20%28cat%3Acs.DB%20OR%20cat%3Acs.SE%29%20AND%20submittedDate%3A%5B197001010000%20TO%20200012312359%5D%20ANDNOT%20all%3A%22full%20database%20rewrite%22%20ANDNOT%20all%3A%22parser%20performance%20only%22%20ANDNOT%20all%3A%22unrelated%20network%20protocol%22&sortBy=relevance&sortOrder=descending&start=0	2026-08-11T07:02:00Z	0	200	0	ff26e365dc619b78aae3d83fad7d0c4e1c2415faa59a3936ffc433454bf373d8	KnightBusArxivPatternFoundry/0.1	MISS	1	NONE	NONE	https://info.arxiv.org/help/api/tou.html	2026-08-11	arxiv-reference/cache/g02/arxiv/QRY-021-PRE2001.xml	COMPLETE
REQ-G02-0183	G02	QRY-021	QRY-021-2001_2010	arXiv	legacy_api_query_metadata	"(all:BFS OR all:""breadth-first search"" OR all:""bounded reachability"") AND (all:Bolt OR all:protocol OR all:compatibility OR all:Neo4j OR all:driver OR all:adapter OR all:constrained OR all:Cypher OR all:subset OR all:eligibility OR all:""adapter-only"" OR all:boundary OR all:translation OR all:edge OR all:shim OR all:""unsupported-surface"" OR all:refusal OR all:""fail-closed"" OR all:explicit OR all:unsupported OR all:error) AND (cat:cs.DB OR cat:cs.SE) AND submittedDate:[200101010000 TO 201012312359] ANDNOT all:""full database rewrite"" ANDNOT all:""parser performance only"" ANDNOT all:""unrelated network protocol"""	max_results=15&search_query=%28all%3ABFS%20OR%20all%3A%22breadth-first%20search%22%20OR%20all%3A%22bounded%20reachability%22%29%20AND%20%28all%3ABolt%20OR%20all%3Aprotocol%20OR%20all%3Acompatibility%20OR%20all%3ANeo4j%20OR%20all%3Adriver%20OR%20all%3Aadapter%20OR%20all%3Aconstrained%20OR%20all%3ACypher%20OR%20all%3Asubset%20OR%20all%3Aeligibility%20OR%20all%3A%22adapter-only%22%20OR%20all%3Aboundary%20OR%20all%3Atranslation%20OR%20all%3Aedge%20OR%20all%3Ashim%20OR%20all%3A%22unsupported-surface%22%20OR%20all%3Arefusal%20OR%20all%3A%22fail-closed%22%20OR%20all%3Aexplicit%20OR%20all%3Aunsupported%20OR%20all%3Aerror%29%20AND%20%28cat%3Acs.DB%20OR%20cat%3Acs.SE%29%20AND%20submittedDate%3A%5B200101010000%20TO%20201012312359%5D%20ANDNOT%20all%3A%22full%20database%20rewrite%22%20ANDNOT%20all%3A%22parser%20performance%20only%22%20ANDNOT%20all%3A%22unrelated%20network%20protocol%22&sortBy=relevance&sortOrder=descending&start=0	2026-08-11T07:02:04Z	0	200	0	e474badcd5930ad84d8fc59c235267cb2228ca2ce9bd041a409a5ef3fb04694e	KnightBusArxivPatternFoundry/0.1	MISS	1	NONE	NONE	https://info.arxiv.org/help/api/tou.html	2026-08-11	arxiv-reference/cache/g02/arxiv/QRY-021-2001_2010.xml	COMPLETE
REQ-G02-0184	G02	QRY-022	QRY-022-PRE2001	arXiv	legacy_api_query_metadata	"(all:WCC OR all:""connected components"") AND (all:GDS OR all:procedure OR all:surface OR all:data OR all:science OR all:API OR all:registry OR all:differential OR all:oracle OR all:behavioral OR all:parity OR all:test OR all:""reference-engine"" OR all:comparison OR all:stream OR all:stats OR all:mutate OR all:write OR all:modes OR all:execution OR all:result OR all:projection OR all:semantics OR all:logical OR all:view) AND (cat:cs.DB OR cat:cs.SE OR cat:cs.DS) AND submittedDate:[197001010000 TO 200012312359] ANDNOT all:""API inventory only"" ANDNOT all:""transaction kernel internals"" ANDNOT all:""no behavioral oracle"""	max_results=15&search_query=%28all%3AWCC%20OR%20all%3A%22connected%20components%22%29%20AND%20%28all%3AGDS%20OR%20all%3Aprocedure%20OR%20all%3Asurface%20OR%20all%3Adata%20OR%20all%3Ascience%20OR%20all%3AAPI%20OR%20all%3Aregistry%20OR%20all%3Adifferential%20OR%20all%3Aoracle%20OR%20all%3Abehavioral%20OR%20all%3Aparity%20OR%20all%3Atest%20OR%20all%3A%22reference-engine%22%20OR%20all%3Acomparison%20OR%20all%3Astream%20OR%20all%3Astats%20OR%20all%3Amutate%20OR%20all%3Awrite%20OR%20all%3Amodes%20OR%20all%3Aexecution%20OR%20all%3Aresult%20OR%20all%3Aprojection%20OR%20all%3Asemantics%20OR%20all%3Alogical%20OR%20all%3Aview%29%20AND%20%28cat%3Acs.DB%20OR%20cat%3Acs.SE%20OR%20cat%3Acs.DS%29%20AND%20submittedDate%3A%5B197001010000%20TO%20200012312359%5D%20ANDNOT%20all%3A%22API%20inventory%20only%22%20ANDNOT%20all%3A%22transaction%20kernel%20internals%22%20ANDNOT%20all%3A%22no%20behavioral%20oracle%22&sortBy=relevance&sortOrder=descending&start=0	2026-08-11T07:02:08Z	0	200	0	963b0c9dff3d21b699a3e8e93a85767bc2cf238b9681244a9d615519b73a4310	KnightBusArxivPatternFoundry/0.1	MISS	1	NONE	NONE	https://info.arxiv.org/help/api/tou.html	2026-08-11	arxiv-reference/cache/g02/arxiv/QRY-022-PRE2001.xml	COMPLETE
REQ-G02-0185	G02	QRY-022	QRY-022-2001_2010	arXiv	legacy_api_query_metadata	"(all:WCC OR all:""connected components"") AND (all:GDS OR all:procedure OR all:surface OR all:data OR all:science OR all:API OR all:registry OR all:differential OR all:oracle OR all:behavioral OR all:parity OR all:test OR all:""reference-engine"" OR all:comparison OR all:stream OR all:stats OR all:mutate OR all:write OR all:modes OR all:execution OR all:result OR all:projection OR all:semantics OR all:logical OR all:view) AND (cat:cs.DB OR cat:cs.SE OR cat:cs.DS) AND submittedDate:[200101010000 TO 201012312359] ANDNOT all:""API inventory only"" ANDNOT all:""transaction kernel internals"" ANDNOT all:""no behavioral oracle"""	max_results=15&search_query=%28all%3AWCC%20OR%20all%3A%22connected%20components%22%29%20AND%20%28all%3AGDS%20OR%20all%3Aprocedure%20OR%20all%3Asurface%20OR%20all%3Adata%20OR%20all%3Ascience%20OR%20all%3AAPI%20OR%20all%3Aregistry%20OR%20all%3Adifferential%20OR%20all%3Aoracle%20OR%20all%3Abehavioral%20OR%20all%3Aparity%20OR%20all%3Atest%20OR%20all%3A%22reference-engine%22%20OR%20all%3Acomparison%20OR%20all%3Astream%20OR%20all%3Astats%20OR%20all%3Amutate%20OR%20all%3Awrite%20OR%20all%3Amodes%20OR%20all%3Aexecution%20OR%20all%3Aresult%20OR%20all%3Aprojection%20OR%20all%3Asemantics%20OR%20all%3Alogical%20OR%20all%3Aview%29%20AND%20%28cat%3Acs.DB%20OR%20cat%3Acs.SE%20OR%20cat%3Acs.DS%29%20AND%20submittedDate%3A%5B200101010000%20TO%20201012312359%5D%20ANDNOT%20all%3A%22API%20inventory%20only%22%20ANDNOT%20all%3A%22transaction%20kernel%20internals%22%20ANDNOT%20all%3A%22no%20behavioral%20oracle%22&sortBy=relevance&sortOrder=descending&start=0	2026-08-11T07:02:13Z	0	200	15	f1e80587d53918a28146270cc2f7ed6c460541a4246ce60154879777b6519f3b	KnightBusArxivPatternFoundry/0.1	MISS	1	NONE	NONE	https://info.arxiv.org/help/api/tou.html	2026-08-11	arxiv-reference/cache/g02/arxiv/QRY-022-2001_2010.xml	COMPLETE
REQ-G02-0186	G02	QRY-023	QRY-023-PRE2001	arXiv	legacy_api_query_metadata	"(all:WCC OR all:""connected components"") AND (all:""proof-carrying"" OR all:execution OR all:receipt OR all:verifiable OR all:run OR all:certificate OR all:before OR all:during OR all:after OR all:preflight OR all:runtime OR all:terminal OR all:phase OR all:independent OR all:mathematical OR all:oracle OR all:""hand-checkable"" OR all:reference OR all:epistemically OR all:metamorphic OR all:invariants OR all:""property-based"" OR all:tests OR all:""relation-preserving"" OR all:transformations) AND (cat:cs.SE OR cat:cs.DS OR cat:cs.DC) AND submittedDate:[197001010000 TO 200012312359] ANDNOT all:""blockchain proof only"" ANDNOT all:""observability without oracle"" ANDNOT all:""benchmark narrative"""	max_results=15&search_query=%28all%3AWCC%20OR%20all%3A%22connected%20components%22%29%20AND%20%28all%3A%22proof-carrying%22%20OR%20all%3Aexecution%20OR%20all%3Areceipt%20OR%20all%3Averifiable%20OR%20all%3Arun%20OR%20all%3Acertificate%20OR%20all%3Abefore%20OR%20all%3Aduring%20OR%20all%3Aafter%20OR%20all%3Apreflight%20OR%20all%3Aruntime%20OR%20all%3Aterminal%20OR%20all%3Aphase%20OR%20all%3Aindependent%20OR%20all%3Amathematical%20OR%20all%3Aoracle%20OR%20all%3A%22hand-checkable%22%20OR%20all%3Areference%20OR%20all%3Aepistemically%20OR%20all%3Ametamorphic%20OR%20all%3Ainvariants%20OR%20all%3A%22property-based%22%20OR%20all%3Atests%20OR%20all%3A%22relation-preserving%22%20OR%20all%3Atransformations%29%20AND%20%28cat%3Acs.SE%20OR%20cat%3Acs.DS%20OR%20cat%3Acs.DC%29%20AND%20submittedDate%3A%5B197001010000%20TO%20200012312359%5D%20ANDNOT%20all%3A%22blockchain%20proof%20only%22%20ANDNOT%20all%3A%22observability%20without%20oracle%22%20ANDNOT%20all%3A%22benchmark%20narrative%22&sortBy=relevance&sortOrder=descending&start=0	2026-08-11T07:02:18Z	0	200	0	73f35e05ba4ebb7abeaa30b984de06b0d85080432d2e58965f5b4564d6ed69e3	KnightBusArxivPatternFoundry/0.1	MISS	1	NONE	NONE	https://info.arxiv.org/help/api/tou.html	2026-08-11	arxiv-reference/cache/g02/arxiv/QRY-023-PRE2001.xml	COMPLETE
REQ-G02-0187	G02	QRY-023	QRY-023-2001_2010	arXiv	legacy_api_query_metadata	"(all:WCC OR all:""connected components"") AND (all:""proof-carrying"" OR all:execution OR all:receipt OR all:verifiable OR all:run OR all:certificate OR all:before OR all:during OR all:after OR all:preflight OR all:runtime OR all:terminal OR all:phase OR all:independent OR all:mathematical OR all:oracle OR all:""hand-checkable"" OR all:reference OR all:epistemically OR all:metamorphic OR all:invariants OR all:""property-based"" OR all:tests OR all:""relation-preserving"" OR all:transformations) AND (cat:cs.SE OR cat:cs.DS OR cat:cs.DC) AND submittedDate:[200101010000 TO 201012312359] ANDNOT all:""blockchain proof only"" ANDNOT all:""observability without oracle"" ANDNOT all:""benchmark narrative"""	max_results=15&search_query=%28all%3AWCC%20OR%20all%3A%22connected%20components%22%29%20AND%20%28all%3A%22proof-carrying%22%20OR%20all%3Aexecution%20OR%20all%3Areceipt%20OR%20all%3Averifiable%20OR%20all%3Arun%20OR%20all%3Acertificate%20OR%20all%3Abefore%20OR%20all%3Aduring%20OR%20all%3Aafter%20OR%20all%3Apreflight%20OR%20all%3Aruntime%20OR%20all%3Aterminal%20OR%20all%3Aphase%20OR%20all%3Aindependent%20OR%20all%3Amathematical%20OR%20all%3Aoracle%20OR%20all%3A%22hand-checkable%22%20OR%20all%3Areference%20OR%20all%3Aepistemically%20OR%20all%3Ametamorphic%20OR%20all%3Ainvariants%20OR%20all%3A%22property-based%22%20OR%20all%3Atests%20OR%20all%3A%22relation-preserving%22%20OR%20all%3Atransformations%29%20AND%20%28cat%3Acs.SE%20OR%20cat%3Acs.DS%20OR%20cat%3Acs.DC%29%20AND%20submittedDate%3A%5B200101010000%20TO%20201012312359%5D%20ANDNOT%20all%3A%22blockchain%20proof%20only%22%20ANDNOT%20all%3A%22observability%20without%20oracle%22%20ANDNOT%20all%3A%22benchmark%20narrative%22&sortBy=relevance&sortOrder=descending&start=0	2026-08-11T07:02:22Z	0	200	5	b6196f04a7cd53cdcfaa4b91fc870cdbaf1b3cac974c9712ceeec000ba05420b	KnightBusArxivPatternFoundry/0.1	MISS	1	NONE	NONE	https://info.arxiv.org/help/api/tou.html	2026-08-11	arxiv-reference/cache/g02/arxiv/QRY-023-2001_2010.xml	COMPLETE
REQ-G02-0188	G02	QRY-024	QRY-024-PRE2001	arXiv	legacy_api_query_metadata	"(all:PageRank) AND (all:canonical OR all:partition OR all:comparison OR all:equivalence OR all:label OR all:normalization OR all:""floating-point"" OR all:tolerance OR all:contract OR all:numerical OR all:ULP OR all:residual OR all:""same-input"" OR all:resource OR all:controlled OR all:baseline OR all:""apples-to-apples"" OR all:benchmark OR all:estimator OR all:error OR all:calibration OR all:""predicted-versus-observed"") AND (cat:cs.SE OR cat:cs.DS OR cat:cs.PF) AND submittedDate:[197001010000 TO 200012312359] ANDNOT all:""bitwise equality only"" ANDNOT all:""different hardware baseline"" ANDNOT all:""uncalibrated point estimate"""	max_results=15&search_query=%28all%3APageRank%29%20AND%20%28all%3Acanonical%20OR%20all%3Apartition%20OR%20all%3Acomparison%20OR%20all%3Aequivalence%20OR%20all%3Alabel%20OR%20all%3Anormalization%20OR%20all%3A%22floating-point%22%20OR%20all%3Atolerance%20OR%20all%3Acontract%20OR%20all%3Anumerical%20OR%20all%3AULP%20OR%20all%3Aresidual%20OR%20all%3A%22same-input%22%20OR%20all%3Aresource%20OR%20all%3Acontrolled%20OR%20all%3Abaseline%20OR%20all%3A%22apples-to-apples%22%20OR%20all%3Abenchmark%20OR%20all%3Aestimator%20OR%20all%3Aerror%20OR%20all%3Acalibration%20OR%20all%3A%22predicted-versus-observed%22%29%20AND%20%28cat%3Acs.SE%20OR%20cat%3Acs.DS%20OR%20cat%3Acs.PF%29%20AND%20submittedDate%3A%5B197001010000%20TO%20200012312359%5D%20ANDNOT%20all%3A%22bitwise%20equality%20only%22%20ANDNOT%20all%3A%22different%20hardware%20baseline%22%20ANDNOT%20all%3A%22uncalibrated%20point%20estimate%22&sortBy=relevance&sortOrder=descending&start=0	2026-08-11T07:02:27Z	0	200	0	d99d1084f39ea4ff71f753f20802930dfdd9fc5f3085315b0970fa3659abf13c	KnightBusArxivPatternFoundry/0.1	MISS	1	NONE	NONE	https://info.arxiv.org/help/api/tou.html	2026-08-11	arxiv-reference/cache/g02/arxiv/QRY-024-PRE2001.xml	COMPLETE
REQ-G02-0189	G02	QRY-024	QRY-024-2001_2010	arXiv	legacy_api_query_metadata	"(all:PageRank) AND (all:canonical OR all:partition OR all:comparison OR all:equivalence OR all:label OR all:normalization OR all:""floating-point"" OR all:tolerance OR all:contract OR all:numerical OR all:ULP OR all:residual OR all:""same-input"" OR all:resource OR all:controlled OR all:baseline OR all:""apples-to-apples"" OR all:benchmark OR all:estimator OR all:error OR all:calibration OR all:""predicted-versus-observed"") AND (cat:cs.SE OR cat:cs.DS OR cat:cs.PF) AND submittedDate:[200101010000 TO 201012312359] ANDNOT all:""bitwise equality only"" ANDNOT all:""different hardware baseline"" ANDNOT all:""uncalibrated point estimate"""	max_results=15&search_query=%28all%3APageRank%29%20AND%20%28all%3Acanonical%20OR%20all%3Apartition%20OR%20all%3Acomparison%20OR%20all%3Aequivalence%20OR%20all%3Alabel%20OR%20all%3Anormalization%20OR%20all%3A%22floating-point%22%20OR%20all%3Atolerance%20OR%20all%3Acontract%20OR%20all%3Anumerical%20OR%20all%3AULP%20OR%20all%3Aresidual%20OR%20all%3A%22same-input%22%20OR%20all%3Aresource%20OR%20all%3Acontrolled%20OR%20all%3Abaseline%20OR%20all%3A%22apples-to-apples%22%20OR%20all%3Abenchmark%20OR%20all%3Aestimator%20OR%20all%3Aerror%20OR%20all%3Acalibration%20OR%20all%3A%22predicted-versus-observed%22%29%20AND%20%28cat%3Acs.SE%20OR%20cat%3Acs.DS%20OR%20cat%3Acs.PF%29%20AND%20submittedDate%3A%5B200101010000%20TO%20201012312359%5D%20ANDNOT%20all%3A%22bitwise%20equality%20only%22%20ANDNOT%20all%3A%22different%20hardware%20baseline%22%20ANDNOT%20all%3A%22uncalibrated%20point%20estimate%22&sortBy=relevance&sortOrder=descending&start=0	2026-08-11T07:02:30Z	0	200	7	93147c6e2a2cbc8b1bdbd698db1c883dda99b9f1eebb9bf5789652e103dc9bf8	KnightBusArxivPatternFoundry/0.1	MISS	1	NONE	NONE	https://info.arxiv.org/help/api/tou.html	2026-08-11	arxiv-reference/cache/g02/arxiv/QRY-024-2001_2010.xml	COMPLETE
REQ-G02-0190	G02	QRY-025	QRY-025-PRE2001	arXiv	legacy_api_query_metadata	"(all:BFS OR all:""breadth-first search"" OR all:""bounded reachability"") AND (all:named OR all:feature OR all:vector OR all:capability OR all:matrix OR all:manifest OR all:""read-only"" OR all:""auto-commit"" OR all:implicit OR all:read OR all:transaction OR all:""demand-driven"" OR all:PULL OR all:backpressure OR all:lazy OR all:record OR all:production OR all:bounded OR all:fetch OR all:window OR all:whole OR all:""compatibility-stack"" OR all:RSS OR all:""gateway-inclusive"" OR all:resident OR all:set OR all:""process-tree"" OR all:""bounded-query"" OR all:normalized OR all:logical OR all:intent OR all:eligible OR all:plan) AND (cat:cs.DB OR cat:cs.SE OR cat:cs.DC) AND submittedDate:[197001010000 TO 200012312359] ANDNOT all:""full database rewrite"" ANDNOT all:""materialize all results"" ANDNOT all:""protocol throughput without memory accounting"""	max_results=15&search_query=%28all%3ABFS%20OR%20all%3A%22breadth-first%20search%22%20OR%20all%3A%22bounded%20reachability%22%29%20AND%20%28all%3Anamed%20OR%20all%3Afeature%20OR%20all%3Avector%20OR%20all%3Acapability%20OR%20all%3Amatrix%20OR%20all%3Amanifest%20OR%20all%3A%22read-only%22%20OR%20all%3A%22auto-commit%22%20OR%20all%3Aimplicit%20OR%20all%3Aread%20OR%20all%3Atransaction%20OR%20all%3A%22demand-driven%22%20OR%20all%3APULL%20OR%20all%3Abackpressure%20OR%20all%3Alazy%20OR%20all%3Arecord%20OR%20all%3Aproduction%20OR%20all%3Abounded%20OR%20all%3Afetch%20OR%20all%3Awindow%20OR%20all%3Awhole%20OR%20all%3A%22compatibility-stack%22%20OR%20all%3ARSS%20OR%20all%3A%22gateway-inclusive%22%20OR%20all%3Aresident%20OR%20all%3Aset%20OR%20all%3A%22process-tree%22%20OR%20all%3A%22bounded-query%22%20OR%20all%3Anormalized%20OR%20all%3Alogical%20OR%20all%3Aintent%20OR%20all%3Aeligible%20OR%20all%3Aplan%29%20AND%20%28cat%3Acs.DB%20OR%20cat%3Acs.SE%20OR%20cat%3Acs.DC%29%20AND%20submittedDate%3A%5B197001010000%20TO%20200012312359%5D%20ANDNOT%20all%3A%22full%20database%20rewrite%22%20ANDNOT%20all%3A%22materialize%20all%20results%22%20ANDNOT%20all%3A%22protocol%20throughput%20without%20memory%20accounting%22&sortBy=relevance&sortOrder=descending&start=0	2026-08-11T07:02:35Z	0	200	0	53418bce526a1277854253fd63fa346eb7012d5c0c0eec2c1a0b4fdaa2955063	KnightBusArxivPatternFoundry/0.1	MISS	1	NONE	NONE	https://info.arxiv.org/help/api/tou.html	2026-08-11	arxiv-reference/cache/g02/arxiv/QRY-025-PRE2001.xml	COMPLETE
REQ-G02-0191	G02	QRY-025	QRY-025-2001_2010	arXiv	legacy_api_query_metadata	"(all:BFS OR all:""breadth-first search"" OR all:""bounded reachability"") AND (all:named OR all:feature OR all:vector OR all:capability OR all:matrix OR all:manifest OR all:""read-only"" OR all:""auto-commit"" OR all:implicit OR all:read OR all:transaction OR all:""demand-driven"" OR all:PULL OR all:backpressure OR all:lazy OR all:record OR all:production OR all:bounded OR all:fetch OR all:window OR all:whole OR all:""compatibility-stack"" OR all:RSS OR all:""gateway-inclusive"" OR all:resident OR all:set OR all:""process-tree"" OR all:""bounded-query"" OR all:normalized OR all:logical OR all:intent OR all:eligible OR all:plan) AND (cat:cs.DB OR cat:cs.SE OR cat:cs.DC) AND submittedDate:[200101010000 TO 201012312359] ANDNOT all:""full database rewrite"" ANDNOT all:""materialize all results"" ANDNOT all:""protocol throughput without memory accounting"""	max_results=15&search_query=%28all%3ABFS%20OR%20all%3A%22breadth-first%20search%22%20OR%20all%3A%22bounded%20reachability%22%29%20AND%20%28all%3Anamed%20OR%20all%3Afeature%20OR%20all%3Avector%20OR%20all%3Acapability%20OR%20all%3Amatrix%20OR%20all%3Amanifest%20OR%20all%3A%22read-only%22%20OR%20all%3A%22auto-commit%22%20OR%20all%3Aimplicit%20OR%20all%3Aread%20OR%20all%3Atransaction%20OR%20all%3A%22demand-driven%22%20OR%20all%3APULL%20OR%20all%3Abackpressure%20OR%20all%3Alazy%20OR%20all%3Arecord%20OR%20all%3Aproduction%20OR%20all%3Abounded%20OR%20all%3Afetch%20OR%20all%3Awindow%20OR%20all%3Awhole%20OR%20all%3A%22compatibility-stack%22%20OR%20all%3ARSS%20OR%20all%3A%22gateway-inclusive%22%20OR%20all%3Aresident%20OR%20all%3Aset%20OR%20all%3A%22process-tree%22%20OR%20all%3A%22bounded-query%22%20OR%20all%3Anormalized%20OR%20all%3Alogical%20OR%20all%3Aintent%20OR%20all%3Aeligible%20OR%20all%3Aplan%29%20AND%20%28cat%3Acs.DB%20OR%20cat%3Acs.SE%20OR%20cat%3Acs.DC%29%20AND%20submittedDate%3A%5B200101010000%20TO%20201012312359%5D%20ANDNOT%20all%3A%22full%20database%20rewrite%22%20ANDNOT%20all%3A%22materialize%20all%20results%22%20ANDNOT%20all%3A%22protocol%20throughput%20without%20memory%20accounting%22&sortBy=relevance&sortOrder=descending&start=0	2026-08-11T07:02:40Z	0	200	1	726913c5280c746b18c6aab64beb61cdec901a34068efdd8218dc3975fb11709	KnightBusArxivPatternFoundry/0.1	MISS	1	NONE	NONE	https://info.arxiv.org/help/api/tou.html	2026-08-11	arxiv-reference/cache/g02/arxiv/QRY-025-2001_2010.xml	COMPLETE
