paper_id	arxiv_id	doi	title	authors	published_date	updated_date	categories	abstract_url	pdf_url	license_uri	canonical_version	discovery_query_ids	architecture_question_ids	relevance_score	score_breakdown	selection_status	evidence_grade	code_urls	local_path	sha256	notes
PAPER-2511.07886	2511.07886	UNKNOWN	ACGraph: An Efficient Asynchronous Out-of-Core Graph Processing Framework	Dechuang Chen|Sibo Wang|Qintian Guo	2025-11-11	2025-11-11	cs.DB|cs.DC	https://arxiv.org/abs/2511.07886v1	https://arxiv.org/pdf/2511.07886v1	UNKNOWN	v1	QRY-004|QRY-006|QRY-008|QRY-015|QRY-021	AQ-002|AQ-003|AQ-004|AQ-008|AQ-011	54	MR=20;RR=15;IS=6;BS=0;TR=9;FL=4;ND=0	READ_COMPLETE	D_THEORETICAL_OR_INCOMPLETE	UNKNOWN	sources/papers/PAPER-2511.07886.pdf	CA3F97983B29B92E3628741EAED91DD0329DA84742910905F977B219117D62EA	ALIASES=2511.07886v1;ANCESTRY_RESOLUTION=UNAVAILABLE;BIBLIOGRAPHIC_VARIANTS=NONE;CITATION_DEPTH=0;DISCOVERY_ERAS=ALL;G03_SEED=YES;IDENTITY_STATE=CANONICAL;NEIGHBORING_DOMAIN=NO;OPENALEX_ID=UNKNOWN;OPENALEX_RESOLUTION=UNAVAILABLE;PRE_ARXIV_ANCESTRY=NO;SEMANTIC_SCHOLAR_ID=e600c867fdc7896485e391b00e2da1c84a916727;SOURCE_URLS=https://arxiv.org/abs/2511.07886v1|https://arxiv.org/pdf/2511.07886v1;VERSIONS=v1;G04_ORIGINAL_PDF_URL=https://arxiv.org/pdf/2511.07886v1;G04_ORIGINAL_LICENSE_URI=UNKNOWN;LICENSE_UNKNOWN;G04_ACQUISITION_STATUS=ACQUIRED;G04_PARSE_STATUS=PARSED
PAPER-2603.04583	2603.04583	UNKNOWN	Overcoming Latency-bound Limitations of Distributed Graph Algorithms using the HPX Runtime System	Karame Mohammadiporshokooh|Panagiotis Syskakis|Andrew Lumsdaine|Hartmut Kaiser	2026-03-04	2026-03-04	cs.DC	https://arxiv.org/abs/2603.04583v1	https://arxiv.org/pdf/2603.04583v1	UNKNOWN	v1	QRY-019	AQ-003|AQ-010	54	MR=20;RR=6;IS=15;BS=6;TR=3;FL=4;ND=0	METADATA_ONLY	D_THEORETICAL_OR_INCOMPLETE	UNKNOWN	NOT_ACQUIRED	NOT_ACQUIRED	ALIASES=2603.04583v1;DISCOVERY_ERAS=ALL;IDENTITY_STATE=CANONICAL;NEIGHBORING_DOMAIN=NO;PRE_ARXIV_ANCESTRY=NO;SOURCE_URLS=https://arxiv.org/abs/2603.04583v1|https://arxiv.org/pdf/2603.04583v1;VERSIONS=v1
PAPER-2602.21600	2602.21600	UNKNOWN	AQR-HNSW: Accelerating Approximate Nearest Neighbor Search via Density-aware Quantization and Multi-stage Re-ranking	Ganap Ashit Tewary|Nrusinga Charan Gantayat|Jeff Zhang	2026-02-25	2026-02-25	cs.IR	https://arxiv.org/abs/2602.21600v1	https://arxiv.org/pdf/2602.21600v1	UNKNOWN	v1	QRY-014	AQ-007|AQ-008	49	MR=8;RR=6;IS=12;BS=12;TR=6;FL=4;ND=1	METADATA_ONLY	D_THEORETICAL_OR_INCOMPLETE	UNKNOWN	NOT_ACQUIRED	NOT_ACQUIRED	ALIASES=2602.21600v1;DISCOVERY_ERAS=ALL;IDENTITY_STATE=CANONICAL;NEIGHBORING_DOMAIN=YES;PRE_ARXIV_ANCESTRY=NO;SOURCE_URLS=https://arxiv.org/abs/2602.21600v1|https://arxiv.org/pdf/2602.21600v1;VERSIONS=v1
PAPER-2602.21514	2602.21514	10.14778/3801059.3801064	I/O Optimizations for Graph-Based Disk-Resident Approximate Nearest Neighbor Search: A Design Space Exploration	Liang Li|Shufeng Gong|Yanan Yang|Yiduo Wang|Jie Wu	2026-02-25	2026-03-23	cs.DB	https://arxiv.org/abs/2602.21514v2	https://arxiv.org/pdf/2602.21514v2	UNKNOWN	v2	QRY-014	AQ-007|AQ-008	46	MR=4;RR=12;IS=9;BS=12;TR=9;FL=0;ND=0	READ_COMPLETE	D_THEORETICAL_OR_INCOMPLETE	UNKNOWN	sources/papers/PAPER-2602.21514.pdf	4421334C1036E80CB06A1B1A6162E4C80F708E1B7467CD8928A05255DB26F465	ALIASES=10.14778/3801059.3801064|2602.21514v2;ANCESTRY_RESOLUTION=UNAVAILABLE;BIBLIOGRAPHIC_VARIANTS=NONE;CITATION_DEPTH=0;DISCOVERY_ERAS=ALL;G03_SEED=YES;IDENTITY_STATE=CANONICAL;NEIGHBORING_DOMAIN=NO;OPENALEX_ID=UNKNOWN;OPENALEX_RESOLUTION=UNAVAILABLE;PRE_ARXIV_ANCESTRY=NO;SEMANTIC_SCHOLAR_ID=861f6576ee16affef0b8323cac1f0fff23b827e7;SOURCE_URLS=https://arxiv.org/abs/2602.21514v2|https://arxiv.org/pdf/2602.21514v2|https://doi.org/10.14778/3801059.3801064;VERSIONS=v2;G04_ORIGINAL_PDF_URL=https://arxiv.org/pdf/2602.21514v2;G04_ORIGINAL_LICENSE_URI=UNKNOWN;LICENSE_UNKNOWN;G04_ACQUISITION_STATUS=ACQUIRED;G04_PARSE_STATUS=PARSED
PAPER-1905.04264	1905.04264	UNKNOWN	PartitionedVC: Partitioned External Memory Graph Analytics Framework for SSDs	Kiran Kumar Matam|Hanieh Hashemi|Murali Annavaram	2019-05-10	2020-02-11	cs.DC	https://arxiv.org/abs/1905.04264v2	https://arxiv.org/pdf/1905.04264v2	UNKNOWN	v2	QRY-006	AQ-003|AQ-008	44	MR=16;RR=9;IS=6;BS=3;TR=6;FL=4;ND=0	READ_COMPLETE	D_THEORETICAL_OR_INCOMPLETE	UNKNOWN	sources/papers/PAPER-1905.04264.pdf	E1B50224235F964F5723FBCA3E25BBA6D96DFEEDD3EFCCCA4967C83B478512CF	ALIASES=1905.04264v2;ANCESTRY_RESOLUTION=UNAVAILABLE;BIBLIOGRAPHIC_VARIANTS=NONE;CITATION_DEPTH=0;DISCOVERY_ERAS=ALL;G03_SEED=YES;IDENTITY_STATE=CANONICAL;NEIGHBORING_DOMAIN=NO;OPENALEX_ID=UNKNOWN;OPENALEX_RESOLUTION=UNAVAILABLE;PRE_ARXIV_ANCESTRY=NO;SEMANTIC_SCHOLAR_ID=5a47391366199055620169e271cc551b79f75571;SOURCE_URLS=https://arxiv.org/abs/1905.04264v2|https://arxiv.org/pdf/1905.04264v2;VERSIONS=v2;G04_ORIGINAL_PDF_URL=https://arxiv.org/pdf/1905.04264v2;G04_ORIGINAL_LICENSE_URI=UNKNOWN;LICENSE_UNKNOWN;G04_ACQUISITION_STATUS=ACQUIRED;G04_PARSE_STATUS=PARSED
PAPER-2606.05081	2606.05081	UNKNOWN	Graph Traversal on Tensor Cores: A BFS Framework for Modern GPUs	Deniz Elbek|Kamer Kaya	2026-06-03	2026-06-03	cs.DC|cs.DS	https://arxiv.org/abs/2606.05081v1	https://arxiv.org/pdf/2606.05081v1	UNKNOWN	v1	QRY-005|QRY-019|QRY-025	AQ-003|AQ-008|AQ-010|AQ-011	43	MR=12;RR=9;IS=3;BS=6;TR=9;FL=4;ND=0	METADATA_ONLY	D_THEORETICAL_OR_INCOMPLETE	UNKNOWN	NOT_ACQUIRED	NOT_ACQUIRED	ALIASES=2606.05081v1;DISCOVERY_ERAS=ALL;IDENTITY_STATE=CANONICAL;NEIGHBORING_DOMAIN=NO;PRE_ARXIV_ANCESTRY=NO;SOURCE_URLS=https://arxiv.org/abs/2606.05081v1|https://arxiv.org/pdf/2606.05081v1;VERSIONS=v1
PAPER-2603.01779	2603.01779	UNKNOWN	Disk-Resident Graph ANN Search: An Experimental Evaluation	Xiaoyu Chen|Jinxiu Qu|Yitong Song|Shuhang Lu|Huiling Li|Minghui Jiang|Wei Zhou|Jianliang Xu|Xuanhe Zhou|Fan Wu	2026-03-02	2026-03-02	cs.DB	https://arxiv.org/abs/2603.01779v1	https://arxiv.org/pdf/2603.01779v1	UNKNOWN	v1	QRY-014	AQ-007|AQ-008	42	MR=4;RR=15;IS=3;BS=12;TR=6;FL=2;ND=0	READ_COMPLETE	D_THEORETICAL_OR_INCOMPLETE	UNKNOWN	sources/papers/PAPER-2603.01779.pdf	EE8A095D9B58F06C41C93AD87FAC2CA2511596E9C74C86D7E28F5EF7366835F5	ALIASES=2603.01779v1;ANCESTRY_RESOLUTION=UNAVAILABLE;BIBLIOGRAPHIC_VARIANTS=NONE;CITATION_DEPTH=0;DISCOVERY_ERAS=ALL;G03_SEED=YES;IDENTITY_STATE=CANONICAL;NEIGHBORING_DOMAIN=NO;OPENALEX_ID=UNKNOWN;OPENALEX_RESOLUTION=UNAVAILABLE;PRE_ARXIV_ANCESTRY=NO;SEMANTIC_SCHOLAR_ID=7a16aef8ed8ce0599a68a4e35cef8a3ea913865a;SOURCE_URLS=https://arxiv.org/abs/2603.01779v1|https://arxiv.org/pdf/2603.01779v1;VERSIONS=v1;G04_ORIGINAL_PDF_URL=https://arxiv.org/pdf/2603.01779v1;G04_ORIGINAL_LICENSE_URI=UNKNOWN;LICENSE_UNKNOWN;G04_ACQUISITION_STATUS=ACQUIRED;G04_PARSE_STATUS=PARSED
PAPER-2605.02171	2605.02171	UNKNOWN	QuIVer: Rethinking ANN Graph Topology via Training-Free Binary Quantization	Wenxuan Xiao|Zhiyou Wang|Chengcheng Li	2026-05-04	2026-05-17	cs.DB	https://arxiv.org/abs/2605.02171v3	https://arxiv.org/pdf/2605.02171v3	UNKNOWN	v3	QRY-014	AQ-007|AQ-008	40	MR=12;RR=6;IS=6;BS=9;TR=6;FL=0;ND=1	READ_COMPLETE	D_THEORETICAL_OR_INCOMPLETE	UNKNOWN	sources/papers/PAPER-2605.02171.pdf	767D41D09D8F11F6F0A8DCF0B6EB85238C35657525BF1FC62D1172DB82BB3ADB	ALIASES=2605.02171v3;BIBLIOGRAPHIC_VARIANTS=NONE;CITATION_DEPTH=0;DISCOVERY_ERAS=ALL;G03_SEED=YES;IDENTITY_STATE=CANONICAL;NEIGHBORING_DOMAIN=YES;OPENALEX_ID=https://openalex.org/W7160457564;PRE_ARXIV_ANCESTRY=NO;SEMANTIC_SCHOLAR_ID=9b02c9916c3b37495e65e8f018831bba05167009;SOURCE_URLS=https://arxiv.org/abs/2605.02171v3|https://arxiv.org/pdf/2605.02171v3;VERSIONS=v3;G04_ORIGINAL_PDF_URL=https://arxiv.org/pdf/2605.02171v3;G04_ORIGINAL_LICENSE_URI=UNKNOWN;LICENSE_UNKNOWN;G04_ACQUISITION_STATUS=ACQUIRED;G04_PARSE_STATUS=PARSED
PAPER-2607.17269	2607.17269	UNKNOWN	An Explicit World Model Based on Data-First Ontology: DaoQL Multimodal Storage Validation and Counterfactual Reasoning Evaluation	Zhanbo Li|Shifeng Wu|Xiangjin Meng|Wenjie Cai	2026-07-19	2026-07-19	cs.AI|cs.DB	https://arxiv.org/abs/2607.17269v1	https://arxiv.org/pdf/2607.17269v1	UNKNOWN	v1	QRY-021	AQ-003|AQ-011	40	MR=8;RR=3;IS=9;BS=12;TR=6;FL=0;ND=2	METADATA_ONLY	D_THEORETICAL_OR_INCOMPLETE	UNKNOWN	NOT_ACQUIRED	NOT_ACQUIRED	ALIASES=2607.17269v1;DISCOVERY_ERAS=ALL;IDENTITY_STATE=CANONICAL;NEIGHBORING_DOMAIN=YES;PRE_ARXIV_ANCESTRY=NO;SOURCE_URLS=https://arxiv.org/abs/2607.17269v1|https://arxiv.org/pdf/2607.17269v1;VERSIONS=v1
PAPER-2010.09913	2010.09913	UNKNOWN	SlimSell: A Vectorizable Graph Representation for Breadth-First Search	Maciej Besta|Florian Marending|Edgar Solomonik|Torsten Hoefler	2020-10-19	2020-10-21	cs.DC|cs.DS	https://arxiv.org/abs/2010.09913v2	https://arxiv.org/pdf/2010.09913v2	UNKNOWN	v2	QRY-006|QRY-015|QRY-025	AQ-003|AQ-008|AQ-010|AQ-011	37	MR=16;RR=3;IS=6;BS=6;TR=6;FL=0;ND=0	READ_COMPLETE	D_THEORETICAL_OR_INCOMPLETE	UNKNOWN	sources/papers/PAPER-2010.09913.pdf	70FEFAFDA2CB5C72852781D285F5F9A9701945C7B9CC1675F930DE6C1EDC22CF	ALIASES=2010.09913v2;ANCESTRY_RESOLUTION=UNAVAILABLE;BIBLIOGRAPHIC_VARIANTS=publication-year mismatch;CITATION_DEPTH=0;DISCOVERY_ERAS=ALL;G03_SEED=YES;IDENTITY_STATE=CANONICAL;NEIGHBORING_DOMAIN=NO;OPENALEX_ID=UNKNOWN;OPENALEX_RESOLUTION=UNAVAILABLE;PRE_ARXIV_ANCESTRY=NO;SEMANTIC_SCHOLAR_ID=8a984db9ca1707b5f6b8b215c910a553ab5e2034;SOURCE_URLS=https://arxiv.org/abs/2010.09913v2|https://arxiv.org/pdf/2010.09913v2;VERSIONS=v2;G04_ORIGINAL_PDF_URL=https://arxiv.org/pdf/2010.09913v2;G04_ORIGINAL_LICENSE_URI=UNKNOWN;LICENSE_UNKNOWN;G04_ACQUISITION_STATUS=ACQUIRED;G04_PARSE_STATUS=PARSED
PAPER-2512.21967	2512.21967	10.1145/3797905.3800531	BLEST: Blazingly Efficient BFS using Tensor Cores	Deniz Elbek|Kamer Kaya	2025-12-26	2025-12-26	cs.DC|cs.DS	https://arxiv.org/abs/2512.21967v1	https://arxiv.org/pdf/2512.21967v1	UNKNOWN	v1	QRY-005|QRY-025	AQ-003|AQ-008|AQ-010|AQ-011	37	MR=8;RR=9;IS=6;BS=6;TR=6;FL=2;ND=0	METADATA_ONLY	D_THEORETICAL_OR_INCOMPLETE	UNKNOWN	NOT_ACQUIRED	NOT_ACQUIRED	ALIASES=10.1145/3797905.3800531|2512.21967v1;DISCOVERY_ERAS=ALL;IDENTITY_STATE=CANONICAL;NEIGHBORING_DOMAIN=NO;PRE_ARXIV_ANCESTRY=NO;SOURCE_URLS=https://arxiv.org/abs/2512.21967v1|https://arxiv.org/pdf/2512.21967v1|https://doi.org/10.1145/3797905.3800531;VERSIONS=v1
PAPER-2012.10026	2012.10026	10.1007/s11704-021-1004-6	Fast and Efficient Parallel Breadth-First Search with Power-law Graph Transformation	Zite Jiang|Tao Liu|Shuai Zhang|Zhen Guan|Mengting Yuan|Haihang You	2020-12-18	2020-12-18	cs.DS	https://arxiv.org/abs/2012.10026v1	https://arxiv.org/pdf/2012.10026v1	UNKNOWN	v1	QRY-015	AQ-003|AQ-008	36	MR=12;RR=6;IS=6;BS=6;TR=6;FL=0;ND=0	READ_COMPLETE	D_THEORETICAL_OR_INCOMPLETE	UNKNOWN	sources/papers/PAPER-2012.10026.pdf	1F1F68864D22BAFEE4DBAD9BCE818F1C5E95C584F4BA0EE0688DCCD2040848B7	ALIASES=10.1007/s11704-021-1004-6|2012.10026v1;ANCESTRY_RESOLUTION=UNAVAILABLE;BIBLIOGRAPHIC_VARIANTS=NONE;CITATION_DEPTH=0;DISCOVERY_ERAS=ALL;G03_SEED=YES;IDENTITY_STATE=CANONICAL;NEIGHBORING_DOMAIN=NO;OPENALEX_ID=UNKNOWN;OPENALEX_RESOLUTION=UNAVAILABLE;PRE_ARXIV_ANCESTRY=NO;SEMANTIC_SCHOLAR_ID=62e54bfd61ddac57743b23f0be4dd096e4897f1f;SOURCE_URLS=https://arxiv.org/abs/2012.10026v1|https://arxiv.org/pdf/2012.10026v1|https://doi.org/10.1007/s11704-021-1004-6;VERSIONS=v1;G04_ORIGINAL_PDF_URL=https://arxiv.org/pdf/2012.10026v1;G04_ORIGINAL_LICENSE_URI=UNKNOWN;LICENSE_UNKNOWN;G04_ACQUISITION_STATUS=ACQUIRED;G04_PARSE_STATUS=PARSED
PAPER-2606.04196	2606.04196	UNKNOWN	Puffin-Backed Vector Indexes: Attaching Approximate Nearest Neighbor Indexes to Apache Iceberg Snapshots for Compute-Disaggregated Query Engines	Artur Borycki	2026-06-02	2026-06-02	cs.DB	https://arxiv.org/abs/2606.04196v1	https://arxiv.org/pdf/2606.04196v1	UNKNOWN	v1	QRY-014	AQ-007|AQ-008	35	MR=8;RR=3;IS=6;BS=6;TR=12;FL=0;ND=0	METADATA_ONLY	D_THEORETICAL_OR_INCOMPLETE	UNKNOWN	NOT_ACQUIRED	NOT_ACQUIRED	ALIASES=2606.04196v1;DISCOVERY_ERAS=ALL;IDENTITY_STATE=CANONICAL;NEIGHBORING_DOMAIN=NO;PRE_ARXIV_ANCESTRY=NO;SOURCE_URLS=https://arxiv.org/abs/2606.04196v1|https://arxiv.org/pdf/2606.04196v1;VERSIONS=v1
PAPER-2309.06865	2309.06865	10.1145/3624062.3624231	Short reasons for long vectors in HPC CPUs: a study based on RISC-V	Pablo Vizcaino|Georgios Ieronymakis|Nikolaos Dimou|Vassilis Papaefstathiou|Jesus Labarta|Filippo Mantovani	2023-09-13	2023-11-11	cs.AR|cs.DC	https://arxiv.org/abs/2309.06865v2	https://arxiv.org/pdf/2309.06865v2	UNKNOWN	v2	QRY-020	AQ-002|AQ-010	34	MR=8;RR=3;IS=6;BS=12;TR=3;FL=2;ND=0	METADATA_ONLY	D_THEORETICAL_OR_INCOMPLETE	UNKNOWN	NOT_ACQUIRED	NOT_ACQUIRED	ALIASES=10.1145/3624062.3624231|2309.06865v2;DISCOVERY_ERAS=ALL;IDENTITY_STATE=CANONICAL;NEIGHBORING_DOMAIN=NO;PRE_ARXIV_ANCESTRY=NO;SOURCE_URLS=https://arxiv.org/abs/2309.06865v2|https://arxiv.org/pdf/2309.06865v2|https://doi.org/10.1145/3624062.3624231;VERSIONS=v2
PAPER-2602.21247	2602.21247	UNKNOWN	PiPNN: Ultra-Scalable Graph-Based Nearest Neighbor Indexing	Tobias Rubel|Richard Wen|Laxman Dhulipala|Lars Gottesbüren|Rajesh Jayaram|Jakub Łącki	2026-02-17	2026-07-10	cs.DB|cs.DC|cs.IR	https://arxiv.org/abs/2602.21247v3	https://arxiv.org/pdf/2602.21247v3	UNKNOWN	v3	QRY-014	AQ-001|AQ-004|AQ-005|AQ-006|AQ-007|AQ-008|AQ-009|AQ-011|AQ-012	34	MR=8;RR=9;IS=0;BS=9;TR=6;FL=2;ND=0	METADATA_ONLY	D_THEORETICAL_OR_INCOMPLETE	UNKNOWN	NOT_ACQUIRED	NOT_ACQUIRED	ALIASES=2602.21247v3;ANCESTRY_DIRECTIONS=BACKWARD;ANCESTRY_RESOLUTION=RESOLVED;ANCESTRY_SEEDS=PAPER-2605.02171;CITATION_DEPTH=1;DISCOVERY_ERAS=ALL;G03_AQ_LINKS=AQ-001|AQ-004|AQ-005|AQ-006|AQ-007|AQ-008|AQ-009|AQ-011|AQ-012;G03_SCREEN=DERIVED_INFERENCE_METADATA_ONLY;IDENTITY_STATE=CANONICAL;NEIGHBORING_DOMAIN=NO;OPENALEX_ID=UNKNOWN;PRE_ARXIV_ANCESTRY=NO;SEMANTIC_SCHOLAR_ID=f39428b7a8273ca87672df0e775a25fe3f9872d4;SOURCE_URLS=https://arxiv.org/abs/2602.21247v3|https://arxiv.org/pdf/2602.21247v3;VERSIONS=v3
PAPER-2511.15557	2511.15557	UNKNOWN	B+ANN: A Fast Billion-Scale Disk-based Nearest-Neighbor Index	Selim Furkan Tekin|Rajesh Bordawekar	2025-11-19	2025-11-19	cs.AI|cs.DB|cs.DS	https://arxiv.org/abs/2511.15557v1	https://arxiv.org/pdf/2511.15557v1	UNKNOWN	v1	QRY-014	AQ-007|AQ-008	33	MR=8;RR=9;IS=3;BS=6;TR=6;FL=0;ND=1	METADATA_ONLY	D_THEORETICAL_OR_INCOMPLETE	UNKNOWN	NOT_ACQUIRED	NOT_ACQUIRED	ALIASES=2511.15557v1;DISCOVERY_ERAS=ALL;IDENTITY_STATE=CANONICAL;NEIGHBORING_DOMAIN=YES;PRE_ARXIV_ANCESTRY=NO;SOURCE_URLS=https://arxiv.org/abs/2511.15557v1|https://arxiv.org/pdf/2511.15557v1;VERSIONS=v1
PAPER-1104.4518	1104.4518	UNKNOWN	Parallel Breadth-First Search on Distributed Memory Systems	Aydin Buluc|Kamesh Madduri	2011-04-22	2011-10-14	cs.DC|cs.MS|cs.PF	https://arxiv.org/abs/1104.4518v2	https://arxiv.org/pdf/1104.4518v2	UNKNOWN	v2	QRY-005|QRY-006|QRY-015|QRY-019|QRY-025	AQ-001|AQ-003|AQ-007|AQ-008|AQ-010|AQ-011	32	MR=12;RR=3;IS=3;BS=6;TR=6;FL=2;ND=0	METADATA_ONLY	D_THEORETICAL_OR_INCOMPLETE	UNKNOWN	NOT_ACQUIRED	NOT_ACQUIRED	ALIASES=1104.4518v2;ANCESTRY_DIRECTIONS=BACKWARD;ANCESTRY_RESOLUTION=RESOLVED;ANCESTRY_SEEDS=PAPER-2010.09913|PAPER-2012.10026;CITATION_DEPTH=1;DISCOVERY_ERAS=ALL;G03_AQ_LINKS=AQ-001|AQ-003|AQ-007|AQ-008|AQ-010|AQ-011;G03_SCREEN=DERIVED_INFERENCE_METADATA_ONLY;IDENTITY_STATE=CANONICAL;NEIGHBORING_DOMAIN=NO;OPENALEX_ID=UNKNOWN;PRE_ARXIV_ANCESTRY=NO;SEMANTIC_SCHOLAR_ID=7de8c96ccf390b00f0c46eedd2ffc1b8ba6deb68;SOURCE_URLS=https://arxiv.org/abs/1104.4518v2|https://arxiv.org/pdf/1104.4518v2;VERSIONS=v2
PAPER-1304.4453	1304.4453	10.1109/tpds.2015.2390633	Engineering Parallel Algorithms for Community Detection in Massive Networks	Christian L. Staudt|Henning Meyerhenke	2013-04-16	2015-02-02	cs.DC|cs.SI	https://arxiv.org/abs/1304.4453v4	https://arxiv.org/pdf/1304.4453v4	UNKNOWN	v4	QRY-012	AQ-006|AQ-008	31	MR=4;RR=6;IS=15;BS=3;TR=3;FL=0;ND=0	READ_COMPLETE	D_THEORETICAL_OR_INCOMPLETE	UNKNOWN	sources/papers/PAPER-1304.4453.pdf	D6BA79210DCDB622BFDCEB2BC12DBF667003C005079FEDCBD48B1B59300A1831	ALIASES=10.1109/tpds.2015.2390633|1304.4453v4;ANCESTRY_RESOLUTION=UNAVAILABLE;BIBLIOGRAPHIC_VARIANTS=NONE;CITATION_DEPTH=0;DISCOVERY_ERAS=ALL;G03_SEED=YES;IDENTITY_STATE=CANONICAL;NEIGHBORING_DOMAIN=NO;OPENALEX_ID=UNKNOWN;OPENALEX_RESOLUTION=UNAVAILABLE;PRE_ARXIV_ANCESTRY=NO;SEMANTIC_SCHOLAR_ID=9ab82bab40ddbe22ebdc18562b4b0bb728a2865f;SOURCE_URLS=https://arxiv.org/abs/1304.4453v4|https://arxiv.org/pdf/1304.4453v4|https://doi.org/10.1109/TPDS.2015.2390633;VERSIONS=v4;G04_ORIGINAL_PDF_URL=https://arxiv.org/pdf/1304.4453v4;G04_ORIGINAL_LICENSE_URI=UNKNOWN;LICENSE_UNKNOWN;G04_ACQUISITION_STATUS=ACQUIRED;G04_PARSE_STATUS=PARSED
PAPER-1709.07122	1709.07122	UNKNOWN	Accelerating PageRank using Partition-Centric Processing	Kartik Lakhotia|Rajgopal Kannan|Viktor Prasanna	2017-09-21	2018-08-06	cs.DC|cs.DS|cs.PF	https://arxiv.org/abs/1709.07122v4	https://arxiv.org/pdf/1709.07122v4	UNKNOWN	v4	QRY-001|QRY-002|QRY-003|QRY-004|QRY-017|QRY-020|QRY-024	AQ-001|AQ-002|AQ-008|AQ-009|AQ-010|AQ-012	31	MR=4;RR=6;IS=6;BS=9;TR=6;FL=0;ND=0	READ_COMPLETE	D_THEORETICAL_OR_INCOMPLETE	UNKNOWN	sources/papers/PAPER-1709.07122.pdf	6B322B3559890C5B629DA422C925BB9D9DAAE73FEE609A198B9FCC4F021F8005	ALIASES=1709.07122v4;ANCESTRY_RESOLUTION=UNAVAILABLE;BIBLIOGRAPHIC_VARIANTS=NONE;CITATION_DEPTH=0;DISCOVERY_ERAS=ALL;G03_SEED=YES;IDENTITY_STATE=CANONICAL;NEIGHBORING_DOMAIN=NO;OPENALEX_ID=UNKNOWN;OPENALEX_RESOLUTION=UNAVAILABLE;PRE_ARXIV_ANCESTRY=NO;SEMANTIC_SCHOLAR_ID=6efed1ec73487678c7f479abd7308d66da339c73;SOURCE_URLS=https://arxiv.org/abs/1709.07122v4|https://arxiv.org/pdf/1709.07122v4;VERSIONS=v4;G04_ORIGINAL_PDF_URL=https://arxiv.org/pdf/1709.07122v4;G04_ORIGINAL_LICENSE_URI=UNKNOWN;LICENSE_UNKNOWN;G04_ACQUISITION_STATUS=ACQUIRED;G04_PARSE_STATUS=PARSED
PAPER-2109.09527	2109.09527	UNKNOWN	An Improved and Optimized Practical Non-Blocking PageRank Algorithm for Massive Graphs	Hemalatha Eedi|Sahith Karra|Sathya Peri|Neha Ranabothu|Rahul Utkoor	2021-09-20	2021-09-26	cs.DC	https://arxiv.org/abs/2109.09527v2	https://arxiv.org/pdf/2109.09527v2	UNKNOWN	v2	QRY-003|QRY-020	AQ-002|AQ-010	31	MR=4;RR=6;IS=9;BS=12;TR=0;FL=0;ND=0	METADATA_ONLY	D_THEORETICAL_OR_INCOMPLETE	UNKNOWN	NOT_ACQUIRED	NOT_ACQUIRED	ALIASES=2109.09527v2;DISCOVERY_ERAS=ALL;IDENTITY_STATE=CANONICAL;NEIGHBORING_DOMAIN=NO;PRE_ARXIV_ANCESTRY=NO;SOURCE_URLS=https://arxiv.org/abs/2109.09527v2|https://arxiv.org/pdf/2109.09527v2;VERSIONS=v2
PAPER-2507.12925	2507.12925	UNKNOWN	Efficient Semi-External Breadth-First Search	Xiaolong Wan|Xixian Han	2025-07-17	2025-07-17	cs.DS	https://arxiv.org/abs/2507.12925v1	https://arxiv.org/pdf/2507.12925v1	UNKNOWN	v1	QRY-005|QRY-006|QRY-015	AQ-003|AQ-008	31	MR=12;RR=12;IS=3;BS=3;TR=0;FL=0;ND=1	READ_COMPLETE	D_THEORETICAL_OR_INCOMPLETE	UNKNOWN	sources/papers/PAPER-2507.12925.pdf	7A528A9BA416B90344037759158C82DC21FF436499837E0493C80541F1077BC3	ALIASES=2507.12925v1;ANCESTRY_RESOLUTION=UNAVAILABLE;BIBLIOGRAPHIC_VARIANTS=NONE;CITATION_DEPTH=0;DISCOVERY_ERAS=ALL;G03_SEED=YES;IDENTITY_STATE=CANONICAL;NEIGHBORING_DOMAIN=YES;OPENALEX_ID=UNKNOWN;OPENALEX_RESOLUTION=UNAVAILABLE;PRE_ARXIV_ANCESTRY=NO;SEMANTIC_SCHOLAR_ID=e530135cfcc64aea55e11caafcbc4dc8c106fc96;SOURCE_URLS=https://arxiv.org/abs/2507.12925v1|https://arxiv.org/pdf/2507.12925v1;VERSIONS=v1;G04_ORIGINAL_PDF_URL=https://arxiv.org/pdf/2507.12925v1;G04_ORIGINAL_LICENSE_URI=UNKNOWN;LICENSE_UNKNOWN;G04_ACQUISITION_STATUS=ACQUIRED;G04_PARSE_STATUS=PARSED
PAPER-2508.13819	2508.13819	UNKNOWN	Structural and Connectivity Patterns in the Maven Central Software Dependency Network	Daniel Ogenrwot|John Businge|Shaikh Arifuzzaman	2025-08-19	2025-08-19	cs.SE	https://arxiv.org/abs/2508.13819v1	https://arxiv.org/pdf/2508.13819v1	UNKNOWN	v1	QRY-021	AQ-003|AQ-011	30	MR=16;RR=3;IS=9;BS=0;TR=0;FL=2;ND=0	METADATA_ONLY	D_THEORETICAL_OR_INCOMPLETE	UNKNOWN	NOT_ACQUIRED	NOT_ACQUIRED	ALIASES=2508.13819v1;DISCOVERY_ERAS=ALL;IDENTITY_STATE=CANONICAL;NEIGHBORING_DOMAIN=NO;PRE_ARXIV_ANCESTRY=NO;SOURCE_URLS=https://arxiv.org/abs/2508.13819v1|https://arxiv.org/pdf/2508.13819v1;VERSIONS=v1
PAPER-1506.00130	1506.00130	UNKNOWN	The Implementation of Hadoop-based Crawler System and Graphlite-based PageRank-Calculation In Search Engine	Qingpei Guo|Chao Xu|Yang Song	2015-05-30	2015-05-30	cs.DC	https://arxiv.org/abs/1506.00130v1	https://arxiv.org/pdf/1506.00130v1	UNKNOWN	v1	QRY-020	AQ-002|AQ-010	29	MR=4;RR=3;IS=15;BS=0;TR=6;FL=0;ND=1	METADATA_ONLY	D_THEORETICAL_OR_INCOMPLETE	UNKNOWN	NOT_ACQUIRED	NOT_ACQUIRED	ALIASES=1506.00130v1;DISCOVERY_ERAS=ALL;IDENTITY_STATE=CANONICAL;NEIGHBORING_DOMAIN=YES;PRE_ARXIV_ANCESTRY=NO;SOURCE_URLS=https://arxiv.org/abs/1506.00130v1|https://arxiv.org/pdf/1506.00130v1;VERSIONS=v1
PAPER-2511.19837	2511.19837	UNKNOWN	GED-Consistent Disentanglement of Aligned and Unaligned Substructures for Graph Similarity Learning	Zhentao Zhan|Xiaoliang Xu|Jingjing Wang|Junmei Wang	2025-11-25	2025-11-25	cs.AI|cs.DB|cs.LG	https://arxiv.org/abs/2511.19837v1	https://arxiv.org/pdf/2511.19837v1	UNKNOWN	v1	QRY-013	AQ-007	29	MR=4;RR=3;IS=3;BS=12;TR=3;FL=4;ND=0	METADATA_ONLY	D_THEORETICAL_OR_INCOMPLETE	UNKNOWN	NOT_ACQUIRED	NOT_ACQUIRED	ALIASES=2511.19837v1;DISCOVERY_ERAS=ALL;IDENTITY_STATE=CANONICAL;NEIGHBORING_DOMAIN=NO;PRE_ARXIV_ANCESTRY=NO;SOURCE_URLS=https://arxiv.org/abs/2511.19837v1|https://arxiv.org/pdf/2511.19837v1;VERSIONS=v1
PAPER-2608.07903	2608.07903	UNKNOWN	TopoBudget: Persistent-Connectivity-Preserving Web Graph Sparsification for Reusable Community Analytics	Jianru Shen	2026-08-08	2026-08-08	cs.DS|cs.SI	https://arxiv.org/abs/2608.07903v1	https://arxiv.org/pdf/2608.07903v1	UNKNOWN	v1	QRY-012	AQ-001|AQ-004|AQ-006|AQ-008|AQ-009|AQ-011|AQ-012	29	MR=8;RR=3;IS=6;BS=3;TR=9;FL=0;ND=0	METADATA_ONLY	D_THEORETICAL_OR_INCOMPLETE	UNKNOWN	NOT_ACQUIRED	NOT_ACQUIRED	ALIASES=2608.07903v1;ANCESTRY_DIRECTIONS=FORWARD;ANCESTRY_RESOLUTION=RESOLVED;ANCESTRY_SEEDS=PAPER-1810.08473;CITATION_DEPTH=1;DISCOVERY_ERAS=ALL;G03_AQ_LINKS=AQ-001|AQ-004|AQ-006|AQ-008|AQ-009|AQ-011|AQ-012;G03_SCREEN=DERIVED_INFERENCE_METADATA_ONLY;IDENTITY_STATE=CANONICAL;NEIGHBORING_DOMAIN=NO;OPENALEX_ID=UNKNOWN;PRE_ARXIV_ANCESTRY=NO;SEMANTIC_SCHOLAR_ID=7f3b70f574d06fa512dffb3e2b5579e2aecf28cb;SOURCE_URLS=https://arxiv.org/abs/2608.07903v1|https://arxiv.org/pdf/2608.07903v1;VERSIONS=v1
PAPER-2104.09616	2104.09616	UNKNOWN	MELOPPR: Software/Hardware Co-design for Memory-efficient Low-latency Personalized PageRank	Lixiang Li|Yao Chen|Zacharie Zirnheld|Pan Li|Cong Hao	2021-04-13	2021-04-13	cs.AR|cs.DC	https://arxiv.org/abs/2104.09616v1	https://arxiv.org/pdf/2104.09616v1	UNKNOWN	v1	QRY-020	AQ-002|AQ-010	28	MR=12;RR=3;IS=6;BS=6;TR=0;FL=0;ND=1	READ_COMPLETE	D_THEORETICAL_OR_INCOMPLETE	UNKNOWN	sources/papers/PAPER-2104.09616.pdf	736E5BE5A21F11B34130411588E80DF27519CD35F49EC5A23B61D85F82753FCE	ALIASES=2104.09616v1;ANCESTRY_RESOLUTION=UNAVAILABLE;BIBLIOGRAPHIC_VARIANTS=NONE;CITATION_DEPTH=0;DISCOVERY_ERAS=ALL;G03_SEED=YES;IDENTITY_STATE=CANONICAL;NEIGHBORING_DOMAIN=YES;OPENALEX_ID=UNKNOWN;OPENALEX_RESOLUTION=UNAVAILABLE;PRE_ARXIV_ANCESTRY=NO;SEMANTIC_SCHOLAR_ID=7931a3b7ab95831d9f2e9dca8f148a215698e121;SOURCE_URLS=https://arxiv.org/abs/2104.09616v1|https://arxiv.org/pdf/2104.09616v1;VERSIONS=v1;G04_ORIGINAL_PDF_URL=https://arxiv.org/pdf/2104.09616v1;G04_ORIGINAL_LICENSE_URI=UNKNOWN;LICENSE_UNKNOWN;G04_ACQUISITION_STATUS=ACQUIRED;G04_PARSE_STATUS=PARSED
PAPER-2203.09284	2203.09284	UNKNOWN	FUSED-PAGERANK: Loop-Fusion based Approximate PageRank	Shalini Jain|Rahul Utkoor|Hemalatha Eedi|Sathya Peri|Ramakrishna Upadrasta	2022-03-17	2022-03-17	cs.DS|cs.PF	https://arxiv.org/abs/2203.09284v1	https://arxiv.org/pdf/2203.09284v1	UNKNOWN	v1	QRY-001|QRY-002|QRY-003|QRY-004|QRY-017|QRY-018|QRY-020|QRY-024	AQ-001|AQ-002|AQ-003|AQ-008|AQ-009|AQ-010|AQ-012	28	MR=4;RR=3;IS=3;BS=12;TR=6;FL=0;ND=0	METADATA_ONLY	D_THEORETICAL_OR_INCOMPLETE	UNKNOWN	NOT_ACQUIRED	NOT_ACQUIRED	ALIASES=2203.09284v1;DISCOVERY_ERAS=ALL;IDENTITY_STATE=CANONICAL;NEIGHBORING_DOMAIN=NO;PRE_ARXIV_ANCESTRY=NO;SOURCE_URLS=https://arxiv.org/abs/2203.09284v1|https://arxiv.org/pdf/2203.09284v1;VERSIONS=v1
PAPER-1006.1926	1006.1926	UNKNOWN	Roomy: A System for Space Limited Computations	Daniel Kunkle	2010-06-09	2010-06-09	cs.DC	https://arxiv.org/abs/1006.1926v1	https://arxiv.org/pdf/1006.1926v1	UNKNOWN	v1	QRY-006|QRY-015|QRY-019	AQ-003|AQ-008|AQ-010	27	MR=4;RR=9;IS=9;BS=0;TR=3;FL=2;ND=0	METADATA_ONLY	D_THEORETICAL_OR_INCOMPLETE	UNKNOWN	NOT_ACQUIRED	NOT_ACQUIRED	ALIASES=1006.1926v1;DISCOVERY_ERAS=2001_2010;IDENTITY_STATE=CANONICAL;NEIGHBORING_DOMAIN=NO;PRE_ARXIV_ANCESTRY=NO;SOURCE_URLS=https://arxiv.org/abs/1006.1926v1|https://arxiv.org/pdf/1006.1926v1;VERSIONS=v1
PAPER-1604.02844	1604.02844	UNKNOWN	Breadth First Search Vectorization on the Intel Xeon Phi	Mireya Paredes|Graham Riley|Mikel Lujan	2016-04-11	2016-04-11	cs.DC	https://arxiv.org/abs/1604.02844v1	https://arxiv.org/pdf/1604.02844v1	UNKNOWN	v1	QRY-019|QRY-025	AQ-001|AQ-002|AQ-003|AQ-004|AQ-005|AQ-007|AQ-008|AQ-009|AQ-010|AQ-011	27	MR=8;RR=6;IS=3;BS=6;TR=3;FL=0;ND=1	METADATA_ONLY	D_THEORETICAL_OR_INCOMPLETE	UNKNOWN	NOT_ACQUIRED	NOT_ACQUIRED	ALIASES=1604.02844v1;ANCESTRY_DIRECTIONS=BACKWARD;ANCESTRY_RESOLUTION=RESOLVED;ANCESTRY_SEEDS=PAPER-2010.09913;CITATION_DEPTH=1;DISCOVERY_ERAS=ALL;G03_AQ_LINKS=AQ-001|AQ-002|AQ-003|AQ-004|AQ-005|AQ-007|AQ-009|AQ-010|AQ-011;G03_SCREEN=DERIVED_INFERENCE_METADATA_ONLY;IDENTITY_STATE=CANONICAL;NEIGHBORING_DOMAIN=YES;OPENALEX_ID=UNKNOWN;PRE_ARXIV_ANCESTRY=NO;SEMANTIC_SCHOLAR_ID=0624ec3adb8d9f785935746534d4041c2e0802dc;SOURCE_URLS=https://arxiv.org/abs/1604.02844v1|https://arxiv.org/pdf/1604.02844v1;VERSIONS=v1
PAPER-1806.08895	1806.08895	UNKNOWN	MRAttractor: Detecting Communities from Large-Scale Graphs	Nguyen Vo|Kyumin Lee|Thanh Tran	2018-06-23	2018-06-23	cs.DC	https://arxiv.org/abs/1806.08895v1	https://arxiv.org/pdf/1806.08895v1	UNKNOWN	v1	QRY-012	AQ-006|AQ-008	27	MR=4;RR=3;IS=3;BS=9;TR=6;FL=2;ND=0	METADATA_ONLY	D_THEORETICAL_OR_INCOMPLETE	UNKNOWN	NOT_ACQUIRED	NOT_ACQUIRED	ALIASES=1806.08895v1;DISCOVERY_ERAS=ALL;IDENTITY_STATE=CANONICAL;NEIGHBORING_DOMAIN=NO;PRE_ARXIV_ANCESTRY=NO;SOURCE_URLS=https://arxiv.org/abs/1806.08895v1|https://arxiv.org/pdf/1806.08895v1;VERSIONS=v1
PAPER-1701.08475	1701.08475	UNKNOWN	Scalable Nearest Neighbor Search based on kNN Graph	Wan-Lei Zhao|Jie Yang|Cheng-Hao Deng	2017-01-30	2017-02-03	cs.CV|cs.DB	https://arxiv.org/abs/1701.08475v2	https://arxiv.org/pdf/1701.08475v2	UNKNOWN	v2	QRY-014	AQ-007|AQ-008	26	MR=8;RR=3;IS=0;BS=9;TR=6;FL=0;ND=0	METADATA_ONLY	D_THEORETICAL_OR_INCOMPLETE	UNKNOWN	NOT_ACQUIRED	NOT_ACQUIRED	ALIASES=1701.08475v2;DISCOVERY_ERAS=ALL;IDENTITY_STATE=CANONICAL;NEIGHBORING_DOMAIN=NO;PRE_ARXIV_ANCESTRY=NO;SOURCE_URLS=https://arxiv.org/abs/1701.08475v2|https://arxiv.org/pdf/1701.08475v2;VERSIONS=v2
PAPER-2112.00098	2112.00098	UNKNOWN	Connected Components for Infinite Graph Streams: Theory and Practice	Jonathan W. Berry|Cynthia A Phillips|Alexandra M. Porter	2021-11-30	2021-11-30	cs.DS	https://arxiv.org/abs/2112.00098v1	https://arxiv.org/pdf/2112.00098v1	UNKNOWN	v1	QRY-007|QRY-008|QRY-016|QRY-022	AQ-004|AQ-008|AQ-010|AQ-011	26	MR=8;RR=9;IS=9;BS=0;TR=0;FL=0;ND=0	READ_COMPLETE	D_THEORETICAL_OR_INCOMPLETE	UNKNOWN	sources/papers/PAPER-2112.00098.pdf	9EC995D597C94E687F3A445DD22351B30BC5AC1CFA3983E1C42846A2C0AD0060	ALIASES=2112.00098v1;ANCESTRY_RESOLUTION=UNAVAILABLE;BIBLIOGRAPHIC_VARIANTS=NONE;CITATION_DEPTH=0;DISCOVERY_ERAS=ALL;G03_SEED=YES;IDENTITY_STATE=CANONICAL;NEIGHBORING_DOMAIN=NO;OPENALEX_ID=UNKNOWN;OPENALEX_RESOLUTION=UNAVAILABLE;PRE_ARXIV_ANCESTRY=NO;SEMANTIC_SCHOLAR_ID=21fec3a9f5035d67e0e6818bf4bc39e5090eed24;SOURCE_URLS=https://arxiv.org/abs/2112.00098v1|https://arxiv.org/pdf/2112.00098v1;VERSIONS=v1;G04_ORIGINAL_PDF_URL=https://arxiv.org/pdf/2112.00098v1;G04_ORIGINAL_LICENSE_URI=UNKNOWN;LICENSE_UNKNOWN;G04_ACQUISITION_STATUS=ACQUIRED;G04_PARSE_STATUS=PARSED
PAPER-2311.18724	2311.18724	UNKNOWN	Routing-Guided Learned Product Quantization for Graph-Based Approximate Nearest Neighbor Search	Qiang Yue|Xiaoliang Xu|Yuxiang Wang|Yikun Tao|Xuliyuan Luo	2023-11-30	2023-11-30	cs.IR	https://arxiv.org/abs/2311.18724v1	https://arxiv.org/pdf/2311.18724v1	UNKNOWN	v1	QRY-014	AQ-007|AQ-008	26	MR=4;RR=6;IS=3;BS=9;TR=3;FL=0;ND=1	METADATA_ONLY	D_THEORETICAL_OR_INCOMPLETE	UNKNOWN	NOT_ACQUIRED	NOT_ACQUIRED	ALIASES=2311.18724v1;DISCOVERY_ERAS=ALL;IDENTITY_STATE=CANONICAL;NEIGHBORING_DOMAIN=YES;PRE_ARXIV_ANCESTRY=NO;SOURCE_URLS=https://arxiv.org/abs/2311.18724v1|https://arxiv.org/pdf/2311.18724v1;VERSIONS=v1
PAPER-2406.06754	2406.06754	UNKNOWN	Incremental Sliding Window Connectivity over Streaming Graphs	Chao Zhang|Angela Bonifati|M. Tamer Özsu	2024-06-10	2024-06-12	cs.DB	https://arxiv.org/abs/2406.06754v2	https://arxiv.org/pdf/2406.06754v2	UNKNOWN	v2	QRY-008	AQ-004|AQ-008	26	MR=4;RR=6;IS=3;BS=6;TR=6;FL=0;ND=1	METADATA_ONLY	D_THEORETICAL_OR_INCOMPLETE	UNKNOWN	NOT_ACQUIRED	NOT_ACQUIRED	ALIASES=2406.06754v2;DISCOVERY_ERAS=ALL;IDENTITY_STATE=CANONICAL;NEIGHBORING_DOMAIN=YES;PRE_ARXIV_ANCESTRY=NO;SOURCE_URLS=https://arxiv.org/abs/2406.06754v2|https://arxiv.org/pdf/2406.06754v2;VERSIONS=v2
PAPER-2503.00430	2503.00430	UNKNOWN	Performance-Driven Optimization of Parallel Breadth-First Search	Marati Bhaskar|Raghavendra Kanakagiri	2025-03-01	2025-03-01	cs.DC	https://arxiv.org/abs/2503.00430v1	https://arxiv.org/pdf/2503.00430v1	UNKNOWN	v1	QRY-015|QRY-019|QRY-025	AQ-003|AQ-008|AQ-010|AQ-011	26	MR=12;RR=3;IS=6;BS=3;TR=0;FL=2;ND=0	READ_COMPLETE	D_THEORETICAL_OR_INCOMPLETE	UNKNOWN	sources/papers/PAPER-2503.00430.pdf	9BE08458A64F2464B91DCBCD4ABBB4808B7513125B10A5E98ABAA35C73C1DD92	ALIASES=2503.00430v1;ANCESTRY_RESOLUTION=UNAVAILABLE;BIBLIOGRAPHIC_VARIANTS=NONE;CITATION_DEPTH=0;DISCOVERY_ERAS=ALL;G03_SEED=YES;IDENTITY_STATE=CANONICAL;NEIGHBORING_DOMAIN=NO;OPENALEX_ID=UNKNOWN;OPENALEX_RESOLUTION=UNAVAILABLE;PRE_ARXIV_ANCESTRY=NO;SEMANTIC_SCHOLAR_ID=ff87ea265bb6b9600a787fc7035ad6a9bf59b727;SOURCE_URLS=https://arxiv.org/abs/2503.00430v1|https://arxiv.org/pdf/2503.00430v1;VERSIONS=v1;G04_ORIGINAL_PDF_URL=https://arxiv.org/pdf/2503.00430v1;G04_ORIGINAL_LICENSE_URI=UNKNOWN;LICENSE_UNKNOWN;G04_ACQUISITION_STATUS=ACQUIRED;G04_PARSE_STATUS=PARSED
PAPER-2012.11128	2012.11128	UNKNOWN	PEFP: Efficient k-hop Constrained s-t Simple Path Enumeration on FPGA	Zhengmin Lai|You Peng|Shiyu Yang|Xuemin Lin|Wenjie Zhang	2020-12-21	2021-02-24	cs.DB	https://arxiv.org/abs/2012.11128v2	https://arxiv.org/pdf/2012.11128v2	UNKNOWN	v2	QRY-021	AQ-003|AQ-011	25	MR=4;RR=9;IS=0;BS=6;TR=3;FL=2;ND=1	METADATA_ONLY	D_THEORETICAL_OR_INCOMPLETE	UNKNOWN	NOT_ACQUIRED	NOT_ACQUIRED	ALIASES=2012.11128v2;DISCOVERY_ERAS=ALL;IDENTITY_STATE=CANONICAL;NEIGHBORING_DOMAIN=YES;PRE_ARXIV_ANCESTRY=NO;SOURCE_URLS=https://arxiv.org/abs/2012.11128v2|https://arxiv.org/pdf/2012.11128v2;VERSIONS=v2
PAPER-2507.17647	2507.17647	UNKNOWN	SHINE: A Scalable HNSW Index in Disaggregated Memory	Manuel Widmoser|Daniel Kocher|Nikolaus Augsten	2025-07-23	2025-07-23	cs.DB	https://arxiv.org/abs/2507.17647v1	https://arxiv.org/pdf/2507.17647v1	UNKNOWN	v1	QRY-014	AQ-007|AQ-008	25	MR=8;RR=6;IS=0;BS=3;TR=6;FL=2;ND=0	METADATA_ONLY	D_THEORETICAL_OR_INCOMPLETE	UNKNOWN	NOT_ACQUIRED	NOT_ACQUIRED	ALIASES=2507.17647v1;DISCOVERY_ERAS=ALL;IDENTITY_STATE=CANONICAL;NEIGHBORING_DOMAIN=NO;PRE_ARXIV_ANCESTRY=NO;SOURCE_URLS=https://arxiv.org/abs/2507.17647v1|https://arxiv.org/pdf/2507.17647v1;VERSIONS=v1
PAPER-1603.09320	1603.09320	UNKNOWN	Efficient and robust approximate nearest neighbor search using Hierarchical Navigable Small World graphs	Yu. A. Malkov|D. A. Yashunin	2016-03-30	2018-08-14	cs.CV|cs.DS|cs.IR|cs.SI	https://arxiv.org/abs/1603.09320v4	https://arxiv.org/pdf/1603.09320v4	UNKNOWN	v4	QRY-014	AQ-003|AQ-005|AQ-006|AQ-007|AQ-008	24	MR=12;RR=0;IS=3;BS=6;TR=3;FL=0;ND=0	METADATA_ONLY	D_THEORETICAL_OR_INCOMPLETE	UNKNOWN	NOT_ACQUIRED	NOT_ACQUIRED	ALIASES=1603.09320v4;ANCESTRY_DIRECTIONS=BACKWARD;ANCESTRY_RESOLUTION=RESOLVED;ANCESTRY_SEEDS=PAPER-2602.21514|PAPER-2605.02171;CITATION_DEPTH=1;DISCOVERY_ERAS=ALL;G03_AQ_LINKS=AQ-003|AQ-005|AQ-006|AQ-007|AQ-008;G03_SCREEN=DERIVED_INFERENCE_METADATA_ONLY;IDENTITY_STATE=CANONICAL;NEIGHBORING_DOMAIN=NO;OPENALEX_ID=UNKNOWN;PRE_ARXIV_ANCESTRY=NO;SEMANTIC_SCHOLAR_ID=699a2e3b653c69aff5cf7a9923793b974f8ca164;SOURCE_URLS=https://arxiv.org/abs/1603.09320v4|https://arxiv.org/pdf/1603.09320v4;VERSIONS=v4
PAPER-2403.02997	2403.02997	UNKNOWN	Cover Edge-Based Novel Triangle Counting	David A. Bader|Fuhuan Li|Zhihui Du|Palina Pauliuchenka|Oliver Alvarado Rodriguez|Anant Gupta|Sai Sri Vastav Minnal|Valmik Nahata|Anya Ganeshan|Ahmet Gundogdu|Jason Lew	2024-03-05	2024-03-05	cs.DS	https://arxiv.org/abs/2403.02997v1	https://arxiv.org/pdf/2403.02997v1	UNKNOWN	v1	QRY-009	AQ-005	24	MR=12;RR=0;IS=0;BS=12;TR=0;FL=0;ND=0	METADATA_ONLY	D_THEORETICAL_OR_INCOMPLETE	UNKNOWN	NOT_ACQUIRED	NOT_ACQUIRED	ALIASES=2403.02997v1;DISCOVERY_ERAS=ALL;IDENTITY_STATE=CANONICAL;NEIGHBORING_DOMAIN=NO;PRE_ARXIV_ANCESTRY=NO;SOURCE_URLS=https://arxiv.org/abs/2403.02997v1|https://arxiv.org/pdf/2403.02997v1;VERSIONS=v1
PAPER-1602.02864	1602.02864	10.1109/tpds.2016.2618791	Semi-External Memory Sparse Matrix Multiplication for Billion-Node Graphs	Da Zheng|Disa Mhembere|Vince Lyzinski|Joshua Vogelstein|Carey E. Priebe|Randal Burns	2016-02-09	2016-10-14	cs.DC	https://arxiv.org/abs/1602.02864v3	https://arxiv.org/pdf/1602.02864v3	UNKNOWN	v3	QRY-004	AQ-002|AQ-008	23	MR=4;RR=6;IS=6;BS=3;TR=0;FL=4;ND=0	READ_COMPLETE	D_THEORETICAL_OR_INCOMPLETE	UNKNOWN	sources/papers/PAPER-1602.02864.pdf	ED8A6EA79FD9BB9EDA965C7D68C9FD07500B2A9082A9794AF299B92BA257AF38	ALIASES=10.1109/tpds.2016.2618791|1602.02864v3;ANCESTRY_RESOLUTION=UNAVAILABLE;BIBLIOGRAPHIC_VARIANTS=NONE;CITATION_DEPTH=0;DISCOVERY_ERAS=ALL;G03_SEED=YES;IDENTITY_STATE=CANONICAL;NEIGHBORING_DOMAIN=NO;OPENALEX_ID=UNKNOWN;OPENALEX_RESOLUTION=UNAVAILABLE;PRE_ARXIV_ANCESTRY=NO;SEMANTIC_SCHOLAR_ID=b9b71722a322946a89db1f375fce12e9bf6d0e05;SOURCE_URLS=https://arxiv.org/abs/1602.02864v3|https://arxiv.org/pdf/1602.02864v3|https://doi.org/10.1109/TPDS.2016.2618791;VERSIONS=v3;G04_ORIGINAL_PDF_URL=https://arxiv.org/pdf/1602.02864v3;G04_ORIGINAL_LICENSE_URI=UNKNOWN;LICENSE_UNKNOWN;G04_ACQUISITION_STATUS=ACQUIRED;G04_PARSE_STATUS=PARSED
PAPER-1603.01876	1603.01876	10.1109/ipdpsw.2016.89	PageRank Pipeline Benchmark: Proposal for a Holistic System Benchmark for Big-Data Platforms	Patrick Dreher|Chansup Byun|Chris Hill|Vijay Gadepally|Bradley Kuszmaul|Jeremy Kepner	2016-03-06	2016-06-04	astro-ph.IM|cs.DC|cs.PF|physics.data-an	https://arxiv.org/abs/1603.01876v2	https://arxiv.org/pdf/1603.01876v2	UNKNOWN	v2	QRY-024	AQ-002|AQ-010|AQ-012	23	MR=8;RR=3;IS=6;BS=6;TR=0;FL=0;ND=0	READ_COMPLETE	D_THEORETICAL_OR_INCOMPLETE	UNKNOWN	sources/papers/PAPER-1603.01876.pdf	38B613235BA8CAD8BBB1CCEC5D5155F8E57656A8405F5AF1FB19808AD77B8AE0	ALIASES=10.1109/ipdpsw.2016.89|1603.01876v2;ANCESTRY_RESOLUTION=UNAVAILABLE;BIBLIOGRAPHIC_VARIANTS=NONE;CITATION_DEPTH=0;DISCOVERY_ERAS=ALL;G03_SEED=YES;IDENTITY_STATE=CANONICAL;NEIGHBORING_DOMAIN=NO;OPENALEX_ID=UNKNOWN;OPENALEX_RESOLUTION=UNAVAILABLE;PRE_ARXIV_ANCESTRY=NO;SEMANTIC_SCHOLAR_ID=2a9250a113ddb49b87ddfa4e11c77ace1f9cc7e5;SOURCE_URLS=https://arxiv.org/abs/1603.01876v2|https://arxiv.org/pdf/1603.01876v2|https://doi.org/10.1109/IPDPSW.2016.89;VERSIONS=v2;G04_ORIGINAL_PDF_URL=https://arxiv.org/pdf/1603.01876v2;G04_ORIGINAL_LICENSE_URI=UNKNOWN;LICENSE_UNKNOWN;G04_ACQUISITION_STATUS=ACQUIRED;G04_PARSE_STATUS=PARSED
PAPER-1903.03147	1903.03147	UNKNOWN	Cache-Oblivious Priority Queues with Decrease-Key and Applications to Graph Algorithms	John Iacono|Riko Jacob|Konstantinos Tsakalidis	2019-03-07	2020-08-04	cs.DS	https://arxiv.org/abs/1903.03147v3	https://arxiv.org/pdf/1903.03147v3	UNKNOWN	v3	QRY-006	AQ-003|AQ-008	23	MR=8;RR=15;IS=0;BS=0;TR=0;FL=0;ND=0	METADATA_ONLY	D_THEORETICAL_OR_INCOMPLETE	UNKNOWN	NOT_ACQUIRED	NOT_ACQUIRED	ALIASES=1903.03147v3;DISCOVERY_ERAS=ALL;IDENTITY_STATE=CANONICAL;NEIGHBORING_DOMAIN=NO;PRE_ARXIV_ANCESTRY=NO;SOURCE_URLS=https://arxiv.org/abs/1903.03147v3|https://arxiv.org/pdf/1903.03147v3;VERSIONS=v3
PAPER-2505.04269	2505.04269	10.1109/ipdpsw66978.2025.00126	Accelerating Triangle Counting with Real Processing-in-Memory Systems	Lorenzo Asquini|Manos Frouzakis|Juan Gómez-Luna|Mohammad Sadrosadati|Onur Mutlu|Francesco Silvestri	2025-05-07	2026-03-20	cs.AR|cs.DC	https://arxiv.org/abs/2505.04269v2	https://arxiv.org/pdf/2505.04269v2	UNKNOWN	v2	QRY-010	AQ-005|AQ-008	23	MR=4;RR=6;IS=6;BS=0;TR=3;FL=4;ND=0	METADATA_ONLY	D_THEORETICAL_OR_INCOMPLETE	UNKNOWN	NOT_ACQUIRED	NOT_ACQUIRED	ALIASES=10.1109/ipdpsw66978.2025.00126|2505.04269v2;DISCOVERY_ERAS=ALL;IDENTITY_STATE=CANONICAL;NEIGHBORING_DOMAIN=NO;PRE_ARXIV_ANCESTRY=NO;SOURCE_URLS=https://arxiv.org/abs/2505.04269v2|https://arxiv.org/pdf/2505.04269v2|https://doi.org/10.1109/IPDPSW66978.2025.00126;VERSIONS=v2
PAPER-2508.19057	2508.19057	UNKNOWN	DTC: Real-Time and Accurate Distributed Triangle Counting in Fully Dynamic Graph Streams	Wei Xuan|Yan Liang|Huawei Cao|Ning Lin|Xiaochun Ye|Dongrui Fan	2025-08-26	2026-01-25	cs.DS	https://arxiv.org/abs/2508.19057v2	https://arxiv.org/pdf/2508.19057v2	UNKNOWN	v2	QRY-009	AQ-005	23	MR=4;RR=3;IS=6;BS=6;TR=3;FL=0;ND=1	METADATA_ONLY	D_THEORETICAL_OR_INCOMPLETE	UNKNOWN	NOT_ACQUIRED	NOT_ACQUIRED	ALIASES=2508.19057v2;DISCOVERY_ERAS=ALL;IDENTITY_STATE=CANONICAL;NEIGHBORING_DOMAIN=YES;PRE_ARXIV_ANCESTRY=NO;SOURCE_URLS=https://arxiv.org/abs/2508.19057v2|https://arxiv.org/pdf/2508.19057v2;VERSIONS=v2
PAPER-2601.01930	2601.01930	UNKNOWN	MCGI: Manifold-Consistent Graph Indexing for Billion-Scale Disk-Resident Vector Search	Dongfang Zhao	2026-01-05	2026-04-28	cs.AI|cs.IR	https://arxiv.org/abs/2601.01930v3	https://arxiv.org/pdf/2601.01930v3	UNKNOWN	v3	QRY-014	AQ-007|AQ-008	23	MR=4;RR=6;IS=0;BS=9;TR=3;FL=0;ND=1	METADATA_ONLY	D_THEORETICAL_OR_INCOMPLETE	UNKNOWN	NOT_ACQUIRED	NOT_ACQUIRED	ALIASES=2601.01930v3;DISCOVERY_ERAS=ALL;IDENTITY_STATE=CANONICAL;NEIGHBORING_DOMAIN=YES;PRE_ARXIV_ANCESTRY=NO;SOURCE_URLS=https://arxiv.org/abs/2601.01930v3|https://arxiv.org/pdf/2601.01930v3;VERSIONS=v3
PAPER-2601.08554	2601.08554	UNKNOWN	Maintaining Leiden Communities in Large Dynamic Graphs	Chunxu Lin|Yumao Xie|Yixiang Fang|Yongmin Hu|Yingqian Hu|Cheng Chen	2026-01-13	2026-06-17	cs.DB|cs.GR|cs.SI	https://arxiv.org/abs/2601.08554v5	https://arxiv.org/pdf/2601.08554v5	UNKNOWN	v5	QRY-011	AQ-006	23	MR=8;RR=3;IS=3;BS=6;TR=3;FL=0;ND=0	METADATA_ONLY	D_THEORETICAL_OR_INCOMPLETE	UNKNOWN	NOT_ACQUIRED	NOT_ACQUIRED	ALIASES=2601.08554v5;DISCOVERY_ERAS=ALL;IDENTITY_STATE=CANONICAL;NEIGHBORING_DOMAIN=NO;PRE_ARXIV_ANCESTRY=NO;SOURCE_URLS=https://arxiv.org/abs/2601.08554v5|https://arxiv.org/pdf/2601.08554v5;VERSIONS=v5
PAPER-2608.01255	2608.01255	UNKNOWN	RaG-Tree: Combining R-Tree and HNSW for Multi-Attribute Range Filtered Approximate Nearest Neighbor Search	Jiawei Liu|Xiang Zhang|Chao Zhang|Ju Fan|Xiaoyong Du	2026-08-02	2026-08-02	cs.DB	https://arxiv.org/abs/2608.01255v1	https://arxiv.org/pdf/2608.01255v1	UNKNOWN	v1	QRY-014	AQ-007|AQ-008	23	MR=8;RR=0;IS=0;BS=9;TR=6;FL=0;ND=0	METADATA_ONLY	D_THEORETICAL_OR_INCOMPLETE	UNKNOWN	NOT_ACQUIRED	NOT_ACQUIRED	ALIASES=2608.01255v1;DISCOVERY_ERAS=ALL;IDENTITY_STATE=CANONICAL;NEIGHBORING_DOMAIN=NO;PRE_ARXIV_ANCESTRY=NO;SOURCE_URLS=https://arxiv.org/abs/2608.01255v1|https://arxiv.org/pdf/2608.01255v1;VERSIONS=v1
PAPER-0904.3761	0904.3761	UNKNOWN	Approximate Triangle Counting	Charalampos E. Tsourakakis|Mihail N. Kolountzakis|Gary L. Miller	2009-04-24	2009-06-30	cs.DM|cs.DS	https://arxiv.org/abs/0904.3761v2	https://arxiv.org/pdf/0904.3761v2	UNKNOWN	v2	QRY-010	AQ-005|AQ-008	22	MR=4;RR=0;IS=12;BS=6;TR=0;FL=0;ND=0	METADATA_ONLY	D_THEORETICAL_OR_INCOMPLETE	UNKNOWN	NOT_ACQUIRED	NOT_ACQUIRED	ALIASES=0904.3761v2;DISCOVERY_ERAS=2001_2010|ALL;IDENTITY_STATE=CANONICAL;NEIGHBORING_DOMAIN=NO;PRE_ARXIV_ANCESTRY=NO;SOURCE_URLS=https://arxiv.org/abs/0904.3761v2|https://arxiv.org/pdf/0904.3761v2;VERSIONS=v2
PAPER-1002.4482	1002.4482	UNKNOWN	Exploring the Limits of GPUs With Parallel Graph Algorithms	Frank Dehne|Kumanan Yogaratnam	2010-02-24	2010-02-24	cs.CC|cs.DC|cs.DS	https://arxiv.org/abs/1002.4482v1	https://arxiv.org/pdf/1002.4482v1	UNKNOWN	v1	QRY-007|QRY-008|QRY-016|QRY-022	AQ-004|AQ-008|AQ-010|AQ-011	22	MR=8;RR=6;IS=0;BS=6;TR=0;FL=2;ND=0	METADATA_ONLY	D_THEORETICAL_OR_INCOMPLETE	UNKNOWN	NOT_ACQUIRED	NOT_ACQUIRED	ALIASES=1002.4482v1;DISCOVERY_ERAS=2001_2010;IDENTITY_STATE=CANONICAL;NEIGHBORING_DOMAIN=NO;PRE_ARXIV_ANCESTRY=NO;SOURCE_URLS=https://arxiv.org/abs/1002.4482v1|https://arxiv.org/pdf/1002.4482v1;VERSIONS=v1
PAPER-1208.5542	1208.5542	UNKNOWN	Compression and Sieve: Reducing Communication in Parallel Breadth First Search on Distributed Memory Systems	Huiwei Lv|Guangming Tan|Mingyu Chen|Ninghui Sun	2012-08-28	2012-08-28	cs.DC|cs.DS	https://arxiv.org/abs/1208.5542v1	https://arxiv.org/pdf/1208.5542v1	UNKNOWN	v1	QRY-015|QRY-019	AQ-003|AQ-008|AQ-010	22	MR=4;RR=3;IS=6;BS=6;TR=3;FL=0;ND=0	METADATA_ONLY	D_THEORETICAL_OR_INCOMPLETE	UNKNOWN	NOT_ACQUIRED	NOT_ACQUIRED	ALIASES=1208.5542v1;DISCOVERY_ERAS=ALL;IDENTITY_STATE=CANONICAL;NEIGHBORING_DOMAIN=NO;PRE_ARXIV_ANCESTRY=NO;SOURCE_URLS=https://arxiv.org/abs/1208.5542v1|https://arxiv.org/pdf/1208.5542v1;VERSIONS=v1
PAPER-1808.06705	1808.06705	10.1142/s0129626421500213	Graph connectivity in log steps using label propagation	Paul Burkhardt	2018-08-20	2021-12-07	cs.DC|cs.DS	https://arxiv.org/abs/1808.06705v6	https://arxiv.org/pdf/1808.06705v6	UNKNOWN	v6	QRY-008	AQ-004|AQ-008	22	MR=4;RR=6;IS=6;BS=3;TR=3;FL=0;ND=0	METADATA_ONLY	D_THEORETICAL_OR_INCOMPLETE	UNKNOWN	NOT_ACQUIRED	NOT_ACQUIRED	ALIASES=10.1142/s0129626421500213|1808.06705v6;DISCOVERY_ERAS=ALL;IDENTITY_STATE=CANONICAL;NEIGHBORING_DOMAIN=NO;PRE_ARXIV_ANCESTRY=NO;SOURCE_URLS=https://arxiv.org/abs/1808.06705v6|https://arxiv.org/pdf/1808.06705v6|https://doi.org/10.1142/S0129626421500213;VERSIONS=v6
PAPER-1810.08473	1810.08473	10.1038/s41598-019-41695-z	From Louvain to Leiden: guaranteeing well-connected communities	Vincent Traag|Ludo Waltman|Nees Jan van Eck	2018-10-19	2019-10-30	cs.SI|physics.soc-ph	https://arxiv.org/abs/1810.08473v3	https://arxiv.org/pdf/1810.08473v3	UNKNOWN	v3	QRY-011	AQ-006	22	MR=8;RR=0;IS=0;BS=9;TR=3;FL=2;ND=0	READ_COMPLETE	D_THEORETICAL_OR_INCOMPLETE	UNKNOWN	sources/papers/PAPER-1810.08473.pdf	49D6A4D5092F68EF7A43FABB1975364A114EC76D21D2EF9CE738007F003EE58A	ALIASES=10.1038/s41598-019-41695-z|1810.08473v3;ANCESTRY_RESOLUTION=UNAVAILABLE;BIBLIOGRAPHIC_VARIANTS=NONE;CITATION_DEPTH=0;DISCOVERY_ERAS=ALL;G03_SEED=YES;IDENTITY_STATE=CANONICAL;NEIGHBORING_DOMAIN=NO;OPENALEX_ID=UNKNOWN;OPENALEX_RESOLUTION=UNAVAILABLE;PRE_ARXIV_ANCESTRY=NO;SEMANTIC_SCHOLAR_ID=79cdbabb22ef80074f5659430fe6fc97932798f5;SOURCE_URLS=https://arxiv.org/abs/1810.08473v3|https://arxiv.org/pdf/1810.08473v3|https://doi.org/10.1038/s41598-019-41695-z;VERSIONS=v3;G04_ORIGINAL_PDF_URL=https://arxiv.org/pdf/1810.08473v3;G04_ORIGINAL_LICENSE_URI=UNKNOWN;LICENSE_UNKNOWN;G04_ACQUISITION_STATUS=ACQUIRED;G04_PARSE_STATUS=PARSED
PAPER-2203.14927	2203.14927	UNKNOWN	GraphZeppelin: Storage-Friendly Sketching for Connected Components on Dynamic Graph Streams	David Tench|Evan West|Victor Zhang|Michael A. Bender|Abiyaz Chowdhury|J. Ahmed Dellas|Martin Farach-Colton|Tyler Seip|Kenny Zhang	2022-03-28	2022-03-28	cs.DS	https://arxiv.org/abs/2203.14927v1	https://arxiv.org/pdf/2203.14927v1	UNKNOWN	v1	QRY-007|QRY-022	AQ-004|AQ-011	22	MR=4;RR=6;IS=6;BS=3;TR=3;FL=0;ND=0	METADATA_ONLY	D_THEORETICAL_OR_INCOMPLETE	UNKNOWN	NOT_ACQUIRED	NOT_ACQUIRED	ALIASES=2203.14927v1;DISCOVERY_ERAS=ALL;IDENTITY_STATE=CANONICAL;NEIGHBORING_DOMAIN=NO;PRE_ARXIV_ANCESTRY=NO;SOURCE_URLS=https://arxiv.org/abs/2203.14927v1|https://arxiv.org/pdf/2203.14927v1;VERSIONS=v1
PAPER-2405.17813	2405.17813	10.1145/3664190.3672512	The Impacts of Data, Ordering, and Intrinsic Dimensionality on Recall in Hierarchical Navigable Small Worlds	Owen Pendrigh Elliott|Jesse Clark	2024-05-28	2024-05-28	cs.IR	https://arxiv.org/abs/2405.17813v1	https://arxiv.org/pdf/2405.17813v1	UNKNOWN	v1	QRY-014	AQ-007|AQ-008	22	MR=8;RR=3;IS=3;BS=6;TR=0;FL=0;ND=2	METADATA_ONLY	D_THEORETICAL_OR_INCOMPLETE	UNKNOWN	NOT_ACQUIRED	NOT_ACQUIRED	ALIASES=10.1145/3664190.3672512|2405.17813v1;DISCOVERY_ERAS=ALL;IDENTITY_STATE=CANONICAL;NEIGHBORING_DOMAIN=YES;PRE_ARXIV_ANCESTRY=NO;SOURCE_URLS=https://arxiv.org/abs/2405.17813v1|https://arxiv.org/pdf/2405.17813v1|https://doi.org/10.1145/3664190.3672512;VERSIONS=v1
PAPER-2505.06596	2505.06596	UNKNOWN	Deterministic Self-Stabilizing BFS Construction in Constant Space	Lélia Blin|Franck Petit|Sébastien Tixeuil	2025-05-10	2025-05-10	cs.DC	https://arxiv.org/abs/2505.06596v1	https://arxiv.org/pdf/2505.06596v1	UNKNOWN	v1	QRY-019	AQ-003|AQ-010	22	MR=8;RR=6;IS=3;BS=0;TR=3;FL=2;ND=0	METADATA_ONLY	D_THEORETICAL_OR_INCOMPLETE	UNKNOWN	NOT_ACQUIRED	NOT_ACQUIRED	ALIASES=2505.06596v1;DISCOVERY_ERAS=ALL;IDENTITY_STATE=CANONICAL;NEIGHBORING_DOMAIN=NO;PRE_ARXIV_ANCESTRY=NO;SOURCE_URLS=https://arxiv.org/abs/2505.06596v1|https://arxiv.org/pdf/2505.06596v1;VERSIONS=v1
PAPER-2505.17368	2505.17368	UNKNOWN	HENN: A Hierarchical Epsilon Net Navigation Graph for Approximate Nearest Neighbor Search	Mohsen Dehghankar|Abolfazl Asudeh	2025-05-23	2025-05-23	cs.DS	https://arxiv.org/abs/2505.17368v1	https://arxiv.org/pdf/2505.17368v1	UNKNOWN	v1	QRY-014	AQ-007|AQ-008	22	MR=8;RR=0;IS=3;BS=6;TR=3;FL=2;ND=0	METADATA_ONLY	D_THEORETICAL_OR_INCOMPLETE	UNKNOWN	NOT_ACQUIRED	NOT_ACQUIRED	ALIASES=2505.17368v1;DISCOVERY_ERAS=ALL;IDENTITY_STATE=CANONICAL;NEIGHBORING_DOMAIN=NO;PRE_ARXIV_ANCESTRY=NO;SOURCE_URLS=https://arxiv.org/abs/2505.17368v1|https://arxiv.org/pdf/2505.17368v1;VERSIONS=v1
PAPER-1906.03113	1906.03113	10.1145/3446216	Optimal algebraic Breadth-First Search for sparse graphs	Paul Burkhardt	2019-06-07	2021-04-30	cs.DC|cs.DS	https://arxiv.org/abs/1906.03113v4	https://arxiv.org/pdf/1906.03113v4	UNKNOWN	v4	QRY-005|QRY-006|QRY-019|QRY-025	AQ-001|AQ-002|AQ-003|AQ-005|AQ-006|AQ-007|AQ-008|AQ-010|AQ-011	21	MR=12;RR=3;IS=3;BS=3;TR=0;FL=0;ND=0	METADATA_ONLY	D_THEORETICAL_OR_INCOMPLETE	UNKNOWN	NOT_ACQUIRED	NOT_ACQUIRED	ALIASES=10.1145/3446216|1906.03113v4;ANCESTRY_DIRECTIONS=FORWARD;ANCESTRY_RESOLUTION=RESOLVED;ANCESTRY_SEEDS=PAPER-2010.09913;CITATION_DEPTH=1;DISCOVERY_ERAS=ALL;G03_AQ_LINKS=AQ-001|AQ-002|AQ-003|AQ-005|AQ-006|AQ-007|AQ-010|AQ-011;G03_SCREEN=DERIVED_INFERENCE_METADATA_ONLY;IDENTITY_STATE=CANONICAL;NEIGHBORING_DOMAIN=NO;OPENALEX_ID=UNKNOWN;PRE_ARXIV_ANCESTRY=NO;SEMANTIC_SCHOLAR_ID=b5c9464e08777dbe53afe560d230861df196468a;SOURCE_URLS=https://arxiv.org/abs/1906.03113v4|https://arxiv.org/pdf/1906.03113v4|https://doi.org/10.1145/3446216;VERSIONS=v4
PAPER-2003.09269	2003.09269	10.1109/hpec43674.2020.9286166	GraphChallenge.org Triangle Counting Performance	Siddharth Samsi|Jeremy Kepner|Vijay Gadepally|Michael Hurley|Michael Jones|Edward Kao|Sanjeev Mohindra|Albert Reuther|Steven Smith|William Song|Diane Staheli|Paul Monticciolo	2020-03-18	2020-03-18	cs.DC|cs.PF	https://arxiv.org/abs/2003.09269v1	https://arxiv.org/pdf/2003.09269v1	UNKNOWN	v1	QRY-010	AQ-005|AQ-007|AQ-008|AQ-009|AQ-012	21	MR=12;RR=0;IS=6;BS=3;TR=0;FL=0;ND=0	METADATA_ONLY	D_THEORETICAL_OR_INCOMPLETE	UNKNOWN	NOT_ACQUIRED	NOT_ACQUIRED	ALIASES=10.1109/hpec43674.2020.9286166|2003.09269v1;ANCESTRY_DIRECTIONS=FORWARD;ANCESTRY_RESOLUTION=RESOLVED;ANCESTRY_SEEDS=PAPER-1603.01876;CITATION_DEPTH=1;DISCOVERY_ERAS=ALL;G03_AQ_LINKS=AQ-005|AQ-007|AQ-008|AQ-009|AQ-012;G03_SCREEN=DERIVED_INFERENCE_METADATA_ONLY;IDENTITY_STATE=CANONICAL;NEIGHBORING_DOMAIN=NO;OPENALEX_ID=UNKNOWN;PRE_ARXIV_ANCESTRY=NO;SEMANTIC_SCHOLAR_ID=11dc2856a6ad295ccbad73f19d0df0aee633064e;SOURCE_URLS=https://arxiv.org/abs/2003.09269v1|https://arxiv.org/pdf/2003.09269v1|https://doi.org/10.1109/HPEC43674.2020.9286166;VERSIONS=v1
PAPER-2202.13976	2202.13976	UNKNOWN	Asynchronous Distributed-Memory Triangle Counting and LCC with RMA Caching	András Strausz|Flavio Vella|Salvatore Di Girolamo|Maciej Besta|Torsten Hoefler	2022-02-28	2022-03-01	cs.DC	https://arxiv.org/abs/2202.13976v2	https://arxiv.org/pdf/2202.13976v2	UNKNOWN	v2	QRY-010	AQ-005|AQ-008	21	MR=4;RR=6;IS=6;BS=0;TR=3;FL=2;ND=0	METADATA_ONLY	D_THEORETICAL_OR_INCOMPLETE	UNKNOWN	NOT_ACQUIRED	NOT_ACQUIRED	ALIASES=2202.13976v2;DISCOVERY_ERAS=ALL;IDENTITY_STATE=CANONICAL;NEIGHBORING_DOMAIN=NO;PRE_ARXIV_ANCESTRY=NO;SOURCE_URLS=https://arxiv.org/abs/2202.13976v2|https://arxiv.org/pdf/2202.13976v2;VERSIONS=v2
PAPER-2205.01598	2205.01598	10.1109/tpds.2022.3223512	Level-based Blocking for Sparse Matrices: Sparse Matrix-Power-Vector Multiplication	Christie L. Alappat|Georg Hager|Olaf Schenk|Gerhard Wellein	2022-05-03	2022-05-03	cs.DC|cs.PF|math.NA	https://arxiv.org/abs/2205.01598v1	https://arxiv.org/pdf/2205.01598v1	UNKNOWN	v1	QRY-025	AQ-003|AQ-008|AQ-010|AQ-011	21	MR=4;RR=6;IS=6;BS=3;TR=0;FL=2;ND=0	METADATA_ONLY	D_THEORETICAL_OR_INCOMPLETE	UNKNOWN	NOT_ACQUIRED	NOT_ACQUIRED	ALIASES=10.1109/tpds.2022.3223512|2205.01598v1;DISCOVERY_ERAS=ALL;IDENTITY_STATE=CANONICAL;NEIGHBORING_DOMAIN=NO;PRE_ARXIV_ANCESTRY=NO;SOURCE_URLS=https://arxiv.org/abs/2205.01598v1|https://arxiv.org/pdf/2205.01598v1|https://doi.org/10.1109/TPDS.2022.3223512;VERSIONS=v1
PAPER-2209.11889	2209.11889	UNKNOWN	Concurrent Graph Queries on the Lucata Pathfinder	Emory Smith|Shannon Kuntz|Jason Riedy|Martin Deneroff	2022-09-23	2022-09-23	cs.DC	https://arxiv.org/abs/2209.11889v1	https://arxiv.org/pdf/2209.11889v1	UNKNOWN	v1	QRY-019	AQ-003|AQ-010	21	MR=12;RR=3;IS=0;BS=6;TR=0;FL=0;ND=0	METADATA_ONLY	D_THEORETICAL_OR_INCOMPLETE	UNKNOWN	NOT_ACQUIRED	NOT_ACQUIRED	ALIASES=2209.11889v1;DISCOVERY_ERAS=ALL;IDENTITY_STATE=CANONICAL;NEIGHBORING_DOMAIN=NO;PRE_ARXIV_ANCESTRY=NO;SOURCE_URLS=https://arxiv.org/abs/2209.11889v1|https://arxiv.org/pdf/2209.11889v1;VERSIONS=v1
PAPER-2602.18957	2602.18957	UNKNOWN	EdgeSketch: Efficient Analysis of Massive Graph Streams	Jakub Lemiesz|Dingqi Yang|Philippe Cudré-Mauroux	2026-02-21	2026-02-21	cs.DS|cs.NI	https://arxiv.org/abs/2602.18957v1	https://arxiv.org/pdf/2602.18957v1	UNKNOWN	v1	QRY-012	AQ-006|AQ-008	21	MR=12;RR=6;IS=0;BS=3;TR=0;FL=0;ND=0	METADATA_ONLY	D_THEORETICAL_OR_INCOMPLETE	UNKNOWN	NOT_ACQUIRED	NOT_ACQUIRED	ALIASES=2602.18957v1;DISCOVERY_ERAS=ALL;IDENTITY_STATE=CANONICAL;NEIGHBORING_DOMAIN=NO;PRE_ARXIV_ANCESTRY=NO;SOURCE_URLS=https://arxiv.org/abs/2602.18957v1|https://arxiv.org/pdf/2602.18957v1;VERSIONS=v1
PAPER-1610.07902	1610.07902	UNKNOWN	A work-efficient parallel sparse matrix-sparse vector multiplication algorithm	Ariful Azad|Aydin Buluc	2016-10-25	2016-10-25	cs.DC	https://arxiv.org/abs/1610.07902v1	https://arxiv.org/pdf/1610.07902v1	UNKNOWN	v1	QRY-025	AQ-003|AQ-008|AQ-010|AQ-011	20	MR=8;RR=3;IS=3;BS=3;TR=3;FL=0;ND=0	METADATA_ONLY	D_THEORETICAL_OR_INCOMPLETE	UNKNOWN	NOT_ACQUIRED	NOT_ACQUIRED	ALIASES=1610.07902v1;DISCOVERY_ERAS=ALL;IDENTITY_STATE=CANONICAL;NEIGHBORING_DOMAIN=NO;PRE_ARXIV_ANCESTRY=NO;SOURCE_URLS=https://arxiv.org/abs/1610.07902v1|https://arxiv.org/pdf/1610.07902v1;VERSIONS=v1
PAPER-2512.11606	2512.11606	UNKNOWN	Scalable Similarity Search over Large Attributed Bipartite Graphs	Xi Ou|Longlong Lin|Zeli Wang|Pingpeng Yuan|Rong-Hua Li	2025-12-12	2025-12-12	cs.DS	https://arxiv.org/abs/2512.11606v1	https://arxiv.org/pdf/2512.11606v1	UNKNOWN	v1	QRY-013	AQ-007	20	MR=8;RR=0;IS=0;BS=9;TR=3;FL=0;ND=0	METADATA_ONLY	D_THEORETICAL_OR_INCOMPLETE	UNKNOWN	NOT_ACQUIRED	NOT_ACQUIRED	ALIASES=2512.11606v1;DISCOVERY_ERAS=ALL;IDENTITY_STATE=CANONICAL;NEIGHBORING_DOMAIN=NO;PRE_ARXIV_ANCESTRY=NO;SOURCE_URLS=https://arxiv.org/abs/2512.11606v1|https://arxiv.org/pdf/2512.11606v1;VERSIONS=v1
PAPER-LEGACY-7be025519d7c7341	cs/0606047	UNKNOWN	Asynchronous iterative computations with Web information retrieval structures: The PageRank case	Giorgos Kollias|Efstratios Gallopoulos|Daniel B. Szyld	2006-06-11	2006-06-11	cs.DC	https://arxiv.org/abs/cs/0606047v1	https://arxiv.org/pdf/cs/0606047v1	UNKNOWN	v1	QRY-003|QRY-004|QRY-018|QRY-020	AQ-002|AQ-003|AQ-008|AQ-009|AQ-010	20	MR=4;RR=6;IS=6;BS=0;TR=3;FL=0;ND=1	METADATA_ONLY	D_THEORETICAL_OR_INCOMPLETE	UNKNOWN	NOT_ACQUIRED	NOT_ACQUIRED	ALIASES=cs/0606047v1;DISCOVERY_ERAS=2001_2010|ALL;IDENTITY_STATE=CANONICAL;NEIGHBORING_DOMAIN=YES;PRE_ARXIV_ANCESTRY=NO;SOURCE_URLS=https://arxiv.org/abs/cs/0606047v1|https://arxiv.org/pdf/cs/0606047v1;VERSIONS=v1
PAPER-0708.4284	0708.4284	UNKNOWN	Optimal Per-Edge Processing Times in the Semi-Streaming Model	Mariano Zelke	2007-08-31	2007-08-31	cs.DM|cs.DS	https://arxiv.org/abs/0708.4284v1	https://arxiv.org/pdf/0708.4284v1	UNKNOWN	v1	QRY-007|QRY-008|QRY-016|QRY-022	AQ-004|AQ-008|AQ-010|AQ-011	19	MR=4;RR=9;IS=0;BS=0;TR=6;FL=0;ND=0	DEEP_READ	D_THEORETICAL_OR_INCOMPLETE	UNKNOWN	sources/papers/PAPER-0708.4284.pdf	D1FF333DAD890D00D18213C3EC913469E6975C4DFF480AC3040E0099CE17DAAF	ALIASES=0708.4284v1;ANCESTRY_RESOLUTION=UNAVAILABLE;BIBLIOGRAPHIC_VARIANTS=NONE;CITATION_DEPTH=0;DISCOVERY_ERAS=2001_2010;G03_SEED=YES;IDENTITY_STATE=CANONICAL;NEIGHBORING_DOMAIN=NO;OPENALEX_ID=UNKNOWN;OPENALEX_RESOLUTION=UNAVAILABLE;PRE_ARXIV_ANCESTRY=NO;SEMANTIC_SCHOLAR_ID=54baa2fd39a73f5cd5e9a42c3f9be1220f79a3c7;SOURCE_URLS=https://arxiv.org/abs/0708.4284v1|https://arxiv.org/pdf/0708.4284v1;VERSIONS=v1;G04_ORIGINAL_PDF_URL=https://arxiv.org/pdf/0708.4284v1;G04_ORIGINAL_LICENSE_URI=UNKNOWN;LICENSE_UNKNOWN;G04_ACQUISITION_STATUS=ACQUIRED;G04_PARSE_STATUS=PARSED
PAPER-0906.0231	0906.0231	UNKNOWN	Solving $k$-Nearest Neighbor Problem on Multiple Graphics Processors	Kimikazu Kato|Tikara Hosino	2009-06-01	2010-07-15	cs.DS|cs.IR|cs.NE	https://arxiv.org/abs/0906.0231v3	https://arxiv.org/pdf/0906.0231v3	UNKNOWN	v3	QRY-014	AQ-007|AQ-008	19	MR=4;RR=3;IS=9;BS=3;TR=0;FL=0;ND=0	METADATA_ONLY	D_THEORETICAL_OR_INCOMPLETE	UNKNOWN	NOT_ACQUIRED	NOT_ACQUIRED	ALIASES=0906.0231v3;DISCOVERY_ERAS=2001_2010;IDENTITY_STATE=CANONICAL;NEIGHBORING_DOMAIN=NO;PRE_ARXIV_ANCESTRY=NO;SOURCE_URLS=https://arxiv.org/abs/0906.0231v3|https://arxiv.org/pdf/0906.0231v3;VERSIONS=v3
PAPER-2604.26062	2604.26062	UNKNOWN	Incremental Strongly Connected Components with Predictions	Ronald Deng|Samuel McCauley|Aidin Niaparast|Helia Niaparast|Bennett Ptak|Shirel Quintanilla|Shikha Singh|Nathan Vosburg	2026-04-28	2026-04-28	cs.DS|cs.LG	https://arxiv.org/abs/2604.26062v1	https://arxiv.org/pdf/2604.26062v1	UNKNOWN	v1	QRY-008|QRY-016|QRY-022|QRY-023	AQ-004|AQ-008|AQ-010|AQ-011|AQ-012	19	MR=4;RR=3;IS=3;BS=9;TR=0;FL=0;ND=0	METADATA_ONLY	D_THEORETICAL_OR_INCOMPLETE	UNKNOWN	NOT_ACQUIRED	NOT_ACQUIRED	ALIASES=2604.26062v1;DISCOVERY_ERAS=ALL;IDENTITY_STATE=CANONICAL;NEIGHBORING_DOMAIN=NO;PRE_ARXIV_ANCESTRY=NO;SOURCE_URLS=https://arxiv.org/abs/2604.26062v1|https://arxiv.org/pdf/2604.26062v1;VERSIONS=v1
PAPER-0908.3574	0908.3574	UNKNOWN	In-packet Bloom filters: Design and networking applications	Christian Esteve Rothenberg|Carlos A. Macapuna|Fabio L. Verdi|Mauricio F. Magalhaes|Alexander Wiesmaier	2009-08-25	2010-01-20	cs.DS|cs.IT|cs.NI|cs.PF	https://arxiv.org/abs/0908.3574v2	https://arxiv.org/pdf/0908.3574v2	UNKNOWN	v2	QRY-005|QRY-015|QRY-019	AQ-003|AQ-008|AQ-010	18	MR=4;RR=3;IS=3;BS=6;TR=0;FL=2;ND=0	METADATA_ONLY	D_THEORETICAL_OR_INCOMPLETE	UNKNOWN	NOT_ACQUIRED	NOT_ACQUIRED	ALIASES=0908.3574v2;DISCOVERY_ERAS=2001_2010;IDENTITY_STATE=CANONICAL;NEIGHBORING_DOMAIN=NO;PRE_ARXIV_ANCESTRY=NO;SOURCE_URLS=https://arxiv.org/abs/0908.3574v2|https://arxiv.org/pdf/0908.3574v2;VERSIONS=v2
PAPER-1006.3514	1006.3514	UNKNOWN	Similarity Search and Locality Sensitive Hashing using TCAMs	Rajendra Shinde|Ashish Goel|Pankaj Gupta|Debojyoti Dutta	2010-06-17	2010-06-17	cs.DB|cs.IR	https://arxiv.org/abs/1006.3514v1	https://arxiv.org/pdf/1006.3514v1	UNKNOWN	v1	QRY-014	AQ-007|AQ-008	18	MR=8;RR=3;IS=0;BS=3;TR=3;FL=0;ND=1	METADATA_ONLY	D_THEORETICAL_OR_INCOMPLETE	UNKNOWN	NOT_ACQUIRED	NOT_ACQUIRED	ALIASES=1006.3514v1;DISCOVERY_ERAS=2001_2010;IDENTITY_STATE=CANONICAL;NEIGHBORING_DOMAIN=YES;PRE_ARXIV_ANCESTRY=NO;SOURCE_URLS=https://arxiv.org/abs/1006.3514v1|https://arxiv.org/pdf/1006.3514v1;VERSIONS=v1
PAPER-1601.00159	1601.00159	UNKNOWN	PI : a Parallel in-memory skip list based Index	Zhongle Xie|Qingchao Cai|H. V. Jagadish|Beng Chin Ooi|Weng-Fai Wong	2016-01-02	2016-01-02	cs.DB|cs.DC	https://arxiv.org/abs/1601.00159v1	https://arxiv.org/pdf/1601.00159v1	UNKNOWN	v1	QRY-021	AQ-003|AQ-011	18	MR=8;RR=3;IS=0;BS=3;TR=3;FL=0;ND=1	METADATA_ONLY	D_THEORETICAL_OR_INCOMPLETE	UNKNOWN	NOT_ACQUIRED	NOT_ACQUIRED	ALIASES=1601.00159v1;DISCOVERY_ERAS=ALL;IDENTITY_STATE=CANONICAL;NEIGHBORING_DOMAIN=YES;PRE_ARXIV_ANCESTRY=NO;SOURCE_URLS=https://arxiv.org/abs/1601.00159v1|https://arxiv.org/pdf/1601.00159v1;VERSIONS=v1
PAPER-2307.05961	2307.05961	UNKNOWN	FGo: A Directed Grey-box Fuzzer with Probabilistic Exponential cut-the-loss Strategies	Harvey Lau	2023-07-12	2023-09-16	cs.SE	https://arxiv.org/abs/2307.05961v2	https://arxiv.org/pdf/2307.05961v2	UNKNOWN	v2	QRY-021	AQ-003|AQ-011	18	MR=4;RR=3;IS=0;BS=6;TR=3;FL=2;ND=0	METADATA_ONLY	D_THEORETICAL_OR_INCOMPLETE	UNKNOWN	NOT_ACQUIRED	NOT_ACQUIRED	ALIASES=2307.05961v2;DISCOVERY_ERAS=ALL;IDENTITY_STATE=CANONICAL;NEIGHBORING_DOMAIN=NO;PRE_ARXIV_ANCESTRY=NO;SOURCE_URLS=https://arxiv.org/abs/2307.05961v2|https://arxiv.org/pdf/2307.05961v2;VERSIONS=v2
PAPER-2509.00674	2509.00674	UNKNOWN	Triangle Counting in Hypergraph Streams: A Complete and Practical Approach	Lingkai Meng|Long Yuan|Xuemin Lin|Wenjie Zhang|Ying Zhang	2025-08-31	2025-08-31	cs.DS|cs.GR	https://arxiv.org/abs/2509.00674v1	https://arxiv.org/pdf/2509.00674v1	UNKNOWN	v1	QRY-009	AQ-005	18	MR=4;RR=3;IS=0;BS=6;TR=3;FL=2;ND=0	METADATA_ONLY	D_THEORETICAL_OR_INCOMPLETE	UNKNOWN	NOT_ACQUIRED	NOT_ACQUIRED	ALIASES=2509.00674v1;DISCOVERY_ERAS=ALL;IDENTITY_STATE=CANONICAL;NEIGHBORING_DOMAIN=NO;PRE_ARXIV_ANCESTRY=NO;SOURCE_URLS=https://arxiv.org/abs/2509.00674v1|https://arxiv.org/pdf/2509.00674v1;VERSIONS=v1
PAPER-0802.2847	0802.2847	UNKNOWN	On Dynamic Breadth-First Search in External-Memory	Ulrich Meyer	2008-02-20	2008-02-20	cs.DS	https://arxiv.org/abs/0802.2847v1	https://arxiv.org/pdf/0802.2847v1	UNKNOWN	v1	QRY-005|QRY-006|QRY-015	AQ-003|AQ-008	17	MR=8;RR=9;IS=0;BS=0;TR=0;FL=0;ND=0	METADATA_ONLY	D_THEORETICAL_OR_INCOMPLETE	UNKNOWN	NOT_ACQUIRED	NOT_ACQUIRED	ALIASES=0802.2847v1;DISCOVERY_ERAS=2001_2010|ALL;IDENTITY_STATE=CANONICAL;NEIGHBORING_DOMAIN=NO;PRE_ARXIV_ANCESTRY=NO;SOURCE_URLS=https://arxiv.org/abs/0802.2847v1|https://arxiv.org/pdf/0802.2847v1;VERSIONS=v1
PAPER-1003.5474	1003.5474	UNKNOWN	Angle Tree: Nearest Neighbor Search in High Dimensions with Low Intrinsic Dimensionality	Ilia Zvedeniouk|Sanjay Chawla	2010-03-29	2010-04-16	cs.DS	https://arxiv.org/abs/1003.5474v2	https://arxiv.org/pdf/1003.5474v2	UNKNOWN	v2	QRY-014	AQ-007|AQ-008	17	MR=4;RR=0;IS=0;BS=3;TR=9;FL=0;ND=1	METADATA_ONLY	D_THEORETICAL_OR_INCOMPLETE	UNKNOWN	NOT_ACQUIRED	NOT_ACQUIRED	ALIASES=1003.5474v2;DISCOVERY_ERAS=2001_2010;IDENTITY_STATE=CANONICAL;NEIGHBORING_DOMAIN=YES;PRE_ARXIV_ANCESTRY=NO;SOURCE_URLS=https://arxiv.org/abs/1003.5474v2|https://arxiv.org/pdf/1003.5474v2;VERSIONS=v2
PAPER-1011.2807	1011.2807	UNKNOWN	Efficient K-Nearest Neighbor Join Algorithms for High Dimensional Sparse Data	Jijie Wang|Lei Lin|Ting Huang|Jingjing Wang|Zengyou He	2010-11-12	2010-11-12	cs.DB|cs.DS	https://arxiv.org/abs/1011.2807v1	https://arxiv.org/pdf/1011.2807v1	UNKNOWN	v1	QRY-005|QRY-014	AQ-003|AQ-007|AQ-008	17	MR=8;RR=0;IS=0;BS=6;TR=3;FL=0;ND=0	METADATA_ONLY	D_THEORETICAL_OR_INCOMPLETE	UNKNOWN	NOT_ACQUIRED	NOT_ACQUIRED	ALIASES=1011.2807v1;DISCOVERY_ERAS=2001_2010;IDENTITY_STATE=CANONICAL;NEIGHBORING_DOMAIN=NO;PRE_ARXIV_ANCESTRY=NO;SOURCE_URLS=https://arxiv.org/abs/1011.2807v1|https://arxiv.org/pdf/1011.2807v1;VERSIONS=v1
PAPER-1704.02259	1704.02259	UNKNOWN	Vectorization of Hybrid Breadth First Search on the Intel Xeon Phi	Mireya Paredes|Graham Riley|Mikel Lujan	2017-04-07	2017-04-20	cs.DC	https://arxiv.org/abs/1704.02259v2	https://arxiv.org/pdf/1704.02259v2	UNKNOWN	v2	QRY-006|QRY-015|QRY-025	AQ-003|AQ-008|AQ-010|AQ-011	17	MR=8;RR=3;IS=3;BS=3;TR=0;FL=0;ND=0	METADATA_ONLY	D_THEORETICAL_OR_INCOMPLETE	UNKNOWN	NOT_ACQUIRED	NOT_ACQUIRED	ALIASES=1704.02259v2;DISCOVERY_ERAS=ALL;IDENTITY_STATE=CANONICAL;NEIGHBORING_DOMAIN=NO;PRE_ARXIV_ANCESTRY=NO;SOURCE_URLS=https://arxiv.org/abs/1704.02259v2|https://arxiv.org/pdf/1704.02259v2;VERSIONS=v2
PAPER-2009.12457	2009.12457	UNKNOWN	A Block-Based Triangle Counting Algorithm on Heterogeneous Environments	Abdurrahman Yaşar|Sivasankaran Rajamanickam|Jonathan Berry|Ümit V. Çatalyürek	2020-09-25	2020-09-25	cs.DS	https://arxiv.org/abs/2009.12457v1	https://arxiv.org/pdf/2009.12457v1	UNKNOWN	v1	QRY-009|QRY-010	AQ-005|AQ-008	17	MR=8;RR=3;IS=3;BS=0;TR=3;FL=0;ND=0	METADATA_ONLY	D_THEORETICAL_OR_INCOMPLETE	UNKNOWN	NOT_ACQUIRED	NOT_ACQUIRED	ALIASES=2009.12457v1;DISCOVERY_ERAS=ALL;IDENTITY_STATE=CANONICAL;NEIGHBORING_DOMAIN=NO;PRE_ARXIV_ANCESTRY=NO;SOURCE_URLS=https://arxiv.org/abs/2009.12457v1|https://arxiv.org/pdf/2009.12457v1;VERSIONS=v1
PAPER-2103.13577	2103.13577	UNKNOWN	ButterFly BFS -- An Efficient Communication Pattern for Multi Node Traversals	Oded Green	2021-03-25	2021-03-25	cs.DC|cs.DS	https://arxiv.org/abs/2103.13577v1	https://arxiv.org/pdf/2103.13577v1	UNKNOWN	v1	QRY-005	AQ-003	17	MR=8;RR=3;IS=3;BS=3;TR=0;FL=0;ND=0	METADATA_ONLY	D_THEORETICAL_OR_INCOMPLETE	UNKNOWN	NOT_ACQUIRED	NOT_ACQUIRED	ALIASES=2103.13577v1;DISCOVERY_ERAS=ALL;IDENTITY_STATE=CANONICAL;NEIGHBORING_DOMAIN=NO;PRE_ARXIV_ANCESTRY=NO;SOURCE_URLS=https://arxiv.org/abs/2103.13577v1|https://arxiv.org/pdf/2103.13577v1;VERSIONS=v1
PAPER-2408.11988	2408.11988	UNKNOWN	Distributed-Memory Parallel Algorithms for Sparse Matrix and Sparse Tall-and-Skinny Matrix Multiplication	Isuru Ranawaka|Md Taufique Hussain|Charles Block|Gerasimos Gerogiannis|Josep Torrellas|Ariful Azad	2024-08-21	2024-08-21	cs.DC	https://arxiv.org/abs/2408.11988v1	https://arxiv.org/pdf/2408.11988v1	UNKNOWN	v1	QRY-025	AQ-003|AQ-008|AQ-010|AQ-011	17	MR=4;RR=3;IS=0;BS=3;TR=3;FL=4;ND=0	METADATA_ONLY	D_THEORETICAL_OR_INCOMPLETE	UNKNOWN	NOT_ACQUIRED	NOT_ACQUIRED	ALIASES=2408.11988v1;DISCOVERY_ERAS=ALL;IDENTITY_STATE=CANONICAL;NEIGHBORING_DOMAIN=NO;PRE_ARXIV_ANCESTRY=NO;SOURCE_URLS=https://arxiv.org/abs/2408.11988v1|https://arxiv.org/pdf/2408.11988v1;VERSIONS=v1
PAPER-2410.15451	2410.15451	UNKNOWN	Heuristic-based Dynamic Leiden Algorithm for Efficient Tracking of Communities on Evolving Graphs	Subhajit Sahu	2024-10-20	2024-10-20	cs.DC|cs.SI	https://arxiv.org/abs/2410.15451v1	https://arxiv.org/pdf/2410.15451v1	UNKNOWN	v1	QRY-011	AQ-006	17	MR=8;RR=0;IS=6;BS=3;TR=0;FL=0;ND=0	METADATA_ONLY	D_THEORETICAL_OR_INCOMPLETE	UNKNOWN	NOT_ACQUIRED	NOT_ACQUIRED	ALIASES=2410.15451v1;DISCOVERY_ERAS=ALL;IDENTITY_STATE=CANONICAL;NEIGHBORING_DOMAIN=NO;PRE_ARXIV_ANCESTRY=NO;SOURCE_URLS=https://arxiv.org/abs/2410.15451v1|https://arxiv.org/pdf/2410.15451v1;VERSIONS=v1
PAPER-LEGACY-ae5907c327c45326	cs/0310028	UNKNOWN	Providing Diversity in K-Nearest Neighbor Query Results	Anoop Jain|Parag Sarda|Jayant R. Haritsa	2003-10-15	2003-10-15	cs.DB	https://arxiv.org/abs/cs/0310028v1	https://arxiv.org/pdf/cs/0310028v1	UNKNOWN	v1	QRY-014	AQ-007|AQ-008	17	MR=8;RR=0;IS=0;BS=6;TR=0;FL=2;ND=1	METADATA_ONLY	D_THEORETICAL_OR_INCOMPLETE	UNKNOWN	NOT_ACQUIRED	NOT_ACQUIRED	ALIASES=cs/0310028v1;DISCOVERY_ERAS=2001_2010;IDENTITY_STATE=CANONICAL;NEIGHBORING_DOMAIN=YES;PRE_ARXIV_ANCESTRY=NO;SOURCE_URLS=https://arxiv.org/abs/cs/0310028v1|https://arxiv.org/pdf/cs/0310028v1;VERSIONS=v1
PAPER-0808.2953	0808.2953	UNKNOWN	Declarative Combinatorics: Isomorphisms, Hylomorphisms and Hereditarily Finite Data Types in Haskell	Paul Tarau	2008-08-21	2009-01-19	cs.DS|cs.PL	https://arxiv.org/abs/0808.2953v4	https://arxiv.org/pdf/0808.2953v4	UNKNOWN	v4	QRY-005|QRY-006|QRY-015	AQ-003|AQ-008	16	MR=0;RR=3;IS=6;BS=3;TR=3;FL=0;ND=1	METADATA_ONLY	D_THEORETICAL_OR_INCOMPLETE	UNKNOWN	NOT_ACQUIRED	NOT_ACQUIRED	ALIASES=0808.2953v4;DISCOVERY_ERAS=2001_2010;IDENTITY_STATE=CANONICAL;NEIGHBORING_DOMAIN=YES;PRE_ARXIV_ANCESTRY=NO;SOURCE_URLS=https://arxiv.org/abs/0808.2953v4|https://arxiv.org/pdf/0808.2953v4;VERSIONS=v4
PAPER-0903.3257	0903.3257	UNKNOWN	A New Local Distance-Based Outlier Detection Approach for Scattered Real-World Data	Ke Zhang|Marcus Hutter|Huidong Jin	2009-03-18	2009-03-18	cs.IR|cs.LG	https://arxiv.org/abs/0903.3257v1	https://arxiv.org/pdf/0903.3257v1	UNKNOWN	v1	QRY-014	AQ-007|AQ-008	16	MR=4;RR=3;IS=0;BS=9;TR=0;FL=0;ND=0	METADATA_ONLY	D_THEORETICAL_OR_INCOMPLETE	UNKNOWN	NOT_ACQUIRED	NOT_ACQUIRED	ALIASES=0903.3257v1;DISCOVERY_ERAS=2001_2010;IDENTITY_STATE=CANONICAL;NEIGHBORING_DOMAIN=NO;PRE_ARXIV_ANCESTRY=NO;SOURCE_URLS=https://arxiv.org/abs/0903.3257v1|https://arxiv.org/pdf/0903.3257v1;VERSIONS=v1
PAPER-1303.1741	1303.1741	10.1016/j.ins.2012.08.001	Enhancing community detection using a network weighting strategy	Pasquale De Meo|Emilio Ferrara|Giacomo Fiumara|Alessandro Provetti	2013-03-07	2013-03-07	cs.DS|cs.SI|physics.soc-ph	https://arxiv.org/abs/1303.1741v1	https://arxiv.org/pdf/1303.1741v1	UNKNOWN	v1	QRY-012	AQ-006|AQ-008	16	MR=4;RR=3;IS=0;BS=6;TR=3;FL=0;ND=0	METADATA_ONLY	D_THEORETICAL_OR_INCOMPLETE	UNKNOWN	NOT_ACQUIRED	NOT_ACQUIRED	ALIASES=10.1016/j.ins.2012.08.001|1303.1741v1;DISCOVERY_ERAS=ALL;IDENTITY_STATE=CANONICAL;NEIGHBORING_DOMAIN=NO;PRE_ARXIV_ANCESTRY=NO;SOURCE_URLS=https://arxiv.org/abs/1303.1741v1|https://arxiv.org/pdf/1303.1741v1|https://doi.org/10.1016/j.ins.2012.08.001;VERSIONS=v1
PAPER-1305.2103	1305.2103	10.1109/tkde.2015.2397440	Translating Relational Queries into Spreadsheets	Jacek Sroka|Adrian Panasiuk|Krzysztof Stencel|Jerzy Tyszkiewicz	2013-05-09	2014-07-16	cs.DB	https://arxiv.org/abs/1305.2103v2	https://arxiv.org/pdf/1305.2103v2	UNKNOWN	v2	QRY-021	AQ-003|AQ-011	16	MR=4;RR=3;IS=3;BS=0;TR=3;FL=2;ND=1	METADATA_ONLY	D_THEORETICAL_OR_INCOMPLETE	UNKNOWN	NOT_ACQUIRED	NOT_ACQUIRED	ALIASES=10.1109/tkde.2015.2397440|1305.2103v2;DISCOVERY_ERAS=ALL;IDENTITY_STATE=CANONICAL;NEIGHBORING_DOMAIN=YES;PRE_ARXIV_ANCESTRY=NO;SOURCE_URLS=https://arxiv.org/abs/1305.2103v2|https://arxiv.org/pdf/1305.2103v2|https://doi.org/10.1109/TKDE.2015.2397440;VERSIONS=v2
PAPER-1410.1237	1410.1237	UNKNOWN	Parallel Heuristics for Scalable Community Detection	Hao Lu|Mahantesh Halappanavar|Ananth Kalyanaraman	2014-10-06	2014-10-07	cs.DC|cs.SI|physics.soc-ph	https://arxiv.org/abs/1410.1237v2	https://arxiv.org/pdf/1410.1237v2	UNKNOWN	v2	QRY-012	AQ-006|AQ-008	16	MR=4;RR=3;IS=3;BS=3;TR=3;FL=0;ND=0	METADATA_ONLY	D_THEORETICAL_OR_INCOMPLETE	UNKNOWN	NOT_ACQUIRED	NOT_ACQUIRED	ALIASES=1410.1237v2;DISCOVERY_ERAS=ALL;IDENTITY_STATE=CANONICAL;NEIGHBORING_DOMAIN=NO;PRE_ARXIV_ANCESTRY=NO;SOURCE_URLS=https://arxiv.org/abs/1410.1237v2|https://arxiv.org/pdf/1410.1237v2;VERSIONS=v2
PAPER-1502.04281	1502.04281	UNKNOWN	FrogWild! -- Fast PageRank Approximations on Graph Engines	Ioannis Mitliagkas|Michael Borokhovich|Alexandros G. Dimakis|Constantine Caramanis	2015-02-15	2015-02-15	cs.DC|cs.IT|cs.SI	https://arxiv.org/abs/1502.04281v1	https://arxiv.org/pdf/1502.04281v1	UNKNOWN	v1	QRY-003|QRY-018|QRY-020	AQ-002|AQ-003|AQ-009|AQ-010	16	MR=4;RR=3;IS=9;BS=0;TR=0;FL=0;ND=0	METADATA_ONLY	D_THEORETICAL_OR_INCOMPLETE	UNKNOWN	NOT_ACQUIRED	NOT_ACQUIRED	ALIASES=1502.04281v1;DISCOVERY_ERAS=ALL;IDENTITY_STATE=CANONICAL;NEIGHBORING_DOMAIN=NO;PRE_ARXIV_ANCESTRY=NO;SOURCE_URLS=https://arxiv.org/abs/1502.04281v1|https://arxiv.org/pdf/1502.04281v1;VERSIONS=v1
PAPER-1708.07271	1708.07271	UNKNOWN	Exploiting Computation-Friendly Graph Compression Methods	Alexandre P. Francisco|Travis Gagie|Susana Ladra|Gonzalo Navarro	2017-08-24	2018-02-18	cs.DS	https://arxiv.org/abs/1708.07271v3	https://arxiv.org/pdf/1708.07271v3	UNKNOWN	v3	QRY-017	AQ-002|AQ-009	16	MR=4;RR=3;IS=0;BS=3;TR=6;FL=0;ND=0	DEEP_READ	D_THEORETICAL_OR_INCOMPLETE	UNKNOWN	sources/papers/PAPER-1708.07271.pdf	D2D87DF98BF9D9923BF1D9A3C4BB9DA6A5CA5791184AA748B00E238487BD9329	ALIASES=1708.07271v3;ANCESTRY_RESOLUTION=UNAVAILABLE;BIBLIOGRAPHIC_VARIANTS=title mismatch;CITATION_DEPTH=0;DISCOVERY_ERAS=ALL;G03_SEED=YES;IDENTITY_STATE=CANONICAL;NEIGHBORING_DOMAIN=NO;OPENALEX_ID=UNKNOWN;OPENALEX_RESOLUTION=UNAVAILABLE;PRE_ARXIV_ANCESTRY=NO;SEMANTIC_SCHOLAR_ID=52938e877c06d503272dbfb65a882c466cf2033d;SOURCE_URLS=https://arxiv.org/abs/1708.07271v3|https://arxiv.org/pdf/1708.07271v3;VERSIONS=v3;G04_ORIGINAL_PDF_URL=https://arxiv.org/pdf/1708.07271v3;G04_ORIGINAL_LICENSE_URI=UNKNOWN;LICENSE_UNKNOWN;G04_ACQUISITION_STATUS=ACQUIRED;G04_PARSE_STATUS=PARSED
PAPER-1804.02160	1804.02160	UNKNOWN	Enumerating Graph Partitions Without Too Small Connected Components Using Zero-suppressed Binary and Ternary Decision Diagrams	Yu Nakahata|Jun Kawahara|Shoji Kasahara	2018-04-06	2018-04-06	cs.DS	https://arxiv.org/abs/1804.02160v1	https://arxiv.org/pdf/1804.02160v1	UNKNOWN	v1	QRY-008	AQ-004|AQ-008	16	MR=4;RR=3;IS=3;BS=3;TR=3;FL=0;ND=0	METADATA_ONLY	D_THEORETICAL_OR_INCOMPLETE	UNKNOWN	NOT_ACQUIRED	NOT_ACQUIRED	ALIASES=1804.02160v1;DISCOVERY_ERAS=ALL;IDENTITY_STATE=CANONICAL;NEIGHBORING_DOMAIN=NO;PRE_ARXIV_ANCESTRY=NO;SOURCE_URLS=https://arxiv.org/abs/1804.02160v1|https://arxiv.org/pdf/1804.02160v1;VERSIONS=v1
PAPER-1805.10904	1805.10904	UNKNOWN	Parallel Louvain Community Detection Optimized for GPUs	Richard Forster	2018-05-28	2018-05-28	cs.DC	https://arxiv.org/abs/1805.10904v1	https://arxiv.org/pdf/1805.10904v1	UNKNOWN	v1	QRY-012	AQ-006|AQ-008	16	MR=4;RR=3;IS=3;BS=3;TR=3;FL=0;ND=0	METADATA_ONLY	D_THEORETICAL_OR_INCOMPLETE	UNKNOWN	NOT_ACQUIRED	NOT_ACQUIRED	ALIASES=1805.10904v1;DISCOVERY_ERAS=ALL;IDENTITY_STATE=CANONICAL;NEIGHBORING_DOMAIN=NO;PRE_ARXIV_ANCESTRY=NO;SOURCE_URLS=https://arxiv.org/abs/1805.10904v1|https://arxiv.org/pdf/1805.10904v1;VERSIONS=v1
PAPER-2203.14755	2203.14755	UNKNOWN	Personalized Graph Summarization: Formulation, Scalable Algorithms, and Applications	Shinhwan Kang|Kyuhan Lee|Kijung Shin	2022-03-28	2022-03-28	cs.DB|cs.SI	https://arxiv.org/abs/2203.14755v1	https://arxiv.org/pdf/2203.14755v1	UNKNOWN	v1	QRY-013	AQ-007	16	MR=4;RR=0;IS=3;BS=3;TR=6;FL=0;ND=0	METADATA_ONLY	D_THEORETICAL_OR_INCOMPLETE	UNKNOWN	NOT_ACQUIRED	NOT_ACQUIRED	ALIASES=2203.14755v1;DISCOVERY_ERAS=ALL;IDENTITY_STATE=CANONICAL;NEIGHBORING_DOMAIN=NO;PRE_ARXIV_ANCESTRY=NO;SOURCE_URLS=https://arxiv.org/abs/2203.14755v1|https://arxiv.org/pdf/2203.14755v1;VERSIONS=v1
PAPER-2312.04876	2312.04876	10.1007/978-3-031-82435-7_11	GVE-Louvain: Fast Louvain Algorithm for Community Detection in Shared Memory Setting	Subhajit Sahu	2023-12-08	2024-08-05	cs.DC|cs.PF	https://arxiv.org/abs/2312.04876v6	https://arxiv.org/pdf/2312.04876v6	UNKNOWN	v6	QRY-011|QRY-012	AQ-001|AQ-003|AQ-006|AQ-008|AQ-009|AQ-010	16	MR=4;RR=3;IS=3;BS=6;TR=0;FL=0;ND=0	METADATA_ONLY	D_THEORETICAL_OR_INCOMPLETE	UNKNOWN	NOT_ACQUIRED	NOT_ACQUIRED	ALIASES=10.1007/978-3-031-82435-7_11|2312.04876v6;ANCESTRY_DIRECTIONS=FORWARD;ANCESTRY_RESOLUTION=RESOLVED;ANCESTRY_SEEDS=PAPER-1304.4453;CITATION_DEPTH=1;DISCOVERY_ERAS=ALL;G03_AQ_LINKS=AQ-001|AQ-003|AQ-006|AQ-008|AQ-009|AQ-010;G03_SCREEN=DERIVED_INFERENCE_METADATA_ONLY;IDENTITY_STATE=CANONICAL;NEIGHBORING_DOMAIN=NO;OPENALEX_ID=UNKNOWN;PRE_ARXIV_ANCESTRY=NO;SEMANTIC_SCHOLAR_ID=5583a3027b874aecd1247418220248b74e43fcff;SOURCE_URLS=https://arxiv.org/abs/2312.04876v6|https://arxiv.org/pdf/2312.04876v6|https://doi.org/10.1007/978-3-031-82435-7_11;VERSIONS=v6
PAPER-2312.13936	2312.13936	10.1145/3673038.3673146	GVE-Leiden: Fast Leiden Algorithm for Community Detection in Shared Memory Setting	Subhajit Sahu	2023-12-21	2024-07-06	cs.DC|cs.PF	https://arxiv.org/abs/2312.13936v8	https://arxiv.org/pdf/2312.13936v8	UNKNOWN	v8	QRY-011	AQ-006	16	MR=4;RR=3;IS=3;BS=6;TR=0;FL=0;ND=0	METADATA_ONLY	D_THEORETICAL_OR_INCOMPLETE	UNKNOWN	NOT_ACQUIRED	NOT_ACQUIRED	ALIASES=10.1145/3673038.3673146|2312.13936v8;DISCOVERY_ERAS=ALL;IDENTITY_STATE=CANONICAL;NEIGHBORING_DOMAIN=NO;PRE_ARXIV_ANCESTRY=NO;SOURCE_URLS=https://arxiv.org/abs/2312.13936v8|https://arxiv.org/pdf/2312.13936v8|https://doi.org/10.1145/3673038.3673146;VERSIONS=v8
PAPER-2509.23411	2509.23411	UNKNOWN	Hybrid Graph Embeddings and Louvain Algorithm for Unsupervised Community Detection	Dalila Khettaf|Djamel Djenouri|Zeinab Rezaeifar|Youcef Djenouri	2025-09-27	2025-09-27	cs.AI|cs.SI	https://arxiv.org/abs/2509.23411v1	https://arxiv.org/pdf/2509.23411v1	UNKNOWN	v1	QRY-011	AQ-006	16	MR=4;RR=0;IS=0;BS=9;TR=3;FL=0;ND=0	METADATA_ONLY	D_THEORETICAL_OR_INCOMPLETE	UNKNOWN	NOT_ACQUIRED	NOT_ACQUIRED	ALIASES=2509.23411v1;DISCOVERY_ERAS=ALL;IDENTITY_STATE=CANONICAL;NEIGHBORING_DOMAIN=NO;PRE_ARXIV_ANCESTRY=NO;SOURCE_URLS=https://arxiv.org/abs/2509.23411v1|https://arxiv.org/pdf/2509.23411v1;VERSIONS=v1
PAPER-2606.01187	2606.01187	UNKNOWN	Dynamic Breadth First Search with Predictions	Shahbaz Khan|Shubham Kumar Verma|Utkarsh Lohiya	2026-05-31	2026-05-31	cs.DS	https://arxiv.org/abs/2606.01187v1	https://arxiv.org/pdf/2606.01187v1	UNKNOWN	v1	QRY-006|QRY-015	AQ-003|AQ-008	16	MR=8;RR=0;IS=0;BS=0;TR=6;FL=2;ND=0	METADATA_ONLY	D_THEORETICAL_OR_INCOMPLETE	UNKNOWN	NOT_ACQUIRED	NOT_ACQUIRED	ALIASES=2606.01187v1;DISCOVERY_ERAS=ALL;IDENTITY_STATE=CANONICAL;NEIGHBORING_DOMAIN=NO;PRE_ARXIV_ANCESTRY=NO;SOURCE_URLS=https://arxiv.org/abs/2606.01187v1|https://arxiv.org/pdf/2606.01187v1;VERSIONS=v1
PAPER-1606.05473	1606.05473	10.1109/memcod.2016.7797741	Parallel Reachability Analysis for Hybrid Systems	Amit Gurung|Arup Deka|Ezio Bartocci|Sergiy Bogomolov|Radu Grosu|Rajarshi Ray	2016-06-17	2016-06-17	cs.DC|cs.LO|cs.SE	https://arxiv.org/abs/1606.05473v1	https://arxiv.org/pdf/1606.05473v1	UNKNOWN	v1	QRY-021	AQ-003|AQ-011	15	MR=0;RR=3;IS=3;BS=9;TR=0;FL=0;ND=0	METADATA_ONLY	D_THEORETICAL_OR_INCOMPLETE	UNKNOWN	NOT_ACQUIRED	NOT_ACQUIRED	ALIASES=10.1109/memcod.2016.7797741|1606.05473v1;DISCOVERY_ERAS=ALL;IDENTITY_STATE=CANONICAL;NEIGHBORING_DOMAIN=NO;PRE_ARXIV_ANCESTRY=NO;SOURCE_URLS=https://arxiv.org/abs/1606.05473v1|https://arxiv.org/pdf/1606.05473v1|https://doi.org/10.1109/MEMCOD.2016.7797741;VERSIONS=v1
PAPER-2404.19634	2404.19634	UNKNOWN	DF Louvain: Fast Incrementally Expanding Approach for Community Detection on Dynamic Graphs	Subhajit Sahu	2024-04-30	2024-09-07	cs.DC|cs.SI	https://arxiv.org/abs/2404.19634v4	https://arxiv.org/pdf/2404.19634v4	UNKNOWN	v4	QRY-011|QRY-012	AQ-001|AQ-002|AQ-006|AQ-008|AQ-009	15	MR=4;RR=0;IS=3;BS=6;TR=0;FL=2;ND=0	METADATA_ONLY	D_THEORETICAL_OR_INCOMPLETE	UNKNOWN	NOT_ACQUIRED	NOT_ACQUIRED	ALIASES=2404.19634v4;ANCESTRY_DIRECTIONS=FORWARD;ANCESTRY_RESOLUTION=RESOLVED;ANCESTRY_SEEDS=PAPER-1304.4453;CITATION_DEPTH=1;DISCOVERY_ERAS=ALL;G03_AQ_LINKS=AQ-001|AQ-002|AQ-006|AQ-008|AQ-009;G03_SCREEN=DERIVED_INFERENCE_METADATA_ONLY;IDENTITY_STATE=CANONICAL;NEIGHBORING_DOMAIN=NO;OPENALEX_ID=UNKNOWN;PRE_ARXIV_ANCESTRY=NO;SEMANTIC_SCHOLAR_ID=beec6b068654f9fe6f48f8527c53b05de225c721;SOURCE_URLS=https://arxiv.org/abs/2404.19634v4|https://arxiv.org/pdf/2404.19634v4;VERSIONS=v4
PAPER-2410.17226	2410.17226	UNKNOWN	Parallel Cluster-BFS and Applications to Shortest Paths	Letong Wang|Guy Blelloch|Yan Gu|Yihan Sun	2024-10-22	2024-10-27	cs.DC|cs.DS	https://arxiv.org/abs/2410.17226v2	https://arxiv.org/pdf/2410.17226v2	UNKNOWN	v2	QRY-005|QRY-019|QRY-025	AQ-003|AQ-008|AQ-010|AQ-011	15	MR=12;RR=3;IS=0;BS=0;TR=0;FL=0;ND=0	METADATA_ONLY	D_THEORETICAL_OR_INCOMPLETE	UNKNOWN	NOT_ACQUIRED	NOT_ACQUIRED	ALIASES=2410.17226v2;DISCOVERY_ERAS=ALL;IDENTITY_STATE=CANONICAL;NEIGHBORING_DOMAIN=NO;PRE_ARXIV_ANCESTRY=NO;SOURCE_URLS=https://arxiv.org/abs/2410.17226v2|https://arxiv.org/pdf/2410.17226v2;VERSIONS=v2
PAPER-1305.1222	1305.1222	UNKNOWN	A Note on (Parallel) Depth- and Breadth-First Search by Arc Elimination	Jesper Larsson Träff	2013-05-06	2013-11-12	cs.DS	https://arxiv.org/abs/1305.1222v3	https://arxiv.org/pdf/1305.1222v3	UNKNOWN	v3	QRY-005|QRY-015	AQ-003|AQ-008	14	MR=8;RR=6;IS=0;BS=0;TR=0;FL=0;ND=0	METADATA_ONLY	D_THEORETICAL_OR_INCOMPLETE	UNKNOWN	NOT_ACQUIRED	NOT_ACQUIRED	ALIASES=1305.1222v3;DISCOVERY_ERAS=ALL;IDENTITY_STATE=CANONICAL;NEIGHBORING_DOMAIN=NO;PRE_ARXIV_ANCESTRY=NO;SOURCE_URLS=https://arxiv.org/abs/1305.1222v3|https://arxiv.org/pdf/1305.1222v3;VERSIONS=v3
PAPER-1609.09068	1609.09068	UNKNOWN	Graph partitioning and a componentwise PageRank algorithm	Christopher Engström|Sergei Silvestrov	2016-09-28	2016-09-28	cs.DS	https://arxiv.org/abs/1609.09068v1	https://arxiv.org/pdf/1609.09068v1	UNKNOWN	v1	QRY-024	AQ-002|AQ-010|AQ-012	14	MR=8;RR=0;IS=3;BS=0;TR=3;FL=0;ND=0	METADATA_ONLY	D_THEORETICAL_OR_INCOMPLETE	UNKNOWN	NOT_ACQUIRED	NOT_ACQUIRED	ALIASES=1609.09068v1;DISCOVERY_ERAS=ALL;IDENTITY_STATE=CANONICAL;NEIGHBORING_DOMAIN=NO;PRE_ARXIV_ANCESTRY=NO;SOURCE_URLS=https://arxiv.org/abs/1609.09068v1|https://arxiv.org/pdf/1609.09068v1;VERSIONS=v1
PAPER-1704.00513	1704.00513	UNKNOWN	Optimizing Communication by Compression for Multi-GPU Scalable Breadth-First Searches	Julian Romera	2017-04-03	2017-04-03	cs.DC|cs.DS|cs.PF	https://arxiv.org/abs/1704.00513v1	https://arxiv.org/pdf/1704.00513v1	UNKNOWN	v1	QRY-006|QRY-019	AQ-003|AQ-008|AQ-010	14	MR=8;RR=0;IS=0;BS=3;TR=3;FL=0;ND=0	METADATA_ONLY	D_THEORETICAL_OR_INCOMPLETE	UNKNOWN	NOT_ACQUIRED	NOT_ACQUIRED	ALIASES=1704.00513v1;DISCOVERY_ERAS=ALL;IDENTITY_STATE=CANONICAL;NEIGHBORING_DOMAIN=NO;PRE_ARXIV_ANCESTRY=NO;SOURCE_URLS=https://arxiv.org/abs/1704.00513v1|https://arxiv.org/pdf/1704.00513v1;VERSIONS=v1
PAPER-1803.03922	1803.03922	UNKNOWN	Scalable Breadth-First Search on a GPU Cluster	Yuechao Pan|Roger Pearce|John D. Owens	2018-03-11	2018-04-05	cs.DC|cs.DS	https://arxiv.org/abs/1803.03922v2	https://arxiv.org/pdf/1803.03922v2	UNKNOWN	v2	QRY-005|QRY-006|QRY-015	AQ-003|AQ-008	14	MR=8;RR=0;IS=6;BS=0;TR=0;FL=0;ND=0	METADATA_ONLY	D_THEORETICAL_OR_INCOMPLETE	UNKNOWN	NOT_ACQUIRED	NOT_ACQUIRED	ALIASES=1803.03922v2;DISCOVERY_ERAS=ALL;IDENTITY_STATE=CANONICAL;NEIGHBORING_DOMAIN=NO;PRE_ARXIV_ANCESTRY=NO;SOURCE_URLS=https://arxiv.org/abs/1803.03922v2|https://arxiv.org/pdf/1803.03922v2;VERSIONS=v2
PAPER-1809.01415	1809.01415	UNKNOWN	Exploration of Bi-Level PageRank Algorithm for Power Flow Analysis Using Graph Database	Chen Yuan|Yi Lu|Kewen Liu|Guangyi Liu|Renchang Dai|Zhiwei Wang	2018-09-05	2018-09-05	cs.DB|cs.DC|math.NA|math.OC	https://arxiv.org/abs/1809.01415v1	https://arxiv.org/pdf/1809.01415v1	UNKNOWN	v1	QRY-001|QRY-002	AQ-001|AQ-002|AQ-009	14	MR=4;RR=0;IS=3;BS=3;TR=3;FL=0;ND=1	METADATA_ONLY	D_THEORETICAL_OR_INCOMPLETE	UNKNOWN	NOT_ACQUIRED	NOT_ACQUIRED	ALIASES=1809.01415v1;DISCOVERY_ERAS=ALL;IDENTITY_STATE=CANONICAL;NEIGHBORING_DOMAIN=YES;PRE_ARXIV_ANCESTRY=NO;SOURCE_URLS=https://arxiv.org/abs/1809.01415v1|https://arxiv.org/pdf/1809.01415v1;VERSIONS=v1
PAPER-2402.11454	2402.11454	UNKNOWN	An Approach for Addressing Internally-Disconnected Communities in Louvain Algorithm	Subhajit Sahu	2024-02-18	2024-10-09	cs.DC|cs.SI	https://arxiv.org/abs/2402.11454v5	https://arxiv.org/pdf/2402.11454v5	UNKNOWN	v5	QRY-011|QRY-012	AQ-006|AQ-008	14	MR=8;RR=0;IS=3;BS=3;TR=0;FL=0;ND=0	METADATA_ONLY	D_THEORETICAL_OR_INCOMPLETE	UNKNOWN	NOT_ACQUIRED	NOT_ACQUIRED	ALIASES=2402.11454v5;DISCOVERY_ERAS=ALL;IDENTITY_STATE=CANONICAL;NEIGHBORING_DOMAIN=NO;PRE_ARXIV_ANCESTRY=NO;SOURCE_URLS=https://arxiv.org/abs/2402.11454v5|https://arxiv.org/pdf/2402.11454v5;VERSIONS=v5
PAPER-2604.27474	2604.27474	UNKNOWN	Computing the (k+2)-Edge-Connected Components in k-Edge-Connected Digraphs in Subquadratic Time	Loukas Georgiadis|Evangelos Kipouridis|Evangelos Kosinas|Charis Papadopoulos|Nikos Parotsidis	2026-04-30	2026-04-30	cs.DS	https://arxiv.org/abs/2604.27474v1	https://arxiv.org/pdf/2604.27474v1	UNKNOWN	v1	QRY-007|QRY-016	AQ-004|AQ-008|AQ-010	14	MR=8;RR=3;IS=3;BS=0;TR=0;FL=0;ND=0	METADATA_ONLY	D_THEORETICAL_OR_INCOMPLETE	UNKNOWN	NOT_ACQUIRED	NOT_ACQUIRED	ALIASES=2604.27474v1;DISCOVERY_ERAS=ALL;IDENTITY_STATE=CANONICAL;NEIGHBORING_DOMAIN=NO;PRE_ARXIV_ANCESTRY=NO;SOURCE_URLS=https://arxiv.org/abs/2604.27474v1|https://arxiv.org/pdf/2604.27474v1;VERSIONS=v1
PAPER-2607.06221	2607.06221	UNKNOWN	Breadth-First Search in Succinct Planar Graphs	Johannes Meintrup	2026-07-07	2026-07-07	cs.DS|cs.IT	https://arxiv.org/abs/2607.06221v1	https://arxiv.org/pdf/2607.06221v1	UNKNOWN	v1	QRY-005|QRY-006	AQ-003|AQ-008	14	MR=8;RR=0;IS=3;BS=0;TR=3;FL=0;ND=0	METADATA_ONLY	D_THEORETICAL_OR_INCOMPLETE	UNKNOWN	NOT_ACQUIRED	NOT_ACQUIRED	ALIASES=2607.06221v1;DISCOVERY_ERAS=ALL;IDENTITY_STATE=CANONICAL;NEIGHBORING_DOMAIN=NO;PRE_ARXIV_ANCESTRY=NO;SOURCE_URLS=https://arxiv.org/abs/2607.06221v1|https://arxiv.org/pdf/2607.06221v1;VERSIONS=v1
PAPER-0712.3568	0712.3568	UNKNOWN	A Partition-Based Relaxation For Steiner Trees	Jochen Konemann|David Pritchard|Kunlun Tan	2007-12-20	2007-12-20	cs.DS	https://arxiv.org/abs/0712.3568v1	https://arxiv.org/pdf/0712.3568v1	UNKNOWN	v1	QRY-007|QRY-008|QRY-022|QRY-023	AQ-004|AQ-008|AQ-011|AQ-012	13	MR=4;RR=3;IS=0;BS=3;TR=3;FL=0;ND=0	METADATA_ONLY	D_THEORETICAL_OR_INCOMPLETE	UNKNOWN	NOT_ACQUIRED	NOT_ACQUIRED	ALIASES=0712.3568v1;DISCOVERY_ERAS=2001_2010;IDENTITY_STATE=CANONICAL;NEIGHBORING_DOMAIN=NO;PRE_ARXIV_ANCESTRY=NO;SOURCE_URLS=https://arxiv.org/abs/0712.3568v1|https://arxiv.org/pdf/0712.3568v1;VERSIONS=v1
PAPER-0803.4355	0803.4355	10.1016/j.knosys.2008.03.030	Grammar-Based Random Walkers in Semantic Networks	Marko A. Rodriguez	2008-03-31	2008-09-10	cs.AI|cs.DS	https://arxiv.org/abs/0803.4355v2	https://arxiv.org/pdf/0803.4355v2	UNKNOWN	v2	QRY-003|QRY-004|QRY-017|QRY-018|QRY-024	AQ-002|AQ-003|AQ-008|AQ-009|AQ-010|AQ-012	13	MR=4;RR=3;IS=6;BS=0;TR=0;FL=0;ND=0	METADATA_ONLY	D_THEORETICAL_OR_INCOMPLETE	UNKNOWN	NOT_ACQUIRED	NOT_ACQUIRED	ALIASES=0803.4355v2|10.1016/j.knosys.2008.03.030;DISCOVERY_ERAS=2001_2010|ALL;IDENTITY_STATE=CANONICAL;NEIGHBORING_DOMAIN=NO;PRE_ARXIV_ANCESTRY=NO;SOURCE_URLS=https://arxiv.org/abs/0803.4355v2|https://arxiv.org/pdf/0803.4355v2|https://doi.org/10.1016/j.knosys.2008.03.030;VERSIONS=v2
PAPER-0906.0684	0906.0684	UNKNOWN	New Instability Results for High Dimensional Nearest Neighbor Search	Chris Giannella	2009-06-03	2009-06-03	cs.DB|cs.IR	https://arxiv.org/abs/0906.0684v1	https://arxiv.org/pdf/0906.0684v1	UNKNOWN	v1	QRY-014	AQ-007|AQ-008	13	MR=4;RR=3;IS=0;BS=3;TR=3;FL=0;ND=0	METADATA_ONLY	D_THEORETICAL_OR_INCOMPLETE	UNKNOWN	NOT_ACQUIRED	NOT_ACQUIRED	ALIASES=0906.0684v1;DISCOVERY_ERAS=2001_2010;IDENTITY_STATE=CANONICAL;NEIGHBORING_DOMAIN=NO;PRE_ARXIV_ANCESTRY=NO;SOURCE_URLS=https://arxiv.org/abs/0906.0684v1|https://arxiv.org/pdf/0906.0684v1;VERSIONS=v1
PAPER-0912.0681	0912.0681	UNKNOWN	A Local Spectral Method for Graphs: with Applications to Improving Graph Partitions and Exploring Data Graphs Locally	Michael W. Mahoney|Lorenzo Orecchia|Nisheeth K. Vishnoi	2009-12-03	2011-10-21	cs.DS	https://arxiv.org/abs/0912.0681v3	https://arxiv.org/pdf/0912.0681v3	UNKNOWN	v3	QRY-001|QRY-002|QRY-003|QRY-004|QRY-017|QRY-018|QRY-024	AQ-001|AQ-002|AQ-003|AQ-008|AQ-009|AQ-010|AQ-012	13	MR=4;RR=0;IS=0;BS=3;TR=6;FL=0;ND=0	METADATA_ONLY	D_THEORETICAL_OR_INCOMPLETE	UNKNOWN	NOT_ACQUIRED	NOT_ACQUIRED	ALIASES=0912.0681v3;DISCOVERY_ERAS=2001_2010;IDENTITY_STATE=CANONICAL;NEIGHBORING_DOMAIN=NO;PRE_ARXIV_ANCESTRY=NO;SOURCE_URLS=https://arxiv.org/abs/0912.0681v3|https://arxiv.org/pdf/0912.0681v3;VERSIONS=v3
PAPER-1606.05973	1606.05973	10.1109/ipdpsw.2014.152	A New Parallel Algorithm for Two-Pass Connected Component Labeling	Siddharth Gupta|Diana Palsetia|Md. Mostofa Ali Patwary|Ankit Agrawal|Alok Choudhary	2016-06-20	2016-06-20	cs.CV|cs.DS|cs.PF	https://arxiv.org/abs/1606.05973v1	https://arxiv.org/pdf/1606.05973v1	UNKNOWN	v1	QRY-007|QRY-008	AQ-004|AQ-008	13	MR=4;RR=3;IS=0;BS=3;TR=3;FL=0;ND=0	METADATA_ONLY	D_THEORETICAL_OR_INCOMPLETE	UNKNOWN	NOT_ACQUIRED	NOT_ACQUIRED	ALIASES=10.1109/ipdpsw.2014.152|1606.05973v1;DISCOVERY_ERAS=ALL;IDENTITY_STATE=CANONICAL;NEIGHBORING_DOMAIN=NO;PRE_ARXIV_ANCESTRY=NO;SOURCE_URLS=https://arxiv.org/abs/1606.05973v1|https://arxiv.org/pdf/1606.05973v1|https://doi.org/10.1109/IPDPSW.2014.152;VERSIONS=v1
PAPER-1705.09927	1705.09927	UNKNOWN	Fully distributed PageRank computation with exponential convergence	Liang Dai|Nikolaos M. Freris	2017-05-28	2018-10-22	cs.DC|eess.SY	https://arxiv.org/abs/1705.09927v2	https://arxiv.org/pdf/1705.09927v2	UNKNOWN	v2	QRY-020	AQ-002|AQ-010	13	MR=4;RR=0;IS=3;BS=3;TR=3;FL=0;ND=0	METADATA_ONLY	D_THEORETICAL_OR_INCOMPLETE	UNKNOWN	NOT_ACQUIRED	NOT_ACQUIRED	ALIASES=1705.09927v2;DISCOVERY_ERAS=ALL;IDENTITY_STATE=CANONICAL;NEIGHBORING_DOMAIN=NO;PRE_ARXIV_ANCESTRY=NO;SOURCE_URLS=https://arxiv.org/abs/1705.09927v2|https://arxiv.org/pdf/1705.09927v2;VERSIONS=v2
PAPER-1709.04290	1709.04290	UNKNOWN	Approximate Integration of streaming data	Michel de Rougemont|Guillaume Vimont	2017-09-13	2017-09-13	cs.DB|cs.SI	https://arxiv.org/abs/1709.04290v1	https://arxiv.org/pdf/1709.04290v1	UNKNOWN	v1	QRY-022	AQ-004|AQ-011	13	MR=4;RR=6;IS=0;BS=0;TR=3;FL=0;ND=0	METADATA_ONLY	D_THEORETICAL_OR_INCOMPLETE	UNKNOWN	NOT_ACQUIRED	NOT_ACQUIRED	ALIASES=1709.04290v1;DISCOVERY_ERAS=ALL;IDENTITY_STATE=CANONICAL;NEIGHBORING_DOMAIN=NO;PRE_ARXIV_ANCESTRY=NO;SOURCE_URLS=https://arxiv.org/abs/1709.04290v1|https://arxiv.org/pdf/1709.04290v1;VERSIONS=v1
PAPER-1902.10132	1902.10132	UNKNOWN	Quadratic Decomposable Submodular Function Minimization: Theory and Practice (Computation and Analysis of PageRank over Hypergraphs)	Pan Li|Niao He|Olgica Milenkovic	2019-02-26	2020-10-26	cs.DS|cs.LG|cs.SI|stat.ML	https://arxiv.org/abs/1902.10132v4	https://arxiv.org/pdf/1902.10132v4	UNKNOWN	v4	QRY-001	AQ-001|AQ-002	13	MR=4;RR=0;IS=0;BS=6;TR=3;FL=0;ND=0	METADATA_ONLY	D_THEORETICAL_OR_INCOMPLETE	UNKNOWN	NOT_ACQUIRED	NOT_ACQUIRED	ALIASES=1902.10132v4;DISCOVERY_ERAS=ALL;IDENTITY_STATE=CANONICAL;NEIGHBORING_DOMAIN=NO;PRE_ARXIV_ANCESTRY=NO;SOURCE_URLS=https://arxiv.org/abs/1902.10132v4|https://arxiv.org/pdf/1902.10132v4;VERSIONS=v4
PAPER-2003.00614	2003.00614	UNKNOWN	Connected Components on a PRAM in Log Diameter Time	S. Cliff Liu|Robert E. Tarjan|Peilin Zhong	2020-03-02	2021-04-21	cs.DC|cs.DS	https://arxiv.org/abs/2003.00614v3	https://arxiv.org/pdf/2003.00614v3	UNKNOWN	v3	QRY-007|QRY-008|QRY-016|QRY-022|QRY-023	AQ-004|AQ-008|AQ-010|AQ-011|AQ-012	13	MR=4;RR=9;IS=0;BS=0;TR=0;FL=0;ND=0	METADATA_ONLY	D_THEORETICAL_OR_INCOMPLETE	UNKNOWN	NOT_ACQUIRED	NOT_ACQUIRED	ALIASES=2003.00614v3;DISCOVERY_ERAS=ALL;IDENTITY_STATE=CANONICAL;NEIGHBORING_DOMAIN=NO;PRE_ARXIV_ANCESTRY=NO;SOURCE_URLS=https://arxiv.org/abs/2003.00614v3|https://arxiv.org/pdf/2003.00614v3;VERSIONS=v3
PAPER-2011.08054	2011.08054	UNKNOWN	Strongly Connected Components in Stream Graphs: Computation and Experimentations	Léo Rannou|Clémence Magnien|Matthieu Latapy	2020-11-16	2021-09-02	cs.DS|cs.SI	https://arxiv.org/abs/2011.08054v3	https://arxiv.org/pdf/2011.08054v3	UNKNOWN	v3	QRY-022	AQ-004|AQ-011	13	MR=4;RR=0;IS=3;BS=6;TR=0;FL=0;ND=0	METADATA_ONLY	D_THEORETICAL_OR_INCOMPLETE	UNKNOWN	NOT_ACQUIRED	NOT_ACQUIRED	ALIASES=2011.08054v3;DISCOVERY_ERAS=ALL;IDENTITY_STATE=CANONICAL;NEIGHBORING_DOMAIN=NO;PRE_ARXIV_ANCESTRY=NO;SOURCE_URLS=https://arxiv.org/abs/2011.08054v3|https://arxiv.org/pdf/2011.08054v3;VERSIONS=v3
PAPER-2209.08764	2209.08764	UNKNOWN	An Optimal Level-synchronous Shared-memory Parallel BFS Algorithm with Optimal parallel Prefix-sum Algorithm and its Implications for Energy Consumption	Jesmin Jahan Tithi|Yonatan Fogel|Rezaul Chowdhury	2022-09-19	2022-09-19	cs.CC|cs.DC|cs.DS	https://arxiv.org/abs/2209.08764v1	https://arxiv.org/pdf/2209.08764v1	UNKNOWN	v1	QRY-025	AQ-003|AQ-008|AQ-010|AQ-011	13	MR=4;RR=9;IS=0;BS=0;TR=0;FL=0;ND=0	METADATA_ONLY	D_THEORETICAL_OR_INCOMPLETE	UNKNOWN	NOT_ACQUIRED	NOT_ACQUIRED	ALIASES=2209.08764v1;DISCOVERY_ERAS=ALL;IDENTITY_STATE=CANONICAL;NEIGHBORING_DOMAIN=NO;PRE_ARXIV_ANCESTRY=NO;SOURCE_URLS=https://arxiv.org/abs/2209.08764v1|https://arxiv.org/pdf/2209.08764v1;VERSIONS=v1
PAPER-2306.02102	2306.02102	UNKNOWN	Accelerating Personalized PageRank Vector Computation	Zhen Chen|Xingzhi Guo|Baojian Zhou|Deqing Yang|Steven Skiena	2023-06-03	2023-06-06	cs.DS	https://arxiv.org/abs/2306.02102v2	https://arxiv.org/pdf/2306.02102v2	UNKNOWN	v2	QRY-003	AQ-002	13	MR=4;RR=3;IS=0;BS=6;TR=0;FL=0;ND=0	METADATA_ONLY	D_THEORETICAL_OR_INCOMPLETE	UNKNOWN	NOT_ACQUIRED	NOT_ACQUIRED	ALIASES=2306.02102v2;DISCOVERY_ERAS=ALL;IDENTITY_STATE=CANONICAL;NEIGHBORING_DOMAIN=NO;PRE_ARXIV_ANCESTRY=NO;SOURCE_URLS=https://arxiv.org/abs/2306.02102v2|https://arxiv.org/pdf/2306.02102v2;VERSIONS=v2
PAPER-2309.09064	2309.09064	UNKNOWN	Fast Triangle Counting	David A. Bader	2023-09-16	2023-09-20	cs.DC|cs.DS	https://arxiv.org/abs/2309.09064v2	https://arxiv.org/pdf/2309.09064v2	UNKNOWN	v2	QRY-009|QRY-010	AQ-005|AQ-008	13	MR=4;RR=0;IS=0;BS=9;TR=0;FL=0;ND=0	METADATA_ONLY	D_THEORETICAL_OR_INCOMPLETE	UNKNOWN	NOT_ACQUIRED	NOT_ACQUIRED	ALIASES=2309.09064v2;DISCOVERY_ERAS=ALL;IDENTITY_STATE=CANONICAL;NEIGHBORING_DOMAIN=NO;PRE_ARXIV_ANCESTRY=NO;SOURCE_URLS=https://arxiv.org/abs/2309.09064v2|https://arxiv.org/pdf/2309.09064v2;VERSIONS=v2
PAPER-2402.03653	2402.03653	UNKNOWN	Agent-Based Triangle Counting: Unlocking Truss Decomposition, Triangle Centrality, and Local Clustering Coefficient	Prabhat Kumar Chand|Apurba Das|Anisur Rahaman Molla	2024-02-06	2025-06-24	cs.DC|cs.MA	https://arxiv.org/abs/2402.03653v2	https://arxiv.org/pdf/2402.03653v2	UNKNOWN	v2	QRY-010	AQ-005|AQ-008	13	MR=4;RR=3;IS=3;BS=0;TR=3;FL=0;ND=0	METADATA_ONLY	D_THEORETICAL_OR_INCOMPLETE	UNKNOWN	NOT_ACQUIRED	NOT_ACQUIRED	ALIASES=2402.03653v2;DISCOVERY_ERAS=ALL;IDENTITY_STATE=CANONICAL;NEIGHBORING_DOMAIN=NO;PRE_ARXIV_ANCESTRY=NO;SOURCE_URLS=https://arxiv.org/abs/2402.03653v2|https://arxiv.org/pdf/2402.03653v2;VERSIONS=v2
PAPER-2407.18934	2407.18934	UNKNOWN	The Design of a 3D Character Animation System for Digital Twins in the Metaverse	Senem Tanberk|Dilek Bilgin Tukel|Kadir Acar	2024-07-10	2024-07-10	cs.AI|cs.HC|cs.SE	https://arxiv.org/abs/2407.18934v1	https://arxiv.org/pdf/2407.18934v1	UNKNOWN	v1	QRY-021	AQ-003|AQ-011	13	MR=4;RR=3;IS=6;BS=0;TR=0;FL=0;ND=0	METADATA_ONLY	D_THEORETICAL_OR_INCOMPLETE	UNKNOWN	NOT_ACQUIRED	NOT_ACQUIRED	ALIASES=2407.18934v1;DISCOVERY_ERAS=ALL;IDENTITY_STATE=CANONICAL;NEIGHBORING_DOMAIN=NO;PRE_ARXIV_ANCESTRY=NO;SOURCE_URLS=https://arxiv.org/abs/2407.18934v1|https://arxiv.org/pdf/2407.18934v1;VERSIONS=v1
PAPER-2409.08978	2409.08978	10.1145/3637528.3671820	Revisiting Local PageRank Estimation on Undirected Graphs: Simple and Optimal	Hanzhi Wang	2024-09-13	2024-09-13	cs.DS	https://arxiv.org/abs/2409.08978v1	https://arxiv.org/pdf/2409.08978v1	UNKNOWN	v1	QRY-002|QRY-017|QRY-024	AQ-001|AQ-002|AQ-009|AQ-010|AQ-012	13	MR=4;RR=3;IS=0;BS=6;TR=0;FL=0;ND=0	METADATA_ONLY	D_THEORETICAL_OR_INCOMPLETE	UNKNOWN	NOT_ACQUIRED	NOT_ACQUIRED	ALIASES=10.1145/3637528.3671820|2409.08978v1;DISCOVERY_ERAS=ALL;IDENTITY_STATE=CANONICAL;NEIGHBORING_DOMAIN=NO;PRE_ARXIV_ANCESTRY=NO;SOURCE_URLS=https://arxiv.org/abs/2409.08978v1|https://arxiv.org/pdf/2409.08978v1|https://doi.org/10.1145/3637528.3671820;VERSIONS=v1
PAPER-LEGACY-b864fd0c9784ef99	cs/0608108	UNKNOWN	Spherical Indexing for Neighborhood Queries	Nicolas Brodu	2006-08-29	2006-08-29	cs.CG|cs.DS	https://arxiv.org/abs/cs/0608108v1	https://arxiv.org/pdf/cs/0608108v1	UNKNOWN	v1	QRY-014	AQ-007|AQ-008	13	MR=4;RR=3;IS=3;BS=0;TR=3;FL=0;ND=0	METADATA_ONLY	D_THEORETICAL_OR_INCOMPLETE	UNKNOWN	NOT_ACQUIRED	NOT_ACQUIRED	ALIASES=cs/0608108v1;DISCOVERY_ERAS=2001_2010;IDENTITY_STATE=CANONICAL;NEIGHBORING_DOMAIN=NO;PRE_ARXIV_ANCESTRY=NO;SOURCE_URLS=https://arxiv.org/abs/cs/0608108v1|https://arxiv.org/pdf/cs/0608108v1;VERSIONS=v1
PAPER-1005.0418	1005.0418	UNKNOWN	Lower Bounds on Near Neighbor Search via Metric Expansion	Rina Panigrahy|Kunal Talwar|Udi Wieder	2010-05-03	2010-05-03	cs.CG|cs.DS	https://arxiv.org/abs/1005.0418v1	https://arxiv.org/pdf/1005.0418v1	UNKNOWN	v1	QRY-014	AQ-007|AQ-008	12	MR=4;RR=3;IS=0;BS=0;TR=3;FL=2;ND=0	METADATA_ONLY	D_THEORETICAL_OR_INCOMPLETE	UNKNOWN	NOT_ACQUIRED	NOT_ACQUIRED	ALIASES=1005.0418v1;DISCOVERY_ERAS=2001_2010;IDENTITY_STATE=CANONICAL;NEIGHBORING_DOMAIN=NO;PRE_ARXIV_ANCESTRY=NO;SOURCE_URLS=https://arxiv.org/abs/1005.0418v1|https://arxiv.org/pdf/1005.0418v1;VERSIONS=v1
PAPER-1006.2880	1006.2880	UNKNOWN	Fast Incremental and Personalized PageRank	Bahman Bahmani|Abdur Chowdhury|Ashish Goel	2010-06-15	2010-08-31	cs.DB|cs.DS|cs.IR	https://arxiv.org/abs/1006.2880v2	https://arxiv.org/pdf/1006.2880v2	UNKNOWN	v2	QRY-004|QRY-017|QRY-018|QRY-024	AQ-002|AQ-003|AQ-007|AQ-008|AQ-009|AQ-010|AQ-012	12	MR=4;RR=3;IS=0;BS=3;TR=0;FL=0;ND=2	METADATA_ONLY	D_THEORETICAL_OR_INCOMPLETE	UNKNOWN	NOT_ACQUIRED	NOT_ACQUIRED	ALIASES=1006.2880v2;ANCESTRY_DIRECTIONS=BACKWARD;ANCESTRY_RESOLUTION=RESOLVED;ANCESTRY_SEEDS=PAPER-2401.01019|PAPER-2404.16267;CITATION_DEPTH=1;DISCOVERY_ERAS=2001_2010|ALL;G03_AQ_LINKS=AQ-002|AQ-007|AQ-008|AQ-009|AQ-010|AQ-012;G03_SCREEN=DERIVED_INFERENCE_METADATA_ONLY;IDENTITY_STATE=CANONICAL;NEIGHBORING_DOMAIN=YES;OPENALEX_ID=UNKNOWN;PRE_ARXIV_ANCESTRY=NO;SEMANTIC_SCHOLAR_ID=79adfb2c5d64f4847c82d7ce2a9b0e647236f83d;SOURCE_URLS=https://arxiv.org/abs/1006.2880v2|https://arxiv.org/pdf/1006.2880v2;VERSIONS=v2
PAPER-2110.02538	2110.02538	UNKNOWN	A Local Updating Algorithm for Personalized PageRank via Chebyshev Polynomials	Esteban Bautista|Matthieu Latapy	2021-10-06	2021-10-06	cs.DS|cs.SI|eess.SP	https://arxiv.org/abs/2110.02538v1	https://arxiv.org/pdf/2110.02538v1	UNKNOWN	v1	QRY-001|QRY-002|QRY-003|QRY-004	AQ-001|AQ-002|AQ-008|AQ-009	12	MR=4;RR=0;IS=3;BS=3;TR=0;FL=2;ND=0	METADATA_ONLY	D_THEORETICAL_OR_INCOMPLETE	UNKNOWN	NOT_ACQUIRED	NOT_ACQUIRED	ALIASES=2110.02538v1;DISCOVERY_ERAS=ALL;IDENTITY_STATE=CANONICAL;NEIGHBORING_DOMAIN=NO;PRE_ARXIV_ANCESTRY=NO;SOURCE_URLS=https://arxiv.org/abs/2110.02538v1|https://arxiv.org/pdf/2110.02538v1;VERSIONS=v1
PAPER-2401.03256	2401.03256	UNKNOWN	An Incrementally Expanding Approach for Updating PageRank on Dynamic Graphs	Subhajit Sahu	2024-01-06	2024-01-26	cs.DC|cs.PF	https://arxiv.org/abs/2401.03256v3	https://arxiv.org/pdf/2401.03256v3	UNKNOWN	v3	QRY-003|QRY-004|QRY-018|QRY-020	AQ-002|AQ-003|AQ-008|AQ-009|AQ-010	12	MR=4;RR=0;IS=0;BS=6;TR=0;FL=2;ND=0	METADATA_ONLY	D_THEORETICAL_OR_INCOMPLETE	UNKNOWN	NOT_ACQUIRED	NOT_ACQUIRED	ALIASES=2401.03256v3;DISCOVERY_ERAS=ALL;IDENTITY_STATE=CANONICAL;NEIGHBORING_DOMAIN=NO;PRE_ARXIV_ANCESTRY=NO;SOURCE_URLS=https://arxiv.org/abs/2401.03256v3|https://arxiv.org/pdf/2401.03256v3;VERSIONS=v3
PAPER-2401.15870	2401.15870	10.1007/978-3-031-69583-4_22	DF* PageRank: Improved Incrementally Expanding Approaches for Updating PageRank on Dynamic Graphs	Subhajit Sahu	2024-01-29	2024-01-30	cs.DC|cs.PF	https://arxiv.org/abs/2401.15870v2	https://arxiv.org/pdf/2401.15870v2	UNKNOWN	v2	QRY-003|QRY-004|QRY-018|QRY-020	AQ-002|AQ-003|AQ-008|AQ-009|AQ-010	12	MR=4;RR=0;IS=0;BS=6;TR=0;FL=2;ND=0	METADATA_ONLY	D_THEORETICAL_OR_INCOMPLETE	UNKNOWN	NOT_ACQUIRED	NOT_ACQUIRED	ALIASES=10.1007/978-3-031-69583-4_22|2401.15870v2;DISCOVERY_ERAS=ALL;IDENTITY_STATE=CANONICAL;NEIGHBORING_DOMAIN=NO;PRE_ARXIV_ANCESTRY=NO;SOURCE_URLS=https://arxiv.org/abs/2401.15870v2|https://arxiv.org/pdf/2401.15870v2|https://doi.org/10.1007/978-3-031-69583-4_22;VERSIONS=v2
PAPER-2404.01585	2404.01585	UNKNOWN	FLEXIS: FLEXible Frequent Subgraph Mining using Maximal Independent Sets	Akshit Sharma|Sam Reinher|Dinesh Mehta|Bo Wu	2024-04-02	2024-04-02	cs.DB|cs.PF	https://arxiv.org/abs/2404.01585v1	https://arxiv.org/pdf/2404.01585v1	UNKNOWN	v1	QRY-021	AQ-003|AQ-011	12	MR=0;RR=3;IS=0;BS=6;TR=3;FL=0;ND=0	METADATA_ONLY	D_THEORETICAL_OR_INCOMPLETE	UNKNOWN	NOT_ACQUIRED	NOT_ACQUIRED	ALIASES=2404.01585v1;DISCOVERY_ERAS=ALL;IDENTITY_STATE=CANONICAL;NEIGHBORING_DOMAIN=NO;PRE_ARXIV_ANCESTRY=NO;SOURCE_URLS=https://arxiv.org/abs/2404.01585v1|https://arxiv.org/pdf/2404.01585v1;VERSIONS=v1
PAPER-2507.03695	2507.03695	UNKNOWN	On Optimizing Resource Utilization in Distributed Connected Components	Mohsen Koohi Esfahani	2025-07-04	2026-01-05	cs.DC	https://arxiv.org/abs/2507.03695v5	https://arxiv.org/pdf/2507.03695v5	UNKNOWN	v5	QRY-007|QRY-023	AQ-004|AQ-012	12	MR=4;RR=3;IS=0;BS=3;TR=0;FL=2;ND=0	METADATA_ONLY	D_THEORETICAL_OR_INCOMPLETE	UNKNOWN	NOT_ACQUIRED	NOT_ACQUIRED	ALIASES=2507.03695v5;DISCOVERY_ERAS=ALL;IDENTITY_STATE=CANONICAL;NEIGHBORING_DOMAIN=NO;PRE_ARXIV_ANCESTRY=NO;SOURCE_URLS=https://arxiv.org/abs/2507.03695v5|https://arxiv.org/pdf/2507.03695v5;VERSIONS=v5
PAPER-0904.3320	0904.3320	UNKNOWN	Using Association Rules for Better Treatment of Missing Values	Shariq Bashir|Saad Razzaq|Umer Maqbool|Sonya Tahir|Abdul Rauf Baig	2009-04-21	2009-04-21	cs.AI|cs.DB|cs.DS	https://arxiv.org/abs/0904.3320v1	https://arxiv.org/pdf/0904.3320v1	UNKNOWN	v1	QRY-014	AQ-007|AQ-008	11	MR=4;RR=0;IS=0;BS=6;TR=0;FL=0;ND=1	METADATA_ONLY	D_THEORETICAL_OR_INCOMPLETE	UNKNOWN	NOT_ACQUIRED	NOT_ACQUIRED	ALIASES=0904.3320v1;DISCOVERY_ERAS=2001_2010;IDENTITY_STATE=CANONICAL;NEIGHBORING_DOMAIN=YES;PRE_ARXIV_ANCESTRY=NO;SOURCE_URLS=https://arxiv.org/abs/0904.3320v1|https://arxiv.org/pdf/0904.3320v1;VERSIONS=v1
PAPER-2304.05890	2304.05890	10.1145/3584372.3588671	Node-Differentially Private Estimation of the Number of Connected Components	Iden Kalemaj|Sofya Raskhodnikova|Adam Smith|Charalampos E. Tsourakakis	2023-04-12	2023-04-13	cs.CR|cs.DS	https://arxiv.org/abs/2304.05890v2	https://arxiv.org/pdf/2304.05890v2	UNKNOWN	v2	QRY-008|QRY-016|QRY-022|QRY-023	AQ-004|AQ-008|AQ-010|AQ-011|AQ-012	11	MR=4;RR=3;IS=3;BS=0;TR=0;FL=0;ND=1	METADATA_ONLY	D_THEORETICAL_OR_INCOMPLETE	UNKNOWN	NOT_ACQUIRED	NOT_ACQUIRED	ALIASES=10.1145/3584372.3588671|2304.05890v2;DISCOVERY_ERAS=ALL;IDENTITY_STATE=CANONICAL;NEIGHBORING_DOMAIN=YES;PRE_ARXIV_ANCESTRY=NO;SOURCE_URLS=https://arxiv.org/abs/2304.05890v2|https://arxiv.org/pdf/2304.05890v2|https://doi.org/10.1145/3584372.3588671;VERSIONS=v2
PAPER-2407.19562	2407.19562	10.1109/ipdpsw63119.2024.00148	Lock-Free Computation of PageRank in Dynamic Graphs	Subhajit Sahu	2024-07-28	2024-07-28	cs.DC|cs.PF	https://arxiv.org/abs/2407.19562v1	https://arxiv.org/pdf/2407.19562v1	UNKNOWN	v1	QRY-003|QRY-004|QRY-020|QRY-024	AQ-002|AQ-004|AQ-006|AQ-007|AQ-008|AQ-009|AQ-010|AQ-012	11	MR=4;RR=0;IS=0;BS=3;TR=0;FL=4;ND=0	METADATA_ONLY	D_THEORETICAL_OR_INCOMPLETE	UNKNOWN	NOT_ACQUIRED	NOT_ACQUIRED	ALIASES=10.1109/ipdpsw63119.2024.00148|2407.19562v1;ANCESTRY_DIRECTIONS=FORWARD;ANCESTRY_RESOLUTION=RESOLVED;ANCESTRY_SEEDS=PAPER-2104.09616;CITATION_DEPTH=1;DISCOVERY_ERAS=ALL;G03_AQ_LINKS=AQ-002|AQ-004|AQ-006|AQ-007|AQ-008|AQ-009|AQ-010|AQ-012;G03_SCREEN=DERIVED_INFERENCE_METADATA_ONLY;IDENTITY_STATE=CANONICAL;NEIGHBORING_DOMAIN=NO;OPENALEX_ID=UNKNOWN;PRE_ARXIV_ANCESTRY=NO;SEMANTIC_SCHOLAR_ID=bdda642d07a5a35239411892fe186c797ea68077;SOURCE_URLS=https://arxiv.org/abs/2407.19562v1|https://arxiv.org/pdf/2407.19562v1|https://doi.org/10.1109/IPDPSW63119.2024.00148;VERSIONS=v1
PAPER-2604.00691	2604.00691	UNKNOWN	Breadth-First Search Trees with Many or Few Leaves	Jesse Beisegel|Ekkehard Köhler|Robert Scheffler|Martin Strehler	2026-04-01	2026-04-01	cs.CC|cs.DM|cs.DS	https://arxiv.org/abs/2604.00691v1	https://arxiv.org/pdf/2604.00691v1	UNKNOWN	v1	QRY-005|QRY-015	AQ-003|AQ-008	11	MR=8;RR=3;IS=0;BS=0;TR=0;FL=0;ND=0	METADATA_ONLY	D_THEORETICAL_OR_INCOMPLETE	UNKNOWN	NOT_ACQUIRED	NOT_ACQUIRED	ALIASES=2604.00691v1;DISCOVERY_ERAS=ALL;IDENTITY_STATE=CANONICAL;NEIGHBORING_DOMAIN=NO;PRE_ARXIV_ANCESTRY=NO;SOURCE_URLS=https://arxiv.org/abs/2604.00691v1|https://arxiv.org/pdf/2604.00691v1;VERSIONS=v1
PAPER-2608.01503	2608.01503	10.1109/ipdps65963.2026.00020	GPU-Accelerated Multilevel Graph Clustering: A Parallel Perspective on Louvain and Leiden	Michael S. Gilbert|Kamesh Madduri	2026-08-02	2026-08-02	cs.DC	https://arxiv.org/abs/2608.01503v1	https://arxiv.org/pdf/2608.01503v1	UNKNOWN	v1	QRY-012	AQ-006|AQ-008	11	MR=8;RR=0;IS=3;BS=0;TR=0;FL=0;ND=0	METADATA_ONLY	D_THEORETICAL_OR_INCOMPLETE	UNKNOWN	NOT_ACQUIRED	NOT_ACQUIRED	ALIASES=10.1109/ipdps65963.2026.00020|2608.01503v1;DISCOVERY_ERAS=ALL;IDENTITY_STATE=CANONICAL;NEIGHBORING_DOMAIN=NO;PRE_ARXIV_ANCESTRY=NO;SOURCE_URLS=https://arxiv.org/abs/2608.01503v1|https://arxiv.org/pdf/2608.01503v1|https://doi.org/10.1109/IPDPS65963.2026.00020;VERSIONS=v1
PAPER-0802.2856	0802.2856	UNKNOWN	Convergence Thresholds of Newton's Method for Monotone Polynomial Equations	Javier Esparza|Stefan Kiefer|Michael Luttenberger	2008-02-20	2008-02-29	cs.DS|cs.IT|math.NA	https://arxiv.org/abs/0802.2856v2	https://arxiv.org/pdf/0802.2856v2	UNKNOWN	v2	QRY-008|QRY-016|QRY-022|QRY-023	AQ-004|AQ-008|AQ-010|AQ-011|AQ-012	10	MR=4;RR=3;IS=3;BS=0;TR=0;FL=0;ND=0	METADATA_ONLY	D_THEORETICAL_OR_INCOMPLETE	UNKNOWN	NOT_ACQUIRED	NOT_ACQUIRED	ALIASES=0802.2856v2;DISCOVERY_ERAS=2001_2010;IDENTITY_STATE=CANONICAL;NEIGHBORING_DOMAIN=NO;PRE_ARXIV_ANCESTRY=NO;SOURCE_URLS=https://arxiv.org/abs/0802.2856v2|https://arxiv.org/pdf/0802.2856v2;VERSIONS=v2
PAPER-0807.2678	0807.2678	10.1002/asi.20943	Eigenfactor : Does the Principle of Repeated Improvement Result in Better Journal Impact Estimates than Raw Citation Counts?	Philip M. Davis	2008-07-17	2008-10-27	cs.DB|cs.DL	https://arxiv.org/abs/0807.2678v3	https://arxiv.org/pdf/0807.2678v3	UNKNOWN	v3	QRY-017|QRY-018	AQ-002|AQ-003|AQ-009	10	MR=4;RR=0;IS=0;BS=3;TR=3;FL=0;ND=0	METADATA_ONLY	D_THEORETICAL_OR_INCOMPLETE	UNKNOWN	NOT_ACQUIRED	NOT_ACQUIRED	ALIASES=0807.2678v3|10.1002/asi.20943;DISCOVERY_ERAS=2001_2010;IDENTITY_STATE=CANONICAL;NEIGHBORING_DOMAIN=NO;PRE_ARXIV_ANCESTRY=NO;SOURCE_URLS=https://arxiv.org/abs/0807.2678v3|https://arxiv.org/pdf/0807.2678v3|https://doi.org/10.1002/asi.20943;VERSIONS=v3
PAPER-0811.3779	0811.3779	UNKNOWN	Finding Sparse Cuts Locally Using Evolving Sets	Reid Andersen|Yuval Peres	2008-11-23	2008-11-23	cs.DS	https://arxiv.org/abs/0811.3779v1	https://arxiv.org/pdf/0811.3779v1	UNKNOWN	v1	QRY-004|QRY-017|QRY-018|QRY-024	AQ-002|AQ-003|AQ-008|AQ-009|AQ-010|AQ-012	10	MR=4;RR=3;IS=0;BS=0;TR=3;FL=0;ND=0	METADATA_ONLY	D_THEORETICAL_OR_INCOMPLETE	UNKNOWN	NOT_ACQUIRED	NOT_ACQUIRED	ALIASES=0811.3779v1;DISCOVERY_ERAS=2001_2010;IDENTITY_STATE=CANONICAL;NEIGHBORING_DOMAIN=NO;PRE_ARXIV_ANCESTRY=NO;SOURCE_URLS=https://arxiv.org/abs/0811.3779v1|https://arxiv.org/pdf/0811.3779v1;VERSIONS=v1
PAPER-1001.4115	1001.4115	UNKNOWN	On the Design of an Optimal Multiprocessor Real-Time Scheduling Algorithm under Practical Considerations (Extended Version)	Shelby Funk|Vincent Nelis|Joel Goossens|Dragomir Milojevic|Geoffrey Nelissen	2010-01-25	2011-01-24	cs.DC|cs.OS	https://arxiv.org/abs/1001.4115v3	https://arxiv.org/pdf/1001.4115v3	UNKNOWN	v3	QRY-015	AQ-003|AQ-008	10	MR=0;RR=0;IS=3;BS=0;TR=3;FL=2;ND=2	METADATA_ONLY	D_THEORETICAL_OR_INCOMPLETE	UNKNOWN	NOT_ACQUIRED	NOT_ACQUIRED	ALIASES=1001.4115v3;DISCOVERY_ERAS=2001_2010;IDENTITY_STATE=CANONICAL;NEIGHBORING_DOMAIN=YES;PRE_ARXIV_ANCESTRY=NO;SOURCE_URLS=https://arxiv.org/abs/1001.4115v3|https://arxiv.org/pdf/1001.4115v3;VERSIONS=v3
PAPER-1010.0703	1010.0703	UNKNOWN	Implementing regularization implicitly via approximate eigenvector computation	Michael W. Mahoney|Lorenzo Orecchia	2010-10-04	2011-04-27	cs.DS|stat.CO|stat.ML	https://arxiv.org/abs/1010.0703v2	https://arxiv.org/pdf/1010.0703v2	UNKNOWN	v2	QRY-001|QRY-002|QRY-003|QRY-004|QRY-017|QRY-018	AQ-001|AQ-002|AQ-003|AQ-008|AQ-009	10	MR=4;RR=3;IS=0;BS=0;TR=3;FL=0;ND=0	METADATA_ONLY	D_THEORETICAL_OR_INCOMPLETE	UNKNOWN	NOT_ACQUIRED	NOT_ACQUIRED	ALIASES=1010.0703v2;DISCOVERY_ERAS=2001_2010;IDENTITY_STATE=CANONICAL;NEIGHBORING_DOMAIN=NO;PRE_ARXIV_ANCESTRY=NO;SOURCE_URLS=https://arxiv.org/abs/1010.0703v2|https://arxiv.org/pdf/1010.0703v2;VERSIONS=v2
PAPER-1011.0468	1011.0468	10.1007/978-3-642-18009-5_3	Efficient Triangle Counting in Large Graphs via Degree-based Vertex Partitioning	Mihail N. Kolountzakis|Gary L. Miller|Richard Peng|Charalampos E. Tsourakakis	2010-11-01	2010-11-01	cs.DS|cs.SI|physics.soc-ph	https://arxiv.org/abs/1011.0468v1	https://arxiv.org/pdf/1011.0468v1	UNKNOWN	v1	QRY-010	AQ-005|AQ-008	10	MR=4;RR=3;IS=0;BS=0;TR=3;FL=0;ND=0	METADATA_ONLY	D_THEORETICAL_OR_INCOMPLETE	UNKNOWN	NOT_ACQUIRED	NOT_ACQUIRED	ALIASES=10.1007/978-3-642-18009-5_3|1011.0468v1;DISCOVERY_ERAS=2001_2010;IDENTITY_STATE=CANONICAL;NEIGHBORING_DOMAIN=NO;PRE_ARXIV_ANCESTRY=NO;SOURCE_URLS=https://arxiv.org/abs/1011.0468v1|https://arxiv.org/pdf/1011.0468v1|https://doi.org/10.1007/978-3-642-18009-5_3;VERSIONS=v1
PAPER-1106.4489	1106.4489	UNKNOWN	Fast Isomorphism Testing of Graphs with Regularly-Connected Components	Jose Luis Lopez-Presa|Antonio Fernandez Anta	2011-06-22	2011-06-22	cs.DM|cs.DS	https://arxiv.org/abs/1106.4489v1	https://arxiv.org/pdf/1106.4489v1	UNKNOWN	v1	QRY-007|QRY-016|QRY-022|QRY-023	AQ-004|AQ-008|AQ-010|AQ-011|AQ-012	10	MR=4;RR=0;IS=0;BS=6;TR=0;FL=0;ND=0	METADATA_ONLY	D_THEORETICAL_OR_INCOMPLETE	UNKNOWN	NOT_ACQUIRED	NOT_ACQUIRED	ALIASES=1106.4489v1;DISCOVERY_ERAS=ALL;IDENTITY_STATE=CANONICAL;NEIGHBORING_DOMAIN=NO;PRE_ARXIV_ANCESTRY=NO;SOURCE_URLS=https://arxiv.org/abs/1106.4489v1|https://arxiv.org/pdf/1106.4489v1;VERSIONS=v1
PAPER-1304.4658	1304.4658	UNKNOWN	Personalized PageRank to a Target Node	Peter Lofgren|Ashish Goel	2013-04-17	2014-04-11	cs.DS|cs.SI	https://arxiv.org/abs/1304.4658v2	https://arxiv.org/pdf/1304.4658v2	UNKNOWN	v2	QRY-001|QRY-002|QRY-017|QRY-018|QRY-024	AQ-001|AQ-002|AQ-003|AQ-005|AQ-007|AQ-008|AQ-009|AQ-010|AQ-012	10	MR=4;RR=3;IS=0;BS=3;TR=0;FL=0;ND=0	METADATA_ONLY	D_THEORETICAL_OR_INCOMPLETE	UNKNOWN	NOT_ACQUIRED	NOT_ACQUIRED	ALIASES=1304.4658v2;ANCESTRY_DIRECTIONS=BACKWARD;ANCESTRY_RESOLUTION=RESOLVED;ANCESTRY_SEEDS=PAPER-2401.01019|PAPER-2404.16267;CITATION_DEPTH=1;DISCOVERY_ERAS=ALL;G03_AQ_LINKS=AQ-002|AQ-003|AQ-005|AQ-007|AQ-008|AQ-009|AQ-010|AQ-012;G03_SCREEN=DERIVED_INFERENCE_METADATA_ONLY;IDENTITY_STATE=CANONICAL;NEIGHBORING_DOMAIN=NO;OPENALEX_ID=UNKNOWN;PRE_ARXIV_ANCESTRY=NO;SEMANTIC_SCHOLAR_ID=1d386435c62cf21b6ea68a060c350f1b97161ada;SOURCE_URLS=https://arxiv.org/abs/1304.4658v2|https://arxiv.org/pdf/1304.4658v2;VERSIONS=v2
PAPER-1503.01322	1503.01322	10.1103/physreve.92.032801	Faster unfolding of communities: speeding up the Louvain algorithm	V. A. Traag	2015-03-04	2015-09-09	cs.DS|cs.SI|physics.soc-ph	https://arxiv.org/abs/1503.01322v2	https://arxiv.org/pdf/1503.01322v2	UNKNOWN	v2	QRY-011|QRY-012	AQ-001|AQ-006|AQ-008|AQ-009	10	MR=4;RR=0;IS=0;BS=6;TR=0;FL=0;ND=0	METADATA_ONLY	D_THEORETICAL_OR_INCOMPLETE	UNKNOWN	NOT_ACQUIRED	NOT_ACQUIRED	ALIASES=10.1103/physreve.92.032801|1503.01322v2;ANCESTRY_DIRECTIONS=BACKWARD;ANCESTRY_RESOLUTION=RESOLVED;ANCESTRY_SEEDS=PAPER-1810.08473;CITATION_DEPTH=1;DISCOVERY_ERAS=ALL;G03_AQ_LINKS=AQ-001|AQ-006|AQ-009;G03_SCREEN=DERIVED_INFERENCE_METADATA_ONLY;IDENTITY_STATE=CANONICAL;NEIGHBORING_DOMAIN=NO;OPENALEX_ID=UNKNOWN;PRE_ARXIV_ANCESTRY=NO;SEMANTIC_SCHOLAR_ID=b3b03f758f567a861258d2d20486b84848bb9022;SOURCE_URLS=https://arxiv.org/abs/1503.01322v2|https://arxiv.org/pdf/1503.01322v2|https://doi.org/10.1103/PhysRevE.92.032801;VERSIONS=v2
PAPER-1503.02773	1503.02773	UNKNOWN	Simpler, Linear-Time Transitive Orientation via Lexicographic Breadth-First Search	Marc Tedder	2015-03-10	2015-03-10	cs.DS	https://arxiv.org/abs/1503.02773v1	https://arxiv.org/pdf/1503.02773v1	UNKNOWN	v1	QRY-006	AQ-003|AQ-008	10	MR=4;RR=0;IS=0;BS=0;TR=6;FL=0;ND=0	METADATA_ONLY	D_THEORETICAL_OR_INCOMPLETE	UNKNOWN	NOT_ACQUIRED	NOT_ACQUIRED	ALIASES=1503.02773v1;DISCOVERY_ERAS=ALL;IDENTITY_STATE=CANONICAL;NEIGHBORING_DOMAIN=NO;PRE_ARXIV_ANCESTRY=NO;SOURCE_URLS=https://arxiv.org/abs/1503.02773v1|https://arxiv.org/pdf/1503.02773v1;VERSIONS=v1
PAPER-1505.00692	1505.00692	UNKNOWN	Dual Failure Resilient BFS Structure	Merav Parter	2015-05-04	2015-05-04	cs.DS	https://arxiv.org/abs/1505.00692v1	https://arxiv.org/pdf/1505.00692v1	UNKNOWN	v1	QRY-005	AQ-003	10	MR=8;RR=0;IS=0;BS=0;TR=0;FL=2;ND=0	METADATA_ONLY	D_THEORETICAL_OR_INCOMPLETE	UNKNOWN	NOT_ACQUIRED	NOT_ACQUIRED	ALIASES=1505.00692v1;DISCOVERY_ERAS=ALL;IDENTITY_STATE=CANONICAL;NEIGHBORING_DOMAIN=NO;PRE_ARXIV_ANCESTRY=NO;SOURCE_URLS=https://arxiv.org/abs/1505.00692v1|https://arxiv.org/pdf/1505.00692v1;VERSIONS=v1
PAPER-1507.05999	1507.05999	10.1145/2835776.2835823	Personalized PageRank Estimation and Search: A Bidirectional Approach	Peter Lofgren|Siddhartha Banerjee|Ashish Goel	2015-07-21	2015-12-15	cs.DS|cs.IR|cs.SI	https://arxiv.org/abs/1507.05999v3	https://arxiv.org/pdf/1507.05999v3	UNKNOWN	v3	QRY-003|QRY-004|QRY-017|QRY-024	AQ-002|AQ-003|AQ-007|AQ-008|AQ-009|AQ-010|AQ-012	10	MR=4;RR=0;IS=0;BS=6;TR=0;FL=0;ND=0	METADATA_ONLY	D_THEORETICAL_OR_INCOMPLETE	UNKNOWN	NOT_ACQUIRED	NOT_ACQUIRED	ALIASES=10.1145/2835776.2835823|1507.05999v3;ANCESTRY_DIRECTIONS=BACKWARD;ANCESTRY_RESOLUTION=RESOLVED;ANCESTRY_SEEDS=PAPER-2401.01019|PAPER-2404.16267;CITATION_DEPTH=1;DISCOVERY_ERAS=ALL;G03_AQ_LINKS=AQ-002|AQ-003|AQ-007|AQ-008|AQ-009|AQ-010|AQ-012;G03_SCREEN=DERIVED_INFERENCE_METADATA_ONLY;IDENTITY_STATE=CANONICAL;NEIGHBORING_DOMAIN=NO;OPENALEX_ID=UNKNOWN;PRE_ARXIV_ANCESTRY=NO;SEMANTIC_SCHOLAR_ID=f8067a60f7a0a871cb3bcfd257c2fabb03d9883a;SOURCE_URLS=https://arxiv.org/abs/1507.05999v3|https://arxiv.org/pdf/1507.05999v3|https://doi.org/10.1145/2835776.2835823;VERSIONS=v3
PAPER-1611.06615	1611.06615	UNKNOWN	FURL: Fixed-memory and Uncertainty Reducing Local Triangle Counting for Graph Streams	Minsoo Jung|Sunmin Lee|Yongsub Lim|U Kang	2016-11-21	2016-11-26	cs.DS	https://arxiv.org/abs/1611.06615v2	https://arxiv.org/pdf/1611.06615v2	UNKNOWN	v2	QRY-010	AQ-005|AQ-008	10	MR=4;RR=3;IS=0;BS=3;TR=0;FL=0;ND=0	METADATA_ONLY	D_THEORETICAL_OR_INCOMPLETE	UNKNOWN	NOT_ACQUIRED	NOT_ACQUIRED	ALIASES=1611.06615v2;DISCOVERY_ERAS=ALL;IDENTITY_STATE=CANONICAL;NEIGHBORING_DOMAIN=NO;PRE_ARXIV_ANCESTRY=NO;SOURCE_URLS=https://arxiv.org/abs/1611.06615v2|https://arxiv.org/pdf/1611.06615v2;VERSIONS=v2
PAPER-1612.01489	1612.01489	UNKNOWN	MCMC Louvain for Online Community Detection	Yves Darmaillac|Sébastien Loustau	2016-12-05	2016-12-05	cs.SI|physics.soc-ph|stat.ML	https://arxiv.org/abs/1612.01489v1	https://arxiv.org/pdf/1612.01489v1	UNKNOWN	v1	QRY-011	AQ-006	10	MR=4;RR=0;IS=0;BS=3;TR=3;FL=0;ND=0	METADATA_ONLY	D_THEORETICAL_OR_INCOMPLETE	UNKNOWN	NOT_ACQUIRED	NOT_ACQUIRED	ALIASES=1612.01489v1;DISCOVERY_ERAS=ALL;IDENTITY_STATE=CANONICAL;NEIGHBORING_DOMAIN=NO;PRE_ARXIV_ANCESTRY=NO;SOURCE_URLS=https://arxiv.org/abs/1612.01489v1|https://arxiv.org/pdf/1612.01489v1;VERSIONS=v1
PAPER-1702.04645	1702.04645	UNKNOWN	A parallel implementation of the Synchronised Louvain method	Benjamin Chiêm|Andine Havelange|Paul Van Dooren	2017-02-15	2017-02-15	cs.DC|cs.DS|cs.SI	https://arxiv.org/abs/1702.04645v1	https://arxiv.org/pdf/1702.04645v1	UNKNOWN	v1	QRY-012	AQ-006|AQ-008	10	MR=4;RR=0;IS=3;BS=3;TR=0;FL=0;ND=0	METADATA_ONLY	D_THEORETICAL_OR_INCOMPLETE	UNKNOWN	NOT_ACQUIRED	NOT_ACQUIRED	ALIASES=1702.04645v1;DISCOVERY_ERAS=ALL;IDENTITY_STATE=CANONICAL;NEIGHBORING_DOMAIN=NO;PRE_ARXIV_ANCESTRY=NO;SOURCE_URLS=https://arxiv.org/abs/1702.04645v1|https://arxiv.org/pdf/1702.04645v1;VERSIONS=v1
PAPER-1705.04590	1705.04590	UNKNOWN	Distributed-Memory Breadth-First Search on Massive Graphs	Aydin Buluc|Scott Beamer|Kamesh Madduri|Krste Asanovic|David Patterson	2017-05-10	2017-05-10	cs.DC	https://arxiv.org/abs/1705.04590v1	https://arxiv.org/pdf/1705.04590v1	UNKNOWN	v1	QRY-015|QRY-019	AQ-001|AQ-003|AQ-007|AQ-008|AQ-010|AQ-011	10	MR=4;RR=3;IS=0;BS=3;TR=0;FL=0;ND=0	METADATA_ONLY	D_THEORETICAL_OR_INCOMPLETE	UNKNOWN	NOT_ACQUIRED	NOT_ACQUIRED	ALIASES=1705.04590v1;ANCESTRY_DIRECTIONS=BACKWARD;ANCESTRY_RESOLUTION=RESOLVED;ANCESTRY_SEEDS=PAPER-2012.10026;CITATION_DEPTH=1;DISCOVERY_ERAS=ALL;G03_AQ_LINKS=AQ-001|AQ-003|AQ-007|AQ-008|AQ-010|AQ-011;G03_SCREEN=DERIVED_INFERENCE_METADATA_ONLY;IDENTITY_STATE=CANONICAL;NEIGHBORING_DOMAIN=NO;OPENALEX_ID=UNKNOWN;PRE_ARXIV_ANCESTRY=NO;SEMANTIC_SCHOLAR_ID=1da81b1430a4300f36b6eaf199e6281ab12510fa;SOURCE_URLS=https://arxiv.org/abs/1705.04590v1|https://arxiv.org/pdf/1705.04590v1;VERSIONS=v1
PAPER-1711.09148	1711.09148	UNKNOWN	Lower Bounds for Symbolic Computation on Graphs: Strongly Connected Components, Liveness, Safety, and Diameter	Krishnendu Chatterjee|Wolfgang Dvořák|Monika Henzinger|Veronika Loitzenbauer	2017-11-24	2017-11-24	cs.CC|cs.DS	https://arxiv.org/abs/1711.09148v1	https://arxiv.org/pdf/1711.09148v1	UNKNOWN	v1	QRY-008|QRY-016	AQ-004|AQ-008|AQ-010	10	MR=4;RR=3;IS=3;BS=0;TR=0;FL=0;ND=0	METADATA_ONLY	D_THEORETICAL_OR_INCOMPLETE	UNKNOWN	NOT_ACQUIRED	NOT_ACQUIRED	ALIASES=1711.09148v1;DISCOVERY_ERAS=ALL;IDENTITY_STATE=CANONICAL;NEIGHBORING_DOMAIN=NO;PRE_ARXIV_ANCESTRY=NO;SOURCE_URLS=https://arxiv.org/abs/1711.09148v1|https://arxiv.org/pdf/1711.09148v1;VERSIONS=v1
PAPER-1802.05387	1802.05387	UNKNOWN	Strongly connected components-Algorithm for finding the strongly connected components of a graph	Vlad-Andrei Munteanu	2018-02-15	2018-02-15	cs.DS	https://arxiv.org/abs/1802.05387v1	https://arxiv.org/pdf/1802.05387v1	UNKNOWN	v1	QRY-008|QRY-022	AQ-004|AQ-008|AQ-011	10	MR=4;RR=0;IS=3;BS=0;TR=3;FL=0;ND=0	METADATA_ONLY	D_THEORETICAL_OR_INCOMPLETE	UNKNOWN	NOT_ACQUIRED	NOT_ACQUIRED	ALIASES=1802.05387v1;DISCOVERY_ERAS=ALL;IDENTITY_STATE=CANONICAL;NEIGHBORING_DOMAIN=NO;PRE_ARXIV_ANCESTRY=NO;SOURCE_URLS=https://arxiv.org/abs/1802.05387v1|https://arxiv.org/pdf/1802.05387v1;VERSIONS=v1
PAPER-1804.03929	1804.03929	UNKNOWN	A synopsis of comparative metrics for classifications	Bernardo Lopo Tavares	2018-04-11	2018-04-11	cs.DS|q-bio.QM	https://arxiv.org/abs/1804.03929v1	https://arxiv.org/pdf/1804.03929v1	UNKNOWN	v1	QRY-013	AQ-007	10	MR=4;RR=3;IS=0;BS=0;TR=3;FL=0;ND=0	METADATA_ONLY	D_THEORETICAL_OR_INCOMPLETE	UNKNOWN	NOT_ACQUIRED	NOT_ACQUIRED	ALIASES=1804.03929v1;DISCOVERY_ERAS=ALL;IDENTITY_STATE=CANONICAL;NEIGHBORING_DOMAIN=NO;PRE_ARXIV_ANCESTRY=NO;SOURCE_URLS=https://arxiv.org/abs/1804.03929v1|https://arxiv.org/pdf/1804.03929v1;VERSIONS=v1
PAPER-2103.08053	2103.08053	10.1109/tpds.2021.3064892	TRUST: Triangle Counting Reloaded on GPUs	Santosh Pandey|Zhibin Wang|Sheng Zhong|Chen Tian|Bolong Zheng|Xiaoye Li|Lingda Li|Adolfy Hoisie|Caiwen Ding|Dong Li|Hang Liu	2021-03-14	2021-03-14	cs.DC|cs.SI	https://arxiv.org/abs/2103.08053v1	https://arxiv.org/pdf/2103.08053v1	UNKNOWN	v1	QRY-010	AQ-005|AQ-008	10	MR=4;RR=3;IS=0;BS=0;TR=3;FL=0;ND=0	METADATA_ONLY	D_THEORETICAL_OR_INCOMPLETE	UNKNOWN	NOT_ACQUIRED	NOT_ACQUIRED	ALIASES=10.1109/tpds.2021.3064892|2103.08053v1;DISCOVERY_ERAS=ALL;IDENTITY_STATE=CANONICAL;NEIGHBORING_DOMAIN=NO;PRE_ARXIV_ANCESTRY=NO;SOURCE_URLS=https://arxiv.org/abs/2103.08053v1|https://arxiv.org/pdf/2103.08053v1|https://doi.org/10.1109/TPDS.2021.3064892;VERSIONS=v1
PAPER-2305.02263	2305.02263	UNKNOWN	Triangle Counting with Local Edge Differential Privacy	Talya Eden|Quanquan C. Liu|Sofya Raskhodnikova|Adam Smith	2023-05-03	2025-08-14	cs.CR|cs.DS	https://arxiv.org/abs/2305.02263v3	https://arxiv.org/pdf/2305.02263v3	UNKNOWN	v3	QRY-009|QRY-010	AQ-005|AQ-008	10	MR=4;RR=3;IS=0;BS=0;TR=3;FL=0;ND=0	METADATA_ONLY	D_THEORETICAL_OR_INCOMPLETE	UNKNOWN	NOT_ACQUIRED	NOT_ACQUIRED	ALIASES=2305.02263v3;DISCOVERY_ERAS=ALL;IDENTITY_STATE=CANONICAL;NEIGHBORING_DOMAIN=NO;PRE_ARXIV_ANCESTRY=NO;SOURCE_URLS=https://arxiv.org/abs/2305.02263v3|https://arxiv.org/pdf/2305.02263v3;VERSIONS=v3
PAPER-2305.11053	2305.11053	UNKNOWN	(Noisy) Gap Cycle Counting Strikes Back: Random Order Streaming Lower Bounds for Connected Components and Beyond	Sepehr Assadi|Janani Sundaresan	2023-05-18	2023-05-18	cs.CC|cs.DS	https://arxiv.org/abs/2305.11053v1	https://arxiv.org/pdf/2305.11053v1	UNKNOWN	v1	QRY-016|QRY-022	AQ-004|AQ-008|AQ-010|AQ-011	10	MR=4;RR=3;IS=0;BS=0;TR=3;FL=0;ND=0	DEEP_READ	D_THEORETICAL_OR_INCOMPLETE	UNKNOWN	sources/papers/PAPER-2305.11053.pdf	3EF100BBD9791AE39749FEA4CB95F0F8CF2EF9FFBDE569C4367DD81DC5DF3D8E	ALIASES=2305.11053v1;ANCESTRY_RESOLUTION=UNAVAILABLE;BIBLIOGRAPHIC_VARIANTS=NONE;CITATION_DEPTH=0;DISCOVERY_ERAS=ALL;G03_SEED=YES;IDENTITY_STATE=CANONICAL;NEIGHBORING_DOMAIN=NO;OPENALEX_ID=UNKNOWN;OPENALEX_RESOLUTION=UNAVAILABLE;PRE_ARXIV_ANCESTRY=NO;SEMANTIC_SCHOLAR_ID=c7fb2cc2b20a0e67798f01c08efcffe419edf63b;SOURCE_URLS=https://arxiv.org/abs/2305.11053v1|https://arxiv.org/pdf/2305.11053v1;VERSIONS=v1;G04_ORIGINAL_PDF_URL=https://arxiv.org/pdf/2305.11053v1;G04_ORIGINAL_LICENSE_URI=UNKNOWN;LICENSE_UNKNOWN;G04_ACQUISITION_STATUS=ACQUIRED;G04_PARSE_STATUS=PARSED
PAPER-2312.02332	2312.02332	UNKNOWN	Connected Components in Linear Work and Near-Optimal Time	Alireza Farhadi|S. Cliff Liu|Elaine Shi	2023-12-04	2025-01-30	cs.DS	https://arxiv.org/abs/2312.02332v4	https://arxiv.org/pdf/2312.02332v4	UNKNOWN	v4	QRY-007|QRY-008|QRY-016|QRY-022|QRY-023	AQ-004|AQ-008|AQ-010|AQ-011|AQ-012	10	MR=4;RR=6;IS=0;BS=0;TR=0;FL=0;ND=0	METADATA_ONLY	D_THEORETICAL_OR_INCOMPLETE	UNKNOWN	NOT_ACQUIRED	NOT_ACQUIRED	ALIASES=2312.02332v4;DISCOVERY_ERAS=ALL;IDENTITY_STATE=CANONICAL;NEIGHBORING_DOMAIN=NO;PRE_ARXIV_ANCESTRY=NO;SOURCE_URLS=https://arxiv.org/abs/2312.02332v4|https://arxiv.org/pdf/2312.02332v4;VERSIONS=v4
PAPER-2403.05198	2403.05198	10.1109/tkde.2024.3376000	Efficient Algorithms for Personalized PageRank Computation: A Survey	Mingji Yang|Hanzhi Wang|Zhewei Wei|Sibo Wang|Ji-Rong Wen	2024-03-08	2024-03-08	cs.DS	https://arxiv.org/abs/2403.05198v1	https://arxiv.org/pdf/2403.05198v1	UNKNOWN	v1	QRY-001	AQ-001|AQ-002	10	MR=4;RR=0;IS=6;BS=0;TR=0;FL=0;ND=0	METADATA_ONLY	D_THEORETICAL_OR_INCOMPLETE	UNKNOWN	NOT_ACQUIRED	NOT_ACQUIRED	ALIASES=10.1109/tkde.2024.3376000|2403.05198v1;DISCOVERY_ERAS=ALL;IDENTITY_STATE=CANONICAL;NEIGHBORING_DOMAIN=NO;PRE_ARXIV_ANCESTRY=NO;SOURCE_URLS=https://arxiv.org/abs/2403.05198v1|https://arxiv.org/pdf/2403.05198v1|https://doi.org/10.1109/TKDE.2024.3376000;VERSIONS=v1
PAPER-2404.08299	2404.08299	UNKNOWN	Efficient GPU Implementation of Static and Incrementally Expanding DF-P PageRank for Dynamic Graphs	Subhajit Sahu	2024-04-12	2024-04-24	cs.DC|cs.SI	https://arxiv.org/abs/2404.08299v2	https://arxiv.org/pdf/2404.08299v2	UNKNOWN	v2	QRY-003|QRY-004|QRY-018|QRY-020	AQ-002|AQ-003|AQ-006|AQ-007|AQ-008|AQ-009|AQ-010|AQ-012	10	MR=4;RR=0;IS=3;BS=0;TR=3;FL=0;ND=0	METADATA_ONLY	D_THEORETICAL_OR_INCOMPLETE	UNKNOWN	NOT_ACQUIRED	NOT_ACQUIRED	ALIASES=2404.08299v2;ANCESTRY_DIRECTIONS=FORWARD;ANCESTRY_RESOLUTION=RESOLVED;ANCESTRY_SEEDS=PAPER-1709.07122;CITATION_DEPTH=1;DISCOVERY_ERAS=ALL;G03_AQ_LINKS=AQ-002|AQ-006|AQ-007|AQ-008|AQ-009|AQ-010|AQ-012;G03_SCREEN=DERIVED_INFERENCE_METADATA_ONLY;IDENTITY_STATE=CANONICAL;NEIGHBORING_DOMAIN=NO;OPENALEX_ID=UNKNOWN;PRE_ARXIV_ANCESTRY=NO;SEMANTIC_SCHOLAR_ID=b522e106638981c308b597b1be89f467104081bf;SOURCE_URLS=https://arxiv.org/abs/2404.08299v2|https://arxiv.org/pdf/2404.08299v2;VERSIONS=v2
PAPER-2405.11658	2405.11658	UNKNOWN	A Starting Point for Dynamic Community Detection with Leiden Algorithm	Subhajit Sahu	2024-05-19	2024-12-27	cs.DC|cs.SI	https://arxiv.org/abs/2405.11658v4	https://arxiv.org/pdf/2405.11658v4	UNKNOWN	v4	QRY-011	AQ-006	10	MR=4;RR=0;IS=3;BS=3;TR=0;FL=0;ND=0	METADATA_ONLY	D_THEORETICAL_OR_INCOMPLETE	UNKNOWN	NOT_ACQUIRED	NOT_ACQUIRED	ALIASES=2405.11658v4;DISCOVERY_ERAS=ALL;IDENTITY_STATE=CANONICAL;NEIGHBORING_DOMAIN=NO;PRE_ARXIV_ANCESTRY=NO;SOURCE_URLS=https://arxiv.org/abs/2405.11658v4|https://arxiv.org/pdf/2405.11658v4;VERSIONS=v4
PAPER-2501.02354	2501.02354	UNKNOWN	PrivDPR: Synthetic Graph Publishing with Deep PageRank under Differential Privacy	Sen Zhang|Haibo Hu|Qingqing Ye|Jianliang Xu	2025-01-04	2025-01-04	cs.CR|cs.DB	https://arxiv.org/abs/2501.02354v1	https://arxiv.org/pdf/2501.02354v1	UNKNOWN	v1	QRY-001	AQ-001|AQ-002	10	MR=4;RR=0;IS=0;BS=6;TR=0;FL=0;ND=0	METADATA_ONLY	D_THEORETICAL_OR_INCOMPLETE	UNKNOWN	NOT_ACQUIRED	NOT_ACQUIRED	ALIASES=2501.02354v1;DISCOVERY_ERAS=ALL;IDENTITY_STATE=CANONICAL;NEIGHBORING_DOMAIN=NO;PRE_ARXIV_ANCESTRY=NO;SOURCE_URLS=https://arxiv.org/abs/2501.02354v1|https://arxiv.org/pdf/2501.02354v1;VERSIONS=v1
PAPER-2501.19004	2501.19004	UNKNOWN	CPU vs. GPU for Community Detection: Performance Insights from GVE-Louvain and $ν$-Louvain	Subhajit Sahu	2025-01-31	2025-01-31	cs.DC|cs.SI	https://arxiv.org/abs/2501.19004v1	https://arxiv.org/pdf/2501.19004v1	UNKNOWN	v1	QRY-011|QRY-012	AQ-006|AQ-008	10	MR=4;RR=0;IS=3;BS=3;TR=0;FL=0;ND=0	METADATA_ONLY	D_THEORETICAL_OR_INCOMPLETE	UNKNOWN	NOT_ACQUIRED	NOT_ACQUIRED	ALIASES=2501.19004v1;DISCOVERY_ERAS=ALL;IDENTITY_STATE=CANONICAL;NEIGHBORING_DOMAIN=NO;PRE_ARXIV_ANCESTRY=NO;SOURCE_URLS=https://arxiv.org/abs/2501.19004v1|https://arxiv.org/pdf/2501.19004v1;VERSIONS=v1
PAPER-2502.18497	2502.18497	UNKNOWN	LD-Leiden: Local Parallel Community Detection in Large Dynamic Networks	Grigoriy Bokov|Aleksandr Konovalov|Anna Uporova|Stanislav Moiseev|Ivan Safonov|Alexander Radionov	2025-02-20	2026-07-10	cs.DC|cs.DM|cs.SI	https://arxiv.org/abs/2502.18497v2	https://arxiv.org/pdf/2502.18497v2	UNKNOWN	v2	QRY-011	AQ-006	10	MR=4;RR=0;IS=0;BS=3;TR=3;FL=0;ND=0	METADATA_ONLY	D_THEORETICAL_OR_INCOMPLETE	UNKNOWN	NOT_ACQUIRED	NOT_ACQUIRED	ALIASES=2502.18497v2;DISCOVERY_ERAS=ALL;IDENTITY_STATE=CANONICAL;NEIGHBORING_DOMAIN=NO;PRE_ARXIV_ANCESTRY=NO;SOURCE_URLS=https://arxiv.org/abs/2502.18497v2|https://arxiv.org/pdf/2502.18497v2;VERSIONS=v2
PAPER-2504.01574	2504.01574	UNKNOWN	Cutwidth Bounds via Vertex Partitions	Antoine Amarilli|Benoît Groz	2025-04-02	2025-04-03	cs.DM|cs.DS	https://arxiv.org/abs/2504.01574v2	https://arxiv.org/pdf/2504.01574v2	UNKNOWN	v2	QRY-016	AQ-004|AQ-008|AQ-010	10	MR=4;RR=3;IS=0;BS=0;TR=3;FL=0;ND=0	METADATA_ONLY	D_THEORETICAL_OR_INCOMPLETE	UNKNOWN	NOT_ACQUIRED	NOT_ACQUIRED	ALIASES=2504.01574v2;DISCOVERY_ERAS=ALL;IDENTITY_STATE=CANONICAL;NEIGHBORING_DOMAIN=NO;PRE_ARXIV_ANCESTRY=NO;SOURCE_URLS=https://arxiv.org/abs/2504.01574v2|https://arxiv.org/pdf/2504.01574v2;VERSIONS=v2
PAPER-2508.01257	2508.01257	10.1137/1.9781611978971.140	PageRank Centrality in Directed Graphs with Bounded In-Degree	Mikkel Thorup|Hanzhi Wang|Zhewei Wei|Mingji Yang	2025-08-02	2026-01-03	cs.DS	https://arxiv.org/abs/2508.01257v2	https://arxiv.org/pdf/2508.01257v2	UNKNOWN	v2	QRY-002	AQ-001|AQ-002|AQ-003|AQ-005|AQ-007|AQ-008|AQ-009|AQ-010|AQ-011|AQ-012	10	MR=4;RR=6;IS=0;BS=0;TR=0;FL=0;ND=0	METADATA_ONLY	D_THEORETICAL_OR_INCOMPLETE	UNKNOWN	NOT_ACQUIRED	NOT_ACQUIRED	ALIASES=10.1137/1.9781611978971.140|2508.01257v2;ANCESTRY_DIRECTIONS=FORWARD;ANCESTRY_RESOLUTION=RESOLVED;ANCESTRY_SEEDS=PAPER-2401.01019|PAPER-2404.16267;CITATION_DEPTH=1;DISCOVERY_ERAS=ALL;G03_AQ_LINKS=AQ-002|AQ-003|AQ-005|AQ-007|AQ-008|AQ-009|AQ-010|AQ-011|AQ-012;G03_SCREEN=DERIVED_INFERENCE_METADATA_ONLY;IDENTITY_STATE=CANONICAL;NEIGHBORING_DOMAIN=NO;OPENALEX_ID=UNKNOWN;PRE_ARXIV_ANCESTRY=NO;SEMANTIC_SCHOLAR_ID=3e37578e749d0fec46a21213fb5f78d3e4f14507;SOURCE_URLS=https://arxiv.org/abs/2508.01257v2|https://arxiv.org/pdf/2508.01257v2|https://doi.org/10.1137/1.9781611978971.140;VERSIONS=v2
PAPER-LEGACY-9776485ade08650f	cs/0702151	UNKNOWN	Succinct Sampling on Streams	Vladimir Braverman|Rafail Ostrovsky|Carlo Zaniolo	2007-02-25	2008-04-14	cs.DS	https://arxiv.org/abs/cs/0702151v3	https://arxiv.org/pdf/cs/0702151v3	UNKNOWN	v3	QRY-005|QRY-015	AQ-003|AQ-008	10	MR=4;RR=6;IS=0;BS=0;TR=0;FL=0;ND=0	METADATA_ONLY	D_THEORETICAL_OR_INCOMPLETE	UNKNOWN	NOT_ACQUIRED	NOT_ACQUIRED	ALIASES=cs/0702151v3;DISCOVERY_ERAS=2001_2010;IDENTITY_STATE=CANONICAL;NEIGHBORING_DOMAIN=NO;PRE_ARXIV_ANCESTRY=NO;SOURCE_URLS=https://arxiv.org/abs/cs/0702151v3|https://arxiv.org/pdf/cs/0702151v3;VERSIONS=v3
PAPER-1407.6755	1407.6755	UNKNOWN	Dynamic Set Intersection	Tsvi Kopelowitz|Seth Pettie|Ely Porat	2014-07-24	2015-05-05	cs.DS	https://arxiv.org/abs/1407.6755v2	https://arxiv.org/pdf/1407.6755v2	UNKNOWN	v2	QRY-009	AQ-005	9	MR=4;RR=3;IS=0;BS=0;TR=0;FL=2;ND=0	DEEP_READ	D_THEORETICAL_OR_INCOMPLETE	UNKNOWN	sources/papers/PAPER-1407.6755.pdf	CA9D0D4EA4DFF40D09738AF8F98D130B865122FC43BD5CEE76C6F04A4CFAFED4	ALIASES=1407.6755v2;ANCESTRY_RESOLUTION=UNAVAILABLE;BIBLIOGRAPHIC_VARIANTS=title mismatch;CITATION_DEPTH=0;DISCOVERY_ERAS=ALL;G03_SEED=YES;IDENTITY_STATE=CANONICAL;NEIGHBORING_DOMAIN=NO;OPENALEX_ID=UNKNOWN;OPENALEX_RESOLUTION=UNAVAILABLE;PRE_ARXIV_ANCESTRY=NO;SEMANTIC_SCHOLAR_ID=4ce4384f1cd62d9c6502fe7eb46ba5c699727500;SOURCE_URLS=https://arxiv.org/abs/1407.6755v2|https://arxiv.org/pdf/1407.6755v2;VERSIONS=v2;G04_ORIGINAL_PDF_URL=https://arxiv.org/pdf/1407.6755v2;G04_ORIGINAL_LICENSE_URI=UNKNOWN;LICENSE_UNKNOWN;G04_ACQUISITION_STATUS=ACQUIRED;G04_PARSE_STATUS=PARSED
PAPER-1507.08967	1507.08967	UNKNOWN	Distributed Algorithms for Finding Local Clusters Using Heat Kernel Pagerank	Fan Chung|Olivia Simpson	2015-07-31	2016-12-02	cs.DC	https://arxiv.org/abs/1507.08967v3	https://arxiv.org/pdf/1507.08967v3	UNKNOWN	v3	QRY-020	AQ-002|AQ-010	9	MR=4;RR=3;IS=0;BS=0;TR=0;FL=2;ND=0	METADATA_ONLY	D_THEORETICAL_OR_INCOMPLETE	UNKNOWN	NOT_ACQUIRED	NOT_ACQUIRED	ALIASES=1507.08967v3;DISCOVERY_ERAS=ALL;IDENTITY_STATE=CANONICAL;NEIGHBORING_DOMAIN=NO;PRE_ARXIV_ANCESTRY=NO;SOURCE_URLS=https://arxiv.org/abs/1507.08967v3|https://arxiv.org/pdf/1507.08967v3;VERSIONS=v3
PAPER-1610.04010	1610.04010	UNKNOWN	An efficient strongly connected components algorithm in the fault tolerant model	Surender Baswana|Keerti Choudhary|Liam Roditty	2016-10-13	2017-04-24	cs.DS	https://arxiv.org/abs/1610.04010v2	https://arxiv.org/pdf/1610.04010v2	UNKNOWN	v2	QRY-016|QRY-022|QRY-023	AQ-004|AQ-008|AQ-010|AQ-011|AQ-012	9	MR=4;RR=0;IS=0;BS=0;TR=3;FL=2;ND=0	METADATA_ONLY	D_THEORETICAL_OR_INCOMPLETE	UNKNOWN	NOT_ACQUIRED	NOT_ACQUIRED	ALIASES=1610.04010v2;DISCOVERY_ERAS=ALL;IDENTITY_STATE=CANONICAL;NEIGHBORING_DOMAIN=NO;PRE_ARXIV_ANCESTRY=NO;SOURCE_URLS=https://arxiv.org/abs/1610.04010v2|https://arxiv.org/pdf/1610.04010v2;VERSIONS=v2
PAPER-2305.06452	2305.06452	UNKNOWN	A Near-Optimal Deterministic Distributed Synchronizer	Mohsen Ghaffari|Anton Trygub	2023-05-10	2023-05-10	cs.DC|cs.DS	https://arxiv.org/abs/2305.06452v1	https://arxiv.org/pdf/2305.06452v1	UNKNOWN	v1	QRY-019	AQ-003|AQ-010	9	MR=4;RR=0;IS=0;BS=0;TR=3;FL=2;ND=0	METADATA_ONLY	D_THEORETICAL_OR_INCOMPLETE	UNKNOWN	NOT_ACQUIRED	NOT_ACQUIRED	ALIASES=2305.06452v1;DISCOVERY_ERAS=ALL;IDENTITY_STATE=CANONICAL;NEIGHBORING_DOMAIN=NO;PRE_ARXIV_ANCESTRY=NO;SOURCE_URLS=https://arxiv.org/abs/2305.06452v1|https://arxiv.org/pdf/2305.06452v1;VERSIONS=v1
PAPER-2307.13162	2307.13162	UNKNOWN	Estimating Single-Node PageRank in $\tilde{O}\left(\min\{d_t, \sqrt{m}\}\right)$ Time	Hanzhi Wang|Zhewei Wei	2023-07-24	2023-07-26	cs.DS	https://arxiv.org/abs/2307.13162v2	https://arxiv.org/pdf/2307.13162v2	UNKNOWN	v2	QRY-024	AQ-002|AQ-010|AQ-012	9	MR=4;RR=0;IS=0;BS=3;TR=0;FL=2;ND=0	METADATA_ONLY	D_THEORETICAL_OR_INCOMPLETE	UNKNOWN	NOT_ACQUIRED	NOT_ACQUIRED	ALIASES=2307.13162v2;DISCOVERY_ERAS=ALL;IDENTITY_STATE=CANONICAL;NEIGHBORING_DOMAIN=NO;PRE_ARXIV_ANCESTRY=NO;SOURCE_URLS=https://arxiv.org/abs/2307.13162v2|https://arxiv.org/pdf/2307.13162v2;VERSIONS=v2
PAPER-2311.04865	2311.04865	UNKNOWN	Computing the $5$-Edge-Connected Components in Linear Time	Evangelos Kosinas	2023-11-08	2023-11-08	cs.DS	https://arxiv.org/abs/2311.04865v1	https://arxiv.org/pdf/2311.04865v1	UNKNOWN	v1	QRY-007|QRY-023	AQ-004|AQ-012	9	MR=4;RR=0;IS=0;BS=0;TR=3;FL=2;ND=0	METADATA_ONLY	D_THEORETICAL_OR_INCOMPLETE	UNKNOWN	NOT_ACQUIRED	NOT_ACQUIRED	ALIASES=2311.04865v1;DISCOVERY_ERAS=ALL;IDENTITY_STATE=CANONICAL;NEIGHBORING_DOMAIN=NO;PRE_ARXIV_ANCESTRY=NO;SOURCE_URLS=https://arxiv.org/abs/2311.04865v1|https://arxiv.org/pdf/2311.04865v1;VERSIONS=v1
PAPER-2512.16087	2512.16087	UNKNOWN	Instance-Optimality of Bidirectional PageRank Estimation	Mikkel Thorup|Hanzhi Wang	2025-12-18	2026-08-03	cs.DS	https://arxiv.org/abs/2512.16087v6	https://arxiv.org/pdf/2512.16087v6	UNKNOWN	v6	QRY-002|QRY-017|QRY-024	AQ-001|AQ-002|AQ-009|AQ-010|AQ-012	9	MR=4;RR=3;IS=0;BS=0;TR=0;FL=2;ND=0	METADATA_ONLY	D_THEORETICAL_OR_INCOMPLETE	UNKNOWN	NOT_ACQUIRED	NOT_ACQUIRED	ALIASES=2512.16087v6;DISCOVERY_ERAS=ALL;IDENTITY_STATE=CANONICAL;NEIGHBORING_DOMAIN=NO;PRE_ARXIV_ANCESTRY=NO;SOURCE_URLS=https://arxiv.org/abs/2512.16087v6|https://arxiv.org/pdf/2512.16087v6;VERSIONS=v6
PAPER-2602.10843	2602.10843	UNKNOWN	Personalized PageRank Estimation in Undirected Graphs	Christian Bertram|Mads Vestergaard Jensen	2026-02-11	2026-02-11	cs.DS	https://arxiv.org/abs/2602.10843v1	https://arxiv.org/pdf/2602.10843v1	UNKNOWN	v1	QRY-024	AQ-002|AQ-010|AQ-012	9	MR=4;RR=3;IS=0;BS=0;TR=0;FL=2;ND=0	METADATA_ONLY	D_THEORETICAL_OR_INCOMPLETE	UNKNOWN	NOT_ACQUIRED	NOT_ACQUIRED	ALIASES=2602.10843v1;DISCOVERY_ERAS=ALL;IDENTITY_STATE=CANONICAL;NEIGHBORING_DOMAIN=NO;PRE_ARXIV_ANCESTRY=NO;SOURCE_URLS=https://arxiv.org/abs/2602.10843v1|https://arxiv.org/pdf/2602.10843v1;VERSIONS=v1
PAPER-2606.31572	2606.31572	UNKNOWN	FormIDEAble: Safe and Socially-aware Autonomous Systems	Livia Lestingi|Amel Bennaceur|Marcello M. Bersani|Carlos Gavidia-Calderon|Anastasia Kordoni|Mark Levine|Bashar Nuseibeh|Matteo Rossi	2026-06-30	2026-06-30	cs.SE	https://arxiv.org/abs/2606.31572v1	https://arxiv.org/pdf/2606.31572v1	UNKNOWN	v1	QRY-021	AQ-003|AQ-011	9	MR=0;RR=3;IS=3;BS=3;TR=0;FL=0;ND=0	METADATA_ONLY	D_THEORETICAL_OR_INCOMPLETE	UNKNOWN	NOT_ACQUIRED	NOT_ACQUIRED	ALIASES=2606.31572v1;DISCOVERY_ERAS=ALL;IDENTITY_STATE=CANONICAL;NEIGHBORING_DOMAIN=NO;PRE_ARXIV_ANCESTRY=NO;SOURCE_URLS=https://arxiv.org/abs/2606.31572v1|https://arxiv.org/pdf/2606.31572v1;VERSIONS=v1
PAPER-LEGACY-11c07ae0b2598cf3	math/0607411	UNKNOWN	Extending the scalars of minimizations	Gérard Duchamp|Eric Laugerotte|Jean-Gabriel Luque	2006-07-18	2006-07-18	cs.DS|cs.SC|math.CO	https://arxiv.org/abs/math/0607411v1	https://arxiv.org/pdf/math/0607411v1	UNKNOWN	v1	QRY-005|QRY-006|QRY-015	AQ-003|AQ-008	9	MR=0;RR=3;IS=3;BS=0;TR=3;FL=0;ND=0	METADATA_ONLY	D_THEORETICAL_OR_INCOMPLETE	UNKNOWN	NOT_ACQUIRED	NOT_ACQUIRED	ALIASES=math/0607411v1;DISCOVERY_ERAS=2001_2010;IDENTITY_STATE=CANONICAL;NEIGHBORING_DOMAIN=NO;PRE_ARXIV_ANCESTRY=NO;SOURCE_URLS=https://arxiv.org/abs/math/0607411v1|https://arxiv.org/pdf/math/0607411v1;VERSIONS=v1
PAPER-1802.09478	1802.09478	UNKNOWN	In-database connected component analysis	Harald Bögeholz|Michael Brand|Radu-Alexandru Todor	2018-02-26	2019-10-17	cs.DC|cs.DS	https://arxiv.org/abs/1802.09478v2	https://arxiv.org/pdf/1802.09478v2	UNKNOWN	v2	QRY-023	AQ-004|AQ-012	8	MR=4;RR=0;IS=0;BS=3;TR=0;FL=0;ND=1	METADATA_ONLY	D_THEORETICAL_OR_INCOMPLETE	UNKNOWN	NOT_ACQUIRED	NOT_ACQUIRED	ALIASES=1802.09478v2;DISCOVERY_ERAS=ALL;IDENTITY_STATE=CANONICAL;NEIGHBORING_DOMAIN=YES;PRE_ARXIV_ANCESTRY=NO;SOURCE_URLS=https://arxiv.org/abs/1802.09478v2|https://arxiv.org/pdf/1802.09478v2;VERSIONS=v2
PAPER-2204.11137	2204.11137	UNKNOWN	Evaluating regular path queries under the all-shortest paths semantics	Domagoj Vrgoč	2022-04-23	2023-02-02	cs.DB	https://arxiv.org/abs/2204.11137v3	https://arxiv.org/pdf/2204.11137v3	UNKNOWN	v3	QRY-021	AQ-003|AQ-011	8	MR=8;RR=0;IS=0;BS=0;TR=0;FL=0;ND=0	DEEP_READ	D_THEORETICAL_OR_INCOMPLETE	UNKNOWN	sources/papers/PAPER-2204.11137.pdf	DC9AB8C66CAC15BBBC11ECD180E89D0833AB2701A36FD69E6E6174D4F041A1C5	ALIASES=2204.11137v3;ANCESTRY_RESOLUTION=UNAVAILABLE;BIBLIOGRAPHIC_VARIANTS=NONE;CITATION_DEPTH=0;DISCOVERY_ERAS=ALL;G03_SEED=YES;IDENTITY_STATE=CANONICAL;NEIGHBORING_DOMAIN=NO;OPENALEX_ID=UNKNOWN;OPENALEX_RESOLUTION=UNAVAILABLE;PRE_ARXIV_ANCESTRY=NO;SEMANTIC_SCHOLAR_ID=462f0d645a646f8df8ae20870140dda3cbb9e4ad;SOURCE_URLS=https://arxiv.org/abs/2204.11137v3|https://arxiv.org/pdf/2204.11137v3;VERSIONS=v3;G04_ORIGINAL_PDF_URL=https://arxiv.org/pdf/2204.11137v3;G04_ORIGINAL_LICENSE_URI=UNKNOWN;LICENSE_UNKNOWN;G04_ACQUISITION_STATUS=ACQUIRED;G04_PARSE_STATUS=PARSED
PAPER-2404.05664	2404.05664	UNKNOWN	BFS versus DFS for fixed-level targets in ordered trees	Stoyan Dimitrov|Martin Minchev|Yan Zhuang	2024-04-08	2026-07-10	cs.DM|cs.DS|math.CO|math.PR	https://arxiv.org/abs/2404.05664v2	https://arxiv.org/pdf/2404.05664v2	UNKNOWN	v2	QRY-005	AQ-003	8	MR=8;RR=0;IS=0;BS=0;TR=0;FL=0;ND=0	METADATA_ONLY	D_THEORETICAL_OR_INCOMPLETE	UNKNOWN	NOT_ACQUIRED	NOT_ACQUIRED	ALIASES=2404.05664v2;DISCOVERY_ERAS=ALL;IDENTITY_STATE=CANONICAL;NEIGHBORING_DOMAIN=NO;PRE_ARXIV_ANCESTRY=NO;SOURCE_URLS=https://arxiv.org/abs/2404.05664v2|https://arxiv.org/pdf/2404.05664v2;VERSIONS=v2
PAPER-LEGACY-4da84364e8caf317	cs/0602013	UNKNOWN	An Optimal Distributed Edge-Biconnectivity Algorithm	David Pritchard	2006-02-05	2006-02-05	cs.DC	https://arxiv.org/abs/cs/0602013v1	https://arxiv.org/pdf/cs/0602013v1	UNKNOWN	v1	QRY-006|QRY-019|QRY-025	AQ-003|AQ-008|AQ-010|AQ-011	8	MR=8;RR=0;IS=0;BS=0;TR=0;FL=0;ND=0	METADATA_ONLY	D_THEORETICAL_OR_INCOMPLETE	UNKNOWN	NOT_ACQUIRED	NOT_ACQUIRED	ALIASES=cs/0602013v1;DISCOVERY_ERAS=2001_2010;IDENTITY_STATE=CANONICAL;NEIGHBORING_DOMAIN=NO;PRE_ARXIV_ANCESTRY=NO;SOURCE_URLS=https://arxiv.org/abs/cs/0602013v1|https://arxiv.org/pdf/cs/0602013v1;VERSIONS=v1
PAPER-0811.3723	0811.3723	UNKNOWN	Tight Approximation Ratio of a General Greedy Splitting Algorithm for the Minimum k-Way Cut Problem	Mingyu Xiao|Leizhen Cai|Andrew C. Yao	2008-11-23	2008-11-23	cs.DM|cs.DS	https://arxiv.org/abs/0811.3723v1	https://arxiv.org/pdf/0811.3723v1	UNKNOWN	v1	QRY-007|QRY-008|QRY-016|QRY-022	AQ-004|AQ-008|AQ-010|AQ-011	7	MR=4;RR=3;IS=0;BS=0;TR=0;FL=0;ND=0	METADATA_ONLY	D_THEORETICAL_OR_INCOMPLETE	UNKNOWN	NOT_ACQUIRED	NOT_ACQUIRED	ALIASES=0811.3723v1;DISCOVERY_ERAS=2001_2010;IDENTITY_STATE=CANONICAL;NEIGHBORING_DOMAIN=NO;PRE_ARXIV_ANCESTRY=NO;SOURCE_URLS=https://arxiv.org/abs/0811.3723v1|https://arxiv.org/pdf/0811.3723v1;VERSIONS=v1
PAPER-0909.2814	0909.2814	10.1007/s00453-011-9492-7	Graph-based data clustering: a quadratic-vertex problem kernel for s-Plex Cluster Vertex Deletion	René van Bevern	2009-09-15	2009-09-15	cs.DM|cs.DS	https://arxiv.org/abs/0909.2814v1	https://arxiv.org/pdf/0909.2814v1	UNKNOWN	v1	QRY-007|QRY-008|QRY-016|QRY-022	AQ-004|AQ-008|AQ-010|AQ-011	7	MR=4;RR=3;IS=0;BS=0;TR=0;FL=0;ND=0	METADATA_ONLY	D_THEORETICAL_OR_INCOMPLETE	UNKNOWN	NOT_ACQUIRED	NOT_ACQUIRED	ALIASES=0909.2814v1|10.1007/s00453-011-9492-7;DISCOVERY_ERAS=2001_2010;IDENTITY_STATE=CANONICAL;NEIGHBORING_DOMAIN=NO;PRE_ARXIV_ANCESTRY=NO;SOURCE_URLS=https://arxiv.org/abs/0909.2814v1|https://arxiv.org/pdf/0909.2814v1|https://doi.org/10.1007/s00453-011-9492-7;VERSIONS=v1
PAPER-0911.2280	0911.2280	10.1016/j.dam.2014.01.007	PageRank Optimization by Edge Selection	Balázs Csanád Csáji|Raphaël M. Jungers|Vincent D. Blondel	2009-11-12	2012-01-18	cs.CC|cs.DS|cs.SI	https://arxiv.org/abs/0911.2280v2	https://arxiv.org/pdf/0911.2280v2	UNKNOWN	v2	QRY-002|QRY-003|QRY-004|QRY-017|QRY-018|QRY-024	AQ-001|AQ-002|AQ-003|AQ-008|AQ-009|AQ-010|AQ-012	7	MR=4;RR=3;IS=0;BS=0;TR=0;FL=0;ND=0	METADATA_ONLY	D_THEORETICAL_OR_INCOMPLETE	UNKNOWN	NOT_ACQUIRED	NOT_ACQUIRED	ALIASES=0911.2280v2|10.1016/j.dam.2014.01.007;DISCOVERY_ERAS=2001_2010|ALL;IDENTITY_STATE=CANONICAL;NEIGHBORING_DOMAIN=NO;PRE_ARXIV_ANCESTRY=NO;SOURCE_URLS=https://arxiv.org/abs/0911.2280v2|https://arxiv.org/pdf/0911.2280v2|https://doi.org/10.1016/j.dam.2014.01.007;VERSIONS=v2
PAPER-1001.3727	1001.3727	UNKNOWN	Fault Tolerance in Real Time Multiprocessors - Embedded Systems	A. Christy Persya|T. R. Gopalakrishnan Nair	2010-01-21	2010-01-21	cs.OS	https://arxiv.org/abs/1001.3727v1	https://arxiv.org/pdf/1001.3727v1	UNKNOWN	v1	QRY-015	AQ-003|AQ-008	7	MR=0;RR=0;IS=3;BS=0;TR=3;FL=0;ND=1	METADATA_ONLY	D_THEORETICAL_OR_INCOMPLETE	UNKNOWN	NOT_ACQUIRED	NOT_ACQUIRED	ALIASES=1001.3727v1;DISCOVERY_ERAS=2001_2010;IDENTITY_STATE=CANONICAL;NEIGHBORING_DOMAIN=YES;PRE_ARXIV_ANCESTRY=NO;SOURCE_URLS=https://arxiv.org/abs/1001.3727v1|https://arxiv.org/pdf/1001.3727v1;VERSIONS=v1
PAPER-1006.1921	1006.1921	UNKNOWN	Cloning Voronoi Diagrams via Retroactive Data Structures	Matthew T. Dickerson|David Eppstein|Michael T. Goodrich	2010-06-09	2010-06-09	cs.CG|cs.CR|cs.DS	https://arxiv.org/abs/1006.1921v1	https://arxiv.org/pdf/1006.1921v1	UNKNOWN	v1	QRY-014	AQ-007|AQ-008	7	MR=0;RR=3;IS=0;BS=0;TR=3;FL=0;ND=1	METADATA_ONLY	D_THEORETICAL_OR_INCOMPLETE	UNKNOWN	NOT_ACQUIRED	NOT_ACQUIRED	ALIASES=1006.1921v1;DISCOVERY_ERAS=2001_2010;IDENTITY_STATE=CANONICAL;NEIGHBORING_DOMAIN=YES;PRE_ARXIV_ANCESTRY=NO;SOURCE_URLS=https://arxiv.org/abs/1006.1921v1|https://arxiv.org/pdf/1006.1921v1;VERSIONS=v1
PAPER-1011.4955	1011.4955	UNKNOWN	Reverse Nearest Neighbors Search in High Dimensions using Locality-Sensitive Hashing	David Arthur|Steve Y. Oudot	2010-11-22	2010-11-22	cs.CG|cs.DS	https://arxiv.org/abs/1011.4955v1	https://arxiv.org/pdf/1011.4955v1	UNKNOWN	v1	QRY-014	AQ-007|AQ-008	7	MR=4;RR=3;IS=0;BS=0;TR=0;FL=0;ND=0	METADATA_ONLY	D_THEORETICAL_OR_INCOMPLETE	UNKNOWN	NOT_ACQUIRED	NOT_ACQUIRED	ALIASES=1011.4955v1;DISCOVERY_ERAS=2001_2010;IDENTITY_STATE=CANONICAL;NEIGHBORING_DOMAIN=NO;PRE_ARXIV_ANCESTRY=NO;SOURCE_URLS=https://arxiv.org/abs/1011.4955v1|https://arxiv.org/pdf/1011.4955v1;VERSIONS=v1
PAPER-1202.2771	1202.2771	UNKNOWN	Multi-Scale Matrix Sampling and Sublinear-Time PageRank Computation	Christian Borgs|Michael Brautbar|Jennifer Chayes|Shang-Hua Teng	2012-02-13	2013-05-28	cs.DS|cs.SI	https://arxiv.org/abs/1202.2771v5	https://arxiv.org/pdf/1202.2771v5	UNKNOWN	v5	QRY-002|QRY-017|QRY-018	AQ-001|AQ-002|AQ-003|AQ-009	7	MR=4;RR=3;IS=0;BS=0;TR=0;FL=0;ND=0	METADATA_ONLY	D_THEORETICAL_OR_INCOMPLETE	UNKNOWN	NOT_ACQUIRED	NOT_ACQUIRED	ALIASES=1202.2771v5;DISCOVERY_ERAS=ALL;IDENTITY_STATE=CANONICAL;NEIGHBORING_DOMAIN=NO;PRE_ARXIV_ANCESTRY=NO;SOURCE_URLS=https://arxiv.org/abs/1202.2771v5|https://arxiv.org/pdf/1202.2771v5;VERSIONS=v5
PAPER-1204.5500	1204.5500	10.1016/j.ipl.2013.11.006	On the Complexity of the Monte Carlo Method for Incremental PageRank	Peter Lofgren	2012-04-24	2014-04-12	cs.DS	https://arxiv.org/abs/1204.5500v2	https://arxiv.org/pdf/1204.5500v2	UNKNOWN	v2	QRY-001|QRY-004|QRY-018	AQ-001|AQ-002|AQ-003|AQ-007|AQ-008|AQ-009|AQ-010|AQ-012	7	MR=4;RR=0;IS=0;BS=0;TR=3;FL=0;ND=0	METADATA_ONLY	D_THEORETICAL_OR_INCOMPLETE	UNKNOWN	NOT_ACQUIRED	NOT_ACQUIRED	ALIASES=10.1016/j.ipl.2013.11.006|1204.5500v2;ANCESTRY_DIRECTIONS=BACKWARD;ANCESTRY_RESOLUTION=RESOLVED;ANCESTRY_SEEDS=PAPER-2404.16267;CITATION_DEPTH=1;DISCOVERY_ERAS=ALL;G03_AQ_LINKS=AQ-002|AQ-007|AQ-008|AQ-009|AQ-010|AQ-012;G03_SCREEN=DERIVED_INFERENCE_METADATA_ONLY;IDENTITY_STATE=CANONICAL;NEIGHBORING_DOMAIN=NO;OPENALEX_ID=UNKNOWN;PRE_ARXIV_ANCESTRY=NO;SEMANTIC_SCHOLAR_ID=1e57687dd0a58b3300c2eac82829232e480a28bd;SOURCE_URLS=https://arxiv.org/abs/1204.5500v2|https://arxiv.org/pdf/1204.5500v2|https://doi.org/10.1016/j.ipl.2013.11.006;VERSIONS=v2
PAPER-1205.1960	1205.1960	10.1016/j.ipl.2015.02.015	A Note on the PageRank of Undirected Graphs	Vince Grolmusz	2012-05-09	2012-06-05	cs.DM|cs.DS	https://arxiv.org/abs/1205.1960v2	https://arxiv.org/pdf/1205.1960v2	UNKNOWN	v2	QRY-001|QRY-002|QRY-003|QRY-004|QRY-018	AQ-001|AQ-002|AQ-003|AQ-008|AQ-009	7	MR=4;RR=0;IS=0;BS=0;TR=3;FL=0;ND=0	METADATA_ONLY	D_THEORETICAL_OR_INCOMPLETE	UNKNOWN	NOT_ACQUIRED	NOT_ACQUIRED	ALIASES=10.1016/j.ipl.2015.02.015|1205.1960v2;DISCOVERY_ERAS=ALL;IDENTITY_STATE=CANONICAL;NEIGHBORING_DOMAIN=NO;PRE_ARXIV_ANCESTRY=NO;SOURCE_URLS=https://arxiv.org/abs/1205.1960v2|https://arxiv.org/pdf/1205.1960v2|https://doi.org/10.1016/j.ipl.2015.02.015;VERSIONS=v2
PAPER-1208.3071	1208.3071	10.1016/j.tcs.2014.04.003	Fast Distributed PageRank Computation	Atish Das Sarma|Anisur Rahaman Molla|Gopal Pandurangan|Eli Upfal	2012-08-15	2015-11-25	cs.DC|cs.DS	https://arxiv.org/abs/1208.3071v2	https://arxiv.org/pdf/1208.3071v2	UNKNOWN	v2	QRY-001|QRY-003|QRY-004|QRY-018|QRY-020	AQ-001|AQ-002|AQ-003|AQ-008|AQ-009|AQ-010	7	MR=4;RR=0;IS=3;BS=0;TR=0;FL=0;ND=0	METADATA_ONLY	D_THEORETICAL_OR_INCOMPLETE	UNKNOWN	NOT_ACQUIRED	NOT_ACQUIRED	ALIASES=10.1016/j.tcs.2014.04.003|1208.3071v2;DISCOVERY_ERAS=ALL;IDENTITY_STATE=CANONICAL;NEIGHBORING_DOMAIN=NO;PRE_ARXIV_ANCESTRY=NO;SOURCE_URLS=https://arxiv.org/abs/1208.3071v2|https://arxiv.org/pdf/1208.3071v2|https://doi.org/10.1016/j.tcs.2014.04.003;VERSIONS=v2
PAPER-1304.4661	1304.4661	UNKNOWN	Fast Exact Shortest-Path Distance Queries on Large Networks by Pruned Landmark Labeling	Takuya Akiba|Yoichi Iwata|Yuichi Yoshida	2013-04-17	2013-04-17	cs.DB|cs.DS	https://arxiv.org/abs/1304.4661v1	https://arxiv.org/pdf/1304.4661v1	UNKNOWN	v1	QRY-021	AQ-003|AQ-011	7	MR=4;RR=0;IS=0;BS=3;TR=0;FL=0;ND=0	METADATA_ONLY	D_THEORETICAL_OR_INCOMPLETE	UNKNOWN	NOT_ACQUIRED	NOT_ACQUIRED	ALIASES=1304.4661v1;DISCOVERY_ERAS=ALL;IDENTITY_STATE=CANONICAL;NEIGHBORING_DOMAIN=NO;PRE_ARXIV_ANCESTRY=NO;SOURCE_URLS=https://arxiv.org/abs/1304.4661v1|https://arxiv.org/pdf/1304.4661v1;VERSIONS=v1
PAPER-1404.3181	1404.3181	UNKNOWN	FAST-PPR: Scaling Personalized PageRank Estimation for Large Graphs	Peter Lofgren|Siddhartha Banerjee|Ashish Goel|C. Seshadhri	2014-04-11	2014-08-22	cs.DS|cs.SI	https://arxiv.org/abs/1404.3181v2	https://arxiv.org/pdf/1404.3181v2	UNKNOWN	v2	QRY-024	AQ-002|AQ-003|AQ-007|AQ-008|AQ-009|AQ-010|AQ-012	7	MR=4;RR=3;IS=0;BS=0;TR=0;FL=0;ND=0	METADATA_ONLY	D_THEORETICAL_OR_INCOMPLETE	UNKNOWN	NOT_ACQUIRED	NOT_ACQUIRED	ALIASES=1404.3181v2;ANCESTRY_DIRECTIONS=BACKWARD;ANCESTRY_RESOLUTION=RESOLVED;ANCESTRY_SEEDS=PAPER-2104.09616|PAPER-2401.01019|PAPER-2404.16267;CITATION_DEPTH=1;DISCOVERY_ERAS=ALL;G03_AQ_LINKS=AQ-002|AQ-003|AQ-007|AQ-008|AQ-009|AQ-010|AQ-012;G03_SCREEN=DERIVED_INFERENCE_METADATA_ONLY;IDENTITY_STATE=CANONICAL;NEIGHBORING_DOMAIN=NO;OPENALEX_ID=UNKNOWN;PRE_ARXIV_ANCESTRY=NO;SEMANTIC_SCHOLAR_ID=3105c03f6ee3135ac6b649ed6313ae0e6c0eb8fc;SOURCE_URLS=https://arxiv.org/abs/1404.3181v2|https://arxiv.org/pdf/1404.3181v2;VERSIONS=v2
PAPER-1404.4696	1404.4696	UNKNOWN	Triangle counting in dynamic graph streams	Laurent Bulteau|Vincent Froese|Konstantin Kutzkov|Rasmus Pagh	2014-04-18	2015-07-14	cs.DS	https://arxiv.org/abs/1404.4696v5	https://arxiv.org/pdf/1404.4696v5	UNKNOWN	v5	QRY-009	AQ-005	7	MR=4;RR=3;IS=0;BS=0;TR=0;FL=0;ND=0	METADATA_ONLY	D_THEORETICAL_OR_INCOMPLETE	UNKNOWN	NOT_ACQUIRED	NOT_ACQUIRED	ALIASES=1404.4696v5;DISCOVERY_ERAS=ALL;IDENTITY_STATE=CANONICAL;NEIGHBORING_DOMAIN=NO;PRE_ARXIV_ANCESTRY=NO;SOURCE_URLS=https://arxiv.org/abs/1404.4696v5|https://arxiv.org/pdf/1404.4696v5;VERSIONS=v5
PAPER-1503.03155	1503.03155	UNKNOWN	Computing Heat Kernel Pagerank and a Local Clustering Algorithm	Fan Chung|Olivia Simpson	2015-03-11	2016-12-15	cs.DS	https://arxiv.org/abs/1503.03155v3	https://arxiv.org/pdf/1503.03155v3	UNKNOWN	v3	QRY-003|QRY-004|QRY-018	AQ-002|AQ-003|AQ-008|AQ-009	7	MR=4;RR=3;IS=0;BS=0;TR=0;FL=0;ND=0	METADATA_ONLY	D_THEORETICAL_OR_INCOMPLETE	UNKNOWN	NOT_ACQUIRED	NOT_ACQUIRED	ALIASES=1503.03155v3;DISCOVERY_ERAS=ALL;IDENTITY_STATE=CANONICAL;NEIGHBORING_DOMAIN=NO;PRE_ARXIV_ANCESTRY=NO;SOURCE_URLS=https://arxiv.org/abs/1503.03155v3|https://arxiv.org/pdf/1503.03155v3;VERSIONS=v3
PAPER-1602.02358	1602.02358	UNKNOWN	NED: An Inter-Graph Node Metric Based On Edit Distance	Haohan Zhu|Xianrui Meng|George Kollios	2016-02-07	2016-02-16	cs.DB|cs.LG|cs.SI	https://arxiv.org/abs/1602.02358v3	https://arxiv.org/pdf/1602.02358v3	UNKNOWN	v3	QRY-013	AQ-007	7	MR=4;RR=0;IS=0;BS=0;TR=3;FL=0;ND=0	METADATA_ONLY	D_THEORETICAL_OR_INCOMPLETE	UNKNOWN	NOT_ACQUIRED	NOT_ACQUIRED	ALIASES=1602.02358v3;DISCOVERY_ERAS=ALL;IDENTITY_STATE=CANONICAL;NEIGHBORING_DOMAIN=NO;PRE_ARXIV_ANCESTRY=NO;SOURCE_URLS=https://arxiv.org/abs/1602.02358v3|https://arxiv.org/pdf/1602.02358v3;VERSIONS=v3
PAPER-1710.09961	1710.09961	UNKNOWN	Edge-Based Wedge Sampling to Estimate Triangle Counts in Very Large Graphs	Duru Türkoğlu|Ata Turk	2017-10-27	2017-10-27	cs.DS	https://arxiv.org/abs/1710.09961v1	https://arxiv.org/pdf/1710.09961v1	UNKNOWN	v1	QRY-010	AQ-005|AQ-008	7	MR=4;RR=0;IS=0;BS=0;TR=3;FL=0;ND=0	METADATA_ONLY	D_THEORETICAL_OR_INCOMPLETE	UNKNOWN	NOT_ACQUIRED	NOT_ACQUIRED	ALIASES=1710.09961v1;DISCOVERY_ERAS=ALL;IDENTITY_STATE=CANONICAL;NEIGHBORING_DOMAIN=NO;PRE_ARXIV_ANCESTRY=NO;SOURCE_URLS=https://arxiv.org/abs/1710.09961v1|https://arxiv.org/pdf/1710.09961v1;VERSIONS=v1
PAPER-1811.01997	1811.01997	10.1016/j.tcs.2020.05.035	The Sparsest Additive Spanner via Multiple Weighted BFS Trees	Keren Censor-Hillel|Ami Paz|Noam Ravid	2018-11-05	2020-06-02	cs.DC|cs.DS	https://arxiv.org/abs/1811.01997v2	https://arxiv.org/pdf/1811.01997v2	UNKNOWN	v2	QRY-025	AQ-003|AQ-008|AQ-010|AQ-011	7	MR=4;RR=0;IS=3;BS=0;TR=0;FL=0;ND=0	METADATA_ONLY	D_THEORETICAL_OR_INCOMPLETE	UNKNOWN	NOT_ACQUIRED	NOT_ACQUIRED	ALIASES=10.1016/j.tcs.2020.05.035|1811.01997v2;DISCOVERY_ERAS=ALL;IDENTITY_STATE=CANONICAL;NEIGHBORING_DOMAIN=NO;PRE_ARXIV_ANCESTRY=NO;SOURCE_URLS=https://arxiv.org/abs/1811.01997v2|https://arxiv.org/pdf/1811.01997v2|https://doi.org/10.1016/j.tcs.2020.05.035;VERSIONS=v2
PAPER-1811.04425	1811.04425	UNKNOWN	Faster sublinear approximations of $k$-cliques for low arboricity graphs	Talya Eden|Dana Ron|C. Seshadhri	2018-11-11	2018-11-11	cs.DS	https://arxiv.org/abs/1811.04425v1	https://arxiv.org/pdf/1811.04425v1	UNKNOWN	v1	QRY-009	AQ-005	7	MR=4;RR=3;IS=0;BS=0;TR=0;FL=0;ND=0	METADATA_ONLY	D_THEORETICAL_OR_INCOMPLETE	UNKNOWN	NOT_ACQUIRED	NOT_ACQUIRED	ALIASES=1811.04425v1;DISCOVERY_ERAS=ALL;IDENTITY_STATE=CANONICAL;NEIGHBORING_DOMAIN=NO;PRE_ARXIV_ANCESTRY=NO;SOURCE_URLS=https://arxiv.org/abs/1811.04425v1|https://arxiv.org/pdf/1811.04425v1;VERSIONS=v1
PAPER-1812.06177	1812.06177	UNKNOWN	Simple Concurrent Labeling Algorithms for Connected Components	S. Cliff Liu|Robert E. Tarjan	2018-12-14	2020-03-03	cs.DS	https://arxiv.org/abs/1812.06177v5	https://arxiv.org/pdf/1812.06177v5	UNKNOWN	v5	QRY-007|QRY-008|QRY-016	AQ-004|AQ-008|AQ-010	7	MR=4;RR=3;IS=0;BS=0;TR=0;FL=0;ND=0	METADATA_ONLY	D_THEORETICAL_OR_INCOMPLETE	UNKNOWN	NOT_ACQUIRED	NOT_ACQUIRED	ALIASES=1812.06177v5;DISCOVERY_ERAS=ALL;IDENTITY_STATE=CANONICAL;NEIGHBORING_DOMAIN=NO;PRE_ARXIV_ANCESTRY=NO;SOURCE_URLS=https://arxiv.org/abs/1812.06177v5|https://arxiv.org/pdf/1812.06177v5;VERSIONS=v5
PAPER-1812.10950	1812.10950	UNKNOWN	Fast Breadth-First Search in Still Less Space	Torben Hagerup	2018-12-28	2019-02-15	cs.DS	https://arxiv.org/abs/1812.10950v2	https://arxiv.org/pdf/1812.10950v2	UNKNOWN	v2	QRY-006|QRY-015	AQ-003|AQ-008	7	MR=4;RR=3;IS=0;BS=0;TR=0;FL=0;ND=0	DEEP_READ	D_THEORETICAL_OR_INCOMPLETE	UNKNOWN	sources/papers/PAPER-1812.10950.pdf	DCC7B98FD5D97390BB21501D1076809E109BFD8577333C54A68B7191D5E1FB7A	ALIASES=1812.10950v2;ANCESTRY_RESOLUTION=UNAVAILABLE;BIBLIOGRAPHIC_VARIANTS=NONE;CITATION_DEPTH=0;DISCOVERY_ERAS=ALL;G03_SEED=YES;IDENTITY_STATE=CANONICAL;NEIGHBORING_DOMAIN=NO;OPENALEX_ID=UNKNOWN;OPENALEX_RESOLUTION=UNAVAILABLE;PRE_ARXIV_ANCESTRY=NO;SEMANTIC_SCHOLAR_ID=6444bc1c100e63a6851e524b9c6876181d8f74e5;SOURCE_URLS=https://arxiv.org/abs/1812.10950v2|https://arxiv.org/pdf/1812.10950v2;VERSIONS=v2;G04_ORIGINAL_PDF_URL=https://arxiv.org/pdf/1812.10950v2;G04_ORIGINAL_LICENSE_URI=UNKNOWN;LICENSE_UNKNOWN;G04_ACQUISITION_STATUS=ACQUIRED;G04_PARSE_STATUS=PARSED
PAPER-2003.13151	2003.13151	UNKNOWN	How the Degeneracy Helps for Triangle Counting in Graph Streams	Suman K. Bera|C. Seshadhri	2020-03-29	2020-03-29	cs.DS	https://arxiv.org/abs/2003.13151v1	https://arxiv.org/pdf/2003.13151v1	UNKNOWN	v1	QRY-009	AQ-005	7	MR=4;RR=3;IS=0;BS=0;TR=0;FL=0;ND=0	METADATA_ONLY	D_THEORETICAL_OR_INCOMPLETE	UNKNOWN	NOT_ACQUIRED	NOT_ACQUIRED	ALIASES=2003.13151v1;DISCOVERY_ERAS=ALL;IDENTITY_STATE=CANONICAL;NEIGHBORING_DOMAIN=NO;PRE_ARXIV_ANCESTRY=NO;SOURCE_URLS=https://arxiv.org/abs/2003.13151v1|https://arxiv.org/pdf/2003.13151v1;VERSIONS=v1
PAPER-2007.08285	2007.08285	UNKNOWN	Quantum algorithms for graph problems with cut queries	Troy Lee|Miklos Santha|Shengyu Zhang	2020-07-16	2020-08-04	cs.DS|quant-ph	https://arxiv.org/abs/2007.08285v2	https://arxiv.org/pdf/2007.08285v2	UNKNOWN	v2	QRY-008	AQ-004|AQ-008	7	MR=4;RR=3;IS=0;BS=0;TR=0;FL=0;ND=0	METADATA_ONLY	D_THEORETICAL_OR_INCOMPLETE	UNKNOWN	NOT_ACQUIRED	NOT_ACQUIRED	ALIASES=2007.08285v2;DISCOVERY_ERAS=ALL;IDENTITY_STATE=CANONICAL;NEIGHBORING_DOMAIN=NO;PRE_ARXIV_ANCESTRY=NO;SOURCE_URLS=https://arxiv.org/abs/2007.08285v2|https://arxiv.org/pdf/2007.08285v2;VERSIONS=v2
PAPER-2104.08501	2104.08501	UNKNOWN	Approximate Triangle Counting via Sampling and Fast Matrix Multiplication	Jakub Tětek	2021-04-17	2021-05-16	cs.DS	https://arxiv.org/abs/2104.08501v2	https://arxiv.org/pdf/2104.08501v2	UNKNOWN	v2	QRY-010	AQ-005|AQ-008	7	MR=4;RR=3;IS=0;BS=0;TR=0;FL=0;ND=0	METADATA_ONLY	D_THEORETICAL_OR_INCOMPLETE	UNKNOWN	NOT_ACQUIRED	NOT_ACQUIRED	ALIASES=2104.08501v2;DISCOVERY_ERAS=ALL;IDENTITY_STATE=CANONICAL;NEIGHBORING_DOMAIN=NO;PRE_ARXIV_ANCESTRY=NO;SOURCE_URLS=https://arxiv.org/abs/2104.08501v2|https://arxiv.org/pdf/2104.08501v2;VERSIONS=v2
PAPER-2105.01699	2105.01699	UNKNOWN	Determining 4-edge-connected components in linear time	Wojciech Nadara|Mateusz Radecki|Marcin Smulewicz|Marek Sokołowski	2021-05-04	2021-05-04	cs.DS	https://arxiv.org/abs/2105.01699v1	https://arxiv.org/pdf/2105.01699v1	UNKNOWN	v1	QRY-007	AQ-004	7	MR=4;RR=0;IS=0;BS=0;TR=3;FL=0;ND=0	METADATA_ONLY	D_THEORETICAL_OR_INCOMPLETE	UNKNOWN	NOT_ACQUIRED	NOT_ACQUIRED	ALIASES=2105.01699v1;DISCOVERY_ERAS=ALL;IDENTITY_STATE=CANONICAL;NEIGHBORING_DOMAIN=NO;PRE_ARXIV_ANCESTRY=NO;SOURCE_URLS=https://arxiv.org/abs/2105.01699v1|https://arxiv.org/pdf/2105.01699v1;VERSIONS=v1
PAPER-2105.02910	2105.02910	UNKNOWN	Computing the $4$-Edge-Connected Components of a Graph in Linear Time	Loukas Georgiadis|Giuseppe F. Italiano|Evangelos Kosinas	2021-05-06	2021-05-06	cs.DS	https://arxiv.org/abs/2105.02910v1	https://arxiv.org/pdf/2105.02910v1	UNKNOWN	v1	QRY-007	AQ-004	7	MR=4;RR=0;IS=0;BS=0;TR=3;FL=0;ND=0	METADATA_ONLY	D_THEORETICAL_OR_INCOMPLETE	UNKNOWN	NOT_ACQUIRED	NOT_ACQUIRED	ALIASES=2105.02910v1;DISCOVERY_ERAS=ALL;IDENTITY_STATE=CANONICAL;NEIGHBORING_DOMAIN=NO;PRE_ARXIV_ANCESTRY=NO;SOURCE_URLS=https://arxiv.org/abs/2105.02910v1|https://arxiv.org/pdf/2105.02910v1;VERSIONS=v1
PAPER-2106.02762	2106.02762	UNKNOWN	Faster and Generalized Temporal Triangle Counting, via Degeneracy Ordering	Noujan Pashanasangi|C. Seshadhri	2021-06-05	2021-06-05	cs.DS|cs.SI	https://arxiv.org/abs/2106.02762v1	https://arxiv.org/pdf/2106.02762v1	UNKNOWN	v1	QRY-009|QRY-010	AQ-005|AQ-008	7	MR=4;RR=0;IS=0;BS=0;TR=3;FL=0;ND=0	METADATA_ONLY	D_THEORETICAL_OR_INCOMPLETE	UNKNOWN	NOT_ACQUIRED	NOT_ACQUIRED	ALIASES=2106.02762v1;DISCOVERY_ERAS=ALL;IDENTITY_STATE=CANONICAL;NEIGHBORING_DOMAIN=NO;PRE_ARXIV_ANCESTRY=NO;SOURCE_URLS=https://arxiv.org/abs/2106.02762v1|https://arxiv.org/pdf/2106.02762v1;VERSIONS=v1
PAPER-2112.01781	2112.01781	UNKNOWN	On the Complexity of the K-way Vertex Cut Problem	Mohammed Lalou	2021-12-03	2021-12-03	cs.CC|cs.DS	https://arxiv.org/abs/2112.01781v1	https://arxiv.org/pdf/2112.01781v1	UNKNOWN	v1	QRY-016	AQ-004|AQ-008|AQ-010	7	MR=4;RR=0;IS=0;BS=0;TR=3;FL=0;ND=0	METADATA_ONLY	D_THEORETICAL_OR_INCOMPLETE	UNKNOWN	NOT_ACQUIRED	NOT_ACQUIRED	ALIASES=2112.01781v1;DISCOVERY_ERAS=ALL;IDENTITY_STATE=CANONICAL;NEIGHBORING_DOMAIN=NO;PRE_ARXIV_ANCESTRY=NO;SOURCE_URLS=https://arxiv.org/abs/2112.01781v1|https://arxiv.org/pdf/2112.01781v1;VERSIONS=v1
PAPER-2405.00262	2405.00262	UNKNOWN	Improved Massively Parallel Triangle Counting in $O(1)$ Rounds	Quanquan C. Liu|C. Seshadhri	2024-05-01	2024-05-01	cs.DC|cs.DS	https://arxiv.org/abs/2405.00262v1	https://arxiv.org/pdf/2405.00262v1	UNKNOWN	v1	QRY-009	AQ-005	7	MR=4;RR=3;IS=0;BS=0;TR=0;FL=0;ND=0	METADATA_ONLY	D_THEORETICAL_OR_INCOMPLETE	UNKNOWN	NOT_ACQUIRED	NOT_ACQUIRED	ALIASES=2405.00262v1;DISCOVERY_ERAS=ALL;IDENTITY_STATE=CANONICAL;NEIGHBORING_DOMAIN=NO;PRE_ARXIV_ANCESTRY=NO;SOURCE_URLS=https://arxiv.org/abs/2405.00262v1|https://arxiv.org/pdf/2405.00262v1;VERSIONS=v1
PAPER-2405.10167	2405.10167	UNKNOWN	Near Uniform Triangle Sampling Over Adjacency List Graph Streams	Arijit Bishnu|Arijit Ghosh|Gopinath Mishra|Sayantan Sen	2024-05-16	2024-05-16	cs.DS	https://arxiv.org/abs/2405.10167v1	https://arxiv.org/pdf/2405.10167v1	UNKNOWN	v1	QRY-009	AQ-005	7	MR=4;RR=3;IS=0;BS=0;TR=0;FL=0;ND=0	METADATA_ONLY	D_THEORETICAL_OR_INCOMPLETE	UNKNOWN	NOT_ACQUIRED	NOT_ACQUIRED	ALIASES=2405.10167v1;DISCOVERY_ERAS=ALL;IDENTITY_STATE=CANONICAL;NEIGHBORING_DOMAIN=NO;PRE_ARXIV_ANCESTRY=NO;SOURCE_URLS=https://arxiv.org/abs/2405.10167v1|https://arxiv.org/pdf/2405.10167v1;VERSIONS=v1
PAPER-2411.11468	2411.11468	UNKNOWN	$ν$-LPA: Fast GPU-based Label Propagation Algorithm (LPA) for Community Detection	Subhajit Sahu	2024-11-18	2025-01-06	cs.DC|cs.SI	https://arxiv.org/abs/2411.11468v2	https://arxiv.org/pdf/2411.11468v2	UNKNOWN	v2	QRY-012	AQ-006|AQ-008	7	MR=4;RR=0;IS=3;BS=0;TR=0;FL=0;ND=0	METADATA_ONLY	D_THEORETICAL_OR_INCOMPLETE	UNKNOWN	NOT_ACQUIRED	NOT_ACQUIRED	ALIASES=2411.11468v2;DISCOVERY_ERAS=ALL;IDENTITY_STATE=CANONICAL;NEIGHBORING_DOMAIN=NO;PRE_ARXIV_ANCESTRY=NO;SOURCE_URLS=https://arxiv.org/abs/2411.11468v2|https://arxiv.org/pdf/2411.11468v2;VERSIONS=v2
PAPER-2412.07729	2412.07729	UNKNOWN	Output-Sensitive Evaluation of Regular Path Queries	Mahmoud Abo Khamis|Ahmet Kara|Dan Olteanu|Dan Suciu	2024-12-10	2025-03-30	cs.DB	https://arxiv.org/abs/2412.07729v2	https://arxiv.org/pdf/2412.07729v2	UNKNOWN	v2	QRY-021	AQ-003|AQ-011	7	MR=4;RR=0;IS=0;BS=3;TR=0;FL=0;ND=0	DEEP_READ	D_THEORETICAL_OR_INCOMPLETE	UNKNOWN	sources/papers/PAPER-2412.07729.pdf	FEDB9F377461EAFEDB804AA2A364F630090C3496EF13DF3082F18482EB13A178	ALIASES=2412.07729v2;ANCESTRY_RESOLUTION=UNAVAILABLE;BIBLIOGRAPHIC_VARIANTS=NONE;CITATION_DEPTH=0;DISCOVERY_ERAS=ALL;G03_SEED=YES;IDENTITY_STATE=CANONICAL;NEIGHBORING_DOMAIN=NO;OPENALEX_ID=UNKNOWN;OPENALEX_RESOLUTION=UNAVAILABLE;PRE_ARXIV_ANCESTRY=NO;SEMANTIC_SCHOLAR_ID=165b71f5d143b6d07da11c80a4eec568608a7a12;SOURCE_URLS=https://arxiv.org/abs/2412.07729v2|https://arxiv.org/pdf/2412.07729v2;VERSIONS=v2;G04_ORIGINAL_PDF_URL=https://arxiv.org/pdf/2412.07729v2;G04_ORIGINAL_LICENSE_URI=UNKNOWN;LICENSE_UNKNOWN;G04_ACQUISITION_STATUS=ACQUIRED;G04_PARSE_STATUS=PARSED
PAPER-2502.15379	2502.15379	UNKNOWN	Arboricity and Random Edge Queries Matter for Triangle Counting using Sublinear Queries	Arijit Bishnu|Debarshi Chanda|Gopinath Mishra	2025-02-21	2025-02-21	cs.DS	https://arxiv.org/abs/2502.15379v1	https://arxiv.org/pdf/2502.15379v1	UNKNOWN	v1	QRY-009	AQ-005	7	MR=4;RR=3;IS=0;BS=0;TR=0;FL=0;ND=0	METADATA_ONLY	D_THEORETICAL_OR_INCOMPLETE	UNKNOWN	NOT_ACQUIRED	NOT_ACQUIRED	ALIASES=2502.15379v1;DISCOVERY_ERAS=ALL;IDENTITY_STATE=CANONICAL;NEIGHBORING_DOMAIN=NO;PRE_ARXIV_ANCESTRY=NO;SOURCE_URLS=https://arxiv.org/abs/2502.15379v1|https://arxiv.org/pdf/2502.15379v1;VERSIONS=v1
PAPER-2502.20083	2502.20083	10.1103/7sjf-c6jz	Block-corrected Modularity for Community Detection	Hasti Narimanzadeh|Takayuki Hiraoka|Mikko Kivelä	2025-02-27	2025-08-01	cond-mat.stat-mech|cs.SI|physics.soc-ph	https://arxiv.org/abs/2502.20083v3	https://arxiv.org/pdf/2502.20083v3	UNKNOWN	v3	QRY-011	AQ-006	7	MR=4;RR=0;IS=0;BS=3;TR=0;FL=0;ND=0	METADATA_ONLY	D_THEORETICAL_OR_INCOMPLETE	UNKNOWN	NOT_ACQUIRED	NOT_ACQUIRED	ALIASES=10.1103/7sjf-c6jz|2502.20083v3;DISCOVERY_ERAS=ALL;IDENTITY_STATE=CANONICAL;NEIGHBORING_DOMAIN=NO;PRE_ARXIV_ANCESTRY=NO;SOURCE_URLS=https://arxiv.org/abs/2502.20083v3|https://arxiv.org/pdf/2502.20083v3|https://doi.org/10.1103/7sjf-c6jz;VERSIONS=v3
PAPER-2506.08405	2506.08405	UNKNOWN	Optimal Graph Reconstruction by Counting Connected Components in Induced Subgraphs	Hadley Black|Arya Mazumdar|Barna Saha|Yinzhan Xu	2025-06-10	2025-06-10	cs.DS|cs.IT|cs.LG	https://arxiv.org/abs/2506.08405v1	https://arxiv.org/pdf/2506.08405v1	UNKNOWN	v1	QRY-022|QRY-023	AQ-004|AQ-011|AQ-012	7	MR=4;RR=3;IS=0;BS=0;TR=0;FL=0;ND=0	METADATA_ONLY	D_THEORETICAL_OR_INCOMPLETE	UNKNOWN	NOT_ACQUIRED	NOT_ACQUIRED	ALIASES=2506.08405v1;DISCOVERY_ERAS=ALL;IDENTITY_STATE=CANONICAL;NEIGHBORING_DOMAIN=NO;PRE_ARXIV_ANCESTRY=NO;SOURCE_URLS=https://arxiv.org/abs/2506.08405v1|https://arxiv.org/pdf/2506.08405v1;VERSIONS=v1
PAPER-LEGACY-1c74d7ea93ac8230	cs/0409057	10.1137/s0097539704446281	Fast Construction of Nets in Low Dimensional Metrics, and Their Applications	Sariel Har-Peled|Manor Mendel	2004-09-29	2005-08-22	cs.CG|cs.DS	https://arxiv.org/abs/cs/0409057v3	https://arxiv.org/pdf/cs/0409057v3	UNKNOWN	v3	QRY-014	AQ-007|AQ-008	7	MR=4;RR=0;IS=0;BS=0;TR=3;FL=0;ND=0	METADATA_ONLY	D_THEORETICAL_OR_INCOMPLETE	UNKNOWN	NOT_ACQUIRED	NOT_ACQUIRED	ALIASES=10.1137/s0097539704446281|cs/0409057v3;DISCOVERY_ERAS=2001_2010;IDENTITY_STATE=CANONICAL;NEIGHBORING_DOMAIN=NO;PRE_ARXIV_ANCESTRY=NO;SOURCE_URLS=https://arxiv.org/abs/cs/0409057v3|https://arxiv.org/pdf/cs/0409057v3|https://doi.org/10.1137/S0097539704446281;VERSIONS=v3
PAPER-LEGACY-54b24e778d7cf276	cs/0102009	UNKNOWN	Optimal Augmentation for Bipartite Componentwise Biconnectivity in Linear Time	Tsan-sheng Hsu|Ming-Yang Kao	2001-02-10	2001-02-10	cs.DM|cs.DS	https://arxiv.org/abs/cs/0102009v1	https://arxiv.org/pdf/cs/0102009v1	UNKNOWN	v1	QRY-007|QRY-008|QRY-022	AQ-004|AQ-008|AQ-011	7	MR=4;RR=0;IS=0;BS=0;TR=3;FL=0;ND=0	METADATA_ONLY	D_THEORETICAL_OR_INCOMPLETE	UNKNOWN	NOT_ACQUIRED	NOT_ACQUIRED	ALIASES=cs/0102009v1;DISCOVERY_ERAS=2001_2010;IDENTITY_STATE=CANONICAL;NEIGHBORING_DOMAIN=NO;PRE_ARXIV_ANCESTRY=NO;SOURCE_URLS=https://arxiv.org/abs/cs/0102009v1|https://arxiv.org/pdf/cs/0102009v1;VERSIONS=v1
PAPER-LEGACY-57e7ec02a5853060	cs/0702113	UNKNOWN	Fast Computation of Small Cuts via Cycle Space Sampling	David Pritchard|Ramakrishna Thurimella	2007-02-20	2010-07-21	cs.DC|cs.DS	https://arxiv.org/abs/cs/0702113v5	https://arxiv.org/pdf/cs/0702113v5	UNKNOWN	v5	QRY-007|QRY-008|QRY-016|QRY-022	AQ-004|AQ-008|AQ-010|AQ-011	7	MR=4;RR=3;IS=0;BS=0;TR=0;FL=0;ND=0	METADATA_ONLY	D_THEORETICAL_OR_INCOMPLETE	UNKNOWN	NOT_ACQUIRED	NOT_ACQUIRED	ALIASES=cs/0702113v5;DISCOVERY_ERAS=2001_2010;IDENTITY_STATE=CANONICAL;NEIGHBORING_DOMAIN=NO;PRE_ARXIV_ANCESTRY=NO;SOURCE_URLS=https://arxiv.org/abs/cs/0702113v5|https://arxiv.org/pdf/cs/0702113v5;VERSIONS=v5
PAPER-LEGACY-b71d814b1d5bae7f	cs/0404029	10.1007/s00224-006-1349-0	The Effect of Faults on Network Expansion	Amitabha Bagchi|Ankur Bhargava|Amitabh Chaudhary|David Eppstein|Christian Scheideler	2004-04-13	2004-04-13	cs.DC|cs.DM	https://arxiv.org/abs/cs/0404029v1	https://arxiv.org/pdf/cs/0404029v1	UNKNOWN	v1	QRY-007|QRY-008	AQ-004|AQ-008	7	MR=4;RR=3;IS=0;BS=0;TR=0;FL=0;ND=0	METADATA_ONLY	D_THEORETICAL_OR_INCOMPLETE	UNKNOWN	NOT_ACQUIRED	NOT_ACQUIRED	ALIASES=10.1007/s00224-006-1349-0|cs/0404029v1;DISCOVERY_ERAS=2001_2010;IDENTITY_STATE=CANONICAL;NEIGHBORING_DOMAIN=NO;PRE_ARXIV_ANCESTRY=NO;SOURCE_URLS=https://arxiv.org/abs/cs/0404029v1|https://arxiv.org/pdf/cs/0404029v1|https://doi.org/10.1007/s00224-006-1349-0;VERSIONS=v1
PAPER-LEGACY-cf5ff4244fad5eb7	cs/0602002	UNKNOWN	Simulating Network Influence Algorithms Using Particle-Swarms: PageRank and PageRank-Priors	Marko A. Rodriguez|Johan Bollen	2006-01-31	2006-01-31	cs.DS	https://arxiv.org/abs/cs/0602002v1	https://arxiv.org/pdf/cs/0602002v1	UNKNOWN	v1	QRY-001|QRY-003|QRY-004|QRY-018	AQ-001|AQ-002|AQ-003|AQ-008|AQ-009	7	MR=4;RR=0;IS=3;BS=0;TR=0;FL=0;ND=0	METADATA_ONLY	D_THEORETICAL_OR_INCOMPLETE	UNKNOWN	NOT_ACQUIRED	NOT_ACQUIRED	ALIASES=cs/0602002v1;DISCOVERY_ERAS=2001_2010|ALL;IDENTITY_STATE=CANONICAL;NEIGHBORING_DOMAIN=NO;PRE_ARXIV_ANCESTRY=NO;SOURCE_URLS=https://arxiv.org/abs/cs/0602002v1|https://arxiv.org/pdf/cs/0602002v1;VERSIONS=v1
PAPER-1002.1751	1002.1751	UNKNOWN	Estimating and Sampling Graphs with Multidimensional Random Walks	Bruno Ribeiro|Don Towsley	2010-02-09	2010-09-07	cs.DS|cs.NI	https://arxiv.org/abs/1002.1751v2	https://arxiv.org/pdf/1002.1751v2	UNKNOWN	v2	QRY-007|QRY-008|QRY-022|QRY-023	AQ-004|AQ-008|AQ-011|AQ-012	6	MR=4;RR=0;IS=0;BS=0;TR=0;FL=2;ND=0	METADATA_ONLY	D_THEORETICAL_OR_INCOMPLETE	UNKNOWN	NOT_ACQUIRED	NOT_ACQUIRED	ALIASES=1002.1751v2;DISCOVERY_ERAS=2001_2010;IDENTITY_STATE=CANONICAL;NEIGHBORING_DOMAIN=NO;PRE_ARXIV_ANCESTRY=NO;SOURCE_URLS=https://arxiv.org/abs/1002.1751v2|https://arxiv.org/pdf/1002.1751v2;VERSIONS=v2
PAPER-1005.4713	1005.4713	10.1016/j.jcp.2010.11.006	Billion-atom Synchronous Parallel Kinetic Monte Carlo Simulations of Critical 3D Ising Systems	Enrique Martinez|Paul R Monasterio|Jaime Marian	2010-05-25	2010-05-25	cond-mat.mtrl-sci|cond-mat.stat-mech|cs.DS	https://arxiv.org/abs/1005.4713v1	https://arxiv.org/pdf/1005.4713v1	UNKNOWN	v1	QRY-005	AQ-003	6	MR=0;RR=0;IS=3;BS=0;TR=3;FL=0;ND=0	METADATA_ONLY	D_THEORETICAL_OR_INCOMPLETE	UNKNOWN	NOT_ACQUIRED	NOT_ACQUIRED	ALIASES=10.1016/j.jcp.2010.11.006|1005.4713v1;DISCOVERY_ERAS=2001_2010;IDENTITY_STATE=CANONICAL;NEIGHBORING_DOMAIN=NO;PRE_ARXIV_ANCESTRY=NO;SOURCE_URLS=https://arxiv.org/abs/1005.4713v1|https://arxiv.org/pdf/1005.4713v1|https://doi.org/10.1016/j.jcp.2010.11.006;VERSIONS=v1
PAPER-1408.1605	1408.1605	UNKNOWN	Parallel Distributed Breadth First Search on the Kepler Architecture	Mauro Bisson|Massimo Bernaschi|Enrico Mastrostefano	2014-08-07	2014-12-23	cs.DC	https://arxiv.org/abs/1408.1605v2	https://arxiv.org/pdf/1408.1605v2	UNKNOWN	v2	QRY-019|QRY-025	AQ-003|AQ-008|AQ-010|AQ-011	6	MR=0;RR=0;IS=3;BS=3;TR=0;FL=0;ND=0	METADATA_ONLY	D_THEORETICAL_OR_INCOMPLETE	UNKNOWN	NOT_ACQUIRED	NOT_ACQUIRED	ALIASES=1408.1605v2;DISCOVERY_ERAS=ALL;IDENTITY_STATE=CANONICAL;NEIGHBORING_DOMAIN=NO;PRE_ARXIV_ANCESTRY=NO;SOURCE_URLS=https://arxiv.org/abs/1408.1605v2|https://arxiv.org/pdf/1408.1605v2;VERSIONS=v2
PAPER-1503.04359	1503.04359	UNKNOWN	Accelerating Direction-Optimized Breadth First Search on Hybrid Architectures	Scott Sallinen|Abdullah Gharaibeh|Matei Ripeanu	2015-03-14	2015-10-02	cs.DC	https://arxiv.org/abs/1503.04359v2	https://arxiv.org/pdf/1503.04359v2	UNKNOWN	v2	QRY-019	AQ-003|AQ-010	6	MR=0;RR=0;IS=0;BS=3;TR=3;FL=0;ND=0	METADATA_ONLY	D_THEORETICAL_OR_INCOMPLETE	UNKNOWN	NOT_ACQUIRED	NOT_ACQUIRED	ALIASES=1503.04359v2;DISCOVERY_ERAS=ALL;IDENTITY_STATE=CANONICAL;NEIGHBORING_DOMAIN=NO;PRE_ARXIV_ANCESTRY=NO;SOURCE_URLS=https://arxiv.org/abs/1503.04359v2|https://arxiv.org/pdf/1503.04359v2;VERSIONS=v2
PAPER-1509.01183	1509.01183	UNKNOWN	Parallel Knowledge Embedding with MapReduce on a Multi-core Processor	Miao Fan|Qiang Zhou|Thomas Fang Zheng|Ralph Grishman	2015-09-03	2015-09-03	cs.DB|cs.DC	https://arxiv.org/abs/1509.01183v1	https://arxiv.org/pdf/1509.01183v1	UNKNOWN	v1	QRY-021	AQ-003|AQ-011	6	MR=0;RR=3;IS=0;BS=3;TR=0;FL=0;ND=0	METADATA_ONLY	D_THEORETICAL_OR_INCOMPLETE	UNKNOWN	NOT_ACQUIRED	NOT_ACQUIRED	ALIASES=1509.01183v1;DISCOVERY_ERAS=ALL;IDENTITY_STATE=CANONICAL;NEIGHBORING_DOMAIN=NO;PRE_ARXIV_ANCESTRY=NO;SOURCE_URLS=https://arxiv.org/abs/1509.01183v1|https://arxiv.org/pdf/1509.01183v1;VERSIONS=v1
PAPER-0709.2016	0709.2016	UNKNOWN	Distribution of PageRank Mass Among Principle Components of the Web	Konstantin Avrachenkov|Nelly Litvak|Kim Son Pham	2007-09-13	2007-09-13	cs.DS|cs.NI	https://arxiv.org/abs/0709.2016v1	https://arxiv.org/pdf/0709.2016v1	UNKNOWN	v1	QRY-003|QRY-004|QRY-018	AQ-002|AQ-003|AQ-008|AQ-009	4	MR=4;RR=0;IS=0;BS=0;TR=0;FL=0;ND=0	METADATA_ONLY	D_THEORETICAL_OR_INCOMPLETE	UNKNOWN	NOT_ACQUIRED	NOT_ACQUIRED	ALIASES=0709.2016v1;DISCOVERY_ERAS=2001_2010;IDENTITY_STATE=CANONICAL;NEIGHBORING_DOMAIN=NO;PRE_ARXIV_ANCESTRY=NO;SOURCE_URLS=https://arxiv.org/abs/0709.2016v1|https://arxiv.org/pdf/0709.2016v1;VERSIONS=v1
PAPER-0810.5263	0810.5263	UNKNOWN	Lower bounds for distributed markov chain problems	Rahul Sami|Andy Twigg	2008-10-29	2008-10-29	cs.DS	https://arxiv.org/abs/0810.5263v1	https://arxiv.org/pdf/0810.5263v1	UNKNOWN	v1	QRY-001|QRY-003|QRY-004|QRY-018|QRY-024	AQ-001|AQ-002|AQ-003|AQ-008|AQ-009|AQ-010|AQ-012	4	MR=4;RR=0;IS=0;BS=0;TR=0;FL=0;ND=0	METADATA_ONLY	D_THEORETICAL_OR_INCOMPLETE	UNKNOWN	NOT_ACQUIRED	NOT_ACQUIRED	ALIASES=0810.5263v1;DISCOVERY_ERAS=2001_2010;IDENTITY_STATE=CANONICAL;NEIGHBORING_DOMAIN=NO;PRE_ARXIV_ANCESTRY=NO;SOURCE_URLS=https://arxiv.org/abs/0810.5263v1|https://arxiv.org/pdf/0810.5263v1;VERSIONS=v1
PAPER-0904.3151	0904.3151	UNKNOWN	Efficient Construction of Neighborhood Graphs by the Multiple Sorting Method	Takeaki Uno|Masashi Sugiyama|Koji Tsuda	2009-04-21	2009-04-21	cs.DS|cs.LG	https://arxiv.org/abs/0904.3151v1	https://arxiv.org/pdf/0904.3151v1	UNKNOWN	v1	QRY-014	AQ-007|AQ-008	4	MR=4;RR=0;IS=0;BS=0;TR=0;FL=0;ND=0	METADATA_ONLY	D_THEORETICAL_OR_INCOMPLETE	UNKNOWN	NOT_ACQUIRED	NOT_ACQUIRED	ALIASES=0904.3151v1;DISCOVERY_ERAS=2001_2010;IDENTITY_STATE=CANONICAL;NEIGHBORING_DOMAIN=NO;PRE_ARXIV_ANCESTRY=NO;SOURCE_URLS=https://arxiv.org/abs/0904.3151v1|https://arxiv.org/pdf/0904.3151v1;VERSIONS=v1
PAPER-1004.1729	1004.1729	UNKNOWN	On the bias of BFS	Maciej Kurant|Athina Markopoulou|Patrick Thiran	2010-04-10	2010-04-10	cs.DM|cs.DS|cs.NI|cs.SI|stat.ME	https://arxiv.org/abs/1004.1729v1	https://arxiv.org/pdf/1004.1729v1	UNKNOWN	v1	QRY-005|QRY-015	AQ-003|AQ-008	4	MR=4;RR=0;IS=0;BS=0;TR=0;FL=0;ND=0	METADATA_ONLY	D_THEORETICAL_OR_INCOMPLETE	UNKNOWN	NOT_ACQUIRED	NOT_ACQUIRED	ALIASES=1004.1729v1;DISCOVERY_ERAS=2001_2010|ALL;IDENTITY_STATE=CANONICAL;NEIGHBORING_DOMAIN=NO;PRE_ARXIV_ANCESTRY=NO;SOURCE_URLS=https://arxiv.org/abs/1004.1729v1|https://arxiv.org/pdf/1004.1729v1;VERSIONS=v1
PAPER-1005.1564	1005.1564	UNKNOWN	Component structure of the vacant set induced by a random walk on a random graph	Colin Cooper|Alan Frieze	2010-05-10	2011-03-22	cs.DM|cs.DS|math.CO	https://arxiv.org/abs/1005.1564v2	https://arxiv.org/pdf/1005.1564v2	UNKNOWN	v2	QRY-008|QRY-022|QRY-023	AQ-004|AQ-008|AQ-011|AQ-012	4	MR=4;RR=0;IS=0;BS=0;TR=0;FL=0;ND=0	METADATA_ONLY	D_THEORETICAL_OR_INCOMPLETE	UNKNOWN	NOT_ACQUIRED	NOT_ACQUIRED	ALIASES=1005.1564v2;DISCOVERY_ERAS=2001_2010;IDENTITY_STATE=CANONICAL;NEIGHBORING_DOMAIN=NO;PRE_ARXIV_ANCESTRY=NO;SOURCE_URLS=https://arxiv.org/abs/1005.1564v2|https://arxiv.org/pdf/1005.1564v2;VERSIONS=v2
PAPER-1005.4033	1005.4033	UNKNOWN	Polylogarithmic Approximation for Edit Distance and the Asymmetric Query Complexity	Alexandr Andoni|Robert Krauthgamer|Krzysztof Onak	2010-05-21	2010-05-21	cs.DS	https://arxiv.org/abs/1005.4033v1	https://arxiv.org/pdf/1005.4033v1	UNKNOWN	v1	QRY-014	AQ-007|AQ-008	4	MR=4;RR=0;IS=0;BS=0;TR=0;FL=0;ND=0	METADATA_ONLY	D_THEORETICAL_OR_INCOMPLETE	UNKNOWN	NOT_ACQUIRED	NOT_ACQUIRED	ALIASES=1005.4033v1;DISCOVERY_ERAS=2001_2010;IDENTITY_STATE=CANONICAL;NEIGHBORING_DOMAIN=NO;PRE_ARXIV_ANCESTRY=NO;SOURCE_URLS=https://arxiv.org/abs/1005.4033v1|https://arxiv.org/pdf/1005.4033v1;VERSIONS=v1
PAPER-1006.3009	1006.3009	UNKNOWN	Universal Loop-Free Super-Stabilization	Lélia Blin|Maria Potop-Butucaru|Stephane Rovedakis|Sébastien Tixeuil	2010-06-15	2010-06-15	cs.DC|cs.DS|cs.NI	https://arxiv.org/abs/1006.3009v1	https://arxiv.org/pdf/1006.3009v1	UNKNOWN	v1	QRY-005	AQ-003	4	MR=4;RR=0;IS=0;BS=0;TR=0;FL=0;ND=0	METADATA_ONLY	D_THEORETICAL_OR_INCOMPLETE	UNKNOWN	NOT_ACQUIRED	NOT_ACQUIRED	ALIASES=1006.3009v1;DISCOVERY_ERAS=2001_2010;IDENTITY_STATE=CANONICAL;NEIGHBORING_DOMAIN=NO;PRE_ARXIV_ANCESTRY=NO;SOURCE_URLS=https://arxiv.org/abs/1006.3009v1|https://arxiv.org/pdf/1006.3009v1;VERSIONS=v1
PAPER-1011.2348	1011.2348	10.1109/tac.2012.2226103	Ergodic Control and Polyhedral approaches to PageRank Optimization	Olivier Fercoq|Marianne Akian|Mustapha Bouhtou|Stéphane Gaubert	2010-11-10	2011-09-19	cs.DS|eess.SY|math.OC	https://arxiv.org/abs/1011.2348v2	https://arxiv.org/pdf/1011.2348v2	UNKNOWN	v2	QRY-001|QRY-002|QRY-004|QRY-017|QRY-018|QRY-024	AQ-001|AQ-002|AQ-003|AQ-008|AQ-009|AQ-010|AQ-012	4	MR=4;RR=0;IS=0;BS=0;TR=0;FL=0;ND=0	METADATA_ONLY	D_THEORETICAL_OR_INCOMPLETE	UNKNOWN	NOT_ACQUIRED	NOT_ACQUIRED	ALIASES=10.1109/tac.2012.2226103|1011.2348v2;DISCOVERY_ERAS=2001_2010|ALL;IDENTITY_STATE=CANONICAL;NEIGHBORING_DOMAIN=NO;PRE_ARXIV_ANCESTRY=NO;SOURCE_URLS=https://arxiv.org/abs/1011.2348v2|https://arxiv.org/pdf/1011.2348v2|https://doi.org/10.1109/TAC.2012.2226103;VERSIONS=v2
PAPER-1112.1444	1112.1444	10.1007/s00453-012-9729-0	On the complexity of strongly connected components in directed hypergraphs	Xavier Allamigeon	2011-12-06	2013-02-12	cs.DS	https://arxiv.org/abs/1112.1444v2	https://arxiv.org/pdf/1112.1444v2	UNKNOWN	v2	QRY-016|QRY-023	AQ-004|AQ-008|AQ-010|AQ-012	4	MR=4;RR=0;IS=0;BS=0;TR=0;FL=0;ND=0	METADATA_ONLY	D_THEORETICAL_OR_INCOMPLETE	UNKNOWN	NOT_ACQUIRED	NOT_ACQUIRED	ALIASES=10.1007/s00453-012-9729-0|1112.1444v2;DISCOVERY_ERAS=ALL;IDENTITY_STATE=CANONICAL;NEIGHBORING_DOMAIN=NO;PRE_ARXIV_ANCESTRY=NO;SOURCE_URLS=https://arxiv.org/abs/1112.1444v2|https://arxiv.org/pdf/1112.1444v2|https://doi.org/10.1007/s00453-012-9729-0;VERSIONS=v2
PAPER-1304.6393	1304.6393	UNKNOWN	Efficient Algorithms for Approximate Triangle Counting	Mostafa Haghir Chehreghani	2013-04-23	2013-04-23	cs.DS	https://arxiv.org/abs/1304.6393v1	https://arxiv.org/pdf/1304.6393v1	UNKNOWN	v1	QRY-010	AQ-005|AQ-008	4	MR=4;RR=0;IS=0;BS=0;TR=0;FL=0;ND=0	METADATA_ONLY	D_THEORETICAL_OR_INCOMPLETE	UNKNOWN	NOT_ACQUIRED	NOT_ACQUIRED	ALIASES=1304.6393v1;DISCOVERY_ERAS=ALL;IDENTITY_STATE=CANONICAL;NEIGHBORING_DOMAIN=NO;PRE_ARXIV_ANCESTRY=NO;SOURCE_URLS=https://arxiv.org/abs/1304.6393v1|https://arxiv.org/pdf/1304.6393v1;VERSIONS=v1
PAPER-1309.3321	1309.3321	10.1002/sam.11224	Wedge Sampling for Computing Clustering Coefficients and Triangle Counts on Large Graphs	C. Seshadhri|Ali Pinar|Tamara G. Kolda	2013-09-12	2014-01-14	cs.DS|cs.SI	https://arxiv.org/abs/1309.3321v2	https://arxiv.org/pdf/1309.3321v2	UNKNOWN	v2	QRY-010	AQ-005|AQ-008	4	MR=4;RR=0;IS=0;BS=0;TR=0;FL=0;ND=0	METADATA_ONLY	D_THEORETICAL_OR_INCOMPLETE	UNKNOWN	NOT_ACQUIRED	NOT_ACQUIRED	ALIASES=10.1002/sam.11224|1309.3321v2;DISCOVERY_ERAS=ALL;IDENTITY_STATE=CANONICAL;NEIGHBORING_DOMAIN=NO;PRE_ARXIV_ANCESTRY=NO;SOURCE_URLS=https://arxiv.org/abs/1309.3321v2|https://arxiv.org/pdf/1309.3321v2|https://doi.org/10.1002/sam.11224;VERSIONS=v2
PAPER-1412.6466	1412.6466	10.1007/978-3-662-47672-7_58	Finding 2-Edge and 2-Vertex Strongly Connected Components in Quadratic Time	Monika Henzinger|Sebastian Krinninger|Veronika Loitzenbauer	2014-12-19	2015-05-20	cs.DS	https://arxiv.org/abs/1412.6466v2	https://arxiv.org/pdf/1412.6466v2	UNKNOWN	v2	QRY-008|QRY-016|QRY-023	AQ-004|AQ-008|AQ-010|AQ-012	4	MR=4;RR=0;IS=0;BS=0;TR=0;FL=0;ND=0	METADATA_ONLY	D_THEORETICAL_OR_INCOMPLETE	UNKNOWN	NOT_ACQUIRED	NOT_ACQUIRED	ALIASES=10.1007/978-3-662-47672-7_58|1412.6466v2;DISCOVERY_ERAS=ALL;IDENTITY_STATE=CANONICAL;NEIGHBORING_DOMAIN=NO;PRE_ARXIV_ANCESTRY=NO;SOURCE_URLS=https://arxiv.org/abs/1412.6466v2|https://arxiv.org/pdf/1412.6466v2|https://doi.org/10.1007/978-3-662-47672-7_58;VERSIONS=v2
PAPER-1507.08705	1507.08705	UNKNOWN	Bidirectional PageRank Estimation: From Average-Case to Worst-Case	Peter Lofgren|Siddhartha Banerjee|Ashish Goel	2015-07-30	2015-12-15	cs.DM|cs.DS	https://arxiv.org/abs/1507.08705v3	https://arxiv.org/pdf/1507.08705v3	UNKNOWN	v3	QRY-001	AQ-001|AQ-002	4	MR=4;RR=0;IS=0;BS=0;TR=0;FL=0;ND=0	METADATA_ONLY	D_THEORETICAL_OR_INCOMPLETE	UNKNOWN	NOT_ACQUIRED	NOT_ACQUIRED	ALIASES=1507.08705v3;DISCOVERY_ERAS=ALL;IDENTITY_STATE=CANONICAL;NEIGHBORING_DOMAIN=NO;PRE_ARXIV_ANCESTRY=NO;SOURCE_URLS=https://arxiv.org/abs/1507.08705v3|https://arxiv.org/pdf/1507.08705v3;VERSIONS=v3
PAPER-1512.04633	1512.04633	UNKNOWN	Efficient Algorithms for Personalized PageRank	Peter Lofgren	2015-12-15	2015-12-15	cs.DS|cs.IR|cs.SI	https://arxiv.org/abs/1512.04633v1	https://arxiv.org/pdf/1512.04633v1	UNKNOWN	v1	QRY-001	AQ-001|AQ-002	4	MR=4;RR=0;IS=0;BS=0;TR=0;FL=0;ND=0	METADATA_ONLY	D_THEORETICAL_OR_INCOMPLETE	UNKNOWN	NOT_ACQUIRED	NOT_ACQUIRED	ALIASES=1512.04633v1;DISCOVERY_ERAS=ALL;IDENTITY_STATE=CANONICAL;NEIGHBORING_DOMAIN=NO;PRE_ARXIV_ANCESTRY=NO;SOURCE_URLS=https://arxiv.org/abs/1512.04633v1|https://arxiv.org/pdf/1512.04633v1;VERSIONS=v1
PAPER-2108.08558	2108.08558	UNKNOWN	Improved Linear-Time Algorithm for Computing the $4$-Edge-Connected Components of a Graph	Loukas Georgiadis|Giuseppe F. Italiano|Evangelos Kosinas	2021-08-19	2021-08-19	cs.DS	https://arxiv.org/abs/2108.08558v1	https://arxiv.org/pdf/2108.08558v1	UNKNOWN	v1	QRY-007	AQ-004	4	MR=4;RR=0;IS=0;BS=0;TR=0;FL=0;ND=0	METADATA_ONLY	D_THEORETICAL_OR_INCOMPLETE	UNKNOWN	NOT_ACQUIRED	NOT_ACQUIRED	ALIASES=2108.08558v1;DISCOVERY_ERAS=ALL;IDENTITY_STATE=CANONICAL;NEIGHBORING_DOMAIN=NO;PRE_ARXIV_ANCESTRY=NO;SOURCE_URLS=https://arxiv.org/abs/2108.08558v1|https://arxiv.org/pdf/2108.08558v1;VERSIONS=v1
PAPER-2109.02554	2109.02554	UNKNOWN	Job Posting-Enriched Knowledge Graph for Skills-based Matching	Maurits de Groot|Jelle Schutte|David Graus	2021-09-06	2021-09-06	cs.IR	https://arxiv.org/abs/2109.02554v1	https://arxiv.org/pdf/2109.02554v1	UNKNOWN	v1	QRY-013	AQ-007	4	MR=4;RR=0;IS=0;BS=0;TR=0;FL=0;ND=0	METADATA_ONLY	D_THEORETICAL_OR_INCOMPLETE	UNKNOWN	NOT_ACQUIRED	NOT_ACQUIRED	ALIASES=2109.02554v1;DISCOVERY_ERAS=ALL;IDENTITY_STATE=CANONICAL;NEIGHBORING_DOMAIN=NO;PRE_ARXIV_ANCESTRY=NO;SOURCE_URLS=https://arxiv.org/abs/2109.02554v1|https://arxiv.org/pdf/2109.02554v1;VERSIONS=v1
PAPER-2306.14103	2306.14103	UNKNOWN	On finding 2-cuts and 3-edge-connected components in parallel	Yung H. Tsin	2023-06-25	2023-06-25	cs.DS	https://arxiv.org/abs/2306.14103v1	https://arxiv.org/pdf/2306.14103v1	UNKNOWN	v1	QRY-007	AQ-004	4	MR=4;RR=0;IS=0;BS=0;TR=0;FL=0;ND=0	METADATA_ONLY	D_THEORETICAL_OR_INCOMPLETE	UNKNOWN	NOT_ACQUIRED	NOT_ACQUIRED	ALIASES=2306.14103v1;DISCOVERY_ERAS=ALL;IDENTITY_STATE=CANONICAL;NEIGHBORING_DOMAIN=NO;PRE_ARXIV_ANCESTRY=NO;SOURCE_URLS=https://arxiv.org/abs/2306.14103v1|https://arxiv.org/pdf/2306.14103v1;VERSIONS=v1
PAPER-2401.01019	2401.01019	10.4230/lipics.icdt.2024.9	Approximating Single-Source Personalized PageRank with Absolute Error Guarantees	Zhewei Wei|Ji-Rong Wen|Mingji Yang	2024-01-02	2024-01-02	cs.DS	https://arxiv.org/abs/2401.01019v1	https://arxiv.org/pdf/2401.01019v1	UNKNOWN	v1	QRY-024	AQ-002|AQ-010|AQ-012	4	MR=4;RR=0;IS=0;BS=0;TR=0;FL=0;ND=0	DEEP_READ	D_THEORETICAL_OR_INCOMPLETE	UNKNOWN	sources/papers/PAPER-2401.01019.pdf	25977E3C15A9D80EB30D67698FC6E1CC4DEACCDCF763C0FCBE3DE750784D4D87	ALIASES=10.4230/lipics.icdt.2024.9|2401.01019v1;ANCESTRY_RESOLUTION=UNAVAILABLE;BIBLIOGRAPHIC_VARIANTS=NONE;CITATION_DEPTH=0;DISCOVERY_ERAS=ALL;G03_SEED=YES;IDENTITY_STATE=CANONICAL;NEIGHBORING_DOMAIN=NO;OPENALEX_ID=UNKNOWN;OPENALEX_RESOLUTION=UNAVAILABLE;PRE_ARXIV_ANCESTRY=NO;SEMANTIC_SCHOLAR_ID=565b4a488884c6df55adcb29b3cca435653605f7;SOURCE_URLS=https://arxiv.org/abs/2401.01019v1|https://arxiv.org/pdf/2401.01019v1|https://doi.org/10.4230/LIPIcs.ICDT.2024.9;VERSIONS=v1;G04_ORIGINAL_PDF_URL=https://arxiv.org/pdf/2401.01019v1;G04_ORIGINAL_LICENSE_URI=UNKNOWN;LICENSE_UNKNOWN;G04_ACQUISITION_STATUS=ACQUIRED;G04_PARSE_STATUS=PARSED
PAPER-2403.12648	2403.12648	10.1145/3618260.3649661	Revisiting Local Computation of PageRank: Simple and Optimal	Hanzhi Wang|Zhewei Wei|Ji-Rong Wen|Mingji Yang	2024-03-19	2024-03-19	cs.DS	https://arxiv.org/abs/2403.12648v1	https://arxiv.org/pdf/2403.12648v1	UNKNOWN	v1	QRY-002|QRY-017	AQ-001|AQ-002|AQ-004|AQ-005|AQ-007|AQ-008|AQ-009|AQ-010|AQ-012	4	MR=4;RR=0;IS=0;BS=0;TR=0;FL=0;ND=0	METADATA_ONLY	D_THEORETICAL_OR_INCOMPLETE	UNKNOWN	NOT_ACQUIRED	NOT_ACQUIRED	ALIASES=10.1145/3618260.3649661|2403.12648v1;ANCESTRY_DIRECTIONS=BACKWARD;ANCESTRY_RESOLUTION=RESOLVED;ANCESTRY_SEEDS=PAPER-2404.16267;CITATION_DEPTH=1;DISCOVERY_ERAS=ALL;G03_AQ_LINKS=AQ-002|AQ-004|AQ-005|AQ-007|AQ-008|AQ-009|AQ-010|AQ-012;G03_SCREEN=DERIVED_INFERENCE_METADATA_ONLY;IDENTITY_STATE=CANONICAL;NEIGHBORING_DOMAIN=NO;OPENALEX_ID=UNKNOWN;PRE_ARXIV_ANCESTRY=NO;SEMANTIC_SCHOLAR_ID=17e9d0944ca56a6e7df00fee2c868f524aeefb45;SOURCE_URLS=https://arxiv.org/abs/2403.12648v1|https://arxiv.org/pdf/2403.12648v1|https://doi.org/10.1145/3618260.3649661;VERSIONS=v1
PAPER-2404.16267	2404.16267	UNKNOWN	Dynamic PageRank: Algorithms and Lower Bounds	Rajesh Jayaram|Jakub Łącki|Slobodan Mitrović|Krzysztof Onak|Piotr Sankowski	2024-04-25	2024-05-17	cs.DS	https://arxiv.org/abs/2404.16267v2	https://arxiv.org/pdf/2404.16267v2	UNKNOWN	v2	QRY-002|QRY-017|QRY-018	AQ-001|AQ-002|AQ-003|AQ-009	4	MR=4;RR=0;IS=0;BS=0;TR=0;FL=0;ND=0	DEEP_READ	D_THEORETICAL_OR_INCOMPLETE	UNKNOWN	sources/papers/PAPER-2404.16267.pdf	7E6B92BB0B3147A8709DB8172AF8342E0DA0D515B5861C2F0468BE52C4DB3A6C	ALIASES=2404.16267v2;ANCESTRY_RESOLUTION=UNAVAILABLE;BIBLIOGRAPHIC_VARIANTS=NONE;CITATION_DEPTH=0;DISCOVERY_ERAS=ALL;G03_SEED=YES;IDENTITY_STATE=CANONICAL;NEIGHBORING_DOMAIN=NO;OPENALEX_ID=UNKNOWN;OPENALEX_RESOLUTION=UNAVAILABLE;PRE_ARXIV_ANCESTRY=NO;SEMANTIC_SCHOLAR_ID=cd4fdd2b00df6d14acbf6c5fbc322e5301ac1cf1;SOURCE_URLS=https://arxiv.org/abs/2404.16267v2|https://arxiv.org/pdf/2404.16267v2;VERSIONS=v2;G04_ORIGINAL_PDF_URL=https://arxiv.org/pdf/2404.16267v2;G04_ORIGINAL_LICENSE_URI=UNKNOWN;LICENSE_UNKNOWN;G04_ACQUISITION_STATUS=ACQUIRED;G04_PARSE_STATUS=PARSED
PAPER-2505.07268	2505.07268	UNKNOWN	Reconfiguring Multiple Connected Components with Size Multiset Constraints	Yu Nakahata	2025-05-12	2025-05-12	cs.DS	https://arxiv.org/abs/2505.07268v1	https://arxiv.org/pdf/2505.07268v1	UNKNOWN	v1	QRY-007|QRY-022|QRY-023	AQ-004|AQ-011|AQ-012	4	MR=4;RR=0;IS=0;BS=0;TR=0;FL=0;ND=0	METADATA_ONLY	D_THEORETICAL_OR_INCOMPLETE	UNKNOWN	NOT_ACQUIRED	NOT_ACQUIRED	ALIASES=2505.07268v1;DISCOVERY_ERAS=ALL;IDENTITY_STATE=CANONICAL;NEIGHBORING_DOMAIN=NO;PRE_ARXIV_ANCESTRY=NO;SOURCE_URLS=https://arxiv.org/abs/2505.07268v1|https://arxiv.org/pdf/2505.07268v1;VERSIONS=v1
PAPER-2505.17234	2505.17234	UNKNOWN	Quantifying Global Networks of Exchange through the Louvain Method	Aryan Sharma|Jaden Li|Christina Chu|Anna Sisk	2025-05-22	2026-04-20	cs.SI	https://arxiv.org/abs/2505.17234v3	https://arxiv.org/pdf/2505.17234v3	UNKNOWN	v3	QRY-011	AQ-006	4	MR=4;RR=0;IS=0;BS=0;TR=0;FL=0;ND=0	METADATA_ONLY	D_THEORETICAL_OR_INCOMPLETE	UNKNOWN	NOT_ACQUIRED	NOT_ACQUIRED	ALIASES=2505.17234v3;DISCOVERY_ERAS=ALL;IDENTITY_STATE=CANONICAL;NEIGHBORING_DOMAIN=NO;PRE_ARXIV_ANCESTRY=NO;SOURCE_URLS=https://arxiv.org/abs/2505.17234v3|https://arxiv.org/pdf/2505.17234v3;VERSIONS=v3
PAPER-2507.14462	2507.14462	UNKNOWN	Near-Optimality for Single-Source Personalized PageRank	Xinpeng Jiang|Haoyu Liu|Siqiang Luo|Xiaokui Xiao	2025-07-19	2026-04-12	cs.CC|cs.DS	https://arxiv.org/abs/2507.14462v5	https://arxiv.org/pdf/2507.14462v5	UNKNOWN	v5	QRY-001|QRY-002|QRY-017	AQ-001|AQ-002|AQ-009	4	MR=4;RR=0;IS=0;BS=0;TR=0;FL=0;ND=0	METADATA_ONLY	D_THEORETICAL_OR_INCOMPLETE	UNKNOWN	NOT_ACQUIRED	NOT_ACQUIRED	ALIASES=2507.14462v5;DISCOVERY_ERAS=ALL;IDENTITY_STATE=CANONICAL;NEIGHBORING_DOMAIN=NO;PRE_ARXIV_ANCESTRY=NO;SOURCE_URLS=https://arxiv.org/abs/2507.14462v5|https://arxiv.org/pdf/2507.14462v5;VERSIONS=v5
PAPER-2509.05002	2509.05002	UNKNOWN	Graph Reconstruction with a Connected Components Oracle	Juha Harviainen|Pekka Parviainen	2025-09-05	2025-09-12	cs.DS	https://arxiv.org/abs/2509.05002v2	https://arxiv.org/pdf/2509.05002v2	UNKNOWN	v2	QRY-022|QRY-023	AQ-004|AQ-011|AQ-012	4	MR=4;RR=0;IS=0;BS=0;TR=0;FL=0;ND=0	METADATA_ONLY	D_THEORETICAL_OR_INCOMPLETE	UNKNOWN	NOT_ACQUIRED	NOT_ACQUIRED	ALIASES=2509.05002v2;DISCOVERY_ERAS=ALL;IDENTITY_STATE=CANONICAL;NEIGHBORING_DOMAIN=NO;PRE_ARXIV_ANCESTRY=NO;SOURCE_URLS=https://arxiv.org/abs/2509.05002v2|https://arxiv.org/pdf/2509.05002v2;VERSIONS=v2
PAPER-2607.15737	2607.15737	UNKNOWN	NP-Hardness of Connected Components Reconfiguration under Component Jumping on Caterpillar Graphs	Naoki Kitamura|Seitaro Kawaguchi|Yuya Terashima|Taisuke Izumi	2026-07-17	2026-07-17	cs.CC|cs.DS	https://arxiv.org/abs/2607.15737v1	https://arxiv.org/pdf/2607.15737v1	UNKNOWN	v1	QRY-023	AQ-004|AQ-012	4	MR=4;RR=0;IS=0;BS=0;TR=0;FL=0;ND=0	METADATA_ONLY	D_THEORETICAL_OR_INCOMPLETE	UNKNOWN	NOT_ACQUIRED	NOT_ACQUIRED	ALIASES=2607.15737v1;DISCOVERY_ERAS=ALL;IDENTITY_STATE=CANONICAL;NEIGHBORING_DOMAIN=NO;PRE_ARXIV_ANCESTRY=NO;SOURCE_URLS=https://arxiv.org/abs/2607.15737v1|https://arxiv.org/pdf/2607.15737v1;VERSIONS=v1
PAPER-LEGACY-4fcf5b9849b21ae8	cond-mat/0504185	UNKNOWN	Disaster Management in Scale-Free Networks: Recovery from and Protection Against Intentional Attacks	Behnam A. Rezaei|Nima Sarshar|P. Oscar Boykin|Vwani P. Roychowdhury	2005-04-07	2005-05-11	cond-mat.stat-mech|cs.DS|cs.NI|physics.data-an|physics.soc-ph	https://arxiv.org/abs/cond-mat/0504185v3	https://arxiv.org/pdf/cond-mat/0504185v3	UNKNOWN	v3	QRY-007|QRY-008|QRY-022|QRY-023	AQ-004|AQ-008|AQ-011|AQ-012	4	MR=4;RR=0;IS=0;BS=0;TR=0;FL=0;ND=0	METADATA_ONLY	D_THEORETICAL_OR_INCOMPLETE	UNKNOWN	NOT_ACQUIRED	NOT_ACQUIRED	ALIASES=cond-mat/0504185v3;DISCOVERY_ERAS=2001_2010;IDENTITY_STATE=CANONICAL;NEIGHBORING_DOMAIN=NO;PRE_ARXIV_ANCESTRY=NO;SOURCE_URLS=https://arxiv.org/abs/cond-mat/0504185v3|https://arxiv.org/pdf/cond-mat/0504185v3;VERSIONS=v3
PAPER-LEGACY-84c1cd429a1fe254	cs/0611019	UNKNOWN	Algorithmic Aspects of a General Modular Decomposition Theory	Binh-Minh Bui-Xuan|Michel Habib|Vincent Limouzy|Fabien De Montgolfier	2006-11-04	2007-11-20	cs.DS	https://arxiv.org/abs/cs/0611019v2	https://arxiv.org/pdf/cs/0611019v2	UNKNOWN	v2	QRY-007|QRY-022	AQ-004|AQ-011	4	MR=4;RR=0;IS=0;BS=0;TR=0;FL=0;ND=0	METADATA_ONLY	D_THEORETICAL_OR_INCOMPLETE	UNKNOWN	NOT_ACQUIRED	NOT_ACQUIRED	ALIASES=cs/0611019v2;DISCOVERY_ERAS=2001_2010;IDENTITY_STATE=CANONICAL;NEIGHBORING_DOMAIN=NO;PRE_ARXIV_ANCESTRY=NO;SOURCE_URLS=https://arxiv.org/abs/cs/0611019v2|https://arxiv.org/pdf/cs/0611019v2;VERSIONS=v2
PAPER-LEGACY-ce4c6751d9e2679b	cs/0212054	10.1137/s0895480103420744	Improved Compact Visibility Representation of Planar Graph via Schnyder's Realizer	Ching-Chi Lin|Hsueh-I Lu|I-Fan Sun	2002-12-29	2002-12-29	cs.CG|cs.DS	https://arxiv.org/abs/cs/0212054v1	https://arxiv.org/pdf/cs/0212054v1	UNKNOWN	v1	QRY-007|QRY-008|QRY-016|QRY-022	AQ-004|AQ-008|AQ-010|AQ-011	4	MR=4;RR=0;IS=0;BS=0;TR=0;FL=0;ND=0	METADATA_ONLY	D_THEORETICAL_OR_INCOMPLETE	UNKNOWN	NOT_ACQUIRED	NOT_ACQUIRED	ALIASES=10.1137/s0895480103420744|cs/0212054v1;DISCOVERY_ERAS=2001_2010;IDENTITY_STATE=CANONICAL;NEIGHBORING_DOMAIN=NO;PRE_ARXIV_ANCESTRY=NO;SOURCE_URLS=https://arxiv.org/abs/cs/0212054v1|https://arxiv.org/pdf/cs/0212054v1|https://doi.org/10.1137/S0895480103420744;VERSIONS=v1
PAPER-0812.3946	0812.3946	UNKNOWN	Comparing RNA structures using a full set of biologically relevant edit operations is intractable	Guillaume Blin|Sylvie Hamel|Stéphane Vialette	2008-12-20	2008-12-20	cs.DS|q-bio.QM	https://arxiv.org/abs/0812.3946v1	https://arxiv.org/pdf/0812.3946v1	UNKNOWN	v1	QRY-005|QRY-015	AQ-003|AQ-008	3	MR=0;RR=0;IS=0;BS=0;TR=3;FL=0;ND=0	METADATA_ONLY	D_THEORETICAL_OR_INCOMPLETE	UNKNOWN	NOT_ACQUIRED	NOT_ACQUIRED	ALIASES=0812.3946v1;DISCOVERY_ERAS=2001_2010;IDENTITY_STATE=CANONICAL;NEIGHBORING_DOMAIN=NO;PRE_ARXIV_ANCESTRY=NO;SOURCE_URLS=https://arxiv.org/abs/0812.3946v1|https://arxiv.org/pdf/0812.3946v1;VERSIONS=v1
PAPER-0909.5146	0909.5146	UNKNOWN	Fast Set Intersection and Two Patterns Matching	Hagai Cohen|Ely Porat	2009-09-28	2010-03-11	cs.DS	https://arxiv.org/abs/0909.5146v3	https://arxiv.org/pdf/0909.5146v3	UNKNOWN	v3	QRY-009	AQ-005	3	MR=0;RR=0;IS=0;BS=0;TR=3;FL=0;ND=0	METADATA_ONLY	D_THEORETICAL_OR_INCOMPLETE	UNKNOWN	NOT_ACQUIRED	NOT_ACQUIRED	ALIASES=0909.5146v3;ANCESTRY_DIRECTIONS=BACKWARD;ANCESTRY_RESOLUTION=RESOLVED;ANCESTRY_SEEDS=PAPER-1407.6755;CITATION_DEPTH=1;DISCOVERY_ERAS=2001_2010|ALL;G03_AQ_LINKS=AQ-005;G03_SCREEN=DERIVED_INFERENCE_METADATA_ONLY;IDENTITY_STATE=CANONICAL;NEIGHBORING_DOMAIN=NO;OPENALEX_ID=UNKNOWN;PRE_ARXIV_ANCESTRY=NO;SEMANTIC_SCHOLAR_ID=6aa25bd70c8e8d03662b4a35a7170746b86058f4;SOURCE_URLS=https://arxiv.org/abs/0909.5146v3|https://arxiv.org/pdf/0909.5146v3;VERSIONS=v3
PAPER-1011.5200	1011.5200	UNKNOWN	The Power of Simple Tabulation Hashing	Mihai Patrascu|Mikkel Thorup	2010-11-23	2011-05-07	cs.DS	https://arxiv.org/abs/1011.5200v2	https://arxiv.org/pdf/1011.5200v2	UNKNOWN	v2	QRY-009	AQ-002|AQ-005|AQ-006|AQ-007|AQ-009|AQ-011|AQ-012	3	MR=0;RR=0;IS=3;BS=0;TR=0;FL=0;ND=0	METADATA_ONLY	D_THEORETICAL_OR_INCOMPLETE	UNKNOWN	NOT_ACQUIRED	NOT_ACQUIRED	ALIASES=1011.5200v2;ANCESTRY_DIRECTIONS=BACKWARD;ANCESTRY_RESOLUTION=RESOLVED;ANCESTRY_SEEDS=PAPER-1407.6755;CITATION_DEPTH=1;DISCOVERY_ERAS=2001_2010;G03_AQ_LINKS=AQ-002|AQ-006|AQ-007|AQ-009|AQ-011|AQ-012;G03_SCREEN=DERIVED_INFERENCE_METADATA_ONLY;IDENTITY_STATE=CANONICAL;NEIGHBORING_DOMAIN=NO;OPENALEX_ID=UNKNOWN;PRE_ARXIV_ANCESTRY=NO;SEMANTIC_SCHOLAR_ID=c143b5431952f38179649a5218e1cf70ddddef3e;SOURCE_URLS=https://arxiv.org/abs/1011.5200v2|https://arxiv.org/pdf/1011.5200v2;VERSIONS=v2
PAPER-LEGACY-5f9c3a1eb60f51c7	cs/9809064	UNKNOWN	Approximation Algorithms for PSPACE-Hard Hierarchically and Periodically Specified Problems	Madhav V. Marathe|Harry B. Hunt|Richard E. Stearns|Venkatesh Radhakrishnan	1998-09-23	1998-09-23	cs.CC|cs.DS	https://arxiv.org/abs/cs/9809064v1	https://arxiv.org/pdf/cs/9809064v1	UNKNOWN	v1	QRY-005|QRY-015	AQ-003|AQ-008	3	MR=0;RR=0;IS=0;BS=3;TR=0;FL=0;ND=0	METADATA_ONLY	D_THEORETICAL_OR_INCOMPLETE	UNKNOWN	NOT_ACQUIRED	NOT_ACQUIRED	ALIASES=cs/9809064v1;DISCOVERY_ERAS=PRE2001;IDENTITY_STATE=CANONICAL;NEIGHBORING_DOMAIN=NO;PRE_ARXIV_ANCESTRY=NO;SOURCE_URLS=https://arxiv.org/abs/cs/9809064v1|https://arxiv.org/pdf/cs/9809064v1;VERSIONS=v1
PAPER-LEGACY-fb6391df8f51e857	cs/0401003	UNKNOWN	Randomized selection with tripartitioning	Krzysztof C. Kiwiel	2004-01-04	2004-01-04	cs.DS	https://arxiv.org/abs/cs/0401003v1	https://arxiv.org/pdf/cs/0401003v1	UNKNOWN	v1	QRY-005	AQ-003	3	MR=0;RR=0;IS=0;BS=0;TR=3;FL=0;ND=0	METADATA_ONLY	D_THEORETICAL_OR_INCOMPLETE	UNKNOWN	NOT_ACQUIRED	NOT_ACQUIRED	ALIASES=cs/0401003v1;DISCOVERY_ERAS=2001_2010;IDENTITY_STATE=CANONICAL;NEIGHBORING_DOMAIN=NO;PRE_ARXIV_ANCESTRY=NO;SOURCE_URLS=https://arxiv.org/abs/cs/0401003v1|https://arxiv.org/pdf/cs/0401003v1;VERSIONS=v1
PAPER-LEGACY-5e9d3e9325c98a93	cs/0609031	UNKNOWN	Approximation Algorithms for the Bipartite Multi-cut Problem	Sreyash Kenkre|Sundar Vishwanathan	2006-09-07	2006-09-26	cs.CC|cs.DS	https://arxiv.org/abs/cs/0609031v2	https://arxiv.org/pdf/cs/0609031v2	UNKNOWN	v2	QRY-005|QRY-015	AQ-003|AQ-008	0	MR=0;RR=0;IS=0;BS=0;TR=0;FL=0;ND=0	METADATA_ONLY	D_THEORETICAL_OR_INCOMPLETE	UNKNOWN	NOT_ACQUIRED	NOT_ACQUIRED	ALIASES=cs/0609031v2;DISCOVERY_ERAS=2001_2010;IDENTITY_STATE=CANONICAL;NEIGHBORING_DOMAIN=NO;PRE_ARXIV_ANCESTRY=NO;SOURCE_URLS=https://arxiv.org/abs/cs/0609031v2|https://arxiv.org/pdf/cs/0609031v2;VERSIONS=v2
PAPER-LEGACY-a402f9ab27aa66e8	cs/0308011	UNKNOWN	Short Cycles Connectivity	V. Batagelj|M. Zaversnik	2003-08-05	2003-09-10	cs.DM|cs.DS	https://arxiv.org/abs/cs/0308011v2	https://arxiv.org/pdf/cs/0308011v2	UNKNOWN	v2	QRY-007|QRY-008|QRY-022	AQ-004|AQ-008|AQ-011	0	MR=0;RR=0;IS=0;BS=0;TR=0;FL=0;ND=0	METADATA_ONLY	D_THEORETICAL_OR_INCOMPLETE	UNKNOWN	NOT_ACQUIRED	NOT_ACQUIRED	ALIASES=cs/0308011v2;DISCOVERY_ERAS=2001_2010;IDENTITY_STATE=CANONICAL;NEIGHBORING_DOMAIN=NO;PRE_ARXIV_ANCESTRY=NO;SOURCE_URLS=https://arxiv.org/abs/cs/0308011v2|https://arxiv.org/pdf/cs/0308011v2;VERSIONS=v2
PAPER-LEGACY-b24a144318bb1e80	cs/0202039	UNKNOWN	Generalized Cores	V. Batagelj|M. Zaveršnik	2002-02-28	2002-02-28	cs.DM|cs.DS	https://arxiv.org/abs/cs/0202039v1	https://arxiv.org/pdf/cs/0202039v1	UNKNOWN	v1	QRY-007|QRY-008|QRY-022	AQ-004|AQ-008|AQ-011	0	MR=0;RR=0;IS=0;BS=0;TR=0;FL=0;ND=0	METADATA_ONLY	D_THEORETICAL_OR_INCOMPLETE	UNKNOWN	NOT_ACQUIRED	NOT_ACQUIRED	ALIASES=cs/0202039v1;DISCOVERY_ERAS=2001_2010;IDENTITY_STATE=CANONICAL;NEIGHBORING_DOMAIN=NO;PRE_ARXIV_ANCESTRY=NO;SOURCE_URLS=https://arxiv.org/abs/cs/0202039v1|https://arxiv.org/pdf/cs/0202039v1;VERSIONS=v1
PAPER-0708.3259	0708.3259	10.1007/978-3-540-77120-3_64	Fast Evaluation of Union-Intersection Expressions	Philip Bille|Anna Pagh|R. Pagh	2007-08-23	UNKNOWN	UNKNOWN	UNKNOWN	https://arxiv.org/pdf/0708.3259v1	UNKNOWN	UNKNOWN	NOT_APPLICABLE	AQ-004|AQ-005|AQ-008|AQ-012	80	ALG=40;MECH=25;ROLE=15;AGE=0;FALS=0	READ_COMPLETE	D_THEORETICAL_OR_INCOMPLETE	UNKNOWN	sources/papers/PAPER-0708.3259.pdf	DABD45DB70C919E5041997308612FA8B67EC74E69D315EF236A3B46E5B8ABDAB	ALIASES=S2:447c5d085a978b26e57cff5cbf9092156d167499;ANCESTRY_DIRECTIONS=BACKWARD;ANCESTRY_RESOLUTION=RESOLVED;ANCESTRY_SEEDS=PAPER-1407.6755;BIBLIOGRAPHIC_VARIANTS=NONE;CITATION_DEPTH=1;G03_AQ_LINKS=AQ-004|AQ-005|AQ-008|AQ-012;G03_SCREEN=DERIVED_INFERENCE_METADATA_ONLY;IDENTITY_STATE=CANONICAL;OPENALEX_ID=UNKNOWN;SEMANTIC_SCHOLAR_ID=447c5d085a978b26e57cff5cbf9092156d167499;SOURCE_URLS=S2:447c5d085a978b26e57cff5cbf9092156d167499|https://www.semanticscholar.org/paper/447c5d085a978b26e57cff5cbf9092156d167499?utm_source=api;VERSIONS=UNKNOWN;G04_ORIGINAL_PDF_URL=UNKNOWN;G04_ORIGINAL_LICENSE_URI=UNKNOWN;LICENSE_UNKNOWN;G04_ACQUISITION_STATUS=ACQUIRED;G04_PARSE_STATUS=PARSED
PAPER-0709.2938	0709.2938	10.1103/physreve.76.036106	Near linear time algorithm to detect community structures in large-scale networks.	U. Raghavan|R. Albert|S. Kumara	2007-09-11	UNKNOWN	UNKNOWN	UNKNOWN	UNKNOWN	UNKNOWN	UNKNOWN	NOT_APPLICABLE	AQ-001|AQ-003|AQ-006|AQ-008|AQ-009|AQ-010	75	ALG=40;MECH=25;ROLE=0;AGE=10;FALS=0	METADATA_ONLY	D_THEORETICAL_OR_INCOMPLETE	UNKNOWN	NOT_ACQUIRED	NOT_ACQUIRED	ALIASES=S2:69dc367c30240fcbbde0a2be04f16b02f2f7e73e;ANCESTRY_DIRECTIONS=BACKWARD;ANCESTRY_RESOLUTION=RESOLVED;ANCESTRY_SEEDS=PAPER-1905.04264;BIBLIOGRAPHIC_VARIANTS=NONE;CITATION_DEPTH=1;G03_AQ_LINKS=AQ-001|AQ-003|AQ-006|AQ-008|AQ-009|AQ-010;G03_SCREEN=DERIVED_INFERENCE_METADATA_ONLY;IDENTITY_STATE=CANONICAL;OPENALEX_ID=UNKNOWN;SEMANTIC_SCHOLAR_ID=69dc367c30240fcbbde0a2be04f16b02f2f7e73e;SOURCE_URLS=S2:69dc367c30240fcbbde0a2be04f16b02f2f7e73e|https://www.semanticscholar.org/paper/69dc367c30240fcbbde0a2be04f16b02f2f7e73e?utm_source=api;VERSIONS=UNKNOWN
PAPER-1011.5425	1011.5425	10.1145/1963405.1963488	Layered label propagation: a multiresolution coordinate-free ordering for compressing social networks	P. Boldi|M. Rosa|Massimo Santini|S. Vigna	2010-11-24	UNKNOWN	UNKNOWN	UNKNOWN	https://arxiv.org/pdf/1011.5425v2	UNKNOWN	UNKNOWN	NOT_APPLICABLE	AQ-002|AQ-003|AQ-004|AQ-005|AQ-006|AQ-007|AQ-008|AQ-009|AQ-010|AQ-011|AQ-012	65	ALG=40;MECH=25;ROLE=0;AGE=0;FALS=0	READ_COMPLETE	D_THEORETICAL_OR_INCOMPLETE	UNKNOWN	sources/papers/PAPER-1011.5425.pdf	D22DC46362D7C94320ABDDEAB399515D3C9E152B5AE735132364565C697F55DD	ALIASES=S2:e41956966fbbde4a25b420ab0cf32b62ab6e2589;ANCESTRY_DIRECTIONS=BACKWARD;ANCESTRY_RESOLUTION=RESOLVED;ANCESTRY_SEEDS=PAPER-1708.07271;BIBLIOGRAPHIC_VARIANTS=NONE;CITATION_DEPTH=1;G03_AQ_LINKS=AQ-002|AQ-003|AQ-004|AQ-005|AQ-006|AQ-007|AQ-008|AQ-009|AQ-010|AQ-011|AQ-012;G03_SCREEN=DERIVED_INFERENCE_METADATA_ONLY;IDENTITY_STATE=CANONICAL;OPENALEX_ID=UNKNOWN;SEMANTIC_SCHOLAR_ID=e41956966fbbde4a25b420ab0cf32b62ab6e2589;SOURCE_URLS=S2:e41956966fbbde4a25b420ab0cf32b62ab6e2589|https://www.semanticscholar.org/paper/e41956966fbbde4a25b420ab0cf32b62ab6e2589?utm_source=api;VERSIONS=UNKNOWN;G04_ORIGINAL_PDF_URL=UNKNOWN;G04_ORIGINAL_LICENSE_URI=UNKNOWN;LICENSE_UNKNOWN;G04_ACQUISITION_STATUS=ACQUIRED;G04_PARSE_STATUS=PARSED
PAPER-1205.6233	1205.6233	10.1007/s10115-013-0693-z	Defining and evaluating network communities based on ground-truth	Jaewon Yang|J. Leskovec	2012-05-28	UNKNOWN	UNKNOWN	UNKNOWN	UNKNOWN	UNKNOWN	UNKNOWN	NOT_APPLICABLE	AQ-001|AQ-003|AQ-006|AQ-009|AQ-010|AQ-011|AQ-012	90	ALG=40;MECH=25;ROLE=15;AGE=10;FALS=0	METADATA_ONLY	D_THEORETICAL_OR_INCOMPLETE	UNKNOWN	NOT_ACQUIRED	NOT_ACQUIRED	ALIASES=S2:7fb27e0123ca907b55b8ef57afa1612731eba034;ANCESTRY_DIRECTIONS=BACKWARD;ANCESTRY_RESOLUTION=RESOLVED;ANCESTRY_SEEDS=PAPER-1304.4453|PAPER-1602.02864|PAPER-2010.09913|PAPER-2012.10026|PAPER-2511.07886;BIBLIOGRAPHIC_VARIANTS=NONE;CITATION_DEPTH=1;G03_AQ_LINKS=AQ-001|AQ-003|AQ-006|AQ-009|AQ-010|AQ-011|AQ-012;G03_SCREEN=DERIVED_INFERENCE_METADATA_ONLY;IDENTITY_STATE=CANONICAL;OPENALEX_ID=UNKNOWN;SEMANTIC_SCHOLAR_ID=7fb27e0123ca907b55b8ef57afa1612731eba034;SOURCE_URLS=S2:7fb27e0123ca907b55b8ef57afa1612731eba034|https://www.semanticscholar.org/paper/7fb27e0123ca907b55b8ef57afa1612731eba034?utm_source=api;VERSIONS=UNKNOWN
PAPER-1409.2138	1409.2138	10.1137/1.9781611973730.84	Streaming Lower Bounds for Approximating MAX-CUT	M. Kapralov|S. Khanna|M. Sudan	2014-09-07	UNKNOWN	UNKNOWN	UNKNOWN	UNKNOWN	UNKNOWN	UNKNOWN	NOT_APPLICABLE	AQ-002|AQ-003|AQ-004|AQ-005|AQ-006|AQ-007|AQ-008|AQ-009|AQ-010|AQ-011|AQ-012	90	ALG=40;MECH=25;ROLE=15;AGE=0;FALS=10	METADATA_ONLY	D_THEORETICAL_OR_INCOMPLETE	UNKNOWN	NOT_ACQUIRED	NOT_ACQUIRED	ALIASES=S2:99abc13b552c78387d8e21475ed74a38c9547905;ANCESTRY_DIRECTIONS=BACKWARD;ANCESTRY_RESOLUTION=RESOLVED;ANCESTRY_SEEDS=PAPER-2305.11053;BIBLIOGRAPHIC_VARIANTS=NONE;CITATION_DEPTH=1;G03_AQ_LINKS=AQ-002|AQ-003|AQ-004|AQ-005|AQ-006|AQ-007|AQ-008|AQ-009|AQ-010|AQ-011|AQ-012;G03_SCREEN=DERIVED_INFERENCE_METADATA_ONLY;IDENTITY_STATE=CANONICAL;OPENALEX_ID=UNKNOWN;SEMANTIC_SCHOLAR_ID=99abc13b552c78387d8e21475ed74a38c9547905;SOURCE_URLS=S2:99abc13b552c78387d8e21475ed74a38c9547905|https://www.semanticscholar.org/paper/99abc13b552c78387d8e21475ed74a38c9547905?utm_source=api;VERSIONS=UNKNOWN
PAPER-1604.06264	1604.06264	10.4230/lipics.icalp.2016.93	Data Structure Lower Bounds for Document Indexing Problems	P. Afshani|J. Nielsen	2016-04-01	UNKNOWN	UNKNOWN	UNKNOWN	UNKNOWN	UNKNOWN	UNKNOWN	NOT_APPLICABLE	AQ-001|AQ-002|AQ-003|AQ-004|AQ-007|AQ-008|AQ-009|AQ-010|AQ-012	90	ALG=40;MECH=25;ROLE=15;AGE=0;FALS=10	METADATA_ONLY	D_THEORETICAL_OR_INCOMPLETE	UNKNOWN	NOT_ACQUIRED	NOT_ACQUIRED	ALIASES=S2:57335ef1431d7f6930fe3fa824c10785e521d1d3;ANCESTRY_DIRECTIONS=FORWARD;ANCESTRY_RESOLUTION=RESOLVED;ANCESTRY_SEEDS=PAPER-1407.6755;BIBLIOGRAPHIC_VARIANTS=NONE;CITATION_DEPTH=1;G03_AQ_LINKS=AQ-001|AQ-002|AQ-003|AQ-004|AQ-007|AQ-008|AQ-009|AQ-010|AQ-012;G03_SCREEN=DERIVED_INFERENCE_METADATA_ONLY;IDENTITY_STATE=CANONICAL;OPENALEX_ID=UNKNOWN;SEMANTIC_SCHOLAR_ID=57335ef1431d7f6930fe3fa824c10785e521d1d3;SOURCE_URLS=S2:57335ef1431d7f6930fe3fa824c10785e521d1d3|https://www.semanticscholar.org/paper/57335ef1431d7f6930fe3fa824c10785e521d1d3?utm_source=api;VERSIONS=UNKNOWN
PAPER-1806.08092	1806.08092	10.1145/3293883.3299108	GPOP: a cache and memory-efficient framework for graph processing over partitions	Kartik Lakhotia|Rajgopal Kannan|Sourav Pati|V. Prasanna	2018-06-21	UNKNOWN	UNKNOWN	UNKNOWN	https://arxiv.org/pdf/1806.08092v3	UNKNOWN	UNKNOWN	NOT_APPLICABLE	AQ-001|AQ-002|AQ-003|AQ-004|AQ-005|AQ-006|AQ-007|AQ-008|AQ-009|AQ-010|AQ-011|AQ-012	65	ALG=40;MECH=25;ROLE=0;AGE=0;FALS=0	READ_COMPLETE	D_THEORETICAL_OR_INCOMPLETE	UNKNOWN	sources/papers/PAPER-1806.08092.pdf	394B92E82D271097270EFC642211C36D2C2A842EAADA08AAF05AE844B550DDBE	ALIASES=S2:0ade258065beec6e56a6789dc9ee9ec4867c3c86;ANCESTRY_DIRECTIONS=FORWARD;ANCESTRY_RESOLUTION=RESOLVED;ANCESTRY_SEEDS=PAPER-1905.04264;BIBLIOGRAPHIC_VARIANTS=NONE;CITATION_DEPTH=1;G03_AQ_LINKS=AQ-001|AQ-002|AQ-003|AQ-004|AQ-005|AQ-006|AQ-007|AQ-008|AQ-009|AQ-010|AQ-011|AQ-012;G03_SCREEN=DERIVED_INFERENCE_METADATA_ONLY;IDENTITY_STATE=CANONICAL;OPENALEX_ID=UNKNOWN;SEMANTIC_SCHOLAR_ID=0ade258065beec6e56a6789dc9ee9ec4867c3c86;SOURCE_URLS=S2:0ade258065beec6e56a6789dc9ee9ec4867c3c86|https://www.semanticscholar.org/paper/0ade258065beec6e56a6789dc9ee9ec4867c3c86?utm_source=api;VERSIONS=UNKNOWN;G04_ORIGINAL_PDF_URL=UNKNOWN;G04_ORIGINAL_LICENSE_URI=UNKNOWN;LICENSE_UNKNOWN;G04_ACQUISITION_STATUS=ACQUIRED;G04_PARSE_STATUS=PARSED
PAPER-1908.01407	1908.01407	10.1145/3466795	GraphBLAST: A High-Performance Linear Algebra-based Graph Framework on the GPU	Carl Yang|A. Buluç|John Douglas Owens	2019-08-04	UNKNOWN	UNKNOWN	UNKNOWN	UNKNOWN	UNKNOWN	UNKNOWN	NOT_APPLICABLE	AQ-003|AQ-009|AQ-010|AQ-011|AQ-012	65	ALG=40;MECH=25;ROLE=0;AGE=0;FALS=0	METADATA_ONLY	D_THEORETICAL_OR_INCOMPLETE	UNKNOWN	NOT_ACQUIRED	NOT_ACQUIRED	ALIASES=S2:8e76bb806667804cc2a1ecea7ed083cc80c5c83f;ANCESTRY_DIRECTIONS=BACKWARD;ANCESTRY_RESOLUTION=RESOLVED;ANCESTRY_SEEDS=PAPER-2503.00430;BIBLIOGRAPHIC_VARIANTS=NONE;CITATION_DEPTH=1;G03_AQ_LINKS=AQ-003|AQ-009|AQ-010|AQ-011|AQ-012;G03_SCREEN=DERIVED_INFERENCE_METADATA_ONLY;IDENTITY_STATE=CANONICAL;OPENALEX_ID=UNKNOWN;SEMANTIC_SCHOLAR_ID=8e76bb806667804cc2a1ecea7ed083cc80c5c83f;SOURCE_URLS=S2:8e76bb806667804cc2a1ecea7ed083cc80c5c83f|https://www.semanticscholar.org/paper/8e76bb806667804cc2a1ecea7ed083cc80c5c83f?utm_source=api;VERSIONS=UNKNOWN
PAPER-2009.03038	2009.03038	10.1109/focs46700.2020.00041	Multi-Pass Graph Streaming Lower Bounds for Cycle Counting, MAX-CUT, Matching Size, and Other Problems	Sepehr Assadi|Gillat Kol|Raghuvansh R. Saxena|Huacheng Yu	2020-09-07	UNKNOWN	UNKNOWN	UNKNOWN	UNKNOWN	UNKNOWN	UNKNOWN	NOT_APPLICABLE	AQ-002|AQ-003|AQ-004|AQ-005|AQ-006|AQ-007|AQ-008|AQ-009|AQ-010|AQ-011|AQ-012	90	ALG=40;MECH=25;ROLE=15;AGE=0;FALS=10	METADATA_ONLY	D_THEORETICAL_OR_INCOMPLETE	UNKNOWN	NOT_ACQUIRED	NOT_ACQUIRED	ALIASES=S2:75aa454bd32397a8420c1cbcf20e91374c869068;ANCESTRY_DIRECTIONS=BACKWARD;ANCESTRY_RESOLUTION=RESOLVED;ANCESTRY_SEEDS=PAPER-2305.11053;BIBLIOGRAPHIC_VARIANTS=NONE;CITATION_DEPTH=1;G03_AQ_LINKS=AQ-002|AQ-003|AQ-004|AQ-005|AQ-006|AQ-007|AQ-008|AQ-009|AQ-010|AQ-011|AQ-012;G03_SCREEN=DERIVED_INFERENCE_METADATA_ONLY;IDENTITY_STATE=CANONICAL;OPENALEX_ID=UNKNOWN;SEMANTIC_SCHOLAR_ID=75aa454bd32397a8420c1cbcf20e91374c869068;SOURCE_URLS=S2:75aa454bd32397a8420c1cbcf20e91374c869068|https://www.semanticscholar.org/paper/75aa454bd32397a8420c1cbcf20e91374c869068?utm_source=api;VERSIONS=UNKNOWN
PAPER-2101.12631	2101.12631	10.14778/3476249.3476255	A Comprehensive Survey and Experimental Comparison of Graph-Based Approximate Nearest Neighbor Search	Mengzhao Wang|Xiaoliang Xu|Qiang Yue|Yuxiang Wang	2021-01-29	UNKNOWN	UNKNOWN	UNKNOWN	https://arxiv.org/pdf/2101.12631v2	UNKNOWN	UNKNOWN	NOT_APPLICABLE	AQ-003|AQ-004|AQ-005|AQ-006|AQ-007|AQ-008|AQ-009|AQ-011|AQ-012	80	ALG=40;MECH=25;ROLE=15;AGE=0;FALS=0	READ_COMPLETE	D_THEORETICAL_OR_INCOMPLETE	UNKNOWN	sources/papers/PAPER-2101.12631.pdf	D9A6F52D17107B182E567BAEDD3546F0D65BC5A01B547BA814EC7900B1E1C344	ALIASES=S2:f1613881b5f90cd779bf9c8511f3af410ce49846;ANCESTRY_DIRECTIONS=BACKWARD;ANCESTRY_RESOLUTION=RESOLVED;ANCESTRY_SEEDS=PAPER-2602.21514;BIBLIOGRAPHIC_VARIANTS=NONE;CITATION_DEPTH=1;G03_AQ_LINKS=AQ-003|AQ-004|AQ-005|AQ-006|AQ-007|AQ-008|AQ-009|AQ-011|AQ-012;G03_SCREEN=DERIVED_INFERENCE_METADATA_ONLY;IDENTITY_STATE=CANONICAL;OPENALEX_ID=UNKNOWN;SEMANTIC_SCHOLAR_ID=f1613881b5f90cd779bf9c8511f3af410ce49846;SOURCE_URLS=S2:f1613881b5f90cd779bf9c8511f3af410ce49846|https://www.semanticscholar.org/paper/f1613881b5f90cd779bf9c8511f3af410ce49846?utm_source=api;VERSIONS=UNKNOWN;G04_ORIGINAL_PDF_URL=UNKNOWN;G04_ORIGINAL_LICENSE_URI=UNKNOWN;LICENSE_UNKNOWN;G04_ACQUISITION_STATUS=ACQUIRED;G04_PARSE_STATUS=PARSED
PAPER-2104.04908	2104.04908	10.1145/3406325.3451110	Graph streaming lower bounds for parameter estimation and property testing via a streaming XOR lemma	Sepehr Assadi|Vishvajeet N	2021-04-11	UNKNOWN	UNKNOWN	UNKNOWN	UNKNOWN	UNKNOWN	UNKNOWN	NOT_APPLICABLE	AQ-002|AQ-003|AQ-004|AQ-005|AQ-006|AQ-007|AQ-008|AQ-009|AQ-010|AQ-011|AQ-012	90	ALG=40;MECH=25;ROLE=15;AGE=0;FALS=10	METADATA_ONLY	D_THEORETICAL_OR_INCOMPLETE	UNKNOWN	NOT_ACQUIRED	NOT_ACQUIRED	ALIASES=S2:1d4d2820d9320bec6f5e5be154f1eaefd3184a57;ANCESTRY_DIRECTIONS=BACKWARD;ANCESTRY_RESOLUTION=RESOLVED;ANCESTRY_SEEDS=PAPER-2305.11053;BIBLIOGRAPHIC_VARIANTS=NONE;CITATION_DEPTH=1;G03_AQ_LINKS=AQ-002|AQ-003|AQ-004|AQ-005|AQ-006|AQ-007|AQ-008|AQ-009|AQ-010|AQ-011|AQ-012;G03_SCREEN=DERIVED_INFERENCE_METADATA_ONLY;IDENTITY_STATE=CANONICAL;OPENALEX_ID=UNKNOWN;SEMANTIC_SCHOLAR_ID=1d4d2820d9320bec6f5e5be154f1eaefd3184a57;SOURCE_URLS=S2:1d4d2820d9320bec6f5e5be154f1eaefd3184a57|https://www.semanticscholar.org/paper/1d4d2820d9320bec6f5e5be154f1eaefd3184a57?utm_source=api;VERSIONS=UNKNOWN
PAPER-2104.12523	2104.12523	10.1145/3569169	Enumeration of Far-apart Pairs by Decreasing Distance for Faster Hyperbolicity Computation	D. Coudert|André Nusser|L. Viennot	2021-04-26	UNKNOWN	UNKNOWN	UNKNOWN	UNKNOWN	UNKNOWN	UNKNOWN	NOT_APPLICABLE	AQ-002|AQ-004|AQ-005|AQ-007|AQ-008|AQ-009|AQ-012	65	ALG=40;MECH=25;ROLE=0;AGE=0;FALS=0	METADATA_ONLY	D_THEORETICAL_OR_INCOMPLETE	UNKNOWN	NOT_ACQUIRED	NOT_ACQUIRED	ALIASES=S2:d2a820ad2bb8f4ade46dd8227af7a73d08dc5f2a;ANCESTRY_DIRECTIONS=FORWARD;ANCESTRY_RESOLUTION=RESOLVED;ANCESTRY_SEEDS=PAPER-1812.10950;BIBLIOGRAPHIC_VARIANTS=NONE;CITATION_DEPTH=1;G03_AQ_LINKS=AQ-002|AQ-004|AQ-005|AQ-007|AQ-008|AQ-009|AQ-012;G03_SCREEN=DERIVED_INFERENCE_METADATA_ONLY;IDENTITY_STATE=CANONICAL;OPENALEX_ID=UNKNOWN;SEMANTIC_SCHOLAR_ID=d2a820ad2bb8f4ade46dd8227af7a73d08dc5f2a;SOURCE_URLS=S2:d2a820ad2bb8f4ade46dd8227af7a73d08dc5f2a|https://www.semanticscholar.org/paper/d2a820ad2bb8f4ade46dd8227af7a73d08dc5f2a?utm_source=api;VERSIONS=UNKNOWN
PAPER-2203.14540	2203.14540	10.48550/arxiv.2203.14540	Improving Matrix-vector Multiplication via Lossless Grammar-Compressed Matrices	P. Ferragina|T. Gagie|Dominik Köppl|G. Manzini|G. Navarro|Manuel Striani|Francesco Tosoni	2022-03-28	UNKNOWN	UNKNOWN	UNKNOWN	UNKNOWN	UNKNOWN	UNKNOWN	NOT_APPLICABLE	AQ-002|AQ-003|AQ-004|AQ-005|AQ-007|AQ-008|AQ-009|AQ-011	65	ALG=40;MECH=25;ROLE=0;AGE=0;FALS=0	METADATA_ONLY	D_THEORETICAL_OR_INCOMPLETE	UNKNOWN	NOT_ACQUIRED	NOT_ACQUIRED	ALIASES=S2:deb396fb7132f1e23199f4d9220a9c68b0fd4887;ANCESTRY_DIRECTIONS=FORWARD;ANCESTRY_RESOLUTION=RESOLVED;ANCESTRY_SEEDS=PAPER-1708.07271;BIBLIOGRAPHIC_VARIANTS=NONE;CITATION_DEPTH=1;G03_AQ_LINKS=AQ-002|AQ-003|AQ-004|AQ-005|AQ-007|AQ-008|AQ-009|AQ-011;G03_SCREEN=DERIVED_INFERENCE_METADATA_ONLY;IDENTITY_STATE=CANONICAL;OPENALEX_ID=UNKNOWN;SEMANTIC_SCHOLAR_ID=deb396fb7132f1e23199f4d9220a9c68b0fd4887;SOURCE_URLS=S2:deb396fb7132f1e23199f4d9220a9c68b0fd4887|https://www.semanticscholar.org/paper/deb396fb7132f1e23199f4d9220a9c68b0fd4887?utm_source=api;VERSIONS=UNKNOWN
PAPER-2203.15534	2203.15534	10.1109/hpec.2019.8916328	Design and implementation of parallel PageRank on multicore platforms	Shijie Zhou|Kartik Lakhotia|Shreyas G. Singapura|Hanqing Zeng|R. Kannan|V. Prasanna|James Fox|Euna Kim|Oded Green|David A. Bader	2017-09-01	UNKNOWN	UNKNOWN	UNKNOWN	UNKNOWN	UNKNOWN	UNKNOWN	NOT_APPLICABLE	AQ-001|AQ-002|AQ-005|AQ-007|AQ-008|AQ-009|AQ-010|AQ-012	80	ALG=40;MECH=25;ROLE=15;AGE=0;FALS=0	METADATA_ONLY	D_THEORETICAL_OR_INCOMPLETE	UNKNOWN	NOT_ACQUIRED	NOT_ACQUIRED	ALIASES=S2:d72293a7858d27058eac1690e6a3739db4d9bd97;ANCESTRY_DIRECTIONS=BACKWARD;ANCESTRY_RESOLUTION=RESOLVED;ANCESTRY_SEEDS=PAPER-1709.07122;BIBLIOGRAPHIC_VARIANTS=NONE;CITATION_DEPTH=1;G03_AQ_LINKS=AQ-001|AQ-002|AQ-005|AQ-007|AQ-008|AQ-009|AQ-010|AQ-012;G03_SCREEN=DERIVED_INFERENCE_METADATA_ONLY;IDENTITY_STATE=CANONICAL;OPENALEX_ID=UNKNOWN;SEMANTIC_SCHOLAR_ID=d72293a7858d27058eac1690e6a3739db4d9bd97;SOURCE_URLS=S2:d72293a7858d27058eac1690e6a3739db4d9bd97|https://www.semanticscholar.org/paper/d72293a7858d27058eac1690e6a3739db4d9bd97?utm_source=api;VERSIONS=UNKNOWN
PAPER-2412.11963	2412.11963	10.48550/arxiv.2412.11963	Approximating the Top Eigenvector in Random Order Streams	Praneeth Kacham|David P. Woodruff	2024-12-16	UNKNOWN	UNKNOWN	UNKNOWN	UNKNOWN	UNKNOWN	UNKNOWN	NOT_APPLICABLE	AQ-002|AQ-003|AQ-004|AQ-005|AQ-006|AQ-007|AQ-008|AQ-009|AQ-011|AQ-012	65	ALG=40;MECH=25;ROLE=0;AGE=0;FALS=0	METADATA_ONLY	D_THEORETICAL_OR_INCOMPLETE	UNKNOWN	NOT_ACQUIRED	NOT_ACQUIRED	ALIASES=S2:88c3e371bd01bd4700c35890feb8fe9ea0b3ba68;ANCESTRY_DIRECTIONS=FORWARD;ANCESTRY_RESOLUTION=RESOLVED;ANCESTRY_SEEDS=PAPER-2305.11053;BIBLIOGRAPHIC_VARIANTS=NONE;CITATION_DEPTH=1;G03_AQ_LINKS=AQ-002|AQ-003|AQ-004|AQ-005|AQ-006|AQ-007|AQ-008|AQ-009|AQ-011|AQ-012;G03_SCREEN=DERIVED_INFERENCE_METADATA_ONLY;IDENTITY_STATE=CANONICAL;OPENALEX_ID=UNKNOWN;SEMANTIC_SCHOLAR_ID=88c3e371bd01bd4700c35890feb8fe9ea0b3ba68;SOURCE_URLS=S2:88c3e371bd01bd4700c35890feb8fe9ea0b3ba68|https://www.semanticscholar.org/paper/88c3e371bd01bd4700c35890feb8fe9ea0b3ba68?utm_source=api;VERSIONS=UNKNOWN
PAPER-2502.05575	2502.05575	10.1145/3709693	Graph-Based Vector Search: An Experimental Evaluation of the State-of-the-Art	Ilias Azizi|Karima Echihabi|Themis Palpanas	2025-02-08	UNKNOWN	UNKNOWN	UNKNOWN	UNKNOWN	UNKNOWN	UNKNOWN	NOT_APPLICABLE	AQ-002|AQ-003|AQ-004|AQ-005|AQ-007|AQ-009|AQ-011|AQ-012	80	ALG=40;MECH=25;ROLE=15;AGE=0;FALS=0	METADATA_ONLY	D_THEORETICAL_OR_INCOMPLETE	UNKNOWN	NOT_ACQUIRED	NOT_ACQUIRED	ALIASES=S2:ee04db24c02c27dfbaa1b85dff8c8c6a9be2d1f1;ANCESTRY_DIRECTIONS=BACKWARD;ANCESTRY_RESOLUTION=RESOLVED;ANCESTRY_SEEDS=PAPER-2602.21514;BIBLIOGRAPHIC_VARIANTS=NONE;CITATION_DEPTH=1;G03_AQ_LINKS=AQ-002|AQ-003|AQ-004|AQ-005|AQ-007|AQ-009|AQ-011|AQ-012;G03_SCREEN=DERIVED_INFERENCE_METADATA_ONLY;IDENTITY_STATE=CANONICAL;OPENALEX_ID=UNKNOWN;SEMANTIC_SCHOLAR_ID=ee04db24c02c27dfbaa1b85dff8c8c6a9be2d1f1;SOURCE_URLS=S2:ee04db24c02c27dfbaa1b85dff8c8c6a9be2d1f1|https://www.semanticscholar.org/paper/ee04db24c02c27dfbaa1b85dff8c8c6a9be2d1f1?utm_source=api;VERSIONS=UNKNOWN
PAPER-2504.16481	2504.16481	10.48550/arxiv.2504.16481	Estimating Random-Walk Probabilities in Directed Graphs	Christian Bertram|Mads Vestergaard Jensen|Mikkel Thorup|Hanzhi Wang|Shuyi Yan	2025-04-23	UNKNOWN	UNKNOWN	UNKNOWN	UNKNOWN	UNKNOWN	UNKNOWN	NOT_APPLICABLE	AQ-002|AQ-006|AQ-008|AQ-010|AQ-012	65	ALG=40;MECH=25;ROLE=0;AGE=0;FALS=0	METADATA_ONLY	D_THEORETICAL_OR_INCOMPLETE	UNKNOWN	NOT_ACQUIRED	NOT_ACQUIRED	ALIASES=S2:46dd2aa9692fdd96b3ab7efb909a3ccfc570f745;ANCESTRY_DIRECTIONS=FORWARD;ANCESTRY_RESOLUTION=RESOLVED;ANCESTRY_SEEDS=PAPER-2401.01019|PAPER-2404.16267;BIBLIOGRAPHIC_VARIANTS=NONE;CITATION_DEPTH=1;G03_AQ_LINKS=AQ-002|AQ-006|AQ-008|AQ-010|AQ-012;G03_SCREEN=DERIVED_INFERENCE_METADATA_ONLY;IDENTITY_STATE=CANONICAL;OPENALEX_ID=UNKNOWN;SEMANTIC_SCHOLAR_ID=46dd2aa9692fdd96b3ab7efb909a3ccfc570f745;SOURCE_URLS=S2:46dd2aa9692fdd96b3ab7efb909a3ccfc570f745|https://www.semanticscholar.org/paper/46dd2aa9692fdd96b3ab7efb909a3ccfc570f745?utm_source=api;VERSIONS=UNKNOWN
PAPER-2509.20204	2509.20204	10.48550/arxiv.2509.20204	Output-Sensitive Evaluation of Acyclic Conjunctive Regular Path Queries	Mahmoud Abo Khamis|Alexandru-Mihai Hurjui|Ahmet Kara|Dan Olteanu|Dan Suciu|Zilu Tian	2025-09-24	UNKNOWN	UNKNOWN	UNKNOWN	UNKNOWN	UNKNOWN	UNKNOWN	NOT_APPLICABLE	AQ-003|AQ-005|AQ-007|AQ-008	80	ALG=40;MECH=25;ROLE=15;AGE=0;FALS=0	METADATA_ONLY	D_THEORETICAL_OR_INCOMPLETE	UNKNOWN	NOT_ACQUIRED	NOT_ACQUIRED	ALIASES=S2:5ce5e1ca4310b92086f5b89983140479552644b3;ANCESTRY_DIRECTIONS=FORWARD;ANCESTRY_RESOLUTION=RESOLVED;ANCESTRY_SEEDS=PAPER-2412.07729;BIBLIOGRAPHIC_VARIANTS=NONE;CITATION_DEPTH=1;G03_AQ_LINKS=AQ-003|AQ-005|AQ-007|AQ-008;G03_SCREEN=DERIVED_INFERENCE_METADATA_ONLY;IDENTITY_STATE=CANONICAL;OPENALEX_ID=UNKNOWN;SEMANTIC_SCHOLAR_ID=5ce5e1ca4310b92086f5b89983140479552644b3;SOURCE_URLS=S2:5ce5e1ca4310b92086f5b89983140479552644b3|https://www.semanticscholar.org/paper/5ce5e1ca4310b92086f5b89983140479552644b3?utm_source=api;VERSIONS=UNKNOWN
PAPER-2510.08010	2510.08010	10.48550/arxiv.2510.08010	Accelerated Evolving Set Processes for Local PageRank Computation	Binbin Huang|Luo Luo|Yanghua Xiao|Deqing Yang|Baojian Zhou	2025-10-09	UNKNOWN	UNKNOWN	UNKNOWN	UNKNOWN	UNKNOWN	UNKNOWN	NOT_APPLICABLE	AQ-002|AQ-004|AQ-005|AQ-007|AQ-008|AQ-009|AQ-010|AQ-011|AQ-012	65	ALG=40;MECH=25;ROLE=0;AGE=0;FALS=0	METADATA_ONLY	D_THEORETICAL_OR_INCOMPLETE	UNKNOWN	NOT_ACQUIRED	NOT_ACQUIRED	ALIASES=S2:ea9b1e80d3195b9096a8b85436f14c8570ab536b;ANCESTRY_DIRECTIONS=FORWARD;ANCESTRY_RESOLUTION=RESOLVED;ANCESTRY_SEEDS=PAPER-2404.16267;BIBLIOGRAPHIC_VARIANTS=NONE;CITATION_DEPTH=1;G03_AQ_LINKS=AQ-002|AQ-004|AQ-005|AQ-007|AQ-008|AQ-009|AQ-010|AQ-011|AQ-012;G03_SCREEN=DERIVED_INFERENCE_METADATA_ONLY;IDENTITY_STATE=CANONICAL;OPENALEX_ID=UNKNOWN;SEMANTIC_SCHOLAR_ID=ea9b1e80d3195b9096a8b85436f14c8570ab536b;SOURCE_URLS=S2:ea9b1e80d3195b9096a8b85436f14c8570ab536b|https://www.semanticscholar.org/paper/ea9b1e80d3195b9096a8b85436f14c8570ab536b?utm_source=api;VERSIONS=UNKNOWN
PAPER-2512.11129	2512.11129	10.48550/arxiv.2512.11129	Acyclic Conjunctive Regular Path Queries are no Harder than Corresponding Conjunctive Queries	Mahmoud Abo Khamis|Alexandru-Mihai Hurjui|Ahmet Kara|Dan Olteanu|Dan Suciu	2025-12-11	UNKNOWN	UNKNOWN	UNKNOWN	UNKNOWN	UNKNOWN	UNKNOWN	NOT_APPLICABLE	AQ-003|AQ-008|AQ-010	65	ALG=40;MECH=25;ROLE=0;AGE=0;FALS=0	METADATA_ONLY	D_THEORETICAL_OR_INCOMPLETE	UNKNOWN	NOT_ACQUIRED	NOT_ACQUIRED	ALIASES=S2:3c2e9097f8fc8ce743fa7caa0f5f2a3f367bdfdd;ANCESTRY_DIRECTIONS=FORWARD;ANCESTRY_RESOLUTION=RESOLVED;ANCESTRY_SEEDS=PAPER-2412.07729;BIBLIOGRAPHIC_VARIANTS=NONE;CITATION_DEPTH=1;G03_AQ_LINKS=AQ-003|AQ-008|AQ-010;G03_SCREEN=DERIVED_INFERENCE_METADATA_ONLY;IDENTITY_STATE=CANONICAL;OPENALEX_ID=UNKNOWN;SEMANTIC_SCHOLAR_ID=3c2e9097f8fc8ce743fa7caa0f5f2a3f367bdfdd;SOURCE_URLS=S2:3c2e9097f8fc8ce743fa7caa0f5f2a3f367bdfdd|https://www.semanticscholar.org/paper/3c2e9097f8fc8ce743fa7caa0f5f2a3f367bdfdd?utm_source=api;VERSIONS=UNKNOWN
PAPER-2602.11052	2602.11052	10.48550/arxiv.2602.11052	GraphSeek: Next-Generation Graph Analytics with LLMs	Maciej Besta|Lukasz Jarmocik|O. Hrycyna|S. Klaiman|Konrad Maczka|Robert Gerstenberger|Jürgen Müller|Piotr Nyczyk|H. Niewiadomski|Torsten Hoefler	2026-02-11	UNKNOWN	UNKNOWN	UNKNOWN	UNKNOWN	UNKNOWN	UNKNOWN	NOT_APPLICABLE	AQ-001|AQ-006|AQ-007|AQ-008|AQ-009|AQ-010|AQ-012	65	ALG=40;MECH=25;ROLE=0;AGE=0;FALS=0	METADATA_ONLY	D_THEORETICAL_OR_INCOMPLETE	UNKNOWN	NOT_ACQUIRED	NOT_ACQUIRED	ALIASES=S2:2d535ea388b1c5a2da07f740dab8c95174b82294;ANCESTRY_DIRECTIONS=FORWARD;ANCESTRY_RESOLUTION=RESOLVED;ANCESTRY_SEEDS=PAPER-2010.09913;BIBLIOGRAPHIC_VARIANTS=NONE;CITATION_DEPTH=1;G03_AQ_LINKS=AQ-001|AQ-006|AQ-007|AQ-008|AQ-009|AQ-010|AQ-012;G03_SCREEN=DERIVED_INFERENCE_METADATA_ONLY;IDENTITY_STATE=CANONICAL;OPENALEX_ID=UNKNOWN;SEMANTIC_SCHOLAR_ID=2d535ea388b1c5a2da07f740dab8c95174b82294;SOURCE_URLS=S2:2d535ea388b1c5a2da07f740dab8c95174b82294|https://www.semanticscholar.org/paper/2d535ea388b1c5a2da07f740dab8c95174b82294?utm_source=api;VERSIONS=UNKNOWN
PAPER-2602.20748	2602.20748	10.48550/arxiv.2602.20748	cuRPQ: A High-Performance GPU-Based Framework for Processing Regular and Conjunctive Regular Path Queries	Sungwoo Park|Seohyeon Kim|Minseon Kim	2026-02-24	UNKNOWN	UNKNOWN	UNKNOWN	UNKNOWN	UNKNOWN	UNKNOWN	NOT_APPLICABLE	AQ-003|AQ-007|AQ-008|AQ-009|AQ-010|AQ-011|AQ-012	65	ALG=40;MECH=25;ROLE=0;AGE=0;FALS=0	METADATA_ONLY	D_THEORETICAL_OR_INCOMPLETE	UNKNOWN	NOT_ACQUIRED	NOT_ACQUIRED	ALIASES=S2:828aed3e5c974d807ff674a537487746d270cc97;ANCESTRY_DIRECTIONS=FORWARD;ANCESTRY_RESOLUTION=RESOLVED;ANCESTRY_SEEDS=PAPER-2412.07729;BIBLIOGRAPHIC_VARIANTS=NONE;CITATION_DEPTH=1;G03_AQ_LINKS=AQ-003|AQ-007|AQ-008|AQ-009|AQ-010|AQ-011|AQ-012;G03_SCREEN=DERIVED_INFERENCE_METADATA_ONLY;IDENTITY_STATE=CANONICAL;OPENALEX_ID=UNKNOWN;SEMANTIC_SCHOLAR_ID=828aed3e5c974d807ff674a537487746d270cc97;SOURCE_URLS=S2:828aed3e5c974d807ff674a537487746d270cc97|https://www.semanticscholar.org/paper/828aed3e5c974d807ff674a537487746d270cc97?utm_source=api;VERSIONS=UNKNOWN
PAPER-2603.08937	2603.08937	10.4230/lipics.stacs.2026.4	Unit Interval Selection in Random Order Streams	Cezar-Mihail Alexandru|Adithya Diddapur|M. Halldórsson|Christian Konrad|Kheeran K. Naidu	2026-03-09	UNKNOWN	UNKNOWN	UNKNOWN	UNKNOWN	UNKNOWN	UNKNOWN	NOT_APPLICABLE	AQ-001|AQ-002|AQ-003|AQ-004|AQ-005|AQ-006|AQ-007|AQ-008|AQ-009|AQ-010|AQ-011|AQ-012	65	ALG=40;MECH=25;ROLE=0;AGE=0;FALS=0	METADATA_ONLY	D_THEORETICAL_OR_INCOMPLETE	UNKNOWN	NOT_ACQUIRED	NOT_ACQUIRED	ALIASES=S2:b4929855519806f2dfd8133f65e994431880c20a;ANCESTRY_DIRECTIONS=FORWARD;ANCESTRY_RESOLUTION=RESOLVED;ANCESTRY_SEEDS=PAPER-2305.11053;BIBLIOGRAPHIC_VARIANTS=NONE;CITATION_DEPTH=1;G03_AQ_LINKS=AQ-001|AQ-002|AQ-003|AQ-004|AQ-005|AQ-006|AQ-007|AQ-008|AQ-009|AQ-010|AQ-011|AQ-012;G03_SCREEN=DERIVED_INFERENCE_METADATA_ONLY;IDENTITY_STATE=CANONICAL;OPENALEX_ID=UNKNOWN;SEMANTIC_SCHOLAR_ID=b4929855519806f2dfd8133f65e994431880c20a;SOURCE_URLS=S2:b4929855519806f2dfd8133f65e994431880c20a|https://www.semanticscholar.org/paper/b4929855519806f2dfd8133f65e994431880c20a?utm_source=api;VERSIONS=UNKNOWN
PAPER-2605.17524	2605.17524	10.48550/arxiv.2605.17524	Covariance Structure and Coordinate Heterogeneity Govern Binary Quantization of Contrastive Embeddings	Wenxuan Xiao	2026-05-17	UNKNOWN	UNKNOWN	UNKNOWN	UNKNOWN	UNKNOWN	UNKNOWN	NOT_APPLICABLE	AQ-001|AQ-004|AQ-007|AQ-011	65	ALG=40;MECH=25;ROLE=0;AGE=0;FALS=0	METADATA_ONLY	D_THEORETICAL_OR_INCOMPLETE	UNKNOWN	NOT_ACQUIRED	NOT_ACQUIRED	ALIASES=S2:1c0cd3d8186c12557b0ff77dffe19c34056fea5c;ANCESTRY_DIRECTIONS=FORWARD;ANCESTRY_RESOLUTION=RESOLVED;ANCESTRY_SEEDS=PAPER-2605.02171;BIBLIOGRAPHIC_VARIANTS=NONE;CITATION_DEPTH=1;G03_AQ_LINKS=AQ-001|AQ-004|AQ-007|AQ-011;G03_SCREEN=DERIVED_INFERENCE_METADATA_ONLY;IDENTITY_STATE=CANONICAL;OPENALEX_ID=UNKNOWN;SEMANTIC_SCHOLAR_ID=1c0cd3d8186c12557b0ff77dffe19c34056fea5c;SOURCE_URLS=S2:1c0cd3d8186c12557b0ff77dffe19c34056fea5c|https://www.semanticscholar.org/paper/1c0cd3d8186c12557b0ff77dffe19c34056fea5c?utm_source=api;VERSIONS=UNKNOWN
PAPER-2605.17992	2605.17992	10.48550/arxiv.2605.17992	PipeANN-Filter: An Efficient Filtered Vector Search System on SSD	Hao Guo|Jiwu Shu|Youyou Lu	2026-05-18	UNKNOWN	UNKNOWN	UNKNOWN	https://arxiv.org/pdf/2605.17992v1	UNKNOWN	UNKNOWN	NOT_APPLICABLE	AQ-002|AQ-003|AQ-004|AQ-005|AQ-007|AQ-008|AQ-009|AQ-011|AQ-012	65	ALG=40;MECH=25;ROLE=0;AGE=0;FALS=0	READ_COMPLETE	D_THEORETICAL_OR_INCOMPLETE	UNKNOWN	sources/papers/PAPER-2605.17992.pdf	20D3DD23731AA3BB2B42C977AFA67E762E13A907B21116DB500A753A61A59556	ALIASES=S2:08d7c2a5571d5bda64bf7063c41dad3e0db76dab;ANCESTRY_DIRECTIONS=FORWARD;ANCESTRY_RESOLUTION=RESOLVED;ANCESTRY_SEEDS=PAPER-2603.01779;BIBLIOGRAPHIC_VARIANTS=NONE;CITATION_DEPTH=1;G03_AQ_LINKS=AQ-002|AQ-003|AQ-004|AQ-005|AQ-007|AQ-008|AQ-009|AQ-011|AQ-012;G03_SCREEN=DERIVED_INFERENCE_METADATA_ONLY;IDENTITY_STATE=CANONICAL;OPENALEX_ID=UNKNOWN;SEMANTIC_SCHOLAR_ID=08d7c2a5571d5bda64bf7063c41dad3e0db76dab;SOURCE_URLS=S2:08d7c2a5571d5bda64bf7063c41dad3e0db76dab|https://www.semanticscholar.org/paper/08d7c2a5571d5bda64bf7063c41dad3e0db76dab?utm_source=api;VERSIONS=UNKNOWN;G04_ORIGINAL_PDF_URL=UNKNOWN;G04_ORIGINAL_LICENSE_URI=UNKNOWN;LICENSE_UNKNOWN;G04_ACQUISITION_STATUS=ACQUIRED;G04_PARSE_STATUS=PARSED
PAPER-2605.19335	2605.19335	10.48550/arxiv.2605.19335	Leveraging I/O Stalls for Efficient Scheduling in ANNS	Juncheng Zhang|Yuanming Ren|Yongkun Li|Patrick P. C. Lee	2026-05-19	UNKNOWN	UNKNOWN	UNKNOWN	https://arxiv.org/pdf/2605.19335v1	UNKNOWN	UNKNOWN	NOT_APPLICABLE	AQ-003|AQ-008|AQ-010	25	ALG=0;MECH=25;ROLE=0;AGE=0;FALS=0	READ_COMPLETE	D_THEORETICAL_OR_INCOMPLETE	UNKNOWN	sources/papers/PAPER-2605.19335.pdf	F8E8F212D0B1DD762AE678F50BB91F760B8599560C95401E0D6A4892BF05123F	ALIASES=S2:bdfd99e4f71419f6544f7104bb23f9bf3f745146;ANCESTRY_DIRECTIONS=FORWARD;ANCESTRY_RESOLUTION=RESOLVED;ANCESTRY_SEEDS=PAPER-2602.21514;BIBLIOGRAPHIC_VARIANTS=NONE;CITATION_DEPTH=1;G03_AQ_LINKS=AQ-003|AQ-008|AQ-010;G03_SCREEN=DERIVED_INFERENCE_METADATA_ONLY;IDENTITY_STATE=CANONICAL;OPENALEX_ID=UNKNOWN;SEMANTIC_SCHOLAR_ID=bdfd99e4f71419f6544f7104bb23f9bf3f745146;SOURCE_URLS=S2:bdfd99e4f71419f6544f7104bb23f9bf3f745146|https://www.semanticscholar.org/paper/bdfd99e4f71419f6544f7104bb23f9bf3f745146?utm_source=api;VERSIONS=UNKNOWN;G04_ORIGINAL_PDF_URL=UNKNOWN;G04_ORIGINAL_LICENSE_URI=UNKNOWN;LICENSE_UNKNOWN;G04_ACQUISITION_STATUS=ACQUIRED;G04_PARSE_STATUS=PARSED
PAPER-2607.20881	2607.20881	UNKNOWN	DMG: A Scalable and Efficient Memory-Disaggregated Graph Processing System	Yizou Chen|Tsun-Yu Yang|Zhisheng Hu|Baotong Lu|Ming-Chang Yang	2026-07-23	UNKNOWN	UNKNOWN	UNKNOWN	UNKNOWN	UNKNOWN	UNKNOWN	NOT_APPLICABLE	AQ-003|AQ-008|AQ-010|AQ-011	25	ALG=0;MECH=25;ROLE=0;AGE=0;FALS=0	METADATA_ONLY	D_THEORETICAL_OR_INCOMPLETE	UNKNOWN	NOT_ACQUIRED	NOT_ACQUIRED	ALIASES=S2:7f30e961353c2e35e72954c6d73e66865cb0fa5a;ANCESTRY_DIRECTIONS=FORWARD;ANCESTRY_RESOLUTION=RESOLVED;ANCESTRY_SEEDS=PAPER-2511.07886;BIBLIOGRAPHIC_VARIANTS=NONE;CITATION_DEPTH=1;G03_AQ_LINKS=AQ-003|AQ-008|AQ-010|AQ-011;G03_SCREEN=DERIVED_INFERENCE_METADATA_ONLY;IDENTITY_STATE=CANONICAL;OPENALEX_ID=UNKNOWN;SEMANTIC_SCHOLAR_ID=7f30e961353c2e35e72954c6d73e66865cb0fa5a;SOURCE_URLS=S2:7f30e961353c2e35e72954c6d73e66865cb0fa5a|https://www.semanticscholar.org/paper/7f30e961353c2e35e72954c6d73e66865cb0fa5a?utm_source=api;VERSIONS=UNKNOWN
PAPER-2608.07254	2608.07254	UNKNOWN	SCALE: Scientific Concept Aggregation via LLMs and Embeddings for Fine-Grained Taxonomy Extension	Daniele Raimondi|Feichi Lu|Oliver Grun|M. Eremina|Andrea Perlato	2026-08-07	UNKNOWN	UNKNOWN	UNKNOWN	UNKNOWN	UNKNOWN	UNKNOWN	NOT_APPLICABLE	AQ-004|AQ-005|AQ-006|AQ-007|AQ-008|AQ-009|AQ-011|AQ-012	80	ALG=40;MECH=25;ROLE=15;AGE=0;FALS=0	METADATA_ONLY	D_THEORETICAL_OR_INCOMPLETE	UNKNOWN	NOT_ACQUIRED	NOT_ACQUIRED	ALIASES=S2:35f752b7c505179e103ad997fe97fedf5936c8af;ANCESTRY_DIRECTIONS=FORWARD;ANCESTRY_RESOLUTION=RESOLVED;ANCESTRY_SEEDS=PAPER-1810.08473;BIBLIOGRAPHIC_VARIANTS=NONE;CITATION_DEPTH=1;G03_AQ_LINKS=AQ-004|AQ-005|AQ-006|AQ-007|AQ-008|AQ-009|AQ-011|AQ-012;G03_SCREEN=DERIVED_INFERENCE_METADATA_ONLY;IDENTITY_STATE=CANONICAL;OPENALEX_ID=UNKNOWN;SEMANTIC_SCHOLAR_ID=35f752b7c505179e103ad997fe97fedf5936c8af;SOURCE_URLS=S2:35f752b7c505179e103ad997fe97fedf5936c8af|https://www.semanticscholar.org/paper/35f752b7c505179e103ad997fe97fedf5936c8af?utm_source=api;VERSIONS=UNKNOWN
PAPER-HASH-00135e3784d68ba1	UNKNOWN	UNKNOWN	PowerGraph: Distributed Graph-Parallel Computation on Natural Graphs	Joseph E. Gonzalez|Yucheng Low|Haijie Gu|Danny Bickson|Carlos Guestrin	2012-10-08	UNKNOWN	UNKNOWN	UNKNOWN	UNKNOWN	UNKNOWN	UNKNOWN	NOT_APPLICABLE	AQ-002|AQ-004|AQ-007|AQ-008|AQ-009|AQ-012	65	ALG=40;MECH=25;ROLE=0;AGE=0;FALS=0	METADATA_ONLY	D_THEORETICAL_OR_INCOMPLETE	UNKNOWN	NOT_ACQUIRED	NOT_ACQUIRED	ALIASES=S2:0ad8e89091eed09217e66adc98136126addc2619;ANCESTRY_DIRECTIONS=BACKWARD;ANCESTRY_RESOLUTION=RESOLVED;ANCESTRY_SEEDS=PAPER-1905.04264;BIBLIOGRAPHIC_VARIANTS=NONE;CITATION_DEPTH=1;G03_AQ_LINKS=AQ-002|AQ-004|AQ-007|AQ-008|AQ-009|AQ-012;G03_SCREEN=DERIVED_INFERENCE_METADATA_ONLY;IDENTITY_STATE=CANONICAL;OPENALEX_ID=UNKNOWN;SEMANTIC_SCHOLAR_ID=0ad8e89091eed09217e66adc98136126addc2619;SOURCE_URLS=S2:0ad8e89091eed09217e66adc98136126addc2619|https://www.semanticscholar.org/paper/0ad8e89091eed09217e66adc98136126addc2619?utm_source=api;VERSIONS=UNKNOWN
PAPER-HASH-014b9453d75bfabe	UNKNOWN	UNKNOWN	Algorithms for streaming graphs	Mariano Zelke	2009-06-08	UNKNOWN	UNKNOWN	UNKNOWN	UNKNOWN	UNKNOWN	UNKNOWN	NOT_APPLICABLE	AQ-003|AQ-004|AQ-005|AQ-006|AQ-007|AQ-008|AQ-011	65	ALG=40;MECH=25;ROLE=0;AGE=0;FALS=0	METADATA_ONLY	D_THEORETICAL_OR_INCOMPLETE	UNKNOWN	NOT_ACQUIRED	NOT_ACQUIRED	ALIASES=S2:6fab7c98ce8a41f782bd8dfef49a8286f29226b2;ANCESTRY_DIRECTIONS=FORWARD;ANCESTRY_RESOLUTION=RESOLVED;ANCESTRY_SEEDS=PAPER-0708.4284;BIBLIOGRAPHIC_VARIANTS=NONE;CITATION_DEPTH=1;G03_AQ_LINKS=AQ-003|AQ-004|AQ-005|AQ-006|AQ-007|AQ-008|AQ-011;G03_SCREEN=DERIVED_INFERENCE_METADATA_ONLY;IDENTITY_STATE=CANONICAL;OPENALEX_ID=UNKNOWN;SEMANTIC_SCHOLAR_ID=6fab7c98ce8a41f782bd8dfef49a8286f29226b2;SOURCE_URLS=S2:6fab7c98ce8a41f782bd8dfef49a8286f29226b2|https://www.semanticscholar.org/paper/6fab7c98ce8a41f782bd8dfef49a8286f29226b2?utm_source=api;VERSIONS=UNKNOWN
PAPER-HASH-0232e71ded2b5c43	UNKNOWN	10.1080/15427951.2005.10129104	Towards Scaling Fully Personalized PageRank: Algorithms, Lower Bounds, and Experiments	Dániel Fogaras|B. Rácz|Károly Csalogány|Tamás Sarlós	2005-01-01	UNKNOWN	UNKNOWN	UNKNOWN	https://www.internetmathematicsjournal.com/article/1401.pdf	UNKNOWN	UNKNOWN	NOT_APPLICABLE	AQ-002|AQ-003|AQ-007|AQ-008|AQ-009|AQ-010|AQ-012	100	ALG=40;MECH=25;ROLE=15;AGE=10;FALS=10	READ_COMPLETE	D_THEORETICAL_OR_INCOMPLETE	UNKNOWN	sources/papers/PAPER-HASH-0232e71ded2b5c43.pdf	82B212F89CA91D7A0B2EE4B9A397EEAA83BA0FBD9BD49ACC099C81C19E9C886C	ALIASES=S2:1606f7d2634e593d617ee67985fbdd9915bd7190;ANCESTRY_DIRECTIONS=BACKWARD;ANCESTRY_RESOLUTION=RESOLVED;ANCESTRY_SEEDS=PAPER-2401.01019;BIBLIOGRAPHIC_VARIANTS=NONE;CITATION_DEPTH=1;G03_AQ_LINKS=AQ-002|AQ-003|AQ-007|AQ-008|AQ-009|AQ-010|AQ-012;G03_SCREEN=DERIVED_INFERENCE_METADATA_ONLY;IDENTITY_STATE=CANONICAL;OPENALEX_ID=UNKNOWN;SEMANTIC_SCHOLAR_ID=1606f7d2634e593d617ee67985fbdd9915bd7190;SOURCE_URLS=S2:1606f7d2634e593d617ee67985fbdd9915bd7190|https://www.semanticscholar.org/paper/1606f7d2634e593d617ee67985fbdd9915bd7190?utm_source=api;VERSIONS=UNKNOWN;G04_ORIGINAL_PDF_URL=UNKNOWN;G04_ORIGINAL_LICENSE_URI=UNKNOWN;LICENSE_UNKNOWN;G04_ACQUISITION_STATUS=ACQUIRED;G04_PARSE_STATUS=PARSED
PAPER-HASH-0495381e6d64fca8	UNKNOWN	10.3390/mi14091714	HedgeRank: Heterogeneity-Aware, Energy-Efficient Partitioning of Personalized PageRank at the Edge	Young-Ho Gong	2023-08-31	UNKNOWN	UNKNOWN	UNKNOWN	UNKNOWN	UNKNOWN	UNKNOWN	NOT_APPLICABLE	AQ-001|AQ-002|AQ-003|AQ-004|AQ-006|AQ-007|AQ-008|AQ-009|AQ-010|AQ-011|AQ-012	65	ALG=40;MECH=25;ROLE=0;AGE=0;FALS=0	METADATA_ONLY	D_THEORETICAL_OR_INCOMPLETE	UNKNOWN	NOT_ACQUIRED	NOT_ACQUIRED	ALIASES=S2:6f087045ca556e0a3faac316a717c10a9715bfe0;ANCESTRY_DIRECTIONS=FORWARD;ANCESTRY_RESOLUTION=RESOLVED;ANCESTRY_SEEDS=PAPER-2104.09616;BIBLIOGRAPHIC_VARIANTS=NONE;CITATION_DEPTH=1;G03_AQ_LINKS=AQ-001|AQ-002|AQ-003|AQ-004|AQ-006|AQ-007|AQ-008|AQ-009|AQ-010|AQ-011|AQ-012;G03_SCREEN=DERIVED_INFERENCE_METADATA_ONLY;IDENTITY_STATE=CANONICAL;OPENALEX_ID=UNKNOWN;SEMANTIC_SCHOLAR_ID=6f087045ca556e0a3faac316a717c10a9715bfe0;SOURCE_URLS=S2:6f087045ca556e0a3faac316a717c10a9715bfe0|https://www.semanticscholar.org/paper/6f087045ca556e0a3faac316a717c10a9715bfe0?utm_source=api;VERSIONS=UNKNOWN
PAPER-HASH-0c6610e30e77c3b7	UNKNOWN	10.1145/3331446	Dichotomies for Evaluating Simple Regular Path Queries	W. Martens|T. Trautner	2019-10-15	UNKNOWN	UNKNOWN	UNKNOWN	UNKNOWN	UNKNOWN	UNKNOWN	NOT_APPLICABLE	AQ-003|AQ-008	80	ALG=40;MECH=25;ROLE=15;AGE=0;FALS=0	UNAVAILABLE	D_THEORETICAL_OR_INCOMPLETE	UNKNOWN	NOT_ACQUIRED	NOT_ACQUIRED	ALIASES=S2:24638deb8ad40ab2b2ed2d9c839635bca3596ac8;ANCESTRY_DIRECTIONS=BACKWARD;ANCESTRY_RESOLUTION=RESOLVED;ANCESTRY_SEEDS=PAPER-2412.07729;BIBLIOGRAPHIC_VARIANTS=NONE;CITATION_DEPTH=1;G03_AQ_LINKS=AQ-003|AQ-008;G03_SCREEN=DERIVED_INFERENCE_METADATA_ONLY;IDENTITY_STATE=CANONICAL;OPENALEX_ID=UNKNOWN;SEMANTIC_SCHOLAR_ID=24638deb8ad40ab2b2ed2d9c839635bca3596ac8;SOURCE_URLS=S2:24638deb8ad40ab2b2ed2d9c839635bca3596ac8|https://www.semanticscholar.org/paper/24638deb8ad40ab2b2ed2d9c839635bca3596ac8?utm_source=api;VERSIONS=UNKNOWN;G04_ORIGINAL_PDF_URL=UNKNOWN;G04_ORIGINAL_LICENSE_URI=UNKNOWN;LICENSE_UNAVAILABLE;G04_ACQUISITION_STATUS=UNAVAILABLE;G04_PARSE_STATUS=NOT_APPLICABLE
PAPER-HASH-0e933492fdec6483	UNKNOWN	10.1145/303976.303996	Rewriting of regular expressions and regular path queries	Diego Calvanese|Giuseppe De Giacomo|M. Lenzerini|Moshe Y. Vardi	1999-05-01	UNKNOWN	UNKNOWN	UNKNOWN	UNKNOWN	UNKNOWN	UNKNOWN	NOT_APPLICABLE	AQ-003|AQ-008	75	ALG=40;MECH=25;ROLE=0;AGE=10;FALS=0	METADATA_ONLY	D_THEORETICAL_OR_INCOMPLETE	UNKNOWN	NOT_ACQUIRED	NOT_ACQUIRED	ALIASES=S2:d3de2c950f4a625be32eecf54ae6a3db2b7b779f;ANCESTRY_DIRECTIONS=BACKWARD;ANCESTRY_RESOLUTION=RESOLVED;ANCESTRY_SEEDS=PAPER-2204.11137;BIBLIOGRAPHIC_VARIANTS=NONE;CITATION_DEPTH=1;G03_AQ_LINKS=AQ-003|AQ-008;G03_SCREEN=DERIVED_INFERENCE_METADATA_ONLY;IDENTITY_STATE=CANONICAL;OPENALEX_ID=UNKNOWN;SEMANTIC_SCHOLAR_ID=d3de2c950f4a625be32eecf54ae6a3db2b7b779f;SOURCE_URLS=S2:d3de2c950f4a625be32eecf54ae6a3db2b7b779f|https://www.semanticscholar.org/paper/d3de2c950f4a625be32eecf54ae6a3db2b7b779f?utm_source=api;VERSIONS=UNKNOWN
PAPER-HASH-17ef9269d3b8ed46	UNKNOWN	10.1007/s42979-022-01084-2	Graph Compression for Adjacency-Matrix Multiplication	Alexandre P. Francisco|T. Gagie|Dominik Köppl|Susana Ladra|G. Navarro	2022-03-21	UNKNOWN	UNKNOWN	UNKNOWN	UNKNOWN	UNKNOWN	UNKNOWN	NOT_APPLICABLE	AQ-001|AQ-002|AQ-003|AQ-005|AQ-006|AQ-007|AQ-008|AQ-009|AQ-011	65	ALG=40;MECH=25;ROLE=0;AGE=0;FALS=0	METADATA_ONLY	D_THEORETICAL_OR_INCOMPLETE	UNKNOWN	NOT_ACQUIRED	NOT_ACQUIRED	ALIASES=S2:f1001fae64df95d9181e19eb6211820a1bdaca10;ANCESTRY_DIRECTIONS=FORWARD;ANCESTRY_RESOLUTION=RESOLVED;ANCESTRY_SEEDS=PAPER-1708.07271;BIBLIOGRAPHIC_VARIANTS=NONE;CITATION_DEPTH=1;G03_AQ_LINKS=AQ-001|AQ-002|AQ-003|AQ-005|AQ-006|AQ-007|AQ-008|AQ-009|AQ-011;G03_SCREEN=DERIVED_INFERENCE_METADATA_ONLY;IDENTITY_STATE=CANONICAL;OPENALEX_ID=UNKNOWN;SEMANTIC_SCHOLAR_ID=f1001fae64df95d9181e19eb6211820a1bdaca10;SOURCE_URLS=S2:f1001fae64df95d9181e19eb6211820a1bdaca10|https://www.semanticscholar.org/paper/f1001fae64df95d9181e19eb6211820a1bdaca10?utm_source=api;VERSIONS=UNKNOWN
PAPER-HASH-1b7aef8b2521014e	UNKNOWN	10.1073/pnas.0708838104	The heat kernel as the pagerank of a graph	F. Chung	2007-12-11	UNKNOWN	UNKNOWN	UNKNOWN	UNKNOWN	UNKNOWN	UNKNOWN	NOT_APPLICABLE	AQ-002|AQ-007|AQ-008|AQ-009|AQ-010|AQ-012	75	ALG=40;MECH=25;ROLE=0;AGE=10;FALS=0	METADATA_ONLY	D_THEORETICAL_OR_INCOMPLETE	UNKNOWN	NOT_ACQUIRED	NOT_ACQUIRED	ALIASES=S2:03df1f721201e09e3286acd439bb00dc17c9e279;ANCESTRY_DIRECTIONS=BACKWARD;ANCESTRY_RESOLUTION=RESOLVED;ANCESTRY_SEEDS=PAPER-1708.07271;BIBLIOGRAPHIC_VARIANTS=NONE;CITATION_DEPTH=1;G03_AQ_LINKS=AQ-002|AQ-007|AQ-008|AQ-009|AQ-010|AQ-012;G03_SCREEN=DERIVED_INFERENCE_METADATA_ONLY;IDENTITY_STATE=CANONICAL;OPENALEX_ID=UNKNOWN;SEMANTIC_SCHOLAR_ID=03df1f721201e09e3286acd439bb00dc17c9e279;SOURCE_URLS=S2:03df1f721201e09e3286acd439bb00dc17c9e279|https://www.semanticscholar.org/paper/03df1f721201e09e3286acd439bb00dc17c9e279?utm_source=api;VERSIONS=UNKNOWN
PAPER-HASH-1fdba5647c53becd	UNKNOWN	10.1007/bf01758778	A linear-time algorithm for finding a sparsek-connected spanning subgraph of ak-connected graph	H. Nagamochi|T. Ibaraki	1992-06-01	UNKNOWN	UNKNOWN	UNKNOWN	UNKNOWN	UNKNOWN	UNKNOWN	NOT_APPLICABLE	AQ-002|AQ-004|AQ-005|AQ-006|AQ-008|AQ-010|AQ-012	75	ALG=40;MECH=25;ROLE=0;AGE=10;FALS=0	METADATA_ONLY	D_THEORETICAL_OR_INCOMPLETE	UNKNOWN	NOT_ACQUIRED	NOT_ACQUIRED	ALIASES=S2:8c9a144169d915ac19929325b904de6e52108326;ANCESTRY_DIRECTIONS=BACKWARD;ANCESTRY_RESOLUTION=RESOLVED;ANCESTRY_SEEDS=PAPER-0708.4284;BIBLIOGRAPHIC_VARIANTS=NONE;CITATION_DEPTH=1;G03_AQ_LINKS=AQ-002|AQ-004|AQ-005|AQ-006|AQ-008|AQ-010|AQ-012;G03_SCREEN=DERIVED_INFERENCE_METADATA_ONLY;IDENTITY_STATE=CANONICAL;OPENALEX_ID=UNKNOWN;SEMANTIC_SCHOLAR_ID=8c9a144169d915ac19929325b904de6e52108326;SOURCE_URLS=S2:8c9a144169d915ac19929325b904de6e52108326|https://www.semanticscholar.org/paper/8c9a144169d915ac19929325b904de6e52108326?utm_source=api;VERSIONS=UNKNOWN
PAPER-HASH-210725670d671170	UNKNOWN	10.1007/978-1-4612-0865-5_47	Probability Inequalities for Sums of Bounded Random Variables	N. Fisher|P. Sen	1994-01-01	UNKNOWN	UNKNOWN	UNKNOWN	UNKNOWN	UNKNOWN	UNKNOWN	NOT_APPLICABLE	AQ-002|AQ-003|AQ-006|AQ-007|AQ-008|AQ-009|AQ-010|AQ-011|AQ-012	75	ALG=40;MECH=25;ROLE=0;AGE=10;FALS=0	METADATA_ONLY	D_THEORETICAL_OR_INCOMPLETE	UNKNOWN	NOT_ACQUIRED	NOT_ACQUIRED	ALIASES=S2:30ffd4a8e479d04b1dea5749eac4a466dccde64b;ANCESTRY_DIRECTIONS=BACKWARD;ANCESTRY_RESOLUTION=RESOLVED;ANCESTRY_SEEDS=PAPER-2605.02171;BIBLIOGRAPHIC_VARIANTS=NONE;CITATION_DEPTH=1;G03_AQ_LINKS=AQ-002|AQ-003|AQ-006|AQ-007|AQ-008|AQ-009|AQ-010|AQ-011|AQ-012;G03_SCREEN=DERIVED_INFERENCE_METADATA_ONLY;IDENTITY_STATE=CANONICAL;OPENALEX_ID=UNKNOWN;SEMANTIC_SCHOLAR_ID=30ffd4a8e479d04b1dea5749eac4a466dccde64b;SOURCE_URLS=S2:30ffd4a8e479d04b1dea5749eac4a466dccde64b|https://www.semanticscholar.org/paper/30ffd4a8e479d04b1dea5749eac4a466dccde64b?utm_source=api;VERSIONS=UNKNOWN
PAPER-HASH-22a322abb4cef920	UNKNOWN	10.1145/3802025	Bw-Graph: An Efficient Graph Storage System Harmonizing Topology-Aware Tree with Paged CSR	Songyao Wang|Chaokun Wang|Zecheng Li|Aoqi Zhang	2026-05-18	UNKNOWN	UNKNOWN	UNKNOWN	UNKNOWN	UNKNOWN	UNKNOWN	NOT_APPLICABLE	AQ-001|AQ-003|AQ-008|AQ-009|AQ-010|AQ-011|AQ-012	25	ALG=0;MECH=25;ROLE=0;AGE=0;FALS=0	UNAVAILABLE	D_THEORETICAL_OR_INCOMPLETE	UNKNOWN	NOT_ACQUIRED	NOT_ACQUIRED	ALIASES=S2:3c013efa7da784ac775c84c0c02dbb3231081bad;ANCESTRY_DIRECTIONS=FORWARD;ANCESTRY_RESOLUTION=RESOLVED;ANCESTRY_SEEDS=PAPER-2511.07886;BIBLIOGRAPHIC_VARIANTS=NONE;CITATION_DEPTH=1;G03_AQ_LINKS=AQ-001|AQ-003|AQ-008|AQ-009|AQ-010|AQ-011|AQ-012;G03_SCREEN=DERIVED_INFERENCE_METADATA_ONLY;IDENTITY_STATE=CANONICAL;OPENALEX_ID=UNKNOWN;SEMANTIC_SCHOLAR_ID=3c013efa7da784ac775c84c0c02dbb3231081bad;SOURCE_URLS=S2:3c013efa7da784ac775c84c0c02dbb3231081bad|https://www.semanticscholar.org/paper/3c013efa7da784ac775c84c0c02dbb3231081bad?utm_source=api;VERSIONS=UNKNOWN;G04_ORIGINAL_PDF_URL=UNKNOWN;G04_ORIGINAL_LICENSE_URI=UNKNOWN;LICENSE_UNAVAILABLE;G04_ACQUISITION_STATUS=UNAVAILABLE;G04_PARSE_STATUS=NOT_APPLICABLE
PAPER-HASH-2621af3903ad7063	UNKNOWN	10.1090/s0002-9947-1984-0756039-5	On the evolution of random graphs	P. Erdos|A. Rényi	1984-01-01	UNKNOWN	UNKNOWN	UNKNOWN	UNKNOWN	UNKNOWN	UNKNOWN	NOT_APPLICABLE	AQ-002|AQ-006|AQ-012	75	ALG=40;MECH=25;ROLE=0;AGE=10;FALS=0	METADATA_ONLY	D_THEORETICAL_OR_INCOMPLETE	UNKNOWN	NOT_ACQUIRED	NOT_ACQUIRED	ALIASES=S2:a5aad5abb32f6b15f31b92312bb3b0f7b6470977;ANCESTRY_DIRECTIONS=BACKWARD;ANCESTRY_RESOLUTION=RESOLVED;ANCESTRY_SEEDS=PAPER-2010.09913;BIBLIOGRAPHIC_VARIANTS=NONE;CITATION_DEPTH=1;G03_AQ_LINKS=AQ-002|AQ-006|AQ-012;G03_SCREEN=DERIVED_INFERENCE_METADATA_ONLY;IDENTITY_STATE=AMBIGUOUS;OPENALEX_ID=UNKNOWN;SEMANTIC_SCHOLAR_ID=a5aad5abb32f6b15f31b92312bb3b0f7b6470977;SOURCE_URLS=S2:a5aad5abb32f6b15f31b92312bb3b0f7b6470977|https://www.semanticscholar.org/paper/a5aad5abb32f6b15f31b92312bb3b0f7b6470977?utm_source=api;VERSIONS=UNKNOWN
PAPER-HASH-2d128f9e147003dd	UNKNOWN	10.1109/aqtr61889.2024.10554224	Beyond the Click: Navigating the Depths of Page Ranking Algorithms	Iulia Bărăian|H. Vǎlean|O. Matei|Rudolf Erdei|Laurentiu Chifor	2024-05-16	UNKNOWN	UNKNOWN	UNKNOWN	UNKNOWN	UNKNOWN	UNKNOWN	NOT_APPLICABLE	AQ-002|AQ-007|AQ-008|AQ-009|AQ-010|AQ-012	65	ALG=40;MECH=25;ROLE=0;AGE=0;FALS=0	METADATA_ONLY	D_THEORETICAL_OR_INCOMPLETE	UNKNOWN	NOT_ACQUIRED	NOT_ACQUIRED	ALIASES=S2:57d4ecb0f70b5db26451f4c606de5b82609ba32f;ANCESTRY_DIRECTIONS=FORWARD;ANCESTRY_RESOLUTION=RESOLVED;ANCESTRY_SEEDS=PAPER-2012.10026;BIBLIOGRAPHIC_VARIANTS=NONE;CITATION_DEPTH=1;G03_AQ_LINKS=AQ-002|AQ-007|AQ-008|AQ-009|AQ-010|AQ-012;G03_SCREEN=DERIVED_INFERENCE_METADATA_ONLY;IDENTITY_STATE=CANONICAL;OPENALEX_ID=UNKNOWN;SEMANTIC_SCHOLAR_ID=57d4ecb0f70b5db26451f4c606de5b82609ba32f;SOURCE_URLS=S2:57d4ecb0f70b5db26451f4c606de5b82609ba32f|https://www.semanticscholar.org/paper/57d4ecb0f70b5db26451f4c606de5b82609ba32f?utm_source=api;VERSIONS=UNKNOWN
PAPER-HASH-2d35f96d423f4ddb	UNKNOWN	UNKNOWN	External memory BFS on undirected graphs with bounded degree	U. Meyer	2001-01-09	UNKNOWN	UNKNOWN	UNKNOWN	UNKNOWN	UNKNOWN	UNKNOWN	NOT_APPLICABLE	AQ-002|AQ-003|AQ-004|AQ-005|AQ-006|AQ-007|AQ-008|AQ-009|AQ-010|AQ-011|AQ-012	75	ALG=40;MECH=25;ROLE=0;AGE=10;FALS=0	UNAVAILABLE	D_THEORETICAL_OR_INCOMPLETE	UNKNOWN	NOT_ACQUIRED	NOT_ACQUIRED	ALIASES=S2:5fea71a65cc09636a442902fe865d75cbedb28f6;ANCESTRY_DIRECTIONS=BACKWARD;ANCESTRY_RESOLUTION=RESOLVED;ANCESTRY_SEEDS=PAPER-2507.12925;BIBLIOGRAPHIC_VARIANTS=NONE;CITATION_DEPTH=1;G03_AQ_LINKS=AQ-002|AQ-003|AQ-004|AQ-005|AQ-006|AQ-007|AQ-008|AQ-009|AQ-010|AQ-011|AQ-012;G03_SCREEN=DERIVED_INFERENCE_METADATA_ONLY;IDENTITY_STATE=CANONICAL;OPENALEX_ID=UNKNOWN;SEMANTIC_SCHOLAR_ID=5fea71a65cc09636a442902fe865d75cbedb28f6;SOURCE_URLS=S2:5fea71a65cc09636a442902fe865d75cbedb28f6|https://www.semanticscholar.org/paper/5fea71a65cc09636a442902fe865d75cbedb28f6?utm_source=api;VERSIONS=UNKNOWN;G04_ORIGINAL_PDF_URL=UNKNOWN;G04_ORIGINAL_LICENSE_URI=UNKNOWN;LICENSE_UNAVAILABLE;G04_ACQUISITION_STATUS=UNAVAILABLE;G04_PARSE_STATUS=NOT_APPLICABLE
PAPER-HASH-30d2a0e04327c2df	UNKNOWN	10.1109/hpec.2016.7761620	A CUDA implementation of the pagerank pipeline benchmark	M. Bisson|E. Phillips|M. Fatica	2016-09-01	UNKNOWN	UNKNOWN	UNKNOWN	UNKNOWN	UNKNOWN	UNKNOWN	NOT_APPLICABLE	AQ-002|AQ-003|AQ-007|AQ-008|AQ-009|AQ-010|AQ-012	80	ALG=40;MECH=25;ROLE=15;AGE=0;FALS=0	UNAVAILABLE	D_THEORETICAL_OR_INCOMPLETE	UNKNOWN	NOT_ACQUIRED	NOT_ACQUIRED	ALIASES=S2:d5a33432ae4e27f768680c236085c8849b714ab2;ANCESTRY_DIRECTIONS=FORWARD;ANCESTRY_RESOLUTION=RESOLVED;ANCESTRY_SEEDS=PAPER-1603.01876;BIBLIOGRAPHIC_VARIANTS=NONE;CITATION_DEPTH=1;G03_AQ_LINKS=AQ-002|AQ-003|AQ-007|AQ-008|AQ-009|AQ-010|AQ-012;G03_SCREEN=DERIVED_INFERENCE_METADATA_ONLY;IDENTITY_STATE=CANONICAL;OPENALEX_ID=UNKNOWN;SEMANTIC_SCHOLAR_ID=d5a33432ae4e27f768680c236085c8849b714ab2;SOURCE_URLS=S2:d5a33432ae4e27f768680c236085c8849b714ab2|https://www.semanticscholar.org/paper/d5a33432ae4e27f768680c236085c8849b714ab2?utm_source=api;VERSIONS=UNKNOWN;G04_ORIGINAL_PDF_URL=UNKNOWN;G04_ORIGINAL_LICENSE_URI=UNKNOWN;LICENSE_UNAVAILABLE;G04_ACQUISITION_STATUS=UNAVAILABLE;G04_PARSE_STATUS=NOT_APPLICABLE
PAPER-HASH-3686692d994dd31f	UNKNOWN	10.1109/scam67354.2025.00011	Insights into Optimizing Research Software: A Case of an Architecture-Smell Detection Tool	Philipp Gnoyke|Sandro Schulze|Jacob Krüger	2025-09-08	UNKNOWN	UNKNOWN	UNKNOWN	UNKNOWN	UNKNOWN	UNKNOWN	NOT_APPLICABLE	AQ-003|AQ-006|AQ-007|AQ-010|AQ-011|AQ-012	65	ALG=40;MECH=25;ROLE=0;AGE=0;FALS=0	METADATA_ONLY	D_THEORETICAL_OR_INCOMPLETE	UNKNOWN	NOT_ACQUIRED	NOT_ACQUIRED	ALIASES=S2:2acfc886c41492fed9b18f8c5382c923a7cae56c;ANCESTRY_DIRECTIONS=FORWARD;ANCESTRY_RESOLUTION=RESOLVED;ANCESTRY_SEEDS=PAPER-2404.16267;BIBLIOGRAPHIC_VARIANTS=NONE;CITATION_DEPTH=1;G03_AQ_LINKS=AQ-003|AQ-006|AQ-007|AQ-010|AQ-011|AQ-012;G03_SCREEN=DERIVED_INFERENCE_METADATA_ONLY;IDENTITY_STATE=CANONICAL;OPENALEX_ID=UNKNOWN;SEMANTIC_SCHOLAR_ID=2acfc886c41492fed9b18f8c5382c923a7cae56c;SOURCE_URLS=S2:2acfc886c41492fed9b18f8c5382c923a7cae56c|https://www.semanticscholar.org/paper/2acfc886c41492fed9b18f8c5382c923a7cae56c?utm_source=api;VERSIONS=UNKNOWN
PAPER-HASH-3751f0339004ddc9	UNKNOWN	10.4230/lipics.mfcs.2019.64	A Constant-Time Colored Choice Dictionary with Almost Robust Iteration	T. Hagerup	2019-01-01	UNKNOWN	UNKNOWN	UNKNOWN	UNKNOWN	UNKNOWN	UNKNOWN	NOT_APPLICABLE	AQ-002|AQ-003|AQ-006|AQ-008|AQ-009|AQ-010	65	ALG=40;MECH=25;ROLE=0;AGE=0;FALS=0	METADATA_ONLY	D_THEORETICAL_OR_INCOMPLETE	UNKNOWN	NOT_ACQUIRED	NOT_ACQUIRED	ALIASES=S2:1bc913ba454401bc81b6fa3dbf45f26401e26f42;ANCESTRY_DIRECTIONS=FORWARD;ANCESTRY_RESOLUTION=RESOLVED;ANCESTRY_SEEDS=PAPER-1812.10950;BIBLIOGRAPHIC_VARIANTS=NONE;CITATION_DEPTH=1;G03_AQ_LINKS=AQ-002|AQ-003|AQ-006|AQ-008|AQ-009|AQ-010;G03_SCREEN=DERIVED_INFERENCE_METADATA_ONLY;IDENTITY_STATE=CANONICAL;OPENALEX_ID=UNKNOWN;SEMANTIC_SCHOLAR_ID=1bc913ba454401bc81b6fa3dbf45f26401e26f42;SOURCE_URLS=S2:1bc913ba454401bc81b6fa3dbf45f26401e26f42|https://www.semanticscholar.org/paper/1bc913ba454401bc81b6fa3dbf45f26401e26f42?utm_source=api;VERSIONS=UNKNOWN
PAPER-HASH-3cd083d5fa09c1f7	UNKNOWN	UNKNOWN	DF* PageRank: Improved Incrementally Expanding Approaches for Updating PageRank on Dynamic Graphs	UNKNOWN	2024-01-01	UNKNOWN	UNKNOWN	UNKNOWN	UNKNOWN	UNKNOWN	UNKNOWN	NOT_APPLICABLE	AQ-002|AQ-006|AQ-007|AQ-008|AQ-009|AQ-010|AQ-012	80	ALG=40;MECH=25;ROLE=15;AGE=0;FALS=0	METADATA_ONLY	D_THEORETICAL_OR_INCOMPLETE	UNKNOWN	NOT_ACQUIRED	NOT_ACQUIRED	ALIASES=S2:UNAVAILABLE:3cd083d5fa09c1f7;ANCESTRY_DIRECTIONS=FORWARD;ANCESTRY_RESOLUTION=RESOLVED;ANCESTRY_SEEDS=PAPER-2104.09616;BIBLIOGRAPHIC_VARIANTS=NONE;CITATION_DEPTH=1;G03_AQ_LINKS=AQ-002|AQ-006|AQ-007|AQ-008|AQ-009|AQ-010|AQ-012;G03_SCREEN=DERIVED_INFERENCE_METADATA_ONLY;IDENTITY_STATE=AMBIGUOUS;OPENALEX_ID=UNKNOWN;SEMANTIC_SCHOLAR_ID=UNAVAILABLE:3cd083d5fa09c1f7;SOURCE_URLS=S2:UNAVAILABLE:3cd083d5fa09c1f7|https://www.semanticscholar.org/?utm_source=api;VERSIONS=UNKNOWN
PAPER-HASH-43fa164ab383630c	UNKNOWN	10.1145/2807591.2807594	Enterprise: breadth-first graph traversal on GPUs	Hang Liu|H. Howie Huang	2015-11-15	UNKNOWN	UNKNOWN	UNKNOWN	UNKNOWN	UNKNOWN	UNKNOWN	NOT_APPLICABLE	AQ-001|AQ-002|AQ-003|AQ-010|AQ-011	75	ALG=40;MECH=25;ROLE=0;AGE=10;FALS=0	METADATA_ONLY	D_THEORETICAL_OR_INCOMPLETE	UNKNOWN	NOT_ACQUIRED	NOT_ACQUIRED	ALIASES=S2:529b8329b6028f9ca5a1700dded14e63efbcc617;ANCESTRY_DIRECTIONS=BACKWARD;ANCESTRY_RESOLUTION=RESOLVED;ANCESTRY_SEEDS=PAPER-2503.00430;BIBLIOGRAPHIC_VARIANTS=NONE;CITATION_DEPTH=1;G03_AQ_LINKS=AQ-001|AQ-002|AQ-003|AQ-010|AQ-011;G03_SCREEN=DERIVED_INFERENCE_METADATA_ONLY;IDENTITY_STATE=CANONICAL;OPENALEX_ID=UNKNOWN;SEMANTIC_SCHOLAR_ID=529b8329b6028f9ca5a1700dded14e63efbcc617;SOURCE_URLS=S2:529b8329b6028f9ca5a1700dded14e63efbcc617|https://www.semanticscholar.org/paper/529b8329b6028f9ca5a1700dded14e63efbcc617?utm_source=api;VERSIONS=UNKNOWN
PAPER-HASH-45105a9c93fc6719	UNKNOWN	10.1109/reconfig.2015.7393332	Optimizing memory performance for FPGA implementation of pagerank	Shijie Zhou|C. Chelmis|V. Prasanna	2015-12-01	UNKNOWN	UNKNOWN	UNKNOWN	UNKNOWN	UNKNOWN	UNKNOWN	NOT_APPLICABLE	AQ-002|AQ-003|AQ-007|AQ-008|AQ-009|AQ-010|AQ-012	80	ALG=40;MECH=25;ROLE=15;AGE=0;FALS=0	UNAVAILABLE	D_THEORETICAL_OR_INCOMPLETE	UNKNOWN	NOT_ACQUIRED	NOT_ACQUIRED	ALIASES=S2:9d172fa71c257e8c67a8ca0d3346130f20eebad7;ANCESTRY_DIRECTIONS=BACKWARD;ANCESTRY_RESOLUTION=RESOLVED;ANCESTRY_SEEDS=PAPER-1709.07122;BIBLIOGRAPHIC_VARIANTS=NONE;CITATION_DEPTH=1;G03_AQ_LINKS=AQ-002|AQ-003|AQ-007|AQ-008|AQ-009|AQ-010|AQ-012;G03_SCREEN=DERIVED_INFERENCE_METADATA_ONLY;IDENTITY_STATE=CANONICAL;OPENALEX_ID=UNKNOWN;SEMANTIC_SCHOLAR_ID=9d172fa71c257e8c67a8ca0d3346130f20eebad7;SOURCE_URLS=S2:9d172fa71c257e8c67a8ca0d3346130f20eebad7|https://www.semanticscholar.org/paper/9d172fa71c257e8c67a8ca0d3346130f20eebad7?utm_source=api;VERSIONS=UNKNOWN;G04_ORIGINAL_PDF_URL=UNKNOWN;G04_ORIGINAL_LICENSE_URI=UNKNOWN;LICENSE_UNAVAILABLE;G04_ACQUISITION_STATUS=UNAVAILABLE;G04_PARSE_STATUS=NOT_APPLICABLE
PAPER-HASH-5099b36696ec67c8	UNKNOWN	10.1016/0378-8733(78)90021-7	Centrality in social networks conceptual clarification	L. Freeman	1978-01-01	UNKNOWN	UNKNOWN	UNKNOWN	UNKNOWN	UNKNOWN	UNKNOWN	NOT_APPLICABLE	AQ-002|AQ-003|AQ-004|AQ-009|AQ-010	75	ALG=40;MECH=25;ROLE=0;AGE=10;FALS=0	METADATA_ONLY	D_THEORETICAL_OR_INCOMPLETE	UNKNOWN	NOT_ACQUIRED	NOT_ACQUIRED	ALIASES=S2:5d61ef638fd684facc1e68e654053e9bc065b36f;ANCESTRY_DIRECTIONS=BACKWARD;ANCESTRY_RESOLUTION=RESOLVED;ANCESTRY_SEEDS=PAPER-2012.10026;BIBLIOGRAPHIC_VARIANTS=NONE;CITATION_DEPTH=1;G03_AQ_LINKS=AQ-002|AQ-003|AQ-004|AQ-009|AQ-010;G03_SCREEN=DERIVED_INFERENCE_METADATA_ONLY;IDENTITY_STATE=CANONICAL;OPENALEX_ID=UNKNOWN;SEMANTIC_SCHOLAR_ID=5d61ef638fd684facc1e68e654053e9bc065b36f;SOURCE_URLS=S2:5d61ef638fd684facc1e68e654053e9bc065b36f|https://www.semanticscholar.org/paper/5d61ef638fd684facc1e68e654053e9bc065b36f?utm_source=api;VERSIONS=UNKNOWN
PAPER-HASH-528bbeb9ddb00f0f	UNKNOWN	10.1145/335305.335326	A random graph model for massive graphs	W. Aiello|F. C. Graham|Linyuan Lu	2000-05-01	UNKNOWN	UNKNOWN	UNKNOWN	UNKNOWN	UNKNOWN	UNKNOWN	NOT_APPLICABLE	AQ-002|AQ-006|AQ-008|AQ-010|AQ-011|AQ-012	75	ALG=40;MECH=25;ROLE=0;AGE=10;FALS=0	METADATA_ONLY	D_THEORETICAL_OR_INCOMPLETE	UNKNOWN	NOT_ACQUIRED	NOT_ACQUIRED	ALIASES=S2:6c713899645b7bab57befbe220d4a5dc71470f0a;ANCESTRY_DIRECTIONS=BACKWARD;ANCESTRY_RESOLUTION=RESOLVED;ANCESTRY_SEEDS=PAPER-2112.00098;BIBLIOGRAPHIC_VARIANTS=NONE;CITATION_DEPTH=1;G03_AQ_LINKS=AQ-002|AQ-006|AQ-008|AQ-010|AQ-011|AQ-012;G03_SCREEN=DERIVED_INFERENCE_METADATA_ONLY;IDENTITY_STATE=CANONICAL;OPENALEX_ID=UNKNOWN;SEMANTIC_SCHOLAR_ID=6c713899645b7bab57befbe220d4a5dc71470f0a;SOURCE_URLS=S2:6c713899645b7bab57befbe220d4a5dc71470f0a|https://www.semanticscholar.org/paper/6c713899645b7bab57befbe220d4a5dc71470f0a?utm_source=api;VERSIONS=UNKNOWN
PAPER-HASH-5657f8c3995227d1	UNKNOWN	10.1145/3754598.3754637	CompreGel: Efficient Distributed Graph Propagation via Error-Bounded Lossy Message Compression	Tianhao Wu|D. Yan|Qihao Cheng|Lyuheng Yuan|Sheng Di|Jiao Han|Zhongyi Huang|Ji Cheng	2025-09-08	UNKNOWN	UNKNOWN	UNKNOWN	UNKNOWN	UNKNOWN	UNKNOWN	NOT_APPLICABLE	AQ-001|AQ-002|AQ-003|AQ-007|AQ-008|AQ-009|AQ-010|AQ-011|AQ-012	75	ALG=40;MECH=25;ROLE=0;AGE=0;FALS=10	UNAVAILABLE	D_THEORETICAL_OR_INCOMPLETE	UNKNOWN	NOT_ACQUIRED	NOT_ACQUIRED	ALIASES=S2:243facd8f07e09081a3aa136a6671d89933862a0;ANCESTRY_DIRECTIONS=FORWARD;ANCESTRY_RESOLUTION=RESOLVED;ANCESTRY_SEEDS=PAPER-1709.07122;BIBLIOGRAPHIC_VARIANTS=NONE;CITATION_DEPTH=1;G03_AQ_LINKS=AQ-001|AQ-002|AQ-003|AQ-007|AQ-008|AQ-009|AQ-010|AQ-011|AQ-012;G03_SCREEN=DERIVED_INFERENCE_METADATA_ONLY;IDENTITY_STATE=CANONICAL;OPENALEX_ID=UNKNOWN;SEMANTIC_SCHOLAR_ID=243facd8f07e09081a3aa136a6671d89933862a0;SOURCE_URLS=S2:243facd8f07e09081a3aa136a6671d89933862a0|https://www.semanticscholar.org/paper/243facd8f07e09081a3aa136a6671d89933862a0?utm_source=api;VERSIONS=UNKNOWN;G04_ORIGINAL_PDF_URL=UNKNOWN;G04_ORIGINAL_LICENSE_URI=UNKNOWN;LICENSE_UNAVAILABLE;G04_ACQUISITION_STATUS=UNAVAILABLE;G04_PARSE_STATUS=NOT_APPLICABLE
PAPER-HASH-586f7dee44fe35d8	UNKNOWN	10.1007/pl00009228	Lower Bounds for Fully Dynamic Connectivity Problems in Graphs	Monika Henzinger|M. Fredman	1995-12-04	UNKNOWN	UNKNOWN	UNKNOWN	UNKNOWN	UNKNOWN	UNKNOWN	NOT_APPLICABLE	AQ-002|AQ-003|AQ-004|AQ-006|AQ-008|AQ-009|AQ-010|AQ-012	100	ALG=40;MECH=25;ROLE=15;AGE=10;FALS=10	UNAVAILABLE	D_THEORETICAL_OR_INCOMPLETE	UNKNOWN	NOT_ACQUIRED	NOT_ACQUIRED	ALIASES=S2:6dcca27f3f5db656e6f0ccfcb07b1ac1ac6f4ce3;ANCESTRY_DIRECTIONS=BACKWARD;ANCESTRY_RESOLUTION=RESOLVED;ANCESTRY_SEEDS=PAPER-1407.6755;BIBLIOGRAPHIC_VARIANTS=NONE;CITATION_DEPTH=1;G03_AQ_LINKS=AQ-002|AQ-003|AQ-004|AQ-006|AQ-008|AQ-009|AQ-010|AQ-012;G03_SCREEN=DERIVED_INFERENCE_METADATA_ONLY;IDENTITY_STATE=CANONICAL;OPENALEX_ID=UNKNOWN;SEMANTIC_SCHOLAR_ID=6dcca27f3f5db656e6f0ccfcb07b1ac1ac6f4ce3;SOURCE_URLS=S2:6dcca27f3f5db656e6f0ccfcb07b1ac1ac6f4ce3|https://www.semanticscholar.org/paper/6dcca27f3f5db656e6f0ccfcb07b1ac1ac6f4ce3?utm_source=api;VERSIONS=UNKNOWN;G04_ORIGINAL_PDF_URL=UNKNOWN;G04_ORIGINAL_LICENSE_URI=UNKNOWN;LICENSE_UNAVAILABLE;G04_ACQUISITION_STATUS=UNAVAILABLE;G04_PARSE_STATUS=NOT_APPLICABLE
PAPER-HASH-5aa86bd99689667d	UNKNOWN	10.1145/3564593	Direction-optimizing Label Propagation Framework for Structure Detection in Graphs: Design, Implementation, and Experimental Analysis	Xu T. Liu|A. Lumsdaine|M. Halappanavar|K. Barker|A. Gebremedhin	2022-10-27	UNKNOWN	UNKNOWN	UNKNOWN	UNKNOWN	UNKNOWN	UNKNOWN	NOT_APPLICABLE	AQ-001|AQ-002|AQ-003|AQ-004|AQ-006|AQ-008|AQ-009|AQ-010|AQ-011|AQ-012	80	ALG=40;MECH=25;ROLE=15;AGE=0;FALS=0	UNAVAILABLE	D_THEORETICAL_OR_INCOMPLETE	UNKNOWN	NOT_ACQUIRED	NOT_ACQUIRED	ALIASES=S2:43f21a89058f78610792e8fbd3227dc87cc1397f;ANCESTRY_DIRECTIONS=FORWARD;ANCESTRY_RESOLUTION=RESOLVED;ANCESTRY_SEEDS=PAPER-1304.4453;BIBLIOGRAPHIC_VARIANTS=NONE;CITATION_DEPTH=1;G03_AQ_LINKS=AQ-001|AQ-002|AQ-003|AQ-004|AQ-006|AQ-008|AQ-009|AQ-010|AQ-011|AQ-012;G03_SCREEN=DERIVED_INFERENCE_METADATA_ONLY;IDENTITY_STATE=CANONICAL;OPENALEX_ID=UNKNOWN;SEMANTIC_SCHOLAR_ID=43f21a89058f78610792e8fbd3227dc87cc1397f;SOURCE_URLS=S2:43f21a89058f78610792e8fbd3227dc87cc1397f|https://www.semanticscholar.org/paper/43f21a89058f78610792e8fbd3227dc87cc1397f?utm_source=api;VERSIONS=UNKNOWN;G04_ORIGINAL_PDF_URL=UNKNOWN;G04_ORIGINAL_LICENSE_URI=UNKNOWN;LICENSE_UNAVAILABLE;G04_ACQUISITION_STATUS=AUTHORIZATION_FAILED;G04_PARSE_STATUS=NOT_APPLICABLE
PAPER-HASH-5be22f3d593ea876	UNKNOWN	UNKNOWN	DF* PageRank: Improved Incrementally Expanding Approaches for Updating PageRank on Dynamic Graphs	UNKNOWN	UNKNOWN	UNKNOWN	UNKNOWN	UNKNOWN	UNKNOWN	UNKNOWN	UNKNOWN	NOT_APPLICABLE	AQ-002|AQ-006|AQ-007|AQ-008|AQ-009|AQ-010|AQ-012	80	ALG=40;MECH=25;ROLE=15;AGE=0;FALS=0	METADATA_ONLY	D_THEORETICAL_OR_INCOMPLETE	UNKNOWN	NOT_ACQUIRED	NOT_ACQUIRED	ALIASES=S2:47f12c377455da512bd1ad413e2fab0001ab2389;ANCESTRY_DIRECTIONS=FORWARD;ANCESTRY_RESOLUTION=RESOLVED;ANCESTRY_SEEDS=PAPER-2104.09616;BIBLIOGRAPHIC_VARIANTS=NONE;CITATION_DEPTH=1;G03_AQ_LINKS=AQ-002|AQ-006|AQ-007|AQ-008|AQ-009|AQ-010|AQ-012;G03_SCREEN=DERIVED_INFERENCE_METADATA_ONLY;IDENTITY_STATE=AMBIGUOUS;OPENALEX_ID=UNKNOWN;SEMANTIC_SCHOLAR_ID=47f12c377455da512bd1ad413e2fab0001ab2389;SOURCE_URLS=S2:47f12c377455da512bd1ad413e2fab0001ab2389|https://www.semanticscholar.org/paper/47f12c377455da512bd1ad413e2fab0001ab2389?utm_source=api;VERSIONS=UNKNOWN
PAPER-HASH-5f08934040ef557c	UNKNOWN	10.1061/jhyeff.heeng-6793	An Improved Watershed Classification Method Based on Multidimensional Indicator Clustering–Similarity Evaluation–Classification: A Case Study in Shandong Province, China	Dongyun Li|Guoqing Sang|Yang Liu|Haijun Wang	2026-08-01	UNKNOWN	UNKNOWN	UNKNOWN	UNKNOWN	UNKNOWN	UNKNOWN	NOT_APPLICABLE	AQ-001|AQ-002|AQ-004|AQ-005|AQ-006|AQ-007|AQ-008|AQ-009|AQ-010|AQ-011|AQ-012	80	ALG=40;MECH=25;ROLE=15;AGE=0;FALS=0	METADATA_ONLY	D_THEORETICAL_OR_INCOMPLETE	UNKNOWN	NOT_ACQUIRED	NOT_ACQUIRED	ALIASES=S2:061b8a8910beb75b2500e3d2810a58e5c7c67cd5;ANCESTRY_DIRECTIONS=FORWARD;ANCESTRY_RESOLUTION=RESOLVED;ANCESTRY_SEEDS=PAPER-1810.08473;BIBLIOGRAPHIC_VARIANTS=NONE;CITATION_DEPTH=1;G03_AQ_LINKS=AQ-001|AQ-002|AQ-004|AQ-005|AQ-006|AQ-007|AQ-008|AQ-009|AQ-010|AQ-011|AQ-012;G03_SCREEN=DERIVED_INFERENCE_METADATA_ONLY;IDENTITY_STATE=CANONICAL;OPENALEX_ID=UNKNOWN;SEMANTIC_SCHOLAR_ID=061b8a8910beb75b2500e3d2810a58e5c7c67cd5;SOURCE_URLS=S2:061b8a8910beb75b2500e3d2810a58e5c7c67cd5|https://www.semanticscholar.org/paper/061b8a8910beb75b2500e3d2810a58e5c7c67cd5?utm_source=api;VERSIONS=UNKNOWN
PAPER-HASH-6289e63fdfdba321	UNKNOWN	10.1109/access.2019.2952653	A Survey on Personalized PageRank Computation Algorithms	Sungchan Park|Wonseok Lee|Byeongseo Choe|Sang-goo Lee	2019-11-11	UNKNOWN	UNKNOWN	UNKNOWN	UNKNOWN	UNKNOWN	UNKNOWN	NOT_APPLICABLE	AQ-002|AQ-004|AQ-007|AQ-008|AQ-009|AQ-010|AQ-012	80	ALG=40;MECH=25;ROLE=15;AGE=0;FALS=0	METADATA_ONLY	D_THEORETICAL_OR_INCOMPLETE	UNKNOWN	NOT_ACQUIRED	NOT_ACQUIRED	ALIASES=S2:e2a98aa23302916c6c25eff45b15df90704537f2;ANCESTRY_DIRECTIONS=BACKWARD;ANCESTRY_RESOLUTION=RESOLVED;ANCESTRY_SEEDS=PAPER-2104.09616;BIBLIOGRAPHIC_VARIANTS=NONE;CITATION_DEPTH=1;G03_AQ_LINKS=AQ-002|AQ-004|AQ-007|AQ-008|AQ-009|AQ-010|AQ-012;G03_SCREEN=DERIVED_INFERENCE_METADATA_ONLY;IDENTITY_STATE=CANONICAL;OPENALEX_ID=UNKNOWN;SEMANTIC_SCHOLAR_ID=e2a98aa23302916c6c25eff45b15df90704537f2;SOURCE_URLS=S2:e2a98aa23302916c6c25eff45b15df90704537f2|https://www.semanticscholar.org/paper/e2a98aa23302916c6c25eff45b15df90704537f2?utm_source=api;VERSIONS=UNKNOWN
PAPER-HASH-663d1c4d7b2c7a6d	UNKNOWN	10.14529/jsfi180311	Developing Efficient Implementations of Bellman-Ford and Forward-Backward Graph Algorithms for NEC SX-ACE	I. Afanasyev|A. Antonov|D. Nikitenko|Vadim V. Voevodin|V. Voevodin|Kazuhiko Komatsu|Osamu Watanabe|A. Musa|Hiroaki Kobayashi	2018-09-01	UNKNOWN	UNKNOWN	UNKNOWN	UNKNOWN	UNKNOWN	UNKNOWN	NOT_APPLICABLE	AQ-002|AQ-005|AQ-008|AQ-012	80	ALG=40;MECH=25;ROLE=15;AGE=0;FALS=0	METADATA_ONLY	D_THEORETICAL_OR_INCOMPLETE	UNKNOWN	NOT_ACQUIRED	NOT_ACQUIRED	ALIASES=S2:ddee419e2bbb75ac1fc8cc070a40963e8dfcad45;ANCESTRY_DIRECTIONS=FORWARD;ANCESTRY_RESOLUTION=RESOLVED;ANCESTRY_SEEDS=PAPER-2010.09913;BIBLIOGRAPHIC_VARIANTS=NONE;CITATION_DEPTH=1;G03_AQ_LINKS=AQ-002|AQ-005|AQ-008|AQ-012;G03_SCREEN=DERIVED_INFERENCE_METADATA_ONLY;IDENTITY_STATE=CANONICAL;OPENALEX_ID=UNKNOWN;SEMANTIC_SCHOLAR_ID=ddee419e2bbb75ac1fc8cc070a40963e8dfcad45;SOURCE_URLS=S2:ddee419e2bbb75ac1fc8cc070a40963e8dfcad45|https://www.semanticscholar.org/paper/ddee419e2bbb75ac1fc8cc070a40963e8dfcad45?utm_source=api;VERSIONS=UNKNOWN
PAPER-HASH-6ac53b6f091a572e	UNKNOWN	UNKNOWN	A Fast and Efﬁcient Parallel Algorithm for Pruned Landmark Labeling	Qing Dong|Kartik Lakhotia|Hanqing Zeng|Rajgopal Kannan|Viktor K. Prasanna|G. Seetharaman	UNKNOWN	UNKNOWN	UNKNOWN	UNKNOWN	UNKNOWN	UNKNOWN	UNKNOWN	NOT_APPLICABLE	AQ-003|AQ-004|AQ-006|AQ-008|AQ-009|AQ-011|AQ-012	65	ALG=40;MECH=25;ROLE=0;AGE=0;FALS=0	METADATA_ONLY	D_THEORETICAL_OR_INCOMPLETE	UNKNOWN	NOT_ACQUIRED	NOT_ACQUIRED	ALIASES=S2:ef6f1c8e23ecf0a49f0209729b711de988c8c21a;ANCESTRY_DIRECTIONS=FORWARD;ANCESTRY_RESOLUTION=RESOLVED;ANCESTRY_SEEDS=PAPER-1709.07122;BIBLIOGRAPHIC_VARIANTS=NONE;CITATION_DEPTH=1;G03_AQ_LINKS=AQ-003|AQ-004|AQ-006|AQ-008|AQ-009|AQ-011|AQ-012;G03_SCREEN=DERIVED_INFERENCE_METADATA_ONLY;IDENTITY_STATE=AMBIGUOUS;OPENALEX_ID=UNKNOWN;SEMANTIC_SCHOLAR_ID=ef6f1c8e23ecf0a49f0209729b711de988c8c21a;SOURCE_URLS=S2:ef6f1c8e23ecf0a49f0209729b711de988c8c21a|https://www.semanticscholar.org/paper/ef6f1c8e23ecf0a49f0209729b711de988c8c21a?utm_source=api;VERSIONS=UNKNOWN
PAPER-HASH-6b92d584bf9c06be	UNKNOWN	UNKNOWN	Streaming Algorithms and Parameterized Streaming	N. Sai	2015-01-01	UNKNOWN	UNKNOWN	UNKNOWN	UNKNOWN	UNKNOWN	UNKNOWN	NOT_APPLICABLE	AQ-003|AQ-004|AQ-005|AQ-006|AQ-007|AQ-008|AQ-011|AQ-012	65	ALG=40;MECH=25;ROLE=0;AGE=0;FALS=0	METADATA_ONLY	D_THEORETICAL_OR_INCOMPLETE	UNKNOWN	NOT_ACQUIRED	NOT_ACQUIRED	ALIASES=S2:8f79e0f17435169351ce82495ef4b5e7572c22ff;ANCESTRY_DIRECTIONS=FORWARD;ANCESTRY_RESOLUTION=RESOLVED;ANCESTRY_SEEDS=PAPER-0708.4284;BIBLIOGRAPHIC_VARIANTS=NONE;CITATION_DEPTH=1;G03_AQ_LINKS=AQ-003|AQ-004|AQ-005|AQ-006|AQ-007|AQ-008|AQ-011|AQ-012;G03_SCREEN=DERIVED_INFERENCE_METADATA_ONLY;IDENTITY_STATE=CANONICAL;OPENALEX_ID=UNKNOWN;SEMANTIC_SCHOLAR_ID=8f79e0f17435169351ce82495ef4b5e7572c22ff;SOURCE_URLS=S2:8f79e0f17435169351ce82495ef4b5e7572c22ff|https://www.semanticscholar.org/paper/8f79e0f17435169351ce82495ef4b5e7572c22ff?utm_source=api;VERSIONS=UNKNOWN
PAPER-HASH-6d247d25d59aa0a2	UNKNOWN	10.1109/access.2025.3538977	Intelligence Evaluating Computational Power: A Multi-Factor Method	Yuhuan Huang|Hang Li|Dongdong Lu|Zhe Zhang|Wenjie Tie	2025-01-01	UNKNOWN	UNKNOWN	UNKNOWN	UNKNOWN	UNKNOWN	UNKNOWN	NOT_APPLICABLE	AQ-002|AQ-004|AQ-007|AQ-008|AQ-009|AQ-012	80	ALG=40;MECH=25;ROLE=15;AGE=0;FALS=0	METADATA_ONLY	D_THEORETICAL_OR_INCOMPLETE	UNKNOWN	NOT_ACQUIRED	NOT_ACQUIRED	ALIASES=S2:4806bedf4c8e2abd9fb2b7a50739ee06c0f459f8;ANCESTRY_DIRECTIONS=FORWARD;ANCESTRY_RESOLUTION=RESOLVED;ANCESTRY_SEEDS=PAPER-1603.01876;BIBLIOGRAPHIC_VARIANTS=NONE;CITATION_DEPTH=1;G03_AQ_LINKS=AQ-002|AQ-004|AQ-007|AQ-008|AQ-009|AQ-012;G03_SCREEN=DERIVED_INFERENCE_METADATA_ONLY;IDENTITY_STATE=CANONICAL;OPENALEX_ID=UNKNOWN;SEMANTIC_SCHOLAR_ID=4806bedf4c8e2abd9fb2b7a50739ee06c0f459f8;SOURCE_URLS=S2:4806bedf4c8e2abd9fb2b7a50739ee06c0f459f8|https://www.semanticscholar.org/paper/4806bedf4c8e2abd9fb2b7a50739ee06c0f459f8?utm_source=api;VERSIONS=UNKNOWN
PAPER-HASH-6ff704db6b1236c3	UNKNOWN	10.3233/spr-130370	Direction-optimizing Breadth-First Search	S. Beamer|K. Asanović|D. Patterson	2012-11-10	UNKNOWN	UNKNOWN	UNKNOWN	UNKNOWN	UNKNOWN	UNKNOWN	NOT_APPLICABLE	AQ-001|AQ-003|AQ-007|AQ-008|AQ-010|AQ-011	75	ALG=40;MECH=25;ROLE=0;AGE=10;FALS=0	UNAVAILABLE	D_THEORETICAL_OR_INCOMPLETE	UNKNOWN	NOT_ACQUIRED	NOT_ACQUIRED	ALIASES=S2:6bc45efd5b27f661b1cbbab8998b87a34da5967e;ANCESTRY_DIRECTIONS=BACKWARD;ANCESTRY_RESOLUTION=RESOLVED;ANCESTRY_SEEDS=PAPER-2503.00430;BIBLIOGRAPHIC_VARIANTS=NONE;CITATION_DEPTH=1;G03_AQ_LINKS=AQ-001|AQ-003|AQ-007|AQ-008|AQ-010|AQ-011;G03_SCREEN=DERIVED_INFERENCE_METADATA_ONLY;IDENTITY_STATE=CANONICAL;OPENALEX_ID=UNKNOWN;SEMANTIC_SCHOLAR_ID=6bc45efd5b27f661b1cbbab8998b87a34da5967e;SOURCE_URLS=S2:6bc45efd5b27f661b1cbbab8998b87a34da5967e|https://www.semanticscholar.org/paper/6bc45efd5b27f661b1cbbab8998b87a34da5967e?utm_source=api;VERSIONS=UNKNOWN;G04_ORIGINAL_PDF_URL=UNKNOWN;G04_ORIGINAL_LICENSE_URI=UNKNOWN;LICENSE_UNAVAILABLE;G04_ACQUISITION_STATUS=UNAVAILABLE;G04_PARSE_STATUS=NOT_APPLICABLE
PAPER-HASH-71918cad15b0fae2	UNKNOWN	10.1109/focs.2004.48	On the streaming model augmented with a sorting primitive	Gagan Aggarwal|Mayur Datar|S. Rajagopalan|Matthias Ruhl	2004-10-17	UNKNOWN	UNKNOWN	UNKNOWN	UNKNOWN	UNKNOWN	UNKNOWN	NOT_APPLICABLE	AQ-003|AQ-004|AQ-005|AQ-006|AQ-007|AQ-008|AQ-010|AQ-011|AQ-012	75	ALG=40;MECH=25;ROLE=0;AGE=10;FALS=0	METADATA_ONLY	D_THEORETICAL_OR_INCOMPLETE	UNKNOWN	NOT_ACQUIRED	NOT_ACQUIRED	ALIASES=S2:0687e0d4b52327591cc84ed164a11d7424c3c677;ANCESTRY_DIRECTIONS=BACKWARD;ANCESTRY_RESOLUTION=RESOLVED;ANCESTRY_SEEDS=PAPER-2112.00098;BIBLIOGRAPHIC_VARIANTS=NONE;CITATION_DEPTH=1;G03_AQ_LINKS=AQ-003|AQ-004|AQ-005|AQ-006|AQ-007|AQ-008|AQ-010|AQ-011|AQ-012;G03_SCREEN=DERIVED_INFERENCE_METADATA_ONLY;IDENTITY_STATE=CANONICAL;OPENALEX_ID=UNKNOWN;SEMANTIC_SCHOLAR_ID=0687e0d4b52327591cc84ed164a11d7424c3c677;SOURCE_URLS=S2:0687e0d4b52327591cc84ed164a11d7424c3c677|https://www.semanticscholar.org/paper/0687e0d4b52327591cc84ed164a11d7424c3c677?utm_source=api;VERSIONS=UNKNOWN
PAPER-HASH-7574b7237ffa0390	UNKNOWN	10.14778/3587136.3587151	Representing Paths in Graph Database Pattern Matching	W. Martens|Matthias Niewerth|Tina Popp|Carlos Rojas|Stijn Vansummeren|D. Vrgoč	2023-03-01	UNKNOWN	UNKNOWN	UNKNOWN	UNKNOWN	UNKNOWN	UNKNOWN	NOT_APPLICABLE	AQ-001|AQ-003|AQ-008|AQ-009|AQ-011	65	ALG=40;MECH=25;ROLE=0;AGE=0;FALS=0	METADATA_ONLY	D_THEORETICAL_OR_INCOMPLETE	UNKNOWN	NOT_ACQUIRED	NOT_ACQUIRED	ALIASES=S2:2c3eef2f17369912e330281d54b535675077e4ca;ANCESTRY_DIRECTIONS=FORWARD;ANCESTRY_RESOLUTION=RESOLVED;ANCESTRY_SEEDS=PAPER-2204.11137;BIBLIOGRAPHIC_VARIANTS=NONE;CITATION_DEPTH=1;G03_AQ_LINKS=AQ-001|AQ-003|AQ-008|AQ-009|AQ-011;G03_SCREEN=DERIVED_INFERENCE_METADATA_ONLY;IDENTITY_STATE=AMBIGUOUS;OPENALEX_ID=UNKNOWN;SEMANTIC_SCHOLAR_ID=2c3eef2f17369912e330281d54b535675077e4ca;SOURCE_URLS=S2:2c3eef2f17369912e330281d54b535675077e4ca|https://www.semanticscholar.org/paper/2c3eef2f17369912e330281d54b535675077e4ca?utm_source=api;VERSIONS=UNKNOWN
PAPER-HASH-76e709744254c2c6	UNKNOWN	10.1145/3183713.3190657	Cypher: An Evolving Query Language for Property Graphs	Nadime Francis|Alastair Green|P. Guagliardo|L. Libkin|Tobias Lindaaker|Victor Marsault|Stefan Plantikow|Mats Rydberg|P. Selmer|Andrés Taylor	2018-05-27	UNKNOWN	UNKNOWN	UNKNOWN	UNKNOWN	UNKNOWN	UNKNOWN	NOT_APPLICABLE	AQ-007|AQ-011|AQ-012	65	ALG=40;MECH=25;ROLE=0;AGE=0;FALS=0	METADATA_ONLY	D_THEORETICAL_OR_INCOMPLETE	UNKNOWN	NOT_ACQUIRED	NOT_ACQUIRED	ALIASES=S2:7c70459d56214a7a3202732670f5ce726508eff6;ANCESTRY_DIRECTIONS=BACKWARD;ANCESTRY_RESOLUTION=RESOLVED;ANCESTRY_SEEDS=PAPER-2204.11137;BIBLIOGRAPHIC_VARIANTS=NONE;CITATION_DEPTH=1;G03_AQ_LINKS=AQ-007|AQ-011|AQ-012;G03_SCREEN=DERIVED_INFERENCE_METADATA_ONLY;IDENTITY_STATE=CANONICAL;OPENALEX_ID=UNKNOWN;SEMANTIC_SCHOLAR_ID=7c70459d56214a7a3202732670f5ce726508eff6;SOURCE_URLS=S2:7c70459d56214a7a3202732670f5ce726508eff6|https://www.semanticscholar.org/paper/7c70459d56214a7a3202732670f5ce726508eff6?utm_source=api;VERSIONS=UNKNOWN
PAPER-HASH-798485e57ea536c2	UNKNOWN	10.4230/lipics.icdt.2018.19	Evaluation and Enumeration Problems for Regular Path Queries	W. Martens|T. Trautner	2018-01-01	UNKNOWN	UNKNOWN	UNKNOWN	UNKNOWN	UNKNOWN	UNKNOWN	NOT_APPLICABLE	AQ-003|AQ-005|AQ-008	80	ALG=40;MECH=25;ROLE=15;AGE=0;FALS=0	UNAVAILABLE	D_THEORETICAL_OR_INCOMPLETE	UNKNOWN	NOT_ACQUIRED	NOT_ACQUIRED	ALIASES=S2:7fccc4b10c504398bec6e42e151ddd7639bb855d;ANCESTRY_DIRECTIONS=BACKWARD;ANCESTRY_RESOLUTION=RESOLVED;ANCESTRY_SEEDS=PAPER-2412.07729;BIBLIOGRAPHIC_VARIANTS=NONE;CITATION_DEPTH=1;G03_AQ_LINKS=AQ-003|AQ-005|AQ-008;G03_SCREEN=DERIVED_INFERENCE_METADATA_ONLY;IDENTITY_STATE=CANONICAL;OPENALEX_ID=UNKNOWN;SEMANTIC_SCHOLAR_ID=7fccc4b10c504398bec6e42e151ddd7639bb855d;SOURCE_URLS=S2:7fccc4b10c504398bec6e42e151ddd7639bb855d|https://www.semanticscholar.org/paper/7fccc4b10c504398bec6e42e151ddd7639bb855d?utm_source=api;VERSIONS=UNKNOWN;G04_ORIGINAL_PDF_URL=UNKNOWN;G04_ORIGINAL_LICENSE_URI=UNKNOWN;LICENSE_UNAVAILABLE;G04_ACQUISITION_STATUS=UNAVAILABLE;G04_PARSE_STATUS=NOT_APPLICABLE
PAPER-HASH-834f3c2395068802	UNKNOWN	10.1145/800105.803393	Fast probabilistic algorithms for hamiltonian circuits and matchings	D. Angluin|L. Valiant	1977-05-04	UNKNOWN	UNKNOWN	UNKNOWN	UNKNOWN	UNKNOWN	UNKNOWN	NOT_APPLICABLE	AQ-004|AQ-005|AQ-007	75	ALG=40;MECH=25;ROLE=0;AGE=10;FALS=0	METADATA_ONLY	D_THEORETICAL_OR_INCOMPLETE	UNKNOWN	NOT_ACQUIRED	NOT_ACQUIRED	ALIASES=S2:c92795deeea3f6765e7b5e593f4f31ffb634ed76;ANCESTRY_DIRECTIONS=BACKWARD;ANCESTRY_RESOLUTION=RESOLVED;ANCESTRY_SEEDS=PAPER-1812.10950;BIBLIOGRAPHIC_VARIANTS=NONE;CITATION_DEPTH=1;G03_AQ_LINKS=AQ-004|AQ-005|AQ-007;G03_SCREEN=DERIVED_INFERENCE_METADATA_ONLY;IDENTITY_STATE=CANONICAL;OPENALEX_ID=UNKNOWN;SEMANTIC_SCHOLAR_ID=c92795deeea3f6765e7b5e593f4f31ffb634ed76;SOURCE_URLS=S2:c92795deeea3f6765e7b5e593f4f31ffb634ed76|https://www.semanticscholar.org/paper/c92795deeea3f6765e7b5e593f4f31ffb634ed76?utm_source=api;VERSIONS=UNKNOWN
PAPER-HASH-83539d56cdb3def2	UNKNOWN	10.1109/sfcs.2000.892129	Using expander graphs to find vertex connectivity	H. Gabow	2000-11-12	UNKNOWN	UNKNOWN	UNKNOWN	UNKNOWN	UNKNOWN	UNKNOWN	NOT_APPLICABLE	AQ-004|AQ-008|AQ-012	65	ALG=40;MECH=25;ROLE=0;AGE=0;FALS=0	METADATA_ONLY	D_THEORETICAL_OR_INCOMPLETE	UNKNOWN	NOT_ACQUIRED	NOT_ACQUIRED	ALIASES=S2:256dcbe96c453c00668b891fa66144eac79cf4d9;ANCESTRY_DIRECTIONS=BACKWARD;ANCESTRY_RESOLUTION=RESOLVED;ANCESTRY_SEEDS=PAPER-0708.4284;BIBLIOGRAPHIC_VARIANTS=NONE;CITATION_DEPTH=1;G03_AQ_LINKS=AQ-004|AQ-008|AQ-012;G03_SCREEN=DERIVED_INFERENCE_METADATA_ONLY;IDENTITY_STATE=CANONICAL;OPENALEX_ID=UNKNOWN;SEMANTIC_SCHOLAR_ID=256dcbe96c453c00668b891fa66144eac79cf4d9;SOURCE_URLS=S2:256dcbe96c453c00668b891fa66144eac79cf4d9|https://www.semanticscholar.org/paper/256dcbe96c453c00668b891fa66144eac79cf4d9?utm_source=api;VERSIONS=UNKNOWN
PAPER-HASH-873b5cc9f33a7a97	UNKNOWN	10.1109/hpec.2018.8547561	PageRank Acceleration for Large Graphs with Scalable Hardware and Two-Step SpMV	Fazle Sadi|Joseph Sweeney|Scott Mcmillan|Tze Meng Low|J. Hoe|L. Pileggi|F. Franchetti	2018-09-01	UNKNOWN	UNKNOWN	UNKNOWN	UNKNOWN	UNKNOWN	UNKNOWN	NOT_APPLICABLE	AQ-002|AQ-007|AQ-008|AQ-009|AQ-010|AQ-012	65	ALG=40;MECH=25;ROLE=0;AGE=0;FALS=0	METADATA_ONLY	D_THEORETICAL_OR_INCOMPLETE	UNKNOWN	NOT_ACQUIRED	NOT_ACQUIRED	ALIASES=S2:a8c65c9543c1af39ced30d16e186946743bd5dcf;ANCESTRY_DIRECTIONS=FORWARD;ANCESTRY_RESOLUTION=RESOLVED;ANCESTRY_SEEDS=PAPER-1603.01876;BIBLIOGRAPHIC_VARIANTS=NONE;CITATION_DEPTH=1;G03_AQ_LINKS=AQ-002|AQ-007|AQ-008|AQ-009|AQ-010|AQ-012;G03_SCREEN=DERIVED_INFERENCE_METADATA_ONLY;IDENTITY_STATE=CANONICAL;OPENALEX_ID=UNKNOWN;SEMANTIC_SCHOLAR_ID=a8c65c9543c1af39ced30d16e186946743bd5dcf;SOURCE_URLS=S2:a8c65c9543c1af39ced30d16e186946743bd5dcf|https://www.semanticscholar.org/paper/a8c65c9543c1af39ced30d16e186946743bd5dcf?utm_source=api;VERSIONS=UNKNOWN
PAPER-HASH-89669fe983572dd0	UNKNOWN	UNKNOWN	Edinburgh Research Explorer A Researcher’s Digest of GQL	A. Rogova|D. Vrgoč|Nadime Francis|A. Gheerbrant|P. Guagliardo|Leonid Libkin|Victor Marsault|Wim Martens|Filip Murlak|Liat Peterfreund|F. Geerts|Brecht Vandevoort	UNKNOWN	UNKNOWN	UNKNOWN	UNKNOWN	UNKNOWN	UNKNOWN	UNKNOWN	NOT_APPLICABLE	AQ-003|AQ-007|AQ-011|AQ-012	65	ALG=40;MECH=25;ROLE=0;AGE=0;FALS=0	METADATA_ONLY	D_THEORETICAL_OR_INCOMPLETE	UNKNOWN	NOT_ACQUIRED	NOT_ACQUIRED	ALIASES=S2:88b7df9646a435463fad59a602137b37ee805bfb;ANCESTRY_DIRECTIONS=FORWARD;ANCESTRY_RESOLUTION=RESOLVED;ANCESTRY_SEEDS=PAPER-2204.11137;BIBLIOGRAPHIC_VARIANTS=NONE;CITATION_DEPTH=1;G03_AQ_LINKS=AQ-003|AQ-007|AQ-011|AQ-012;G03_SCREEN=DERIVED_INFERENCE_METADATA_ONLY;IDENTITY_STATE=CANONICAL;OPENALEX_ID=UNKNOWN;SEMANTIC_SCHOLAR_ID=88b7df9646a435463fad59a602137b37ee805bfb;SOURCE_URLS=S2:88b7df9646a435463fad59a602137b37ee805bfb|https://www.semanticscholar.org/paper/88b7df9646a435463fad59a602137b37ee805bfb?utm_source=api;VERSIONS=UNKNOWN
PAPER-HASH-901ec8aded38dbd0	UNKNOWN	10.1109/focs57990.2023.00058	Hidden Permutations to the Rescue: Multi-Pass Streaming Lower Bounds for Approximate Matchings	Sepehr Assadi|J. Sundaresan	2023-11-06	UNKNOWN	UNKNOWN	UNKNOWN	UNKNOWN	UNKNOWN	UNKNOWN	NOT_APPLICABLE	AQ-002|AQ-003|AQ-004|AQ-005|AQ-006|AQ-007|AQ-008|AQ-009|AQ-010|AQ-011|AQ-012	90	ALG=40;MECH=25;ROLE=15;AGE=0;FALS=10	METADATA_ONLY	D_THEORETICAL_OR_INCOMPLETE	UNKNOWN	NOT_ACQUIRED	NOT_ACQUIRED	ALIASES=S2:8fe9e029c082e7c0cc44159983b91c019fc36fc0;ANCESTRY_DIRECTIONS=FORWARD;ANCESTRY_RESOLUTION=RESOLVED;ANCESTRY_SEEDS=PAPER-2305.11053;BIBLIOGRAPHIC_VARIANTS=NONE;CITATION_DEPTH=1;G03_AQ_LINKS=AQ-002|AQ-003|AQ-004|AQ-005|AQ-006|AQ-007|AQ-008|AQ-009|AQ-010|AQ-011|AQ-012;G03_SCREEN=DERIVED_INFERENCE_METADATA_ONLY;IDENTITY_STATE=CANONICAL;OPENALEX_ID=UNKNOWN;SEMANTIC_SCHOLAR_ID=8fe9e029c082e7c0cc44159983b91c019fc36fc0;SOURCE_URLS=S2:8fe9e029c082e7c0cc44159983b91c019fc36fc0|https://www.semanticscholar.org/paper/8fe9e029c082e7c0cc44159983b91c019fc36fc0?utm_source=api;VERSIONS=UNKNOWN
PAPER-HASH-940c3a3c1948585f	UNKNOWN	10.1109/access.2017.2781360	Binary Hashing for Approximate Nearest Neighbor Search on Big Data: A Survey	Yuan Cao|Heng Qi|Wenrui Zhou|Jien Kato|Keqiu Li|Xiulong Liu|Jie Gui	2018-01-01	UNKNOWN	UNKNOWN	UNKNOWN	UNKNOWN	UNKNOWN	UNKNOWN	NOT_APPLICABLE	AQ-003|AQ-005|AQ-006|AQ-007|AQ-008|AQ-009|AQ-011|AQ-012	80	ALG=40;MECH=25;ROLE=15;AGE=0;FALS=0	METADATA_ONLY	D_THEORETICAL_OR_INCOMPLETE	UNKNOWN	NOT_ACQUIRED	NOT_ACQUIRED	ALIASES=S2:cf8f9f877137f7eec0a7bc0a2d096cecf1361640;ANCESTRY_DIRECTIONS=BACKWARD;ANCESTRY_RESOLUTION=RESOLVED;ANCESTRY_SEEDS=PAPER-2602.21514;BIBLIOGRAPHIC_VARIANTS=NONE;CITATION_DEPTH=1;G03_AQ_LINKS=AQ-003|AQ-005|AQ-006|AQ-007|AQ-008|AQ-009|AQ-011|AQ-012;G03_SCREEN=DERIVED_INFERENCE_METADATA_ONLY;IDENTITY_STATE=CANONICAL;OPENALEX_ID=UNKNOWN;SEMANTIC_SCHOLAR_ID=cf8f9f877137f7eec0a7bc0a2d096cecf1361640;SOURCE_URLS=S2:cf8f9f877137f7eec0a7bc0a2d096cecf1361640|https://www.semanticscholar.org/paper/cf8f9f877137f7eec0a7bc0a2d096cecf1361640?utm_source=api;VERSIONS=UNKNOWN
PAPER-HASH-97a50d1a904bd476	UNKNOWN	10.1145/3147.3165	Random sampling with a reservoir	J. Vitter	1985-03-01	UNKNOWN	UNKNOWN	UNKNOWN	UNKNOWN	UNKNOWN	UNKNOWN	NOT_APPLICABLE	AQ-002|AQ-004|AQ-006|AQ-012	75	ALG=40;MECH=25;ROLE=0;AGE=10;FALS=0	METADATA_ONLY	D_THEORETICAL_OR_INCOMPLETE	UNKNOWN	NOT_ACQUIRED	NOT_ACQUIRED	ALIASES=S2:da01f7fcc5c7eeba75bc09a41fdd946e65210090;ANCESTRY_DIRECTIONS=BACKWARD;ANCESTRY_RESOLUTION=RESOLVED;ANCESTRY_SEEDS=PAPER-2112.00098;BIBLIOGRAPHIC_VARIANTS=NONE;CITATION_DEPTH=1;G03_AQ_LINKS=AQ-002|AQ-004|AQ-006|AQ-012;G03_SCREEN=DERIVED_INFERENCE_METADATA_ONLY;IDENTITY_STATE=CANONICAL;OPENALEX_ID=UNKNOWN;SEMANTIC_SCHOLAR_ID=da01f7fcc5c7eeba75bc09a41fdd946e65210090;SOURCE_URLS=S2:da01f7fcc5c7eeba75bc09a41fdd946e65210090|https://www.semanticscholar.org/paper/da01f7fcc5c7eeba75bc09a41fdd946e65210090?utm_source=api;VERSIONS=UNKNOWN
PAPER-HASH-9b43309b046b4742	UNKNOWN	UNKNOWN	On external memory graph traversal	A. Buchsbaum|Michael H. Goldwasser|Suresh Venkatasubramanian|J. Westbrook	2000-02-01	UNKNOWN	UNKNOWN	UNKNOWN	UNKNOWN	UNKNOWN	UNKNOWN	NOT_APPLICABLE	AQ-002|AQ-003|AQ-004|AQ-005|AQ-006|AQ-007|AQ-008|AQ-010	75	ALG=40;MECH=25;ROLE=0;AGE=10;FALS=0	UNAVAILABLE	D_THEORETICAL_OR_INCOMPLETE	UNKNOWN	NOT_ACQUIRED	NOT_ACQUIRED	ALIASES=S2:90e51a58e43b2f1216e03239daa8c25c28c7c6ec;ANCESTRY_DIRECTIONS=BACKWARD;ANCESTRY_RESOLUTION=RESOLVED;ANCESTRY_SEEDS=PAPER-2507.12925;BIBLIOGRAPHIC_VARIANTS=NONE;CITATION_DEPTH=1;G03_AQ_LINKS=AQ-002|AQ-003|AQ-004|AQ-005|AQ-006|AQ-007|AQ-008|AQ-010;G03_SCREEN=DERIVED_INFERENCE_METADATA_ONLY;IDENTITY_STATE=CANONICAL;OPENALEX_ID=UNKNOWN;SEMANTIC_SCHOLAR_ID=90e51a58e43b2f1216e03239daa8c25c28c7c6ec;SOURCE_URLS=S2:90e51a58e43b2f1216e03239daa8c25c28c7c6ec|https://www.semanticscholar.org/paper/90e51a58e43b2f1216e03239daa8c25c28c7c6ec?utm_source=api;VERSIONS=UNKNOWN;G04_ORIGINAL_PDF_URL=UNKNOWN;G04_ORIGINAL_LICENSE_URI=UNKNOWN;LICENSE_UNAVAILABLE;G04_ACQUISITION_STATUS=UNAVAILABLE;G04_PARSE_STATUS=NOT_APPLICABLE
PAPER-HASH-a6526d4be4c1a086	UNKNOWN	10.1016/0304-3975(86)90174-x	Random Generation of Combinatorial Structures from a Uniform Distribution	M. Jerrum|L. Valiant|V. Vazirani	1986-07-30	UNKNOWN	UNKNOWN	UNKNOWN	UNKNOWN	UNKNOWN	UNKNOWN	NOT_APPLICABLE	AQ-001|AQ-002|AQ-006|AQ-007|AQ-009|AQ-010|AQ-012	75	ALG=40;MECH=25;ROLE=0;AGE=10;FALS=0	METADATA_ONLY	D_THEORETICAL_OR_INCOMPLETE	UNKNOWN	NOT_ACQUIRED	NOT_ACQUIRED	ALIASES=S2:a8edf5efa51d3cb84e2f4be76f422db3675716ff;ANCESTRY_DIRECTIONS=BACKWARD;ANCESTRY_RESOLUTION=RESOLVED;ANCESTRY_SEEDS=PAPER-2401.01019;BIBLIOGRAPHIC_VARIANTS=NONE;CITATION_DEPTH=1;G03_AQ_LINKS=AQ-001|AQ-002|AQ-006|AQ-007|AQ-009|AQ-010|AQ-012;G03_SCREEN=DERIVED_INFERENCE_METADATA_ONLY;IDENTITY_STATE=CANONICAL;OPENALEX_ID=UNKNOWN;SEMANTIC_SCHOLAR_ID=a8edf5efa51d3cb84e2f4be76f422db3675716ff;SOURCE_URLS=S2:a8edf5efa51d3cb84e2f4be76f422db3675716ff|https://www.semanticscholar.org/paper/a8edf5efa51d3cb84e2f4be76f422db3675716ff?utm_source=api;VERSIONS=UNKNOWN
PAPER-HASH-a766262d203f44e8	UNKNOWN	10.1109/sct.1992.215378	A sublinear space, polynomial time algorithm for directed s-t connectivity	G. Barnes|J. Buss|W. Ruzzo|B. Schieber	1992-06-22	UNKNOWN	UNKNOWN	UNKNOWN	UNKNOWN	UNKNOWN	UNKNOWN	NOT_APPLICABLE	AQ-004|AQ-006|AQ-008|AQ-010|AQ-012	75	ALG=40;MECH=25;ROLE=0;AGE=10;FALS=0	METADATA_ONLY	D_THEORETICAL_OR_INCOMPLETE	UNKNOWN	NOT_ACQUIRED	NOT_ACQUIRED	ALIASES=S2:e7a11077297aae1f02f89e730b63acf44a0a8201;ANCESTRY_DIRECTIONS=BACKWARD;ANCESTRY_RESOLUTION=RESOLVED;ANCESTRY_SEEDS=PAPER-1812.10950;BIBLIOGRAPHIC_VARIANTS=NONE;CITATION_DEPTH=1;G03_AQ_LINKS=AQ-004|AQ-006|AQ-008|AQ-010|AQ-012;G03_SCREEN=DERIVED_INFERENCE_METADATA_ONLY;IDENTITY_STATE=CANONICAL;OPENALEX_ID=UNKNOWN;SEMANTIC_SCHOLAR_ID=e7a11077297aae1f02f89e730b63acf44a0a8201;SOURCE_URLS=S2:e7a11077297aae1f02f89e730b63acf44a0a8201|https://www.semanticscholar.org/paper/e7a11077297aae1f02f89e730b63acf44a0a8201?utm_source=api;VERSIONS=UNKNOWN
PAPER-HASH-a7f9ae72d795efba	UNKNOWN	10.48550/arxiv.2507.14462	Tighter Lower Bounds for Single Source Personalized PageRank	Xinpeng Jiang|Haoyu Liu|Siqiang Luo|Xiaokui Xiao	2025-01-01	UNKNOWN	UNKNOWN	UNKNOWN	UNKNOWN	UNKNOWN	UNKNOWN	NOT_APPLICABLE	AQ-002|AQ-003|AQ-007|AQ-008|AQ-009|AQ-010|AQ-012	90	ALG=40;MECH=25;ROLE=15;AGE=0;FALS=10	METADATA_ONLY	D_THEORETICAL_OR_INCOMPLETE	UNKNOWN	NOT_ACQUIRED	NOT_ACQUIRED	ALIASES=S2:50f5bb2647907972f7a23523fbb1ed88fdf0b932;ANCESTRY_DIRECTIONS=FORWARD;ANCESTRY_RESOLUTION=RESOLVED;ANCESTRY_SEEDS=PAPER-2401.01019;BIBLIOGRAPHIC_VARIANTS=NONE;CITATION_DEPTH=1;G03_AQ_LINKS=AQ-002|AQ-003|AQ-007|AQ-008|AQ-009|AQ-010|AQ-012;G03_SCREEN=DERIVED_INFERENCE_METADATA_ONLY;IDENTITY_STATE=CANONICAL;OPENALEX_ID=UNKNOWN;SEMANTIC_SCHOLAR_ID=50f5bb2647907972f7a23523fbb1ed88fdf0b932;SOURCE_URLS=S2:50f5bb2647907972f7a23523fbb1ed88fdf0b932|https://www.semanticscholar.org/paper/50f5bb2647907972f7a23523fbb1ed88fdf0b932?utm_source=api;VERSIONS=UNKNOWN
PAPER-HASH-a86a6676a8be12e6	UNKNOWN	10.1007/978-3-319-45276-0_1	On the Complexity of Evaluating Regular Path Queries over Linear Existential Rules	Meghyn Bienvenu|M. Thomazo	2016-09-09	UNKNOWN	UNKNOWN	UNKNOWN	UNKNOWN	UNKNOWN	UNKNOWN	NOT_APPLICABLE	AQ-002|AQ-003|AQ-008|AQ-012	80	ALG=40;MECH=25;ROLE=15;AGE=0;FALS=0	UNAVAILABLE	D_THEORETICAL_OR_INCOMPLETE	UNKNOWN	NOT_ACQUIRED	NOT_ACQUIRED	ALIASES=S2:6f6f51d257e7370ce6ed6d1c618404b1789c472d;ANCESTRY_DIRECTIONS=BACKWARD;ANCESTRY_RESOLUTION=RESOLVED;ANCESTRY_SEEDS=PAPER-2412.07729;BIBLIOGRAPHIC_VARIANTS=NONE;CITATION_DEPTH=1;G03_AQ_LINKS=AQ-002|AQ-003|AQ-008|AQ-012;G03_SCREEN=DERIVED_INFERENCE_METADATA_ONLY;IDENTITY_STATE=CANONICAL;OPENALEX_ID=UNKNOWN;SEMANTIC_SCHOLAR_ID=6f6f51d257e7370ce6ed6d1c618404b1789c472d;SOURCE_URLS=S2:6f6f51d257e7370ce6ed6d1c618404b1789c472d|https://www.semanticscholar.org/paper/6f6f51d257e7370ce6ed6d1c618404b1789c472d?utm_source=api;VERSIONS=UNKNOWN;G04_ORIGINAL_PDF_URL=UNKNOWN;G04_ORIGINAL_LICENSE_URI=UNKNOWN;LICENSE_UNAVAILABLE;G04_ACQUISITION_STATUS=UNAVAILABLE;G04_PARSE_STATUS=NOT_APPLICABLE
PAPER-HASH-ab142af809564673	UNKNOWN	10.1016/s0169-7552(98)00110-x	The Anatomy of a Large-Scale Hypertextual Web Search Engine	Sergey Brin|Lawrence Page	1998-04-01	UNKNOWN	UNKNOWN	UNKNOWN	UNKNOWN	UNKNOWN	UNKNOWN	NOT_APPLICABLE	AQ-003|AQ-007|AQ-011|AQ-012	75	ALG=40;MECH=25;ROLE=0;AGE=10;FALS=0	METADATA_ONLY	D_THEORETICAL_OR_INCOMPLETE	UNKNOWN	NOT_ACQUIRED	NOT_ACQUIRED	ALIASES=S2:10d6778bc45aebcd58d336b4062b935861d2fe8a;ANCESTRY_DIRECTIONS=BACKWARD;ANCESTRY_RESOLUTION=RESOLVED;ANCESTRY_SEEDS=PAPER-1602.02864|PAPER-1603.01876|PAPER-2404.16267;BIBLIOGRAPHIC_VARIANTS=NONE;CITATION_DEPTH=1;G03_AQ_LINKS=AQ-003|AQ-007|AQ-011|AQ-012;G03_SCREEN=DERIVED_INFERENCE_METADATA_ONLY;IDENTITY_STATE=CANONICAL;OPENALEX_ID=UNKNOWN;SEMANTIC_SCHOLAR_ID=10d6778bc45aebcd58d336b4062b935861d2fe8a;SOURCE_URLS=S2:10d6778bc45aebcd58d336b4062b935861d2fe8a|https://www.semanticscholar.org/paper/10d6778bc45aebcd58d336b4062b935861d2fe8a?utm_source=api;VERSIONS=UNKNOWN
PAPER-HASH-ac0722ebee7acc4d	UNKNOWN	10.1109/focs.2006.44	Local Graph Partitioning using PageRank Vectors	Reid Andersen|F. C. Graham|Kevin J. Lang	2006-10-21	UNKNOWN	UNKNOWN	UNKNOWN	UNKNOWN	UNKNOWN	UNKNOWN	NOT_APPLICABLE	AQ-002|AQ-003|AQ-004|AQ-005|AQ-006|AQ-007|AQ-008|AQ-009|AQ-010|AQ-011|AQ-012	75	ALG=40;MECH=25;ROLE=0;AGE=10;FALS=0	METADATA_ONLY	D_THEORETICAL_OR_INCOMPLETE	UNKNOWN	NOT_ACQUIRED	NOT_ACQUIRED	ALIASES=S2:2b5bc598cd02362874245ccfd932f65f6bc571d9;ANCESTRY_DIRECTIONS=BACKWARD;ANCESTRY_RESOLUTION=RESOLVED;ANCESTRY_SEEDS=PAPER-2404.16267;BIBLIOGRAPHIC_VARIANTS=NONE;CITATION_DEPTH=1;G03_AQ_LINKS=AQ-002|AQ-003|AQ-004|AQ-005|AQ-006|AQ-007|AQ-008|AQ-009|AQ-010|AQ-011|AQ-012;G03_SCREEN=DERIVED_INFERENCE_METADATA_ONLY;IDENTITY_STATE=CANONICAL;OPENALEX_ID=UNKNOWN;SEMANTIC_SCHOLAR_ID=2b5bc598cd02362874245ccfd932f65f6bc571d9;SOURCE_URLS=S2:2b5bc598cd02362874245ccfd932f65f6bc571d9|https://www.semanticscholar.org/paper/2b5bc598cd02362874245ccfd932f65f6bc571d9?utm_source=api;VERSIONS=UNKNOWN
PAPER-HASH-adcc1407df0b513f	UNKNOWN	10.1145/3749176	One Index for All: Towards Efficient Personalized PageRank Computation for Every Damping Factor	Junjie Zhou|Meihao Liao|Ronghua Li|Longlong Lin|Guoren Wang	2025-09-22	UNKNOWN	UNKNOWN	UNKNOWN	UNKNOWN	UNKNOWN	UNKNOWN	NOT_APPLICABLE	AQ-001|AQ-002|AQ-004|AQ-007|AQ-008|AQ-009|AQ-010|AQ-012	65	ALG=40;MECH=25;ROLE=0;AGE=0;FALS=0	METADATA_ONLY	D_THEORETICAL_OR_INCOMPLETE	UNKNOWN	NOT_ACQUIRED	NOT_ACQUIRED	ALIASES=S2:a0baf28ddbe544ca99a8fc6fa7f70faf5a5cebdb;ANCESTRY_DIRECTIONS=FORWARD;ANCESTRY_RESOLUTION=RESOLVED;ANCESTRY_SEEDS=PAPER-2401.01019;BIBLIOGRAPHIC_VARIANTS=NONE;CITATION_DEPTH=1;G03_AQ_LINKS=AQ-001|AQ-002|AQ-004|AQ-007|AQ-008|AQ-009|AQ-010|AQ-012;G03_SCREEN=DERIVED_INFERENCE_METADATA_ONLY;IDENTITY_STATE=CANONICAL;OPENALEX_ID=UNKNOWN;SEMANTIC_SCHOLAR_ID=a0baf28ddbe544ca99a8fc6fa7f70faf5a5cebdb;SOURCE_URLS=S2:a0baf28ddbe544ca99a8fc6fa7f70faf5a5cebdb|https://www.semanticscholar.org/paper/a0baf28ddbe544ca99a8fc6fa7f70faf5a5cebdb?utm_source=api;VERSIONS=UNKNOWN
PAPER-HASH-b12240577b20eaad	UNKNOWN	10.1007/s11227-026-08638-8	Kedagraph: memory-efficient out-of-core graph processing system with high applicability	Bo-Cheng Liao|Shu-Chun Chou|Sun-Yuan Hsieh	2026-06-01	UNKNOWN	UNKNOWN	UNKNOWN	https://link.springer.com/content/pdf/10.1007/s11227-026-08638-8.pdf	UNKNOWN	UNKNOWN	NOT_APPLICABLE	AQ-002|AQ-003|AQ-005|AQ-008|AQ-010|AQ-011	25	ALG=0;MECH=25;ROLE=0;AGE=0;FALS=0	READ_COMPLETE	D_THEORETICAL_OR_INCOMPLETE	UNKNOWN	sources/papers/PAPER-HASH-b12240577b20eaad.pdf	33EFD1B1848031F7F6998B7A02DA71F3B0E8F94A667DF5E7B2153552293D5F69	ALIASES=S2:8892ca23c03a4d97d25a23955d17e7feab89a20b;ANCESTRY_DIRECTIONS=FORWARD;ANCESTRY_RESOLUTION=RESOLVED;ANCESTRY_SEEDS=PAPER-2511.07886;BIBLIOGRAPHIC_VARIANTS=NONE;CITATION_DEPTH=1;G03_AQ_LINKS=AQ-002|AQ-003|AQ-005|AQ-008|AQ-010|AQ-011;G03_SCREEN=DERIVED_INFERENCE_METADATA_ONLY;IDENTITY_STATE=CANONICAL;OPENALEX_ID=UNKNOWN;SEMANTIC_SCHOLAR_ID=8892ca23c03a4d97d25a23955d17e7feab89a20b;SOURCE_URLS=S2:8892ca23c03a4d97d25a23955d17e7feab89a20b|https://www.semanticscholar.org/paper/8892ca23c03a4d97d25a23955d17e7feab89a20b?utm_source=api;VERSIONS=UNKNOWN;G04_ORIGINAL_PDF_URL=UNKNOWN;G04_ORIGINAL_LICENSE_URI=UNKNOWN;LICENSE_UNKNOWN;G04_ACQUISITION_STATUS=ACQUIRED;G04_PARSE_STATUS=PARSED
PAPER-HASH-b2ed9bf3718a79c1	UNKNOWN	10.1090/cbms/062/06	ON THE EVOLUTION OF RANDOM GRAPHS	A. Rbnyi	2001-01-01	UNKNOWN	UNKNOWN	UNKNOWN	UNKNOWN	UNKNOWN	UNKNOWN	NOT_APPLICABLE	AQ-002|AQ-006|AQ-012	75	ALG=40;MECH=25;ROLE=0;AGE=10;FALS=0	METADATA_ONLY	D_THEORETICAL_OR_INCOMPLETE	UNKNOWN	NOT_ACQUIRED	NOT_ACQUIRED	ALIASES=S2:8fcdb3155a5115fb3e073824c31c04ffa1535ad8;ANCESTRY_DIRECTIONS=BACKWARD;ANCESTRY_RESOLUTION=RESOLVED;ANCESTRY_SEEDS=PAPER-2010.09913;BIBLIOGRAPHIC_VARIANTS=NONE;CITATION_DEPTH=1;G03_AQ_LINKS=AQ-002|AQ-006|AQ-012;G03_SCREEN=DERIVED_INFERENCE_METADATA_ONLY;IDENTITY_STATE=AMBIGUOUS;OPENALEX_ID=UNKNOWN;SEMANTIC_SCHOLAR_ID=8fcdb3155a5115fb3e073824c31c04ffa1535ad8;SOURCE_URLS=S2:8fcdb3155a5115fb3e073824c31c04ffa1535ad8|https://www.semanticscholar.org/paper/8fcdb3155a5115fb3e073824c31c04ffa1535ad8?utm_source=api;VERSIONS=UNKNOWN
PAPER-HASH-b3b01325cae00d33	UNKNOWN	10.1007/s40031-024-01113-z	An Improved Graph Partitioning Algorithm Based Approach for Workflow Offloading in a Fog Environment	N. Mahajan|Parmeet Kaur	2024-07-16	UNKNOWN	UNKNOWN	UNKNOWN	UNKNOWN	UNKNOWN	UNKNOWN	NOT_APPLICABLE	AQ-002|AQ-003|AQ-004|AQ-006|AQ-008|AQ-009|AQ-010|AQ-011|AQ-012	80	ALG=40;MECH=25;ROLE=15;AGE=0;FALS=0	METADATA_ONLY	D_THEORETICAL_OR_INCOMPLETE	UNKNOWN	NOT_ACQUIRED	NOT_ACQUIRED	ALIASES=S2:d18e8e112d58c31be8d407ab2e6a19bab17cc12c;ANCESTRY_DIRECTIONS=FORWARD;ANCESTRY_RESOLUTION=RESOLVED;ANCESTRY_SEEDS=PAPER-1304.4453;BIBLIOGRAPHIC_VARIANTS=NONE;CITATION_DEPTH=1;G03_AQ_LINKS=AQ-002|AQ-003|AQ-004|AQ-006|AQ-008|AQ-009|AQ-010|AQ-011|AQ-012;G03_SCREEN=DERIVED_INFERENCE_METADATA_ONLY;IDENTITY_STATE=CANONICAL;OPENALEX_ID=UNKNOWN;SEMANTIC_SCHOLAR_ID=d18e8e112d58c31be8d407ab2e6a19bab17cc12c;SOURCE_URLS=S2:d18e8e112d58c31be8d407ab2e6a19bab17cc12c|https://www.semanticscholar.org/paper/d18e8e112d58c31be8d407ab2e6a19bab17cc12c?utm_source=api;VERSIONS=UNKNOWN
PAPER-HASH-b4b889246a331def	UNKNOWN	10.1016/j.ins.2026.123827	Clustering guided dense context sensitive structure extractor: A relaxation induced approach	Ajaharul Hoque|Subhrangsu Mandal|Debaditya Barman|Paramartha Dutta	2026-11-01	UNKNOWN	UNKNOWN	UNKNOWN	UNKNOWN	UNKNOWN	UNKNOWN	NOT_APPLICABLE	AQ-001|AQ-003|AQ-004|AQ-005|AQ-006|AQ-007|AQ-008|AQ-012	65	ALG=40;MECH=25;ROLE=0;AGE=0;FALS=0	METADATA_ONLY	D_THEORETICAL_OR_INCOMPLETE	UNKNOWN	NOT_ACQUIRED	NOT_ACQUIRED	ALIASES=S2:5c3f57e3a01a107996ebdb35bc7a05658125a18b;ANCESTRY_DIRECTIONS=FORWARD;ANCESTRY_RESOLUTION=RESOLVED;ANCESTRY_SEEDS=PAPER-1810.08473;BIBLIOGRAPHIC_VARIANTS=NONE;CITATION_DEPTH=1;G03_AQ_LINKS=AQ-001|AQ-003|AQ-004|AQ-005|AQ-006|AQ-007|AQ-008|AQ-012;G03_SCREEN=DERIVED_INFERENCE_METADATA_ONLY;IDENTITY_STATE=CANONICAL;OPENALEX_ID=UNKNOWN;SEMANTIC_SCHOLAR_ID=5c3f57e3a01a107996ebdb35bc7a05658125a18b;SOURCE_URLS=S2:5c3f57e3a01a107996ebdb35bc7a05658125a18b|https://www.semanticscholar.org/paper/5c3f57e3a01a107996ebdb35bc7a05658125a18b?utm_source=api;VERSIONS=UNKNOWN
PAPER-HASH-b510c5bdce003e21	UNKNOWN	10.1145/3711708.3723449	Optimized Parallel Breadth-First Search with Adaptive Strategies	Chaoqun Li|Runbang Hu|Xiaojiang Du|Yuede Ji	2025-03-01	UNKNOWN	UNKNOWN	UNKNOWN	UNKNOWN	UNKNOWN	UNKNOWN	NOT_APPLICABLE	AQ-001|AQ-003|AQ-005|AQ-007|AQ-010|AQ-011	65	ALG=40;MECH=25;ROLE=0;AGE=0;FALS=0	METADATA_ONLY	D_THEORETICAL_OR_INCOMPLETE	UNKNOWN	NOT_ACQUIRED	NOT_ACQUIRED	ALIASES=S2:25ee319e88a7d7883e6a450c65baa04129619207;ANCESTRY_DIRECTIONS=FORWARD;ANCESTRY_RESOLUTION=RESOLVED;ANCESTRY_SEEDS=PAPER-2012.10026;BIBLIOGRAPHIC_VARIANTS=NONE;CITATION_DEPTH=1;G03_AQ_LINKS=AQ-001|AQ-003|AQ-005|AQ-007|AQ-010|AQ-011;G03_SCREEN=DERIVED_INFERENCE_METADATA_ONLY;IDENTITY_STATE=CANONICAL;OPENALEX_ID=UNKNOWN;SEMANTIC_SCHOLAR_ID=25ee319e88a7d7883e6a450c65baa04129619207;SOURCE_URLS=S2:25ee319e88a7d7883e6a450c65baa04129619207|https://www.semanticscholar.org/paper/25ee319e88a7d7883e6a450c65baa04129619207?utm_source=api;VERSIONS=UNKNOWN
PAPER-HASH-b7f233f20fba0d28	UNKNOWN	10.1145/359138.359141	Computing connected components on parallel computers	D. Hirschberg|A. K. Chandra|D. Sarwate	1979-08-01	UNKNOWN	UNKNOWN	UNKNOWN	UNKNOWN	UNKNOWN	UNKNOWN	NOT_APPLICABLE	AQ-004|AQ-006|AQ-009|AQ-012	75	ALG=40;MECH=25;ROLE=0;AGE=10;FALS=0	METADATA_ONLY	D_THEORETICAL_OR_INCOMPLETE	UNKNOWN	NOT_ACQUIRED	NOT_ACQUIRED	ALIASES=S2:535d6114109bb103cc65d188b0c3237fc43b444a;ANCESTRY_DIRECTIONS=BACKWARD;ANCESTRY_RESOLUTION=RESOLVED;ANCESTRY_SEEDS=PAPER-2012.10026;BIBLIOGRAPHIC_VARIANTS=NONE;CITATION_DEPTH=1;G03_AQ_LINKS=AQ-004|AQ-006|AQ-009|AQ-012;G03_SCREEN=DERIVED_INFERENCE_METADATA_ONLY;IDENTITY_STATE=CANONICAL;OPENALEX_ID=UNKNOWN;SEMANTIC_SCHOLAR_ID=535d6114109bb103cc65d188b0c3237fc43b444a;SOURCE_URLS=S2:535d6114109bb103cc65d188b0c3237fc43b444a|https://www.semanticscholar.org/paper/535d6114109bb103cc65d188b0c3237fc43b444a?utm_source=api;VERSIONS=UNKNOWN
PAPER-HASH-c28ed8251b2f1d11	UNKNOWN	10.52783/pmj.v34.i4.2022	Performance Analysis of Multi-Core Systems in Multistage Interconnection Networks: Investigating Challenges in Inter-Processor Communication	Abhay B. Rathod|Dr. Sanjay M. Gulhane	2024-10-19	UNKNOWN	UNKNOWN	UNKNOWN	UNKNOWN	UNKNOWN	UNKNOWN	NOT_APPLICABLE	AQ-002|AQ-003|AQ-005|AQ-006|AQ-007|AQ-008|AQ-009|AQ-010|AQ-011|AQ-012	25	ALG=0;MECH=25;ROLE=0;AGE=0;FALS=0	METADATA_ONLY	D_THEORETICAL_OR_INCOMPLETE	UNKNOWN	NOT_ACQUIRED	NOT_ACQUIRED	ALIASES=S2:609c4c08007b4463fa71c06d7104113d5db9e495;ANCESTRY_DIRECTIONS=FORWARD;ANCESTRY_RESOLUTION=RESOLVED;ANCESTRY_SEEDS=PAPER-2012.10026;BIBLIOGRAPHIC_VARIANTS=NONE;CITATION_DEPTH=1;G03_AQ_LINKS=AQ-002|AQ-003|AQ-005|AQ-006|AQ-007|AQ-008|AQ-009|AQ-010|AQ-011|AQ-012;G03_SCREEN=DERIVED_INFERENCE_METADATA_ONLY;IDENTITY_STATE=CANONICAL;OPENALEX_ID=UNKNOWN;SEMANTIC_SCHOLAR_ID=609c4c08007b4463fa71c06d7104113d5db9e495;SOURCE_URLS=S2:609c4c08007b4463fa71c06d7104113d5db9e495|https://www.semanticscholar.org/paper/609c4c08007b4463fa71c06d7104113d5db9e495?utm_source=api;VERSIONS=UNKNOWN
PAPER-HASH-c2a6a5317d82ac28	UNKNOWN	10.1080/15427951.2008.10129302	Local Computation of PageRank Contributions	Reid Andersen|C. Borgs|J. Chayes|J. Hopcroft|V. Mirrokni|S. Teng	2007-12-11	UNKNOWN	UNKNOWN	UNKNOWN	https://www.internetmathematicsjournal.com/article/1456.pdf	UNKNOWN	UNKNOWN	NOT_APPLICABLE	AQ-002|AQ-004|AQ-005|AQ-007|AQ-008|AQ-009|AQ-010|AQ-012	75	ALG=40;MECH=25;ROLE=0;AGE=10;FALS=0	READ_COMPLETE	D_THEORETICAL_OR_INCOMPLETE	UNKNOWN	sources/papers/PAPER-HASH-c2a6a5317d82ac28.pdf	BAA22C36BF3BEA07A296D156BA4096445BF6F618B1BE87D29111313833310350	ALIASES=S2:aac5d6ccc663432d101039de25f0af57d8c4a625;ANCESTRY_DIRECTIONS=BACKWARD;ANCESTRY_RESOLUTION=RESOLVED;ANCESTRY_SEEDS=PAPER-2404.16267|PAPER-2511.07886;BIBLIOGRAPHIC_VARIANTS=NONE;CITATION_DEPTH=1;G03_AQ_LINKS=AQ-002|AQ-004|AQ-005|AQ-007|AQ-008|AQ-009|AQ-010|AQ-012;G03_SCREEN=DERIVED_INFERENCE_METADATA_ONLY;IDENTITY_STATE=CANONICAL;OPENALEX_ID=UNKNOWN;SEMANTIC_SCHOLAR_ID=aac5d6ccc663432d101039de25f0af57d8c4a625;SOURCE_URLS=S2:aac5d6ccc663432d101039de25f0af57d8c4a625|https://www.semanticscholar.org/paper/aac5d6ccc663432d101039de25f0af57d8c4a625?utm_source=api;VERSIONS=UNKNOWN;G04_ORIGINAL_PDF_URL=UNKNOWN;G04_ORIGINAL_LICENSE_URI=UNKNOWN;LICENSE_UNKNOWN;G04_ACQUISITION_STATUS=ACQUIRED;G04_PARSE_STATUS=PARSED
PAPER-HASH-c5ac9d53375f623d	UNKNOWN	10.1049/el:19740097	New fast method for generating discrete random numbers with arbitrary frequency distributions	A. J. Walker	1974-04-18	UNKNOWN	UNKNOWN	UNKNOWN	UNKNOWN	UNKNOWN	UNKNOWN	NOT_APPLICABLE	AQ-002|AQ-006|AQ-009|AQ-010|AQ-012	75	ALG=40;MECH=25;ROLE=0;AGE=10;FALS=0	METADATA_ONLY	D_THEORETICAL_OR_INCOMPLETE	UNKNOWN	NOT_ACQUIRED	NOT_ACQUIRED	ALIASES=S2:ed4145544c6eae2ab6577ac741f9d35d3a748ca8;ANCESTRY_DIRECTIONS=BACKWARD;ANCESTRY_RESOLUTION=RESOLVED;ANCESTRY_SEEDS=PAPER-2401.01019;BIBLIOGRAPHIC_VARIANTS=NONE;CITATION_DEPTH=1;G03_AQ_LINKS=AQ-002|AQ-006|AQ-009|AQ-010|AQ-012;G03_SCREEN=DERIVED_INFERENCE_METADATA_ONLY;IDENTITY_STATE=CANONICAL;OPENALEX_ID=UNKNOWN;SEMANTIC_SCHOLAR_ID=ed4145544c6eae2ab6577ac741f9d35d3a748ca8;SOURCE_URLS=S2:ed4145544c6eae2ab6577ac741f9d35d3a748ca8|https://www.semanticscholar.org/paper/ed4145544c6eae2ab6577ac741f9d35d3a748ca8?utm_source=api;VERSIONS=UNKNOWN
PAPER-HASH-cc7ec0e13d566d08	UNKNOWN	UNKNOWN	On a modification of Chebyshev’s inequality and of the error formula of Laplace	UNKNOWN	1924-01-01	UNKNOWN	UNKNOWN	UNKNOWN	UNKNOWN	UNKNOWN	UNKNOWN	NOT_APPLICABLE	AQ-002|AQ-004|AQ-006|AQ-008|AQ-010|AQ-011|AQ-012	75	ALG=40;MECH=25;ROLE=0;AGE=10;FALS=0	METADATA_ONLY	D_THEORETICAL_OR_INCOMPLETE	UNKNOWN	NOT_ACQUIRED	NOT_ACQUIRED	ALIASES=S2:UNAVAILABLE:cc7ec0e13d566d08;ANCESTRY_DIRECTIONS=BACKWARD;ANCESTRY_RESOLUTION=RESOLVED;ANCESTRY_SEEDS=PAPER-2605.02171;BIBLIOGRAPHIC_VARIANTS=NONE;CITATION_DEPTH=1;G03_AQ_LINKS=AQ-002|AQ-004|AQ-006|AQ-008|AQ-010|AQ-011|AQ-012;G03_SCREEN=DERIVED_INFERENCE_METADATA_ONLY;IDENTITY_STATE=UNAVAILABLE_PROVIDER_ID;OPENALEX_ID=UNKNOWN;SEMANTIC_SCHOLAR_ID=UNAVAILABLE:cc7ec0e13d566d08;SOURCE_URLS=S2:UNAVAILABLE:cc7ec0e13d566d08|https://www.semanticscholar.org/?utm_source=api;VERSIONS=UNKNOWN
PAPER-HASH-cd1d7cedd720a87c	UNKNOWN	UNKNOWN	GPOP: A scalable cache- and memory-efficient framework for Graph Processing Over Partitions-2mm	Kartik Lakhotia|Sourav Pati|Rajgopal Kannan|Viktor K. Prasanna|Ming Hsieh	2019-01-01	UNKNOWN	UNKNOWN	UNKNOWN	UNKNOWN	UNKNOWN	UNKNOWN	NOT_APPLICABLE	AQ-001|AQ-002|AQ-003|AQ-004|AQ-005|AQ-006|AQ-007|AQ-008|AQ-009|AQ-010|AQ-011|AQ-012	65	ALG=40;MECH=25;ROLE=0;AGE=0;FALS=0	METADATA_ONLY	D_THEORETICAL_OR_INCOMPLETE	UNKNOWN	NOT_ACQUIRED	NOT_ACQUIRED	ALIASES=S2:11fe64c39d5d029034ca5cddab030a8c2088157f;ANCESTRY_DIRECTIONS=FORWARD;ANCESTRY_RESOLUTION=RESOLVED;ANCESTRY_SEEDS=PAPER-1905.04264;BIBLIOGRAPHIC_VARIANTS=NONE;CITATION_DEPTH=1;G03_AQ_LINKS=AQ-001|AQ-002|AQ-003|AQ-004|AQ-005|AQ-006|AQ-007|AQ-008|AQ-009|AQ-010|AQ-011|AQ-012;G03_SCREEN=DERIVED_INFERENCE_METADATA_ONLY;IDENTITY_STATE=CANONICAL;OPENALEX_ID=UNKNOWN;SEMANTIC_SCHOLAR_ID=11fe64c39d5d029034ca5cddab030a8c2088157f;SOURCE_URLS=S2:11fe64c39d5d029034ca5cddab030a8c2088157f|https://www.semanticscholar.org/paper/11fe64c39d5d029034ca5cddab030a8c2088157f?utm_source=api;VERSIONS=UNKNOWN
PAPER-HASH-d0ecbb809bcec30a	UNKNOWN	10.1007/s10619-019-07276-9	A survey of current challenges in partitioning and processing of graph-structured data in parallel and distributed systems	H. Adoni|Tarik Nahhal|M. Krichen|B. Aghezzaf|A. Elbyed	2019-11-12	UNKNOWN	UNKNOWN	UNKNOWN	UNKNOWN	UNKNOWN	UNKNOWN	NOT_APPLICABLE	AQ-001|AQ-002|AQ-004|AQ-006|AQ-008|AQ-009|AQ-010|AQ-011|AQ-012	80	ALG=40;MECH=25;ROLE=15;AGE=0;FALS=0	METADATA_ONLY	D_THEORETICAL_OR_INCOMPLETE	UNKNOWN	NOT_ACQUIRED	NOT_ACQUIRED	ALIASES=S2:554e5212d2f3aea82b3834301cd1a8caa21e13d5;ANCESTRY_DIRECTIONS=FORWARD;ANCESTRY_RESOLUTION=RESOLVED;ANCESTRY_SEEDS=PAPER-1709.07122;BIBLIOGRAPHIC_VARIANTS=NONE;CITATION_DEPTH=1;G03_AQ_LINKS=AQ-001|AQ-002|AQ-004|AQ-006|AQ-008|AQ-009|AQ-010|AQ-011|AQ-012;G03_SCREEN=DERIVED_INFERENCE_METADATA_ONLY;IDENTITY_STATE=CANONICAL;OPENALEX_ID=UNKNOWN;SEMANTIC_SCHOLAR_ID=554e5212d2f3aea82b3834301cd1a8caa21e13d5;SOURCE_URLS=S2:554e5212d2f3aea82b3834301cd1a8caa21e13d5|https://www.semanticscholar.org/paper/554e5212d2f3aea82b3834301cd1a8caa21e13d5?utm_source=api;VERSIONS=UNKNOWN
PAPER-HASH-d213ecfc1c303858	UNKNOWN	10.1007/978-3-030-55326-5_10	Developing an Efficient Vector-Friendly Implementation of the Breadth-First Search Algorithm for NEC SX-Aurora TSUBASA	I. Afanasyev|V. Voevodin|Kazuhiko Komatsu|Hiroaki Kobayashi	2020-05-27	UNKNOWN	UNKNOWN	UNKNOWN	UNKNOWN	UNKNOWN	UNKNOWN	NOT_APPLICABLE	AQ-001|AQ-002|AQ-003|AQ-004|AQ-005|AQ-007|AQ-008|AQ-009|AQ-010|AQ-011|AQ-012	80	ALG=40;MECH=25;ROLE=15;AGE=0;FALS=0	UNAVAILABLE	D_THEORETICAL_OR_INCOMPLETE	UNKNOWN	NOT_ACQUIRED	NOT_ACQUIRED	ALIASES=S2:fd2d9aa3c5d8e1592ee36c38a37b069d878d4a84;ANCESTRY_DIRECTIONS=FORWARD;ANCESTRY_RESOLUTION=RESOLVED;ANCESTRY_SEEDS=PAPER-2010.09913;BIBLIOGRAPHIC_VARIANTS=NONE;CITATION_DEPTH=1;G03_AQ_LINKS=AQ-001|AQ-002|AQ-003|AQ-004|AQ-005|AQ-007|AQ-008|AQ-009|AQ-010|AQ-011|AQ-012;G03_SCREEN=DERIVED_INFERENCE_METADATA_ONLY;IDENTITY_STATE=CANONICAL;OPENALEX_ID=UNKNOWN;SEMANTIC_SCHOLAR_ID=fd2d9aa3c5d8e1592ee36c38a37b069d878d4a84;SOURCE_URLS=S2:fd2d9aa3c5d8e1592ee36c38a37b069d878d4a84|https://www.semanticscholar.org/paper/fd2d9aa3c5d8e1592ee36c38a37b069d878d4a84?utm_source=api;VERSIONS=UNKNOWN;G04_ORIGINAL_PDF_URL=UNKNOWN;G04_ORIGINAL_LICENSE_URI=UNKNOWN;LICENSE_UNAVAILABLE;G04_ACQUISITION_STATUS=UNAVAILABLE;G04_PARSE_STATUS=NOT_APPLICABLE
PAPER-HASH-d84dd734ef8e9856	UNKNOWN	UNKNOWN	The PageRank Citation Ranking : Bringing Order to the Web	Lawrence Page|Sergey Brin|R. Motwani|T. Winograd	1999-11-11	UNKNOWN	UNKNOWN	UNKNOWN	UNKNOWN	UNKNOWN	UNKNOWN	NOT_APPLICABLE	AQ-002|AQ-007|AQ-008|AQ-009|AQ-010|AQ-012	75	ALG=40;MECH=25;ROLE=0;AGE=10;FALS=0	METADATA_ONLY	D_THEORETICAL_OR_INCOMPLETE	UNKNOWN	NOT_ACQUIRED	NOT_ACQUIRED	ALIASES=S2:eb82d3035849cd23578096462ba419b53198a556;ANCESTRY_DIRECTIONS=BACKWARD;ANCESTRY_RESOLUTION=RESOLVED;ANCESTRY_SEEDS=PAPER-1603.01876|PAPER-1708.07271|PAPER-1709.07122|PAPER-2104.09616|PAPER-2511.07886;BIBLIOGRAPHIC_VARIANTS=NONE;CITATION_DEPTH=1;G03_AQ_LINKS=AQ-002|AQ-007|AQ-008|AQ-009|AQ-010|AQ-012;G03_SCREEN=DERIVED_INFERENCE_METADATA_ONLY;IDENTITY_STATE=CANONICAL;OPENALEX_ID=UNKNOWN;SEMANTIC_SCHOLAR_ID=eb82d3035849cd23578096462ba419b53198a556;SOURCE_URLS=S2:eb82d3035849cd23578096462ba419b53198a556|https://www.semanticscholar.org/paper/eb82d3035849cd23578096462ba419b53198a556?utm_source=api;VERSIONS=UNKNOWN
PAPER-HASH-d9d30266bb7ae798	UNKNOWN	10.1137/0214017	Arboricity and Subgraph Listing Algorithms	Norishige Chiba|Takao Nishizeki	1985-02-01	UNKNOWN	UNKNOWN	UNKNOWN	UNKNOWN	UNKNOWN	UNKNOWN	NOT_APPLICABLE	AQ-004|AQ-005|AQ-007	75	ALG=40;MECH=25;ROLE=0;AGE=10;FALS=0	METADATA_ONLY	D_THEORETICAL_OR_INCOMPLETE	UNKNOWN	NOT_ACQUIRED	NOT_ACQUIRED	ALIASES=S2:0d19245a27bc65a87a8014d5b8a66fb514c8ff0b;ANCESTRY_DIRECTIONS=BACKWARD;ANCESTRY_RESOLUTION=RESOLVED;ANCESTRY_SEEDS=PAPER-1407.6755;BIBLIOGRAPHIC_VARIANTS=NONE;CITATION_DEPTH=1;G03_AQ_LINKS=AQ-004|AQ-005|AQ-007;G03_SCREEN=DERIVED_INFERENCE_METADATA_ONLY;IDENTITY_STATE=CANONICAL;OPENALEX_ID=UNKNOWN;SEMANTIC_SCHOLAR_ID=0d19245a27bc65a87a8014d5b8a66fb514c8ff0b;SOURCE_URLS=S2:0d19245a27bc65a87a8014d5b8a66fb514c8ff0b|https://www.semanticscholar.org/paper/0d19245a27bc65a87a8014d5b8a66fb514c8ff0b?utm_source=api;VERSIONS=UNKNOWN
PAPER-HASH-e1d33f3b1ccee67e	UNKNOWN	10.1109/ccoms.2019.8821730	Graph Compression by Tree Grammars and Direct Evaluation of Regular Path Query	Takeshi Takeda|Kenji Hashimoto|H. Seki	2019-02-01	UNKNOWN	UNKNOWN	UNKNOWN	UNKNOWN	UNKNOWN	UNKNOWN	NOT_APPLICABLE	AQ-001|AQ-003|AQ-008|AQ-009|AQ-010|AQ-011	80	ALG=40;MECH=25;ROLE=15;AGE=0;FALS=0	UNAVAILABLE	D_THEORETICAL_OR_INCOMPLETE	UNKNOWN	NOT_ACQUIRED	NOT_ACQUIRED	ALIASES=S2:50ebb9bc412b0b15b51420bd23e5cf25aa6d7c1a;ANCESTRY_DIRECTIONS=FORWARD;ANCESTRY_RESOLUTION=RESOLVED;ANCESTRY_SEEDS=PAPER-1708.07271;BIBLIOGRAPHIC_VARIANTS=NONE;CITATION_DEPTH=1;G03_AQ_LINKS=AQ-001|AQ-003|AQ-008|AQ-009|AQ-010|AQ-011;G03_SCREEN=DERIVED_INFERENCE_METADATA_ONLY;IDENTITY_STATE=CANONICAL;OPENALEX_ID=UNKNOWN;SEMANTIC_SCHOLAR_ID=50ebb9bc412b0b15b51420bd23e5cf25aa6d7c1a;SOURCE_URLS=S2:50ebb9bc412b0b15b51420bd23e5cf25aa6d7c1a|https://www.semanticscholar.org/paper/50ebb9bc412b0b15b51420bd23e5cf25aa6d7c1a?utm_source=api;VERSIONS=UNKNOWN;G04_ORIGINAL_PDF_URL=UNKNOWN;G04_ORIGINAL_LICENSE_URI=UNKNOWN;LICENSE_UNAVAILABLE;G04_ACQUISITION_STATUS=UNAVAILABLE;G04_PARSE_STATUS=NOT_APPLICABLE
PAPER-HASH-e2675abd59cec742	UNKNOWN	10.3390/info13050209	Evaluating Methods for Efficient Community Detection in Social Networks	Andreas Kanavos|Yorghos Voutos|F. Grivokostopoulou|Phivos Mylonas	2022-04-19	UNKNOWN	UNKNOWN	UNKNOWN	UNKNOWN	UNKNOWN	UNKNOWN	NOT_APPLICABLE	AQ-001|AQ-003|AQ-006|AQ-008|AQ-009|AQ-010	80	ALG=40;MECH=25;ROLE=15;AGE=0;FALS=0	METADATA_ONLY	D_THEORETICAL_OR_INCOMPLETE	UNKNOWN	NOT_ACQUIRED	NOT_ACQUIRED	ALIASES=S2:8c219cea2baf654145b9038371a442696892581b;ANCESTRY_DIRECTIONS=FORWARD;ANCESTRY_RESOLUTION=RESOLVED;ANCESTRY_SEEDS=PAPER-1304.4453;BIBLIOGRAPHIC_VARIANTS=NONE;CITATION_DEPTH=1;G03_AQ_LINKS=AQ-001|AQ-003|AQ-006|AQ-008|AQ-009|AQ-010;G03_SCREEN=DERIVED_INFERENCE_METADATA_ONLY;IDENTITY_STATE=CANONICAL;OPENALEX_ID=UNKNOWN;SEMANTIC_SCHOLAR_ID=8c219cea2baf654145b9038371a442696892581b;SOURCE_URLS=S2:8c219cea2baf654145b9038371a442696892581b|https://www.semanticscholar.org/paper/8c219cea2baf654145b9038371a442696892581b?utm_source=api;VERSIONS=UNKNOWN
PAPER-HASH-e2d101f2539c7f68	UNKNOWN	10.1145/3711708.3723451	Parallel Breadth-First Search Optimization Strategies	Marati Bhaskar|Raghavendra Kanakagiri	2025-03-01	UNKNOWN	UNKNOWN	UNKNOWN	UNKNOWN	UNKNOWN	UNKNOWN	NOT_APPLICABLE	AQ-001|AQ-003|AQ-006|AQ-007|AQ-009|AQ-010|AQ-011	65	ALG=40;MECH=25;ROLE=0;AGE=0;FALS=0	METADATA_ONLY	D_THEORETICAL_OR_INCOMPLETE	UNKNOWN	NOT_ACQUIRED	NOT_ACQUIRED	ALIASES=S2:707ad9d6216bef2447fbccd43290456928bf03bc;ANCESTRY_DIRECTIONS=FORWARD;ANCESTRY_RESOLUTION=RESOLVED;ANCESTRY_SEEDS=PAPER-2503.00430;BIBLIOGRAPHIC_VARIANTS=NONE;CITATION_DEPTH=1;G03_AQ_LINKS=AQ-001|AQ-003|AQ-006|AQ-007|AQ-009|AQ-010|AQ-011;G03_SCREEN=DERIVED_INFERENCE_METADATA_ONLY;IDENTITY_STATE=CANONICAL;OPENALEX_ID=UNKNOWN;SEMANTIC_SCHOLAR_ID=707ad9d6216bef2447fbccd43290456928bf03bc;SOURCE_URLS=S2:707ad9d6216bef2447fbccd43290456928bf03bc|https://www.semanticscholar.org/paper/707ad9d6216bef2447fbccd43290456928bf03bc?utm_source=api;VERSIONS=UNKNOWN
PAPER-HASH-e32d79121d4e2311	UNKNOWN	10.1145/775152.775191	Scaling personalized web search	Glen Jeh|J. Widom	2003-05-20	UNKNOWN	UNKNOWN	UNKNOWN	UNKNOWN	UNKNOWN	UNKNOWN	NOT_APPLICABLE	AQ-003|AQ-007	75	ALG=40;MECH=25;ROLE=0;AGE=10;FALS=0	METADATA_ONLY	D_THEORETICAL_OR_INCOMPLETE	UNKNOWN	NOT_ACQUIRED	NOT_ACQUIRED	ALIASES=S2:4d1ebc191df29fa577b8c8bc2f85c15202e9df20;ANCESTRY_DIRECTIONS=BACKWARD;ANCESTRY_RESOLUTION=RESOLVED;ANCESTRY_SEEDS=PAPER-2104.09616;BIBLIOGRAPHIC_VARIANTS=NONE;CITATION_DEPTH=1;G03_AQ_LINKS=AQ-003|AQ-007;G03_SCREEN=DERIVED_INFERENCE_METADATA_ONLY;IDENTITY_STATE=CANONICAL;OPENALEX_ID=UNKNOWN;SEMANTIC_SCHOLAR_ID=4d1ebc191df29fa577b8c8bc2f85c15202e9df20;SOURCE_URLS=S2:4d1ebc191df29fa577b8c8bc2f85c15202e9df20|https://www.semanticscholar.org/paper/4d1ebc191df29fa577b8c8bc2f85c15202e9df20?utm_source=api;VERSIONS=UNKNOWN
PAPER-HASH-e699ebd01c15d6a4	UNKNOWN	10.1016/j.ipl.2010.10.017	Intractability of min- and max-cut in streaming graphs	Mariano Zelke	2011-01-01	UNKNOWN	UNKNOWN	UNKNOWN	UNKNOWN	UNKNOWN	UNKNOWN	NOT_APPLICABLE	AQ-003|AQ-004|AQ-005|AQ-006|AQ-007|AQ-008|AQ-011	65	ALG=40;MECH=25;ROLE=0;AGE=0;FALS=0	METADATA_ONLY	D_THEORETICAL_OR_INCOMPLETE	UNKNOWN	NOT_ACQUIRED	NOT_ACQUIRED	ALIASES=S2:c64561c91da11e95135f7a5908bbcef183a1143e;ANCESTRY_DIRECTIONS=FORWARD;ANCESTRY_RESOLUTION=RESOLVED;ANCESTRY_SEEDS=PAPER-0708.4284;BIBLIOGRAPHIC_VARIANTS=NONE;CITATION_DEPTH=1;G03_AQ_LINKS=AQ-003|AQ-004|AQ-005|AQ-006|AQ-007|AQ-008|AQ-011;G03_SCREEN=DERIVED_INFERENCE_METADATA_ONLY;IDENTITY_STATE=CANONICAL;OPENALEX_ID=UNKNOWN;SEMANTIC_SCHOLAR_ID=c64561c91da11e95135f7a5908bbcef183a1143e;SOURCE_URLS=S2:c64561c91da11e95135f7a5908bbcef183a1143e|https://www.semanticscholar.org/paper/c64561c91da11e95135f7a5908bbcef183a1143e?utm_source=api;VERSIONS=UNKNOWN
PAPER-HASH-e879119d248307ac	UNKNOWN	UNKNOWN	A Researcher’s Digest of GQL	A. Rogova|D. Vrgoč|Nadime Francis|A. Gheerbrant|P. Guagliardo|L. Libkin|Victor Marsault|W. Martens|Filip Murlak|Liat Peterfreund|F. Geerts|Brecht Vandevoort	2023-01-01	UNKNOWN	UNKNOWN	UNKNOWN	UNKNOWN	UNKNOWN	UNKNOWN	NOT_APPLICABLE	AQ-003|AQ-007|AQ-011|AQ-012	65	ALG=40;MECH=25;ROLE=0;AGE=0;FALS=0	METADATA_ONLY	D_THEORETICAL_OR_INCOMPLETE	UNKNOWN	NOT_ACQUIRED	NOT_ACQUIRED	ALIASES=S2:e386c6427a45db4ff3e568c4ab2927a6222946c4;ANCESTRY_DIRECTIONS=FORWARD;ANCESTRY_RESOLUTION=RESOLVED;ANCESTRY_SEEDS=PAPER-2204.11137;BIBLIOGRAPHIC_VARIANTS=NONE;CITATION_DEPTH=1;G03_AQ_LINKS=AQ-003|AQ-007|AQ-011|AQ-012;G03_SCREEN=DERIVED_INFERENCE_METADATA_ONLY;IDENTITY_STATE=CANONICAL;OPENALEX_ID=UNKNOWN;SEMANTIC_SCHOLAR_ID=e386c6427a45db4ff3e568c4ab2927a6222946c4;SOURCE_URLS=S2:e386c6427a45db4ff3e568c4ab2927a6222946c4|https://www.semanticscholar.org/paper/e386c6427a45db4ff3e568c4ab2927a6222946c4?utm_source=api;VERSIONS=UNKNOWN
PAPER-HASH-ea7c06fc2ff131a9	UNKNOWN	10.1137/s009753979122370x	Finding Regular Simple Paths in Graph Databases	A. Mendelzon|P. Wood	1989-07-01	UNKNOWN	UNKNOWN	UNKNOWN	UNKNOWN	UNKNOWN	UNKNOWN	NOT_APPLICABLE	AQ-001|AQ-003|AQ-004|AQ-008|AQ-009|AQ-011	75	ALG=40;MECH=25;ROLE=0;AGE=10;FALS=0	UNAVAILABLE	D_THEORETICAL_OR_INCOMPLETE	UNKNOWN	NOT_ACQUIRED	NOT_ACQUIRED	ALIASES=S2:10287acfb08806de28881919978a3da673584b69;ANCESTRY_DIRECTIONS=BACKWARD;ANCESTRY_RESOLUTION=RESOLVED;ANCESTRY_SEEDS=PAPER-2204.11137;BIBLIOGRAPHIC_VARIANTS=NONE;CITATION_DEPTH=1;G03_AQ_LINKS=AQ-001|AQ-003|AQ-004|AQ-008|AQ-009|AQ-011;G03_SCREEN=DERIVED_INFERENCE_METADATA_ONLY;IDENTITY_STATE=CANONICAL;OPENALEX_ID=UNKNOWN;SEMANTIC_SCHOLAR_ID=10287acfb08806de28881919978a3da673584b69;SOURCE_URLS=S2:10287acfb08806de28881919978a3da673584b69|https://www.semanticscholar.org/paper/10287acfb08806de28881919978a3da673584b69?utm_source=api;VERSIONS=UNKNOWN;G04_ORIGINAL_PDF_URL=UNKNOWN;G04_ORIGINAL_LICENSE_URI=UNKNOWN;LICENSE_UNAVAILABLE;G04_ACQUISITION_STATUS=UNAVAILABLE;G04_PARSE_STATUS=NOT_APPLICABLE
PAPER-HASH-ec47d3fed28cc4f4	UNKNOWN	10.1145/103418.103436	A matroid approach to finding edge connectivity and packing arborescences	H. Gabow	1991-01-03	UNKNOWN	UNKNOWN	UNKNOWN	UNKNOWN	UNKNOWN	UNKNOWN	NOT_APPLICABLE	AQ-002|AQ-003|AQ-004|AQ-006|AQ-008|AQ-011|AQ-012	75	ALG=40;MECH=25;ROLE=0;AGE=10;FALS=0	METADATA_ONLY	D_THEORETICAL_OR_INCOMPLETE	UNKNOWN	NOT_ACQUIRED	NOT_ACQUIRED	ALIASES=S2:2faa34cebd5b93601b85cd1f33010ea289660ab2;ANCESTRY_DIRECTIONS=BACKWARD;ANCESTRY_RESOLUTION=RESOLVED;ANCESTRY_SEEDS=PAPER-0708.4284;BIBLIOGRAPHIC_VARIANTS=NONE;CITATION_DEPTH=1;G03_AQ_LINKS=AQ-002|AQ-003|AQ-004|AQ-006|AQ-008|AQ-011|AQ-012;G03_SCREEN=DERIVED_INFERENCE_METADATA_ONLY;IDENTITY_STATE=CANONICAL;OPENALEX_ID=UNKNOWN;SEMANTIC_SCHOLAR_ID=2faa34cebd5b93601b85cd1f33010ea289660ab2;SOURCE_URLS=S2:2faa34cebd5b93601b85cd1f33010ea289660ab2|https://www.semanticscholar.org/paper/2faa34cebd5b93601b85cd1f33010ea289660ab2?utm_source=api;VERSIONS=UNKNOWN
PAPER-HASH-ecaa8a2220cf17a9	UNKNOWN	10.1145/564870.564917	Heuristics for semi-external depth first search on directed graphs	J. F. Sibeyn|J. Abello|U. Meyer	2002-08-10	UNKNOWN	UNKNOWN	UNKNOWN	UNKNOWN	UNKNOWN	UNKNOWN	NOT_APPLICABLE	AQ-003|AQ-004|AQ-005|AQ-006|AQ-007|AQ-008|AQ-010	75	ALG=40;MECH=25;ROLE=0;AGE=10;FALS=0	UNAVAILABLE	D_THEORETICAL_OR_INCOMPLETE	UNKNOWN	NOT_ACQUIRED	NOT_ACQUIRED	ALIASES=S2:84578016e88dcfa4d311e4177e7da1594769576f;ANCESTRY_DIRECTIONS=BACKWARD;ANCESTRY_RESOLUTION=RESOLVED;ANCESTRY_SEEDS=PAPER-2507.12925;BIBLIOGRAPHIC_VARIANTS=NONE;CITATION_DEPTH=1;G03_AQ_LINKS=AQ-003|AQ-004|AQ-005|AQ-006|AQ-007|AQ-008|AQ-010;G03_SCREEN=DERIVED_INFERENCE_METADATA_ONLY;IDENTITY_STATE=CANONICAL;OPENALEX_ID=UNKNOWN;SEMANTIC_SCHOLAR_ID=84578016e88dcfa4d311e4177e7da1594769576f;SOURCE_URLS=S2:84578016e88dcfa4d311e4177e7da1594769576f|https://www.semanticscholar.org/paper/84578016e88dcfa4d311e4177e7da1594769576f?utm_source=api;VERSIONS=UNKNOWN;G04_ORIGINAL_PDF_URL=UNKNOWN;G04_ORIGINAL_LICENSE_URI=UNKNOWN;LICENSE_UNAVAILABLE;G04_ACQUISITION_STATUS=UNAVAILABLE;G04_PARSE_STATUS=NOT_APPLICABLE
PAPER-HASH-f40139af4fe0210a	UNKNOWN	UNKNOWN	the MS degree from the Department of Applied Mathematics and Statistics at Johns Hopkins University (JHU),	UNKNOWN	2002-01-01	UNKNOWN	UNKNOWN	UNKNOWN	UNKNOWN	UNKNOWN	UNKNOWN	NOT_APPLICABLE	AQ-005|AQ-007	75	ALG=40;MECH=25;ROLE=0;AGE=10;FALS=0	METADATA_ONLY	D_THEORETICAL_OR_INCOMPLETE	UNKNOWN	NOT_ACQUIRED	NOT_ACQUIRED	ALIASES=S2:UNAVAILABLE:f40139af4fe0210a;ANCESTRY_DIRECTIONS=BACKWARD;ANCESTRY_RESOLUTION=RESOLVED;ANCESTRY_SEEDS=PAPER-1602.02864;BIBLIOGRAPHIC_VARIANTS=NONE;CITATION_DEPTH=1;G03_AQ_LINKS=AQ-005|AQ-007;G03_SCREEN=DERIVED_INFERENCE_METADATA_ONLY;IDENTITY_STATE=UNAVAILABLE_PROVIDER_ID;OPENALEX_ID=UNKNOWN;SEMANTIC_SCHOLAR_ID=UNAVAILABLE:f40139af4fe0210a;SOURCE_URLS=S2:UNAVAILABLE:f40139af4fe0210a|https://www.semanticscholar.org/?utm_source=api;VERSIONS=UNKNOWN
PAPER-HASH-f65e6ece51ae879a	UNKNOWN	10.1109/saner48275.2020.9054827	Ultra-Large-Scale Repository Analysis via Graph Compression	P. Boldi|Antoine Pietri|S. Vigna|Stefano Zacchiroli	2020-02-01	UNKNOWN	UNKNOWN	UNKNOWN	UNKNOWN	UNKNOWN	UNKNOWN	NOT_APPLICABLE	AQ-001|AQ-002|AQ-006|AQ-008|AQ-009|AQ-010|AQ-012	25	ALG=0;MECH=25;ROLE=0;AGE=0;FALS=0	METADATA_ONLY	D_THEORETICAL_OR_INCOMPLETE	UNKNOWN	NOT_ACQUIRED	NOT_ACQUIRED	ALIASES=S2:dc58afb0f08fafca65033146fb35eef9a445ba4c;ANCESTRY_DIRECTIONS=FORWARD;ANCESTRY_RESOLUTION=RESOLVED;ANCESTRY_SEEDS=PAPER-1812.10950;BIBLIOGRAPHIC_VARIANTS=NONE;CITATION_DEPTH=1;G03_AQ_LINKS=AQ-001|AQ-002|AQ-006|AQ-008|AQ-009|AQ-010|AQ-012;G03_SCREEN=DERIVED_INFERENCE_METADATA_ONLY;IDENTITY_STATE=CANONICAL;OPENALEX_ID=UNKNOWN;SEMANTIC_SCHOLAR_ID=dc58afb0f08fafca65033146fb35eef9a445ba4c;SOURCE_URLS=S2:dc58afb0f08fafca65033146fb35eef9a445ba4c|https://www.semanticscholar.org/paper/dc58afb0f08fafca65033146fb35eef9a445ba4c?utm_source=api;VERSIONS=UNKNOWN
PAPER-HASH-f8599e4dc4eee483	UNKNOWN	10.1007/bfb0028575	Sorting and Searching on the Word RAM	T. Hagerup	1998-02-25	UNKNOWN	UNKNOWN	UNKNOWN	UNKNOWN	UNKNOWN	UNKNOWN	NOT_APPLICABLE	AQ-003|AQ-004|AQ-005|AQ-006|AQ-007|AQ-008	75	ALG=40;MECH=25;ROLE=0;AGE=10;FALS=0	METADATA_ONLY	D_THEORETICAL_OR_INCOMPLETE	UNKNOWN	NOT_ACQUIRED	NOT_ACQUIRED	ALIASES=S2:fd536ddb7629c36e9da8f0ac18c61baaa3e37920;ANCESTRY_DIRECTIONS=BACKWARD;ANCESTRY_RESOLUTION=RESOLVED;ANCESTRY_SEEDS=PAPER-1812.10950;BIBLIOGRAPHIC_VARIANTS=NONE;CITATION_DEPTH=1;G03_AQ_LINKS=AQ-003|AQ-004|AQ-005|AQ-006|AQ-007|AQ-008;G03_SCREEN=DERIVED_INFERENCE_METADATA_ONLY;IDENTITY_STATE=CANONICAL;OPENALEX_ID=UNKNOWN;SEMANTIC_SCHOLAR_ID=fd536ddb7629c36e9da8f0ac18c61baaa3e37920;SOURCE_URLS=S2:fd536ddb7629c36e9da8f0ac18c61baaa3e37920|https://www.semanticscholar.org/paper/fd536ddb7629c36e9da8f0ac18c61baaa3e37920?utm_source=api;VERSIONS=UNKNOWN
PAPER-HASH-f89c8e85109a308a	UNKNOWN	10.1080/15427951.2004.10129091	Deeper Inside PageRank	A. Langville|C. D. Meyer	2004-01-01	UNKNOWN	UNKNOWN	UNKNOWN	UNKNOWN	UNKNOWN	UNKNOWN	NOT_APPLICABLE	AQ-002|AQ-007|AQ-008|AQ-009|AQ-010|AQ-012	75	ALG=40;MECH=25;ROLE=0;AGE=10;FALS=0	METADATA_ONLY	D_THEORETICAL_OR_INCOMPLETE	UNKNOWN	NOT_ACQUIRED	NOT_ACQUIRED	ALIASES=S2:2d5a8edc8f90ed4f05d38c61b4f1e3c66c8dc517;ANCESTRY_DIRECTIONS=BACKWARD;ANCESTRY_RESOLUTION=RESOLVED;ANCESTRY_SEEDS=PAPER-1603.01876;BIBLIOGRAPHIC_VARIANTS=NONE;CITATION_DEPTH=1;G03_AQ_LINKS=AQ-002|AQ-007|AQ-008|AQ-009|AQ-010|AQ-012;G03_SCREEN=DERIVED_INFERENCE_METADATA_ONLY;IDENTITY_STATE=CANONICAL;OPENALEX_ID=UNKNOWN;SEMANTIC_SCHOLAR_ID=2d5a8edc8f90ed4f05d38c61b4f1e3c66c8dc517;SOURCE_URLS=S2:2d5a8edc8f90ed4f05d38c61b4f1e3c66c8dc517|https://www.semanticscholar.org/paper/2d5a8edc8f90ed4f05d38c61b4f1e3c66c8dc517?utm_source=api;VERSIONS=UNKNOWN
PAPER-HASH-fac1e04b53cbfc58	UNKNOWN	UNKNOWN	Findingnearestneighborsingrowth-restrictedmetrics	UNKNOWN	2002-01-01	UNKNOWN	UNKNOWN	UNKNOWN	UNKNOWN	UNKNOWN	UNKNOWN	NOT_APPLICABLE	AQ-004|AQ-005|AQ-006|AQ-007|AQ-008|AQ-012	75	ALG=40;MECH=25;ROLE=0;AGE=10;FALS=0	METADATA_ONLY	D_THEORETICAL_OR_INCOMPLETE	UNKNOWN	NOT_ACQUIRED	NOT_ACQUIRED	ALIASES=S2:UNAVAILABLE:fac1e04b53cbfc58;ANCESTRY_DIRECTIONS=BACKWARD;ANCESTRY_RESOLUTION=RESOLVED;ANCESTRY_SEEDS=PAPER-2605.02171;BIBLIOGRAPHIC_VARIANTS=NONE;CITATION_DEPTH=1;G03_AQ_LINKS=AQ-004|AQ-005|AQ-006|AQ-007|AQ-008|AQ-012;G03_SCREEN=DERIVED_INFERENCE_METADATA_ONLY;IDENTITY_STATE=UNAVAILABLE_PROVIDER_ID;OPENALEX_ID=UNKNOWN;SEMANTIC_SCHOLAR_ID=UNAVAILABLE:fac1e04b53cbfc58;SOURCE_URLS=S2:UNAVAILABLE:fac1e04b53cbfc58|https://www.semanticscholar.org/?utm_source=api;VERSIONS=UNKNOWN
PAPER-HASH-fb31f720c2b9f950	UNKNOWN	UNKNOWN	Yahoo! altavista web page hyperlink connectivity graph	UNKNOWN	2002-01-01	UNKNOWN	UNKNOWN	UNKNOWN	UNKNOWN	UNKNOWN	UNKNOWN	NOT_APPLICABLE	AQ-004|AQ-007|AQ-008|AQ-009|AQ-010|AQ-012	75	ALG=40;MECH=25;ROLE=0;AGE=10;FALS=0	METADATA_ONLY	D_THEORETICAL_OR_INCOMPLETE	UNKNOWN	NOT_ACQUIRED	NOT_ACQUIRED	ALIASES=S2:UNAVAILABLE:fb31f720c2b9f950;ANCESTRY_DIRECTIONS=BACKWARD;ANCESTRY_RESOLUTION=RESOLVED;ANCESTRY_SEEDS=PAPER-1905.04264;BIBLIOGRAPHIC_VARIANTS=NONE;CITATION_DEPTH=1;G03_AQ_LINKS=AQ-004|AQ-007|AQ-008|AQ-009|AQ-010|AQ-012;G03_SCREEN=DERIVED_INFERENCE_METADATA_ONLY;IDENTITY_STATE=UNAVAILABLE_PROVIDER_ID;OPENALEX_ID=UNKNOWN;SEMANTIC_SCHOLAR_ID=UNAVAILABLE:fb31f720c2b9f950;SOURCE_URLS=S2:UNAVAILABLE:fb31f720c2b9f950|https://www.semanticscholar.org/?utm_source=api;VERSIONS=UNKNOWN
PAPER-HASH-fff33372291725bd	UNKNOWN	10.1145/3307650.3322275	GraphSSD: Graph Semantics Aware SSD	Kiran Kumar Matam|Gunjae Koo|Haipeng Zha|Hung-Wei Tseng|M. Annavaram	2019-06-01	UNKNOWN	UNKNOWN	UNKNOWN	UNKNOWN	UNKNOWN	UNKNOWN	NOT_APPLICABLE	AQ-001|AQ-009|AQ-010|AQ-011|AQ-012	35	ALG=0;MECH=25;ROLE=0;AGE=0;FALS=10	METADATA_ONLY	D_THEORETICAL_OR_INCOMPLETE	UNKNOWN	NOT_ACQUIRED	NOT_ACQUIRED	ALIASES=S2:bb985409a4b9aa688eaf949156a98cfe39b5bc87;ANCESTRY_DIRECTIONS=FORWARD;ANCESTRY_RESOLUTION=RESOLVED;ANCESTRY_SEEDS=PAPER-1905.04264;BIBLIOGRAPHIC_VARIANTS=NONE;CITATION_DEPTH=1;G03_AQ_LINKS=AQ-001|AQ-009|AQ-010|AQ-011|AQ-012;G03_SCREEN=DERIVED_INFERENCE_METADATA_ONLY;IDENTITY_STATE=CANONICAL;OPENALEX_ID=UNKNOWN;SEMANTIC_SCHOLAR_ID=bb985409a4b9aa688eaf949156a98cfe39b5bc87;SOURCE_URLS=S2:bb985409a4b9aa688eaf949156a98cfe39b5bc87|https://www.semanticscholar.org/paper/bb985409a4b9aa688eaf949156a98cfe39b5bc87?utm_source=api;VERSIONS=UNKNOWN
PAPER-LEGACY-3c0de0428906d02c	cond-mat/0308217	10.1103/physreve.69.026113	Finding and evaluating community structure in networks.	Mark Newman|Mark Newman|Michelle Girvan|Michelle Girvan	2003-08-11	UNKNOWN	UNKNOWN	UNKNOWN	UNKNOWN	UNKNOWN	UNKNOWN	NOT_APPLICABLE	AQ-001|AQ-003|AQ-004|AQ-006|AQ-008|AQ-009|AQ-010	90	ALG=40;MECH=25;ROLE=15;AGE=10;FALS=0	METADATA_ONLY	D_THEORETICAL_OR_INCOMPLETE	UNKNOWN	NOT_ACQUIRED	NOT_ACQUIRED	ALIASES=S2:08b39cbabc2c5b764a85a0193296f83e23a62934;ANCESTRY_DIRECTIONS=BACKWARD;ANCESTRY_RESOLUTION=RESOLVED;ANCESTRY_SEEDS=PAPER-1810.08473;BIBLIOGRAPHIC_VARIANTS=NONE;CITATION_DEPTH=1;G03_AQ_LINKS=AQ-001|AQ-003|AQ-004|AQ-006|AQ-008|AQ-009|AQ-010;G03_SCREEN=DERIVED_INFERENCE_METADATA_ONLY;IDENTITY_STATE=CANONICAL;OPENALEX_ID=UNKNOWN;SEMANTIC_SCHOLAR_ID=08b39cbabc2c5b764a85a0193296f83e23a62934;SOURCE_URLS=S2:08b39cbabc2c5b764a85a0193296f83e23a62934|https://www.semanticscholar.org/paper/08b39cbabc2c5b764a85a0193296f83e23a62934?utm_source=api;VERSIONS=UNKNOWN
PAPER-LEGACY-76c9bc3e76b6c29c	cond-mat/0408187	10.1103/physreve.70.066111	Finding community structure in very large networks.	A. Clauset|M. Newman|Cristopher Moore	2004-08-09	UNKNOWN	UNKNOWN	UNKNOWN	UNKNOWN	UNKNOWN	UNKNOWN	NOT_APPLICABLE	AQ-001|AQ-003|AQ-004|AQ-006|AQ-008|AQ-009|AQ-010	75	ALG=40;MECH=25;ROLE=0;AGE=10;FALS=0	METADATA_ONLY	D_THEORETICAL_OR_INCOMPLETE	UNKNOWN	NOT_ACQUIRED	NOT_ACQUIRED	ALIASES=S2:d4d88b070a222286952e4aef0a31afbed35b46d7;ANCESTRY_DIRECTIONS=BACKWARD;ANCESTRY_RESOLUTION=RESOLVED;ANCESTRY_SEEDS=PAPER-1304.4453|PAPER-1810.08473;BIBLIOGRAPHIC_VARIANTS=NONE;CITATION_DEPTH=1;G03_AQ_LINKS=AQ-001|AQ-003|AQ-004|AQ-006|AQ-008|AQ-009|AQ-010;G03_SCREEN=DERIVED_INFERENCE_METADATA_ONLY;IDENTITY_STATE=CANONICAL;OPENALEX_ID=UNKNOWN;SEMANTIC_SCHOLAR_ID=d4d88b070a222286952e4aef0a31afbed35b46d7;SOURCE_URLS=S2:d4d88b070a222286952e4aef0a31afbed35b46d7|https://www.semanticscholar.org/paper/d4d88b070a222286952e4aef0a31afbed35b46d7?utm_source=api;VERSIONS=UNKNOWN
PAPER-LEGACY-8e42775586c27133	cond-mat/0112110	10.1073/pnas.122653799	Community structure in social and biological networks	M. Girvan|M. Newman	2001-12-07	UNKNOWN	UNKNOWN	UNKNOWN	UNKNOWN	UNKNOWN	UNKNOWN	NOT_APPLICABLE	AQ-001|AQ-003|AQ-006|AQ-008|AQ-009|AQ-010|AQ-011|AQ-012	75	ALG=40;MECH=25;ROLE=0;AGE=10;FALS=0	METADATA_ONLY	D_THEORETICAL_OR_INCOMPLETE	UNKNOWN	NOT_ACQUIRED	NOT_ACQUIRED	ALIASES=S2:2a005868b79511cf8c924cd5990e2497527a0527;ANCESTRY_DIRECTIONS=BACKWARD;ANCESTRY_RESOLUTION=RESOLVED;ANCESTRY_SEEDS=PAPER-1304.4453;BIBLIOGRAPHIC_VARIANTS=NONE;CITATION_DEPTH=1;G03_AQ_LINKS=AQ-001|AQ-003|AQ-006|AQ-008|AQ-009|AQ-010|AQ-011|AQ-012;G03_SCREEN=DERIVED_INFERENCE_METADATA_ONLY;IDENTITY_STATE=CANONICAL;OPENALEX_ID=UNKNOWN;SEMANTIC_SCHOLAR_ID=2a005868b79511cf8c924cd5990e2497527a0527;SOURCE_URLS=S2:2a005868b79511cf8c924cd5990e2497527a0527|https://www.semanticscholar.org/paper/2a005868b79511cf8c924cd5990e2497527a0527?utm_source=api;VERSIONS=UNKNOWN
PAPER-LEGACY-f185bfda84d1f4c4	cond-mat/0501368	10.1103/physreve.72.027104	Community detection in complex networks using extremal optimization.	Jordi Duch|A. Arenas	2005-01-16	UNKNOWN	UNKNOWN	UNKNOWN	UNKNOWN	UNKNOWN	UNKNOWN	NOT_APPLICABLE	AQ-001|AQ-003|AQ-006|AQ-008|AQ-009|AQ-010	75	ALG=40;MECH=25;ROLE=0;AGE=10;FALS=0	METADATA_ONLY	D_THEORETICAL_OR_INCOMPLETE	UNKNOWN	NOT_ACQUIRED	NOT_ACQUIRED	ALIASES=S2:f7b7e9e7f9b5dacc744e8d08c2c32b810533f588;ANCESTRY_DIRECTIONS=BACKWARD;ANCESTRY_RESOLUTION=RESOLVED;ANCESTRY_SEEDS=PAPER-1810.08473;BIBLIOGRAPHIC_VARIANTS=NONE;CITATION_DEPTH=1;G03_AQ_LINKS=AQ-001|AQ-003|AQ-006|AQ-008|AQ-009|AQ-010;G03_SCREEN=DERIVED_INFERENCE_METADATA_ONLY;IDENTITY_STATE=CANONICAL;OPENALEX_ID=UNKNOWN;SEMANTIC_SCHOLAR_ID=f7b7e9e7f9b5dacc744e8d08c2c32b810533f588;SOURCE_URLS=S2:f7b7e9e7f9b5dacc744e8d08c2c32b810533f588|https://www.semanticscholar.org/paper/f7b7e9e7f9b5dacc744e8d08c2c32b810533f588?utm_source=api;VERSIONS=UNKNOWN
