inventory_row_id	procedure_name	surface_kind	family	mode	is_estimate	source_file	source_line	config_type	result_type	estimate_path	support_status	unsupported_error_code	unsupported_message_shape	result_schema_behavior	first_canary_or_test	evidence_confidence	notes
1	gds.alpha.graph.graphProperty.drop	procedure	catalog	READ	no	gitrefrepo/neo4j-gds-src/proc/catalog/src/main/java/org/neo4j/gds/catalog/GraphDropGraphPropertiesProc.java	42	NeedsSource	NeedsSource	NotApplicable	P0-RegisteredCompatible	NotApplicable	NotApplicable	Preserve Neo4j GDS result schema when implemented; see source row for procedure entrypoint.	TEST-GDS-001	DirectSource	Metadata or catalog-facing surface; implement registry behavior before algorithm kernels.
2	gds.alpha.graph.nodeLabel.mutate	procedure	catalog	READ	no	gitrefrepo/neo4j-gds-src/proc/catalog/src/main/java/org/neo4j/gds/catalog/GraphMutateNodeLabelProc.java	50	NeedsSource	NeedsSource	NotApplicable	P0-RegisteredCompatible	NotApplicable	NotApplicable	Preserve Neo4j GDS result schema when implemented; see source row for procedure entrypoint.	TEST-GDS-002	DirectSource	Metadata or catalog-facing surface; implement registry behavior before algorithm kernels.
3	gds.alpha.graph.nodeLabel.write	procedure	catalog	WRITE	no	gitrefrepo/neo4j-gds-src/proc/catalog/src/main/java/org/neo4j/gds/catalog/GraphWriteNodeLabelProc.java	50	NeedsSource	NeedsSource	NotApplicable	P0-RegisteredCompatible	NotApplicable	NotApplicable	Preserve Neo4j GDS result schema when implemented; see source row for procedure entrypoint.	TEST-GDS-003	DirectSource	Metadata or catalog-facing surface; implement registry behavior before algorithm kernels.
4	gds.alpha.graph.sample.rwr	procedure	catalog	READ	no	gitrefrepo/neo4j-gds-src/proc/catalog/src/main/java/org/neo4j/gds/catalog/GraphSampleProc.java	56	NeedsSource	NeedsSource	NotApplicable	P0-RegisteredCompatible	NotApplicable	NotApplicable	Preserve Neo4j GDS result schema when implemented; see source row for procedure entrypoint.	TEST-GDS-004	DirectSource	Metadata or catalog-facing surface; implement registry behavior before algorithm kernels.
5	gds.beta.graph.export.csv	procedure	catalog	READ	no	gitrefrepo/neo4j-gds-src/proc/catalog/src/main/java/org/neo4j/gds/catalog/GraphStoreExportProc.java	54	NeedsSource	NeedsSource	NotApplicable	P0-RegisteredCompatible	NotApplicable	NotApplicable	Preserve Neo4j GDS result schema when implemented; see source row for procedure entrypoint.	TEST-GDS-005	DirectSource	Metadata or catalog-facing surface; implement registry behavior before algorithm kernels.
6	gds.beta.graph.export.csv.estimate	procedure	catalog	READ	yes	gitrefrepo/neo4j-gds-src/proc/catalog/src/main/java/org/neo4j/gds/catalog/GraphStoreExportProc.java	77	NeedsSource	NeedsSource	gitrefrepo/neo4j-gds-src/proc/catalog/src/main/java/org/neo4j/gds/catalog/GraphStoreExportProc.java:77	P0-RegisteredCompatible	NotApplicable	NotApplicable	Preserve Neo4j GDS result schema when implemented; see source row for procedure entrypoint.	TEST-GDS-006	DirectSource	Metadata or catalog-facing surface; implement registry behavior before algorithm kernels.
7	gds.beta.graph.generate	procedure	catalog	READ	no	gitrefrepo/neo4j-gds-src/proc/catalog/src/main/java/org/neo4j/gds/beta/generator/GraphGenerateProc.java	43	NeedsSource	NeedsSource	NotApplicable	P0-RegisteredCompatible	NotApplicable	NotApplicable	Preserve Neo4j GDS result schema when implemented; see source row for procedure entrypoint.	TEST-GDS-007	DirectSource	Metadata or catalog-facing surface; implement registry behavior before algorithm kernels.
8	gds.beta.graph.project.subgraph	procedure	catalog	READ	no	gitrefrepo/neo4j-gds-src/proc/catalog/src/main/java/org/neo4j/gds/catalog/GraphProjectProc.java	111	NeedsSource	NeedsSource	NotApplicable	P0-RegisteredCompatible	NotApplicable	NotApplicable	Preserve Neo4j GDS result schema when implemented; see source row for procedure entrypoint.	TEST-GDS-008	DirectSource	Metadata or catalog-facing surface; implement registry behavior before algorithm kernels.
9	gds.beta.graph.relationships.stream	procedure	catalog	READ	no	gitrefrepo/neo4j-gds-src/proc/catalog/src/main/java/org/neo4j/gds/catalog/GraphStreamRelationshipsProc.java	51	NeedsSource	NeedsSource	NotApplicable	P0-RegisteredCompatible	NotApplicable	NotApplicable	Preserve Neo4j GDS result schema when implemented; see source row for procedure entrypoint.	TEST-GDS-009	DirectSource	Metadata or catalog-facing surface; implement registry behavior before algorithm kernels.
10	gds.beta.model.drop	procedure	catalog	READ	no	gitrefrepo/neo4j-gds-src/proc/catalog/src/main/java/org/neo4j/gds/model/catalog/ModelDropProc.java	49	NeedsSource	NeedsSource	NotApplicable	P0-RegisteredCompatible	NotApplicable	NotApplicable	Preserve Neo4j GDS result schema when implemented; see source row for procedure entrypoint.	TEST-GDS-010	DirectSource	Metadata or catalog-facing surface; implement registry behavior before algorithm kernels.
11	gds.beta.model.exists	procedure	catalog	READ	no	gitrefrepo/neo4j-gds-src/proc/catalog/src/main/java/org/neo4j/gds/model/catalog/ModelExistsProc.java	46	NeedsSource	NeedsSource	NotApplicable	P0-RegisteredCompatible	NotApplicable	NotApplicable	Preserve Neo4j GDS result schema when implemented; see source row for procedure entrypoint.	TEST-GDS-011	DirectSource	Metadata or catalog-facing surface; implement registry behavior before algorithm kernels.
12	gds.beta.model.list	procedure	catalog	READ	no	gitrefrepo/neo4j-gds-src/proc/catalog/src/main/java/org/neo4j/gds/model/catalog/ModelListProc.java	47	NeedsSource	NeedsSource	NotApplicable	P0-RegisteredCompatible	NotApplicable	NotApplicable	Preserve Neo4j GDS result schema when implemented; see source row for procedure entrypoint.	TEST-GDS-012	DirectSource	Metadata or catalog-facing surface; implement registry behavior before algorithm kernels.
13	gds.graph.deleteRelationships	procedure	catalog	READ	no	gitrefrepo/neo4j-gds-src/proc/catalog/src/main/java/org/neo4j/gds/catalog/GraphDropRelationshipProc.java	50	NeedsSource	NeedsSource	NotApplicable	P0-RegisteredCompatible	NotApplicable	NotApplicable	Preserve Neo4j GDS result schema when implemented; see source row for procedure entrypoint.	TEST-GDS-013	DirectSource	Metadata or catalog-facing surface; implement registry behavior before algorithm kernels.
14	gds.graph.drop	procedure	catalog	READ	no	gitrefrepo/neo4j-gds-src/proc/catalog/src/main/java/org/neo4j/gds/catalog/GraphDropProc.java	45	NeedsSource	NeedsSource	NotApplicable	P0-RegisteredCompatible	NotApplicable	NotApplicable	Preserve Neo4j GDS result schema when implemented; see source row for procedure entrypoint.	TEST-GDS-014	DirectSource	Metadata or catalog-facing surface; implement registry behavior before algorithm kernels.
15	gds.graph.exists	user_function	catalog	NeedsSource	no	gitrefrepo/neo4j-gds-src/proc/catalog/src/main/java/org/neo4j/gds/catalog/GraphExistsFunc.java	38	NeedsSource	NeedsSource	NotApplicable	P0-RegisteredCompatible	NotApplicable	NotApplicable	Preserve Neo4j GDS result schema when implemented; see source row for procedure entrypoint.	TEST-GDS-015	DirectSource	Metadata or catalog-facing surface; implement registry behavior before algorithm kernels.
16	gds.graph.exists	procedure	catalog	READ	no	gitrefrepo/neo4j-gds-src/proc/catalog/src/main/java/org/neo4j/gds/catalog/GraphExistsProc.java	42	NeedsSource	NeedsSource	NotApplicable	P0-RegisteredCompatible	NotApplicable	NotApplicable	Preserve Neo4j GDS result schema when implemented; see source row for procedure entrypoint.	TEST-GDS-016	DirectSource	Metadata or catalog-facing surface; implement registry behavior before algorithm kernels.
17	gds.graph.export	procedure	catalog	READ	no	gitrefrepo/neo4j-gds-src/proc/catalog/src/main/java/org/neo4j/gds/catalog/GraphStoreExportProc.java	44	NeedsSource	NeedsSource	NotApplicable	P0-RegisteredCompatible	NotApplicable	NotApplicable	Preserve Neo4j GDS result schema when implemented; see source row for procedure entrypoint.	TEST-GDS-017	DirectSource	Metadata or catalog-facing surface; implement registry behavior before algorithm kernels.
18	gds.graph.export.csv	procedure	catalog	READ	no	gitrefrepo/neo4j-gds-src/proc/catalog/src/main/java/org/neo4j/gds/catalog/GraphStoreExportProc.java	67	NeedsSource	NeedsSource	NotApplicable	P0-RegisteredCompatible	NotApplicable	NotApplicable	Preserve Neo4j GDS result schema when implemented; see source row for procedure entrypoint.	TEST-GDS-018	DirectSource	Metadata or catalog-facing surface; implement registry behavior before algorithm kernels.
19	gds.graph.export.csv.estimate	procedure	catalog	READ	yes	gitrefrepo/neo4j-gds-src/proc/catalog/src/main/java/org/neo4j/gds/catalog/GraphStoreExportProc.java	90	NeedsSource	NeedsSource	gitrefrepo/neo4j-gds-src/proc/catalog/src/main/java/org/neo4j/gds/catalog/GraphStoreExportProc.java:90	P0-RegisteredCompatible	NotApplicable	NotApplicable	Preserve Neo4j GDS result schema when implemented; see source row for procedure entrypoint.	TEST-GDS-019	DirectSource	Metadata or catalog-facing surface; implement registry behavior before algorithm kernels.
20	gds.graph.filter	procedure	catalog	READ	no	gitrefrepo/neo4j-gds-src/proc/catalog/src/main/java/org/neo4j/gds/catalog/GraphFilterProc.java	41	NeedsSource	NeedsSource	NotApplicable	P0-RegisteredCompatible	NotApplicable	NotApplicable	Preserve Neo4j GDS result schema when implemented; see source row for procedure entrypoint.	TEST-GDS-020	DirectSource	Metadata or catalog-facing surface; implement registry behavior before algorithm kernels.
21	gds.graph.generate	procedure	catalog	READ	no	gitrefrepo/neo4j-gds-src/proc/catalog/src/main/java/org/neo4j/gds/beta/generator/GraphGenerateProc.java	59	NeedsSource	NeedsSource	NotApplicable	P0-RegisteredCompatible	NotApplicable	NotApplicable	Preserve Neo4j GDS result schema when implemented; see source row for procedure entrypoint.	TEST-GDS-021	DirectSource	Metadata or catalog-facing surface; implement registry behavior before algorithm kernels.
22	gds.graph.graphProperty.drop	procedure	catalog	READ	no	gitrefrepo/neo4j-gds-src/proc/catalog/src/main/java/org/neo4j/gds/catalog/GraphDropGraphPropertiesProc.java	56	NeedsSource	NeedsSource	NotApplicable	P0-RegisteredCompatible	NotApplicable	NotApplicable	Preserve Neo4j GDS result schema when implemented; see source row for procedure entrypoint.	TEST-GDS-022	DirectSource	Metadata or catalog-facing surface; implement registry behavior before algorithm kernels.
23	gds.graph.graphProperty.stream	procedure	catalog	READ	no	gitrefrepo/neo4j-gds-src/proc/catalog/src/main/java/org/neo4j/gds/catalog/GraphStreamGraphPropertiesProc.java	61	NeedsSource	NeedsSource	NotApplicable	P0-RegisteredCompatible	NotApplicable	NotApplicable	Preserve Neo4j GDS result schema when implemented; see source row for procedure entrypoint.	TEST-GDS-023	DirectSource	Metadata or catalog-facing surface; implement registry behavior before algorithm kernels.
24	gds.graph.list	procedure	catalog	READ	no	gitrefrepo/neo4j-gds-src/proc/catalog/src/main/java/org/neo4j/gds/catalog/GraphListProc.java	47	NeedsSource	NeedsSource	NotApplicable	P0-RegisteredCompatible	NotApplicable	NotApplicable	Preserve Neo4j GDS result schema when implemented; see source row for procedure entrypoint.	TEST-GDS-024	DirectSource	Metadata or catalog-facing surface; implement registry behavior before algorithm kernels.
25	gds.graph.nodeLabel.mutate	procedure	catalog	READ	no	gitrefrepo/neo4j-gds-src/proc/catalog/src/main/java/org/neo4j/gds/catalog/GraphMutateNodeLabelProc.java	39	NeedsSource	NeedsSource	NotApplicable	P0-RegisteredCompatible	NotApplicable	NotApplicable	Preserve Neo4j GDS result schema when implemented; see source row for procedure entrypoint.	TEST-GDS-025	DirectSource	Metadata or catalog-facing surface; implement registry behavior before algorithm kernels.
26	gds.graph.nodeLabel.write	procedure	catalog	WRITE	no	gitrefrepo/neo4j-gds-src/proc/catalog/src/main/java/org/neo4j/gds/catalog/GraphWriteNodeLabelProc.java	40	NeedsSource	NeedsSource	NotApplicable	P0-RegisteredCompatible	NotApplicable	NotApplicable	Preserve Neo4j GDS result schema when implemented; see source row for procedure entrypoint.	TEST-GDS-026	DirectSource	Metadata or catalog-facing surface; implement registry behavior before algorithm kernels.
27	gds.graph.nodeProperties.drop	procedure	catalog	READ	no	gitrefrepo/neo4j-gds-src/proc/catalog/src/main/java/org/neo4j/gds/catalog/GraphDropNodePropertiesProc.java	42	NeedsSource	NeedsSource	NotApplicable	P0-RegisteredCompatible	NotApplicable	NotApplicable	Preserve Neo4j GDS result schema when implemented; see source row for procedure entrypoint.	TEST-GDS-027	DirectSource	Metadata or catalog-facing surface; implement registry behavior before algorithm kernels.
28	gds.graph.nodeProperties.stream	procedure	catalog	READ	no	gitrefrepo/neo4j-gds-src/proc/catalog/src/main/java/org/neo4j/gds/catalog/GraphStreamNodePropertiesProc.java	43	NeedsSource	NeedsSource	NotApplicable	P0-RegisteredCompatible	NotApplicable	NotApplicable	Preserve Neo4j GDS result schema when implemented; see source row for procedure entrypoint.	TEST-GDS-028	DirectSource	Metadata or catalog-facing surface; implement registry behavior before algorithm kernels.
29	gds.graph.nodeProperties.write	procedure	catalog	WRITE	no	gitrefrepo/neo4j-gds-src/proc/catalog/src/main/java/org/neo4j/gds/catalog/GraphWriteNodePropertiesProc.java	41	NeedsSource	NeedsSource	NotApplicable	P0-RegisteredCompatible	NotApplicable	NotApplicable	Preserve Neo4j GDS result schema when implemented; see source row for procedure entrypoint.	TEST-GDS-029	DirectSource	Metadata or catalog-facing surface; implement registry behavior before algorithm kernels.
30	gds.graph.nodeProperty.stream	procedure	catalog	READ	no	gitrefrepo/neo4j-gds-src/proc/catalog/src/main/java/org/neo4j/gds/catalog/GraphStreamNodePropertiesProc.java	86	NeedsSource	NeedsSource	NotApplicable	P0-RegisteredCompatible	NotApplicable	NotApplicable	Preserve Neo4j GDS result schema when implemented; see source row for procedure entrypoint.	TEST-GDS-030	DirectSource	Metadata or catalog-facing surface; implement registry behavior before algorithm kernels.
31	gds.graph.project	procedure	catalog	READ	no	gitrefrepo/neo4j-gds-src/proc/catalog/src/main/java/org/neo4j/gds/catalog/GraphProjectProc.java	52	NeedsSource	NeedsSource	NotApplicable	P0-RegisteredCompatible	NotApplicable	NotApplicable	Preserve Neo4j GDS result schema when implemented; see source row for procedure entrypoint.	TEST-GDS-031	DirectSource	Metadata or catalog-facing surface; implement registry behavior before algorithm kernels.
32	gds.graph.project.cypher	procedure	catalog	READ	no	gitrefrepo/neo4j-gds-src/proc/catalog/src/main/java/org/neo4j/gds/catalog/GraphProjectProc.java	78	NeedsSource	NeedsSource	NotApplicable	P0-RegisteredCompatible	NotApplicable	NotApplicable	Preserve Neo4j GDS result schema when implemented; see source row for procedure entrypoint.	TEST-GDS-032	DirectSource	Metadata or catalog-facing surface; implement registry behavior before algorithm kernels.
33	gds.graph.project.cypher.estimate	procedure	catalog	READ	yes	gitrefrepo/neo4j-gds-src/proc/catalog/src/main/java/org/neo4j/gds/catalog/GraphProjectProc.java	94	NeedsSource	NeedsSource	gitrefrepo/neo4j-gds-src/proc/catalog/src/main/java/org/neo4j/gds/catalog/GraphProjectProc.java:94	P0-RegisteredCompatible	NotApplicable	NotApplicable	Preserve Neo4j GDS result schema when implemented; see source row for procedure entrypoint.	TEST-GDS-033	DirectSource	Metadata or catalog-facing surface; implement registry behavior before algorithm kernels.
34	gds.graph.project.estimate	procedure	catalog	READ	yes	gitrefrepo/neo4j-gds-src/proc/catalog/src/main/java/org/neo4j/gds/catalog/GraphProjectProc.java	68	NeedsSource	NeedsSource	gitrefrepo/neo4j-gds-src/proc/catalog/src/main/java/org/neo4j/gds/catalog/GraphProjectProc.java:68	P0-RegisteredCompatible	NotApplicable	NotApplicable	Preserve Neo4j GDS result schema when implemented; see source row for procedure entrypoint.	TEST-GDS-034	DirectSource	Metadata or catalog-facing surface; implement registry behavior before algorithm kernels.
35	gds.graph.relationship.write	procedure	catalog	WRITE	no	gitrefrepo/neo4j-gds-src/proc/catalog/src/main/java/org/neo4j/gds/catalog/GraphWriteRelationshipProc.java	42	NeedsSource	NeedsSource	NotApplicable	P0-RegisteredCompatible	NotApplicable	NotApplicable	Preserve Neo4j GDS result schema when implemented; see source row for procedure entrypoint.	TEST-GDS-035	DirectSource	Metadata or catalog-facing surface; implement registry behavior before algorithm kernels.
36	gds.graph.relationshipProperties.stream	procedure	catalog	READ	no	gitrefrepo/neo4j-gds-src/proc/catalog/src/main/java/org/neo4j/gds/catalog/GraphStreamRelationshipPropertiesProc.java	44	NeedsSource	NeedsSource	NotApplicable	P0-RegisteredCompatible	NotApplicable	NotApplicable	Preserve Neo4j GDS result schema when implemented; see source row for procedure entrypoint.	TEST-GDS-036	DirectSource	Metadata or catalog-facing surface; implement registry behavior before algorithm kernels.
37	gds.graph.relationshipProperties.write	procedure	catalog	WRITE	no	gitrefrepo/neo4j-gds-src/proc/catalog/src/main/java/org/neo4j/gds/catalog/GraphWriteRelationshipPropertiesProc.java	41	NeedsSource	NeedsSource	NotApplicable	P0-RegisteredCompatible	NotApplicable	NotApplicable	Preserve Neo4j GDS result schema when implemented; see source row for procedure entrypoint.	TEST-GDS-037	DirectSource	Metadata or catalog-facing surface; implement registry behavior before algorithm kernels.
38	gds.graph.relationshipProperty.stream	procedure	catalog	READ	no	gitrefrepo/neo4j-gds-src/proc/catalog/src/main/java/org/neo4j/gds/catalog/GraphStreamRelationshipPropertiesProc.java	83	NeedsSource	NeedsSource	NotApplicable	P0-RegisteredCompatible	NotApplicable	NotApplicable	Preserve Neo4j GDS result schema when implemented; see source row for procedure entrypoint.	TEST-GDS-038	DirectSource	Metadata or catalog-facing surface; implement registry behavior before algorithm kernels.
39	gds.graph.relationships.drop	procedure	catalog	READ	no	gitrefrepo/neo4j-gds-src/proc/catalog/src/main/java/org/neo4j/gds/catalog/GraphDropRelationshipProc.java	40	NeedsSource	NeedsSource	NotApplicable	P0-RegisteredCompatible	NotApplicable	NotApplicable	Preserve Neo4j GDS result schema when implemented; see source row for procedure entrypoint.	TEST-GDS-039	DirectSource	Metadata or catalog-facing surface; implement registry behavior before algorithm kernels.
40	gds.graph.relationships.stream	procedure	catalog	READ	no	gitrefrepo/neo4j-gds-src/proc/catalog/src/main/java/org/neo4j/gds/catalog/GraphStreamRelationshipsProc.java	41	NeedsSource	NeedsSource	NotApplicable	P0-RegisteredCompatible	NotApplicable	NotApplicable	Preserve Neo4j GDS result schema when implemented; see source row for procedure entrypoint.	TEST-GDS-040	DirectSource	Metadata or catalog-facing surface; implement registry behavior before algorithm kernels.
41	gds.graph.removeNodeProperties	procedure	catalog	READ	no	gitrefrepo/neo4j-gds-src/proc/catalog/src/main/java/org/neo4j/gds/catalog/GraphDropNodePropertiesProc.java	53	NeedsSource	NeedsSource	NotApplicable	P0-RegisteredCompatible	NotApplicable	NotApplicable	Preserve Neo4j GDS result schema when implemented; see source row for procedure entrypoint.	TEST-GDS-041	DirectSource	Metadata or catalog-facing surface; implement registry behavior before algorithm kernels.
42	gds.graph.sample.cnarw	procedure	catalog	READ	no	gitrefrepo/neo4j-gds-src/proc/catalog/src/main/java/org/neo4j/gds/catalog/GraphSampleProc.java	71	NeedsSource	NeedsSource	NotApplicable	P0-RegisteredCompatible	NotApplicable	NotApplicable	Preserve Neo4j GDS result schema when implemented; see source row for procedure entrypoint.	TEST-GDS-042	DirectSource	Metadata or catalog-facing surface; implement registry behavior before algorithm kernels.
43	gds.graph.sample.cnarw.estimate	procedure	catalog	READ	yes	gitrefrepo/neo4j-gds-src/proc/catalog/src/main/java/org/neo4j/gds/catalog/GraphSampleProc.java	82	NeedsSource	NeedsSource	gitrefrepo/neo4j-gds-src/proc/catalog/src/main/java/org/neo4j/gds/catalog/GraphSampleProc.java:82	P0-RegisteredCompatible	NotApplicable	NotApplicable	Preserve Neo4j GDS result schema when implemented; see source row for procedure entrypoint.	TEST-GDS-043	DirectSource	Metadata or catalog-facing surface; implement registry behavior before algorithm kernels.
44	gds.graph.sample.rwr	procedure	catalog	READ	no	gitrefrepo/neo4j-gds-src/proc/catalog/src/main/java/org/neo4j/gds/catalog/GraphSampleProc.java	44	NeedsSource	NeedsSource	NotApplicable	P0-RegisteredCompatible	NotApplicable	NotApplicable	Preserve Neo4j GDS result schema when implemented; see source row for procedure entrypoint.	TEST-GDS-044	DirectSource	Metadata or catalog-facing surface; implement registry behavior before algorithm kernels.
45	gds.graph.streamNodeProperties	procedure	catalog	READ	no	gitrefrepo/neo4j-gds-src/proc/catalog/src/main/java/org/neo4j/gds/catalog/GraphStreamNodePropertiesProc.java	60	NeedsSource	NeedsSource	NotApplicable	P0-RegisteredCompatible	NotApplicable	NotApplicable	Preserve Neo4j GDS result schema when implemented; see source row for procedure entrypoint.	TEST-GDS-045	DirectSource	Metadata or catalog-facing surface; implement registry behavior before algorithm kernels.
46	gds.graph.streamNodeProperty	procedure	catalog	READ	no	gitrefrepo/neo4j-gds-src/proc/catalog/src/main/java/org/neo4j/gds/catalog/GraphStreamNodePropertiesProc.java	102	NeedsSource	NeedsSource	NotApplicable	P0-RegisteredCompatible	NotApplicable	NotApplicable	Preserve Neo4j GDS result schema when implemented; see source row for procedure entrypoint.	TEST-GDS-046	DirectSource	Metadata or catalog-facing surface; implement registry behavior before algorithm kernels.
47	gds.graph.streamRelationshipProperties	procedure	catalog	READ	no	gitrefrepo/neo4j-gds-src/proc/catalog/src/main/java/org/neo4j/gds/catalog/GraphStreamRelationshipPropertiesProc.java	59	NeedsSource	NeedsSource	NotApplicable	P0-RegisteredCompatible	NotApplicable	NotApplicable	Preserve Neo4j GDS result schema when implemented; see source row for procedure entrypoint.	TEST-GDS-047	DirectSource	Metadata or catalog-facing surface; implement registry behavior before algorithm kernels.
48	gds.graph.streamRelationshipProperty	procedure	catalog	READ	no	gitrefrepo/neo4j-gds-src/proc/catalog/src/main/java/org/neo4j/gds/catalog/GraphStreamRelationshipPropertiesProc.java	100	NeedsSource	NeedsSource	NotApplicable	P0-RegisteredCompatible	NotApplicable	NotApplicable	Preserve Neo4j GDS result schema when implemented; see source row for procedure entrypoint.	TEST-GDS-048	DirectSource	Metadata or catalog-facing surface; implement registry behavior before algorithm kernels.
49	gds.graph.writeNodeProperties	procedure	catalog	WRITE	no	gitrefrepo/neo4j-gds-src/proc/catalog/src/main/java/org/neo4j/gds/catalog/GraphWriteNodePropertiesProc.java	52	NeedsSource	NeedsSource	NotApplicable	P0-RegisteredCompatible	NotApplicable	NotApplicable	Preserve Neo4j GDS result schema when implemented; see source row for procedure entrypoint.	TEST-GDS-049	DirectSource	Metadata or catalog-facing surface; implement registry behavior before algorithm kernels.
50	gds.graph.writeRelationship	procedure	catalog	WRITE	no	gitrefrepo/neo4j-gds-src/proc/catalog/src/main/java/org/neo4j/gds/catalog/GraphWriteRelationshipProc.java	53	NeedsSource	NeedsSource	NotApplicable	P0-RegisteredCompatible	NotApplicable	NotApplicable	Preserve Neo4j GDS result schema when implemented; see source row for procedure entrypoint.	TEST-GDS-050	DirectSource	Metadata or catalog-facing surface; implement registry behavior before algorithm kernels.
51	gds.internal.graph.sizeOf	procedure	catalog	READ	no	gitrefrepo/neo4j-gds-src/proc/catalog/src/main/java/org/neo4j/gds/catalog/GraphMemoryUsageProc.java	38	NeedsSource	NeedsSource	NotApplicable	P0-RegisteredCompatible	NotApplicable	NotApplicable	Preserve Neo4j GDS result schema when implemented; see source row for procedure entrypoint.	TEST-GDS-051	DirectSource	Metadata or catalog-facing surface; implement registry behavior before algorithm kernels.
52	gds.model.drop	procedure	catalog	READ	no	gitrefrepo/neo4j-gds-src/proc/catalog/src/main/java/org/neo4j/gds/model/catalog/ModelDropProc.java	40	NeedsSource	NeedsSource	NotApplicable	P0-RegisteredCompatible	NotApplicable	NotApplicable	Preserve Neo4j GDS result schema when implemented; see source row for procedure entrypoint.	TEST-GDS-052	DirectSource	Metadata or catalog-facing surface; implement registry behavior before algorithm kernels.
53	gds.model.exists	procedure	catalog	READ	no	gitrefrepo/neo4j-gds-src/proc/catalog/src/main/java/org/neo4j/gds/model/catalog/ModelExistsProc.java	40	NeedsSource	NeedsSource	NotApplicable	P0-RegisteredCompatible	NotApplicable	NotApplicable	Preserve Neo4j GDS result schema when implemented; see source row for procedure entrypoint.	TEST-GDS-053	DirectSource	Metadata or catalog-facing surface; implement registry behavior before algorithm kernels.
54	gds.model.list	procedure	catalog	READ	no	gitrefrepo/neo4j-gds-src/proc/catalog/src/main/java/org/neo4j/gds/model/catalog/ModelListProc.java	41	NeedsSource	NeedsSource	NotApplicable	P0-RegisteredCompatible	NotApplicable	NotApplicable	Preserve Neo4j GDS result schema when implemented; see source row for procedure entrypoint.	TEST-GDS-054	DirectSource	Metadata or catalog-facing surface; implement registry behavior before algorithm kernels.
55	gds.alpha.closeness.harmonic.stream	procedure	centrality	READ	no	gitrefrepo/neo4j-gds-src/proc/centrality/src/main/java/org/neo4j/gds/harmonic/HarmonicCentralityStreamProc.java	53	NeedsSource	NeedsSource	NotApplicable	UnsupportedButRegistered	Neo.ClientError.Procedure.ProcedureCallFailed	Procedure is recognized by the v003 registry but is not yet supported in this build; include procedure name and support status.	Call fails before row streaming; no partial result rows are emitted.	TEST-GDS-055	DirectSource	Public row should remain registered with deterministic unsupported behavior until specific procedure evidence and implementation are ready.
56	gds.alpha.closeness.harmonic.write	procedure	centrality	WRITE	no	gitrefrepo/neo4j-gds-src/proc/centrality/src/main/java/org/neo4j/gds/harmonic/HarmonicCentralityWriteProc.java	53	NeedsSource	NeedsSource	NotApplicable	UnsupportedButRegistered	Neo.ClientError.Procedure.ProcedureCallFailed	Procedure is recognized by the v003 registry but is not yet supported in this build; include procedure name and support status.	Call fails before row streaming; no partial result rows are emitted.	TEST-GDS-056	DirectSource	Public row should remain registered with deterministic unsupported behavior until specific procedure evidence and implementation are ready.
57	gds.alpha.hits.mutate	procedure	centrality	READ	no	gitrefrepo/neo4j-gds-src/proc/centrality/src/main/java/org/neo4j/gds/hits/HitsMutateProc.java	64	NeedsSource	NeedsSource	NotApplicable	UnsupportedButRegistered	Neo.ClientError.Procedure.ProcedureCallFailed	Procedure is recognized by the v003 registry but is not yet supported in this build; include procedure name and support status.	Call fails before row streaming; no partial result rows are emitted.	TEST-GDS-057	DirectSource	Public row should remain registered with deterministic unsupported behavior until specific procedure evidence and implementation are ready.
58	gds.alpha.hits.mutate.estimate	procedure	centrality	M	yes	gitrefrepo/neo4j-gds-src/proc/centrality/src/main/java/org/neo4j/gds/hits/HitsMutateProc.java	76	NeedsSource	NeedsSource	gitrefrepo/neo4j-gds-src/proc/centrality/src/main/java/org/neo4j/gds/hits/HitsMutateProc.java:76	UnsupportedButRegistered	Neo.ClientError.Procedure.ProcedureCallFailed	Procedure is recognized by the v003 registry but is not yet supported in this build; include procedure name and support status.	Call fails before row streaming; no partial result rows are emitted.	TEST-GDS-058	DirectSource	Public row should remain registered with deterministic unsupported behavior until specific procedure evidence and implementation are ready.
59	gds.articleRank.mutate	procedure	centrality	READ	no	gitrefrepo/neo4j-gds-src/proc/centrality/src/main/java/org/neo4j/gds/pagerank/ArticleRankMutateProc.java	41	NeedsSource	NeedsSource	NotApplicable	UnsupportedButRegistered	Neo.ClientError.Procedure.ProcedureCallFailed	Procedure is recognized by the v003 registry but is not yet supported in this build; include procedure name and support status.	Call fails before row streaming; no partial result rows are emitted.	TEST-GDS-059	DirectSource	Public row should remain registered with deterministic unsupported behavior until specific procedure evidence and implementation are ready.
60	gds.articleRank.mutate.estimate	procedure	centrality	READ	yes	gitrefrepo/neo4j-gds-src/proc/centrality/src/main/java/org/neo4j/gds/pagerank/ArticleRankMutateProc.java	50	NeedsSource	NeedsSource	gitrefrepo/neo4j-gds-src/proc/centrality/src/main/java/org/neo4j/gds/pagerank/ArticleRankMutateProc.java:50	UnsupportedButRegistered	Neo.ClientError.Procedure.ProcedureCallFailed	Procedure is recognized by the v003 registry but is not yet supported in this build; include procedure name and support status.	Call fails before row streaming; no partial result rows are emitted.	TEST-GDS-060	DirectSource	Public row should remain registered with deterministic unsupported behavior until specific procedure evidence and implementation are ready.
61	gds.articleRank.stats	procedure	centrality	READ	no	gitrefrepo/neo4j-gds-src/proc/centrality/src/main/java/org/neo4j/gds/pagerank/ArticleRankStatsProc.java	41	NeedsSource	NeedsSource	NotApplicable	UnsupportedButRegistered	Neo.ClientError.Procedure.ProcedureCallFailed	Procedure is recognized by the v003 registry but is not yet supported in this build; include procedure name and support status.	Call fails before row streaming; no partial result rows are emitted.	TEST-GDS-061	DirectSource	Public row should remain registered with deterministic unsupported behavior until specific procedure evidence and implementation are ready.
62	gds.articleRank.stats.estimate	procedure	centrality	READ	yes	gitrefrepo/neo4j-gds-src/proc/centrality/src/main/java/org/neo4j/gds/pagerank/ArticleRankStatsProc.java	50	NeedsSource	NeedsSource	gitrefrepo/neo4j-gds-src/proc/centrality/src/main/java/org/neo4j/gds/pagerank/ArticleRankStatsProc.java:50	UnsupportedButRegistered	Neo.ClientError.Procedure.ProcedureCallFailed	Procedure is recognized by the v003 registry but is not yet supported in this build; include procedure name and support status.	Call fails before row streaming; no partial result rows are emitted.	TEST-GDS-062	DirectSource	Public row should remain registered with deterministic unsupported behavior until specific procedure evidence and implementation are ready.
63	gds.articleRank.stream	procedure	centrality	READ	no	gitrefrepo/neo4j-gds-src/proc/centrality/src/main/java/org/neo4j/gds/pagerank/ArticleRankStreamProc.java	41	NeedsSource	NeedsSource	NotApplicable	UnsupportedButRegistered	Neo.ClientError.Procedure.ProcedureCallFailed	Procedure is recognized by the v003 registry but is not yet supported in this build; include procedure name and support status.	Call fails before row streaming; no partial result rows are emitted.	TEST-GDS-063	DirectSource	Public row should remain registered with deterministic unsupported behavior until specific procedure evidence and implementation are ready.
64	gds.articleRank.stream.estimate	procedure	centrality	READ	yes	gitrefrepo/neo4j-gds-src/proc/centrality/src/main/java/org/neo4j/gds/pagerank/ArticleRankStreamProc.java	50	NeedsSource	NeedsSource	gitrefrepo/neo4j-gds-src/proc/centrality/src/main/java/org/neo4j/gds/pagerank/ArticleRankStreamProc.java:50	UnsupportedButRegistered	Neo.ClientError.Procedure.ProcedureCallFailed	Procedure is recognized by the v003 registry but is not yet supported in this build; include procedure name and support status.	Call fails before row streaming; no partial result rows are emitted.	TEST-GDS-064	DirectSource	Public row should remain registered with deterministic unsupported behavior until specific procedure evidence and implementation are ready.
65	gds.articleRank.write	procedure	centrality	WRITE	no	gitrefrepo/neo4j-gds-src/proc/centrality/src/main/java/org/neo4j/gds/pagerank/ArticleRankWriteProc.java	42	NeedsSource	NeedsSource	NotApplicable	UnsupportedButRegistered	Neo.ClientError.Procedure.ProcedureCallFailed	Procedure is recognized by the v003 registry but is not yet supported in this build; include procedure name and support status.	Call fails before row streaming; no partial result rows are emitted.	TEST-GDS-065	DirectSource	Public row should remain registered with deterministic unsupported behavior until specific procedure evidence and implementation are ready.
66	gds.articleRank.write.estimate	procedure	centrality	READ	yes	gitrefrepo/neo4j-gds-src/proc/centrality/src/main/java/org/neo4j/gds/pagerank/ArticleRankWriteProc.java	51	NeedsSource	NeedsSource	gitrefrepo/neo4j-gds-src/proc/centrality/src/main/java/org/neo4j/gds/pagerank/ArticleRankWriteProc.java:51	UnsupportedButRegistered	Neo.ClientError.Procedure.ProcedureCallFailed	Procedure is recognized by the v003 registry but is not yet supported in this build; include procedure name and support status.	Call fails before row streaming; no partial result rows are emitted.	TEST-GDS-066	DirectSource	Public row should remain registered with deterministic unsupported behavior until specific procedure evidence and implementation are ready.
67	gds.articulationPoints.mutate	procedure	centrality	READ	no	gitrefrepo/neo4j-gds-src/proc/centrality/src/main/java/org/neo4j/gds/articulationpoints/ArticulationPointsMutateProc.java	42	NeedsSource	NeedsSource	NotApplicable	UnsupportedButRegistered	Neo.ClientError.Procedure.ProcedureCallFailed	Procedure is recognized by the v003 registry but is not yet supported in this build; include procedure name and support status.	Call fails before row streaming; no partial result rows are emitted.	TEST-GDS-067	DirectSource	Public row should remain registered with deterministic unsupported behavior until specific procedure evidence and implementation are ready.
68	gds.articulationPoints.mutate.estimate	procedure	centrality	READ	yes	gitrefrepo/neo4j-gds-src/proc/centrality/src/main/java/org/neo4j/gds/articulationpoints/ArticulationPointsMutateProc.java	51	NeedsSource	NeedsSource	gitrefrepo/neo4j-gds-src/proc/centrality/src/main/java/org/neo4j/gds/articulationpoints/ArticulationPointsMutateProc.java:51	UnsupportedButRegistered	Neo.ClientError.Procedure.ProcedureCallFailed	Procedure is recognized by the v003 registry but is not yet supported in this build; include procedure name and support status.	Call fails before row streaming; no partial result rows are emitted.	TEST-GDS-068	DirectSource	Public row should remain registered with deterministic unsupported behavior until specific procedure evidence and implementation are ready.
69	gds.articulationPoints.stats	procedure	centrality	READ	no	gitrefrepo/neo4j-gds-src/proc/centrality/src/main/java/org/neo4j/gds/articulationpoints/ArticulationPointsStatsProc.java	42	NeedsSource	NeedsSource	NotApplicable	UnsupportedButRegistered	Neo.ClientError.Procedure.ProcedureCallFailed	Procedure is recognized by the v003 registry but is not yet supported in this build; include procedure name and support status.	Call fails before row streaming; no partial result rows are emitted.	TEST-GDS-069	DirectSource	Public row should remain registered with deterministic unsupported behavior until specific procedure evidence and implementation are ready.
70	gds.articulationPoints.stats.estimate	procedure	centrality	READ	yes	gitrefrepo/neo4j-gds-src/proc/centrality/src/main/java/org/neo4j/gds/articulationpoints/ArticulationPointsStatsProc.java	51	NeedsSource	NeedsSource	gitrefrepo/neo4j-gds-src/proc/centrality/src/main/java/org/neo4j/gds/articulationpoints/ArticulationPointsStatsProc.java:51	UnsupportedButRegistered	Neo.ClientError.Procedure.ProcedureCallFailed	Procedure is recognized by the v003 registry but is not yet supported in this build; include procedure name and support status.	Call fails before row streaming; no partial result rows are emitted.	TEST-GDS-070	DirectSource	Public row should remain registered with deterministic unsupported behavior until specific procedure evidence and implementation are ready.
71	gds.articulationPoints.stream	procedure	centrality	READ	no	gitrefrepo/neo4j-gds-src/proc/centrality/src/main/java/org/neo4j/gds/articulationpoints/ArticulationPointsStreamProc.java	42	NeedsSource	NeedsSource	NotApplicable	UnsupportedButRegistered	Neo.ClientError.Procedure.ProcedureCallFailed	Procedure is recognized by the v003 registry but is not yet supported in this build; include procedure name and support status.	Call fails before row streaming; no partial result rows are emitted.	TEST-GDS-071	DirectSource	Public row should remain registered with deterministic unsupported behavior until specific procedure evidence and implementation are ready.
72	gds.articulationPoints.stream.estimate	procedure	centrality	READ	yes	gitrefrepo/neo4j-gds-src/proc/centrality/src/main/java/org/neo4j/gds/articulationpoints/ArticulationPointsStreamProc.java	51	NeedsSource	NeedsSource	gitrefrepo/neo4j-gds-src/proc/centrality/src/main/java/org/neo4j/gds/articulationpoints/ArticulationPointsStreamProc.java:51	UnsupportedButRegistered	Neo.ClientError.Procedure.ProcedureCallFailed	Procedure is recognized by the v003 registry but is not yet supported in this build; include procedure name and support status.	Call fails before row streaming; no partial result rows are emitted.	TEST-GDS-072	DirectSource	Public row should remain registered with deterministic unsupported behavior until specific procedure evidence and implementation are ready.
73	gds.articulationPoints.write	procedure	centrality	WRITE	no	gitrefrepo/neo4j-gds-src/proc/centrality/src/main/java/org/neo4j/gds/articulationpoints/ArticulationPointsWriteProc.java	42	NeedsSource	NeedsSource	NotApplicable	UnsupportedButRegistered	Neo.ClientError.Procedure.ProcedureCallFailed	Procedure is recognized by the v003 registry but is not yet supported in this build; include procedure name and support status.	Call fails before row streaming; no partial result rows are emitted.	TEST-GDS-073	DirectSource	Public row should remain registered with deterministic unsupported behavior until specific procedure evidence and implementation are ready.
74	gds.articulationPoints.write.estimate	procedure	centrality	READ	yes	gitrefrepo/neo4j-gds-src/proc/centrality/src/main/java/org/neo4j/gds/articulationpoints/ArticulationPointsWriteProc.java	51	NeedsSource	NeedsSource	gitrefrepo/neo4j-gds-src/proc/centrality/src/main/java/org/neo4j/gds/articulationpoints/ArticulationPointsWriteProc.java:51	UnsupportedButRegistered	Neo.ClientError.Procedure.ProcedureCallFailed	Procedure is recognized by the v003 registry but is not yet supported in this build; include procedure name and support status.	Call fails before row streaming; no partial result rows are emitted.	TEST-GDS-074	DirectSource	Public row should remain registered with deterministic unsupported behavior until specific procedure evidence and implementation are ready.
75	gds.beta.closeness.mutate	procedure	centrality	READ	no	gitrefrepo/neo4j-gds-src/proc/centrality/src/main/java/org/neo4j/gds/closeness/ClosenessCentralityMutateProc.java	52	NeedsSource	NeedsSource	NotApplicable	UnsupportedButRegistered	Neo.ClientError.Procedure.ProcedureCallFailed	Procedure is recognized by the v003 registry but is not yet supported in this build; include procedure name and support status.	Call fails before row streaming; no partial result rows are emitted.	TEST-GDS-075	DirectSource	Public row should remain registered with deterministic unsupported behavior until specific procedure evidence and implementation are ready.
76	gds.beta.closeness.stats	procedure	centrality	READ	no	gitrefrepo/neo4j-gds-src/proc/centrality/src/main/java/org/neo4j/gds/closeness/ClosenessCentralityStatsProc.java	51	NeedsSource	NeedsSource	NotApplicable	UnsupportedButRegistered	Neo.ClientError.Procedure.ProcedureCallFailed	Procedure is recognized by the v003 registry but is not yet supported in this build; include procedure name and support status.	Call fails before row streaming; no partial result rows are emitted.	TEST-GDS-076	DirectSource	Public row should remain registered with deterministic unsupported behavior until specific procedure evidence and implementation are ready.
77	gds.beta.closeness.stream	procedure	centrality	READ	no	gitrefrepo/neo4j-gds-src/proc/centrality/src/main/java/org/neo4j/gds/closeness/ClosenessCentralityStreamProc.java	51	NeedsSource	NeedsSource	NotApplicable	UnsupportedButRegistered	Neo.ClientError.Procedure.ProcedureCallFailed	Procedure is recognized by the v003 registry but is not yet supported in this build; include procedure name and support status.	Call fails before row streaming; no partial result rows are emitted.	TEST-GDS-077	DirectSource	Public row should remain registered with deterministic unsupported behavior until specific procedure evidence and implementation are ready.
78	gds.beta.closeness.write	procedure	centrality	WRITE	no	gitrefrepo/neo4j-gds-src/proc/centrality/src/main/java/org/neo4j/gds/closeness/ClosenessCentralityWriteProc.java	52	NeedsSource	NeedsSource	NotApplicable	UnsupportedButRegistered	Neo.ClientError.Procedure.ProcedureCallFailed	Procedure is recognized by the v003 registry but is not yet supported in this build; include procedure name and support status.	Call fails before row streaming; no partial result rows are emitted.	TEST-GDS-078	DirectSource	Public row should remain registered with deterministic unsupported behavior until specific procedure evidence and implementation are ready.
79	gds.betweenness.mutate	procedure	centrality	READ	no	gitrefrepo/neo4j-gds-src/proc/centrality/src/main/java/org/neo4j/gds/betweenness/BetweennessCentralityMutateProc.java	41	NeedsSource	NeedsSource	NotApplicable	UnsupportedButRegistered	Neo.ClientError.Procedure.ProcedureCallFailed	Procedure is recognized by the v003 registry but is not yet supported in this build; include procedure name and support status.	Call fails before row streaming; no partial result rows are emitted.	TEST-GDS-079	DirectSource	Public row should remain registered with deterministic unsupported behavior until specific procedure evidence and implementation are ready.
80	gds.betweenness.mutate.estimate	procedure	centrality	READ	yes	gitrefrepo/neo4j-gds-src/proc/centrality/src/main/java/org/neo4j/gds/betweenness/BetweennessCentralityMutateProc.java	50	NeedsSource	NeedsSource	gitrefrepo/neo4j-gds-src/proc/centrality/src/main/java/org/neo4j/gds/betweenness/BetweennessCentralityMutateProc.java:50	UnsupportedButRegistered	Neo.ClientError.Procedure.ProcedureCallFailed	Procedure is recognized by the v003 registry but is not yet supported in this build; include procedure name and support status.	Call fails before row streaming; no partial result rows are emitted.	TEST-GDS-080	DirectSource	Public row should remain registered with deterministic unsupported behavior until specific procedure evidence and implementation are ready.
81	gds.betweenness.stats	procedure	centrality	READ	no	gitrefrepo/neo4j-gds-src/proc/centrality/src/main/java/org/neo4j/gds/betweenness/BetweennessCentralityStatsProc.java	41	NeedsSource	NeedsSource	NotApplicable	UnsupportedButRegistered	Neo.ClientError.Procedure.ProcedureCallFailed	Procedure is recognized by the v003 registry but is not yet supported in this build; include procedure name and support status.	Call fails before row streaming; no partial result rows are emitted.	TEST-GDS-081	DirectSource	Public row should remain registered with deterministic unsupported behavior until specific procedure evidence and implementation are ready.
82	gds.betweenness.stats.estimate	procedure	centrality	READ	yes	gitrefrepo/neo4j-gds-src/proc/centrality/src/main/java/org/neo4j/gds/betweenness/BetweennessCentralityStatsProc.java	50	NeedsSource	NeedsSource	gitrefrepo/neo4j-gds-src/proc/centrality/src/main/java/org/neo4j/gds/betweenness/BetweennessCentralityStatsProc.java:50	UnsupportedButRegistered	Neo.ClientError.Procedure.ProcedureCallFailed	Procedure is recognized by the v003 registry but is not yet supported in this build; include procedure name and support status.	Call fails before row streaming; no partial result rows are emitted.	TEST-GDS-082	DirectSource	Public row should remain registered with deterministic unsupported behavior until specific procedure evidence and implementation are ready.
83	gds.betweenness.stream	procedure	centrality	READ	no	gitrefrepo/neo4j-gds-src/proc/centrality/src/main/java/org/neo4j/gds/betweenness/BetweennessCentralityStreamProc.java	41	NeedsSource	NeedsSource	NotApplicable	UnsupportedButRegistered	Neo.ClientError.Procedure.ProcedureCallFailed	Procedure is recognized by the v003 registry but is not yet supported in this build; include procedure name and support status.	Call fails before row streaming; no partial result rows are emitted.	TEST-GDS-083	DirectSource	Public row should remain registered with deterministic unsupported behavior until specific procedure evidence and implementation are ready.
84	gds.betweenness.stream.estimate	procedure	centrality	READ	yes	gitrefrepo/neo4j-gds-src/proc/centrality/src/main/java/org/neo4j/gds/betweenness/BetweennessCentralityStreamProc.java	50	NeedsSource	NeedsSource	gitrefrepo/neo4j-gds-src/proc/centrality/src/main/java/org/neo4j/gds/betweenness/BetweennessCentralityStreamProc.java:50	UnsupportedButRegistered	Neo.ClientError.Procedure.ProcedureCallFailed	Procedure is recognized by the v003 registry but is not yet supported in this build; include procedure name and support status.	Call fails before row streaming; no partial result rows are emitted.	TEST-GDS-084	DirectSource	Public row should remain registered with deterministic unsupported behavior until specific procedure evidence and implementation are ready.
85	gds.betweenness.write	procedure	centrality	WRITE	no	gitrefrepo/neo4j-gds-src/proc/centrality/src/main/java/org/neo4j/gds/betweenness/BetweennessCentralityWriteProc.java	42	NeedsSource	NeedsSource	NotApplicable	UnsupportedButRegistered	Neo.ClientError.Procedure.ProcedureCallFailed	Procedure is recognized by the v003 registry but is not yet supported in this build; include procedure name and support status.	Call fails before row streaming; no partial result rows are emitted.	TEST-GDS-085	DirectSource	Public row should remain registered with deterministic unsupported behavior until specific procedure evidence and implementation are ready.
86	gds.betweenness.write.estimate	procedure	centrality	READ	yes	gitrefrepo/neo4j-gds-src/proc/centrality/src/main/java/org/neo4j/gds/betweenness/BetweennessCentralityWriteProc.java	51	NeedsSource	NeedsSource	gitrefrepo/neo4j-gds-src/proc/centrality/src/main/java/org/neo4j/gds/betweenness/BetweennessCentralityWriteProc.java:51	UnsupportedButRegistered	Neo.ClientError.Procedure.ProcedureCallFailed	Procedure is recognized by the v003 registry but is not yet supported in this build; include procedure name and support status.	Call fails before row streaming; no partial result rows are emitted.	TEST-GDS-086	DirectSource	Public row should remain registered with deterministic unsupported behavior until specific procedure evidence and implementation are ready.
87	gds.bridges.stream	procedure	centrality	READ	no	gitrefrepo/neo4j-gds-src/proc/centrality/src/main/java/org/neo4j/gds/bridges/BridgesStreamProc.java	42	NeedsSource	NeedsSource	NotApplicable	UnsupportedButRegistered	Neo.ClientError.Procedure.ProcedureCallFailed	Procedure is recognized by the v003 registry but is not yet supported in this build; include procedure name and support status.	Call fails before row streaming; no partial result rows are emitted.	TEST-GDS-087	DirectSource	Public row should remain registered with deterministic unsupported behavior until specific procedure evidence and implementation are ready.
88	gds.bridges.stream.estimate	procedure	centrality	READ	yes	gitrefrepo/neo4j-gds-src/proc/centrality/src/main/java/org/neo4j/gds/bridges/BridgesStreamProc.java	51	NeedsSource	NeedsSource	gitrefrepo/neo4j-gds-src/proc/centrality/src/main/java/org/neo4j/gds/bridges/BridgesStreamProc.java:51	UnsupportedButRegistered	Neo.ClientError.Procedure.ProcedureCallFailed	Procedure is recognized by the v003 registry but is not yet supported in this build; include procedure name and support status.	Call fails before row streaming; no partial result rows are emitted.	TEST-GDS-088	DirectSource	Public row should remain registered with deterministic unsupported behavior until specific procedure evidence and implementation are ready.
89	gds.closeness.harmonic.mutate	procedure	centrality	READ	no	gitrefrepo/neo4j-gds-src/proc/centrality/src/main/java/org/neo4j/gds/harmonic/HarmonicCentralityMutateProc.java	39	NeedsSource	NeedsSource	NotApplicable	UnsupportedButRegistered	Neo.ClientError.Procedure.ProcedureCallFailed	Procedure is recognized by the v003 registry but is not yet supported in this build; include procedure name and support status.	Call fails before row streaming; no partial result rows are emitted.	TEST-GDS-089	DirectSource	Public row should remain registered with deterministic unsupported behavior until specific procedure evidence and implementation are ready.
90	gds.closeness.harmonic.stats	procedure	centrality	READ	no	gitrefrepo/neo4j-gds-src/proc/centrality/src/main/java/org/neo4j/gds/harmonic/HarmonicCentralityStatsProc.java	39	NeedsSource	NeedsSource	NotApplicable	UnsupportedButRegistered	Neo.ClientError.Procedure.ProcedureCallFailed	Procedure is recognized by the v003 registry but is not yet supported in this build; include procedure name and support status.	Call fails before row streaming; no partial result rows are emitted.	TEST-GDS-090	DirectSource	Public row should remain registered with deterministic unsupported behavior until specific procedure evidence and implementation are ready.
91	gds.closeness.harmonic.stream	procedure	centrality	READ	no	gitrefrepo/neo4j-gds-src/proc/centrality/src/main/java/org/neo4j/gds/harmonic/HarmonicCentralityStreamProc.java	42	NeedsSource	NeedsSource	NotApplicable	UnsupportedButRegistered	Neo.ClientError.Procedure.ProcedureCallFailed	Procedure is recognized by the v003 registry but is not yet supported in this build; include procedure name and support status.	Call fails before row streaming; no partial result rows are emitted.	TEST-GDS-091	DirectSource	Public row should remain registered with deterministic unsupported behavior until specific procedure evidence and implementation are ready.
92	gds.closeness.harmonic.write	procedure	centrality	WRITE	no	gitrefrepo/neo4j-gds-src/proc/centrality/src/main/java/org/neo4j/gds/harmonic/HarmonicCentralityWriteProc.java	42	NeedsSource	NeedsSource	NotApplicable	UnsupportedButRegistered	Neo.ClientError.Procedure.ProcedureCallFailed	Procedure is recognized by the v003 registry but is not yet supported in this build; include procedure name and support status.	Call fails before row streaming; no partial result rows are emitted.	TEST-GDS-092	DirectSource	Public row should remain registered with deterministic unsupported behavior until specific procedure evidence and implementation are ready.
93	gds.closeness.mutate	procedure	centrality	READ	no	gitrefrepo/neo4j-gds-src/proc/centrality/src/main/java/org/neo4j/gds/closeness/ClosenessCentralityMutateProc.java	41	NeedsSource	NeedsSource	NotApplicable	UnsupportedButRegistered	Neo.ClientError.Procedure.ProcedureCallFailed	Procedure is recognized by the v003 registry but is not yet supported in this build; include procedure name and support status.	Call fails before row streaming; no partial result rows are emitted.	TEST-GDS-093	DirectSource	Public row should remain registered with deterministic unsupported behavior until specific procedure evidence and implementation are ready.
94	gds.closeness.stats	procedure	centrality	READ	no	gitrefrepo/neo4j-gds-src/proc/centrality/src/main/java/org/neo4j/gds/closeness/ClosenessCentralityStatsProc.java	40	NeedsSource	NeedsSource	NotApplicable	UnsupportedButRegistered	Neo.ClientError.Procedure.ProcedureCallFailed	Procedure is recognized by the v003 registry but is not yet supported in this build; include procedure name and support status.	Call fails before row streaming; no partial result rows are emitted.	TEST-GDS-094	DirectSource	Public row should remain registered with deterministic unsupported behavior until specific procedure evidence and implementation are ready.
95	gds.closeness.stream	procedure	centrality	READ	no	gitrefrepo/neo4j-gds-src/proc/centrality/src/main/java/org/neo4j/gds/closeness/ClosenessCentralityStreamProc.java	40	NeedsSource	NeedsSource	NotApplicable	UnsupportedButRegistered	Neo.ClientError.Procedure.ProcedureCallFailed	Procedure is recognized by the v003 registry but is not yet supported in this build; include procedure name and support status.	Call fails before row streaming; no partial result rows are emitted.	TEST-GDS-095	DirectSource	Public row should remain registered with deterministic unsupported behavior until specific procedure evidence and implementation are ready.
96	gds.closeness.write	procedure	centrality	WRITE	no	gitrefrepo/neo4j-gds-src/proc/centrality/src/main/java/org/neo4j/gds/closeness/ClosenessCentralityWriteProc.java	41	NeedsSource	NeedsSource	NotApplicable	UnsupportedButRegistered	Neo.ClientError.Procedure.ProcedureCallFailed	Procedure is recognized by the v003 registry but is not yet supported in this build; include procedure name and support status.	Call fails before row streaming; no partial result rows are emitted.	TEST-GDS-096	DirectSource	Public row should remain registered with deterministic unsupported behavior until specific procedure evidence and implementation are ready.
97	gds.degree.mutate	procedure	centrality	READ	no	gitrefrepo/neo4j-gds-src/proc/centrality/src/main/java/org/neo4j/gds/degree/DegreeCentralityMutateProc.java	41	NeedsSource	NeedsSource	NotApplicable	UnsupportedButRegistered	Neo.ClientError.Procedure.ProcedureCallFailed	Procedure is recognized by the v003 registry but is not yet supported in this build; include procedure name and support status.	Call fails before row streaming; no partial result rows are emitted.	TEST-GDS-097	DirectSource	Public row should remain registered with deterministic unsupported behavior until specific procedure evidence and implementation are ready.
98	gds.degree.mutate.estimate	procedure	centrality	READ	yes	gitrefrepo/neo4j-gds-src/proc/centrality/src/main/java/org/neo4j/gds/degree/DegreeCentralityMutateProc.java	50	NeedsSource	NeedsSource	gitrefrepo/neo4j-gds-src/proc/centrality/src/main/java/org/neo4j/gds/degree/DegreeCentralityMutateProc.java:50	UnsupportedButRegistered	Neo.ClientError.Procedure.ProcedureCallFailed	Procedure is recognized by the v003 registry but is not yet supported in this build; include procedure name and support status.	Call fails before row streaming; no partial result rows are emitted.	TEST-GDS-098	DirectSource	Public row should remain registered with deterministic unsupported behavior until specific procedure evidence and implementation are ready.
99	gds.degree.stats	procedure	centrality	READ	no	gitrefrepo/neo4j-gds-src/proc/centrality/src/main/java/org/neo4j/gds/degree/DegreeCentralityStatsProc.java	41	NeedsSource	NeedsSource	NotApplicable	UnsupportedButRegistered	Neo.ClientError.Procedure.ProcedureCallFailed	Procedure is recognized by the v003 registry but is not yet supported in this build; include procedure name and support status.	Call fails before row streaming; no partial result rows are emitted.	TEST-GDS-099	DirectSource	Public row should remain registered with deterministic unsupported behavior until specific procedure evidence and implementation are ready.
100	gds.degree.stats.estimate	procedure	centrality	READ	yes	gitrefrepo/neo4j-gds-src/proc/centrality/src/main/java/org/neo4j/gds/degree/DegreeCentralityStatsProc.java	50	NeedsSource	NeedsSource	gitrefrepo/neo4j-gds-src/proc/centrality/src/main/java/org/neo4j/gds/degree/DegreeCentralityStatsProc.java:50	UnsupportedButRegistered	Neo.ClientError.Procedure.ProcedureCallFailed	Procedure is recognized by the v003 registry but is not yet supported in this build; include procedure name and support status.	Call fails before row streaming; no partial result rows are emitted.	TEST-GDS-100	DirectSource	Public row should remain registered with deterministic unsupported behavior until specific procedure evidence and implementation are ready.
101	gds.degree.stream	procedure	centrality	READ	no	gitrefrepo/neo4j-gds-src/proc/centrality/src/main/java/org/neo4j/gds/degree/DegreeCentralityStreamProc.java	41	NeedsSource	NeedsSource	NotApplicable	UnsupportedButRegistered	Neo.ClientError.Procedure.ProcedureCallFailed	Procedure is recognized by the v003 registry but is not yet supported in this build; include procedure name and support status.	Call fails before row streaming; no partial result rows are emitted.	TEST-GDS-101	DirectSource	Public row should remain registered with deterministic unsupported behavior until specific procedure evidence and implementation are ready.
102	gds.degree.stream.estimate	procedure	centrality	READ	yes	gitrefrepo/neo4j-gds-src/proc/centrality/src/main/java/org/neo4j/gds/degree/DegreeCentralityStreamProc.java	50	NeedsSource	NeedsSource	gitrefrepo/neo4j-gds-src/proc/centrality/src/main/java/org/neo4j/gds/degree/DegreeCentralityStreamProc.java:50	UnsupportedButRegistered	Neo.ClientError.Procedure.ProcedureCallFailed	Procedure is recognized by the v003 registry but is not yet supported in this build; include procedure name and support status.	Call fails before row streaming; no partial result rows are emitted.	TEST-GDS-102	DirectSource	Public row should remain registered with deterministic unsupported behavior until specific procedure evidence and implementation are ready.
103	gds.degree.write	procedure	centrality	WRITE	no	gitrefrepo/neo4j-gds-src/proc/centrality/src/main/java/org/neo4j/gds/degree/DegreeCentralityWriteProc.java	42	NeedsSource	NeedsSource	NotApplicable	UnsupportedButRegistered	Neo.ClientError.Procedure.ProcedureCallFailed	Procedure is recognized by the v003 registry but is not yet supported in this build; include procedure name and support status.	Call fails before row streaming; no partial result rows are emitted.	TEST-GDS-103	DirectSource	Public row should remain registered with deterministic unsupported behavior until specific procedure evidence and implementation are ready.
104	gds.degree.write.estimate	procedure	centrality	READ	yes	gitrefrepo/neo4j-gds-src/proc/centrality/src/main/java/org/neo4j/gds/degree/DegreeCentralityWriteProc.java	51	NeedsSource	NeedsSource	gitrefrepo/neo4j-gds-src/proc/centrality/src/main/java/org/neo4j/gds/degree/DegreeCentralityWriteProc.java:51	UnsupportedButRegistered	Neo.ClientError.Procedure.ProcedureCallFailed	Procedure is recognized by the v003 registry but is not yet supported in this build; include procedure name and support status.	Call fails before row streaming; no partial result rows are emitted.	TEST-GDS-104	DirectSource	Public row should remain registered with deterministic unsupported behavior until specific procedure evidence and implementation are ready.
105	gds.eigenvector.mutate	procedure	centrality	READ	no	gitrefrepo/neo4j-gds-src/proc/centrality/src/main/java/org/neo4j/gds/pagerank/EigenvectorMutateProc.java	41	NeedsSource	NeedsSource	NotApplicable	UnsupportedButRegistered	Neo.ClientError.Procedure.ProcedureCallFailed	Procedure is recognized by the v003 registry but is not yet supported in this build; include procedure name and support status.	Call fails before row streaming; no partial result rows are emitted.	TEST-GDS-105	DirectSource	Public row should remain registered with deterministic unsupported behavior until specific procedure evidence and implementation are ready.
106	gds.eigenvector.mutate.estimate	procedure	centrality	READ	yes	gitrefrepo/neo4j-gds-src/proc/centrality/src/main/java/org/neo4j/gds/pagerank/EigenvectorMutateProc.java	50	NeedsSource	NeedsSource	gitrefrepo/neo4j-gds-src/proc/centrality/src/main/java/org/neo4j/gds/pagerank/EigenvectorMutateProc.java:50	UnsupportedButRegistered	Neo.ClientError.Procedure.ProcedureCallFailed	Procedure is recognized by the v003 registry but is not yet supported in this build; include procedure name and support status.	Call fails before row streaming; no partial result rows are emitted.	TEST-GDS-106	DirectSource	Public row should remain registered with deterministic unsupported behavior until specific procedure evidence and implementation are ready.
107	gds.eigenvector.stats	procedure	centrality	READ	no	gitrefrepo/neo4j-gds-src/proc/centrality/src/main/java/org/neo4j/gds/pagerank/EigenvectorStatsProc.java	41	NeedsSource	NeedsSource	NotApplicable	UnsupportedButRegistered	Neo.ClientError.Procedure.ProcedureCallFailed	Procedure is recognized by the v003 registry but is not yet supported in this build; include procedure name and support status.	Call fails before row streaming; no partial result rows are emitted.	TEST-GDS-107	DirectSource	Public row should remain registered with deterministic unsupported behavior until specific procedure evidence and implementation are ready.
108	gds.eigenvector.stats.estimate	procedure	centrality	READ	yes	gitrefrepo/neo4j-gds-src/proc/centrality/src/main/java/org/neo4j/gds/pagerank/EigenvectorStatsProc.java	50	NeedsSource	NeedsSource	gitrefrepo/neo4j-gds-src/proc/centrality/src/main/java/org/neo4j/gds/pagerank/EigenvectorStatsProc.java:50	UnsupportedButRegistered	Neo.ClientError.Procedure.ProcedureCallFailed	Procedure is recognized by the v003 registry but is not yet supported in this build; include procedure name and support status.	Call fails before row streaming; no partial result rows are emitted.	TEST-GDS-108	DirectSource	Public row should remain registered with deterministic unsupported behavior until specific procedure evidence and implementation are ready.
109	gds.eigenvector.stream	procedure	centrality	READ	no	gitrefrepo/neo4j-gds-src/proc/centrality/src/main/java/org/neo4j/gds/pagerank/EigenvectorStreamProc.java	41	NeedsSource	NeedsSource	NotApplicable	UnsupportedButRegistered	Neo.ClientError.Procedure.ProcedureCallFailed	Procedure is recognized by the v003 registry but is not yet supported in this build; include procedure name and support status.	Call fails before row streaming; no partial result rows are emitted.	TEST-GDS-109	DirectSource	Public row should remain registered with deterministic unsupported behavior until specific procedure evidence and implementation are ready.
110	gds.eigenvector.stream.estimate	procedure	centrality	READ	yes	gitrefrepo/neo4j-gds-src/proc/centrality/src/main/java/org/neo4j/gds/pagerank/EigenvectorStreamProc.java	50	NeedsSource	NeedsSource	gitrefrepo/neo4j-gds-src/proc/centrality/src/main/java/org/neo4j/gds/pagerank/EigenvectorStreamProc.java:50	UnsupportedButRegistered	Neo.ClientError.Procedure.ProcedureCallFailed	Procedure is recognized by the v003 registry but is not yet supported in this build; include procedure name and support status.	Call fails before row streaming; no partial result rows are emitted.	TEST-GDS-110	DirectSource	Public row should remain registered with deterministic unsupported behavior until specific procedure evidence and implementation are ready.
111	gds.eigenvector.write	procedure	centrality	WRITE	no	gitrefrepo/neo4j-gds-src/proc/centrality/src/main/java/org/neo4j/gds/pagerank/EigenvectorWriteProc.java	42	NeedsSource	NeedsSource	NotApplicable	UnsupportedButRegistered	Neo.ClientError.Procedure.ProcedureCallFailed	Procedure is recognized by the v003 registry but is not yet supported in this build; include procedure name and support status.	Call fails before row streaming; no partial result rows are emitted.	TEST-GDS-111	DirectSource	Public row should remain registered with deterministic unsupported behavior until specific procedure evidence and implementation are ready.
112	gds.eigenvector.write.estimate	procedure	centrality	READ	yes	gitrefrepo/neo4j-gds-src/proc/centrality/src/main/java/org/neo4j/gds/pagerank/EigenvectorWriteProc.java	51	NeedsSource	NeedsSource	gitrefrepo/neo4j-gds-src/proc/centrality/src/main/java/org/neo4j/gds/pagerank/EigenvectorWriteProc.java:51	UnsupportedButRegistered	Neo.ClientError.Procedure.ProcedureCallFailed	Procedure is recognized by the v003 registry but is not yet supported in this build; include procedure name and support status.	Call fails before row streaming; no partial result rows are emitted.	TEST-GDS-112	DirectSource	Public row should remain registered with deterministic unsupported behavior until specific procedure evidence and implementation are ready.
113	gds.hits.mutate	procedure	centrality	READ	no	gitrefrepo/neo4j-gds-src/proc/centrality/src/main/java/org/neo4j/gds/hits/HitsMutateProc.java	44	NeedsSource	NeedsSource	NotApplicable	UnsupportedButRegistered	Neo.ClientError.Procedure.ProcedureCallFailed	Procedure is recognized by the v003 registry but is not yet supported in this build; include procedure name and support status.	Call fails before row streaming; no partial result rows are emitted.	TEST-GDS-113	DirectSource	Public row should remain registered with deterministic unsupported behavior until specific procedure evidence and implementation are ready.
114	gds.hits.mutate.estimate	procedure	centrality	READ	yes	gitrefrepo/neo4j-gds-src/proc/centrality/src/main/java/org/neo4j/gds/hits/HitsMutateProc.java	53	NeedsSource	NeedsSource	gitrefrepo/neo4j-gds-src/proc/centrality/src/main/java/org/neo4j/gds/hits/HitsMutateProc.java:53	UnsupportedButRegistered	Neo.ClientError.Procedure.ProcedureCallFailed	Procedure is recognized by the v003 registry but is not yet supported in this build; include procedure name and support status.	Call fails before row streaming; no partial result rows are emitted.	TEST-GDS-114	DirectSource	Public row should remain registered with deterministic unsupported behavior until specific procedure evidence and implementation are ready.
115	gds.hits.stats	procedure	centrality	READ	no	gitrefrepo/neo4j-gds-src/proc/centrality/src/main/java/org/neo4j/gds/hits/HitsStatsProc.java	43	NeedsSource	NeedsSource	NotApplicable	UnsupportedButRegistered	Neo.ClientError.Procedure.ProcedureCallFailed	Procedure is recognized by the v003 registry but is not yet supported in this build; include procedure name and support status.	Call fails before row streaming; no partial result rows are emitted.	TEST-GDS-115	DirectSource	Public row should remain registered with deterministic unsupported behavior until specific procedure evidence and implementation are ready.
116	gds.hits.stats.estimate	procedure	centrality	READ	yes	gitrefrepo/neo4j-gds-src/proc/centrality/src/main/java/org/neo4j/gds/hits/HitsStatsProc.java	52	NeedsSource	NeedsSource	gitrefrepo/neo4j-gds-src/proc/centrality/src/main/java/org/neo4j/gds/hits/HitsStatsProc.java:52	UnsupportedButRegistered	Neo.ClientError.Procedure.ProcedureCallFailed	Procedure is recognized by the v003 registry but is not yet supported in this build; include procedure name and support status.	Call fails before row streaming; no partial result rows are emitted.	TEST-GDS-116	DirectSource	Public row should remain registered with deterministic unsupported behavior until specific procedure evidence and implementation are ready.
117	gds.hits.stream	procedure	centrality	READ	no	gitrefrepo/neo4j-gds-src/proc/centrality/src/main/java/org/neo4j/gds/hits/HitsStreamProc.java	42	NeedsSource	NeedsSource	NotApplicable	UnsupportedButRegistered	Neo.ClientError.Procedure.ProcedureCallFailed	Procedure is recognized by the v003 registry but is not yet supported in this build; include procedure name and support status.	Call fails before row streaming; no partial result rows are emitted.	TEST-GDS-117	DirectSource	Public row should remain registered with deterministic unsupported behavior until specific procedure evidence and implementation are ready.
118	gds.hits.stream.estimate	procedure	centrality	READ	yes	gitrefrepo/neo4j-gds-src/proc/centrality/src/main/java/org/neo4j/gds/hits/HitsStreamProc.java	51	NeedsSource	NeedsSource	gitrefrepo/neo4j-gds-src/proc/centrality/src/main/java/org/neo4j/gds/hits/HitsStreamProc.java:51	UnsupportedButRegistered	Neo.ClientError.Procedure.ProcedureCallFailed	Procedure is recognized by the v003 registry but is not yet supported in this build; include procedure name and support status.	Call fails before row streaming; no partial result rows are emitted.	TEST-GDS-118	DirectSource	Public row should remain registered with deterministic unsupported behavior until specific procedure evidence and implementation are ready.
119	gds.hits.write	procedure	centrality	WRITE	no	gitrefrepo/neo4j-gds-src/proc/centrality/src/main/java/org/neo4j/gds/hits/HitsWriteProc.java	43	NeedsSource	NeedsSource	NotApplicable	UnsupportedButRegistered	Neo.ClientError.Procedure.ProcedureCallFailed	Procedure is recognized by the v003 registry but is not yet supported in this build; include procedure name and support status.	Call fails before row streaming; no partial result rows are emitted.	TEST-GDS-119	DirectSource	Public row should remain registered with deterministic unsupported behavior until specific procedure evidence and implementation are ready.
120	gds.hits.write.estimate	procedure	centrality	READ	yes	gitrefrepo/neo4j-gds-src/proc/centrality/src/main/java/org/neo4j/gds/hits/HitsWriteProc.java	52	NeedsSource	NeedsSource	gitrefrepo/neo4j-gds-src/proc/centrality/src/main/java/org/neo4j/gds/hits/HitsWriteProc.java:52	UnsupportedButRegistered	Neo.ClientError.Procedure.ProcedureCallFailed	Procedure is recognized by the v003 registry but is not yet supported in this build; include procedure name and support status.	Call fails before row streaming; no partial result rows are emitted.	TEST-GDS-120	DirectSource	Public row should remain registered with deterministic unsupported behavior until specific procedure evidence and implementation are ready.
121	gds.influenceMaximization.celf.mutate	procedure	centrality	READ	no	gitrefrepo/neo4j-gds-src/proc/centrality/src/main/java/org/neo4j/gds/influenceMaximization/CELFMutateProc.java	42	NeedsSource	NeedsSource	NotApplicable	UnsupportedButRegistered	Neo.ClientError.Procedure.ProcedureCallFailed	Procedure is recognized by the v003 registry but is not yet supported in this build; include procedure name and support status.	Call fails before row streaming; no partial result rows are emitted.	TEST-GDS-121	DirectSource	Public row should remain registered with deterministic unsupported behavior until specific procedure evidence and implementation are ready.
122	gds.influenceMaximization.celf.mutate.estimate	procedure	centrality	READ	yes	gitrefrepo/neo4j-gds-src/proc/centrality/src/main/java/org/neo4j/gds/influenceMaximization/CELFMutateProc.java	51	NeedsSource	NeedsSource	gitrefrepo/neo4j-gds-src/proc/centrality/src/main/java/org/neo4j/gds/influenceMaximization/CELFMutateProc.java:51	UnsupportedButRegistered	Neo.ClientError.Procedure.ProcedureCallFailed	Procedure is recognized by the v003 registry but is not yet supported in this build; include procedure name and support status.	Call fails before row streaming; no partial result rows are emitted.	TEST-GDS-122	DirectSource	Public row should remain registered with deterministic unsupported behavior until specific procedure evidence and implementation are ready.
123	gds.influenceMaximization.celf.stats	procedure	centrality	READ	no	gitrefrepo/neo4j-gds-src/proc/centrality/src/main/java/org/neo4j/gds/influenceMaximization/CELFStatsProc.java	42	NeedsSource	NeedsSource	NotApplicable	UnsupportedButRegistered	Neo.ClientError.Procedure.ProcedureCallFailed	Procedure is recognized by the v003 registry but is not yet supported in this build; include procedure name and support status.	Call fails before row streaming; no partial result rows are emitted.	TEST-GDS-123	DirectSource	Public row should remain registered with deterministic unsupported behavior until specific procedure evidence and implementation are ready.
124	gds.influenceMaximization.celf.stats.estimate	procedure	centrality	READ	yes	gitrefrepo/neo4j-gds-src/proc/centrality/src/main/java/org/neo4j/gds/influenceMaximization/CELFStatsProc.java	51	NeedsSource	NeedsSource	gitrefrepo/neo4j-gds-src/proc/centrality/src/main/java/org/neo4j/gds/influenceMaximization/CELFStatsProc.java:51	UnsupportedButRegistered	Neo.ClientError.Procedure.ProcedureCallFailed	Procedure is recognized by the v003 registry but is not yet supported in this build; include procedure name and support status.	Call fails before row streaming; no partial result rows are emitted.	TEST-GDS-124	DirectSource	Public row should remain registered with deterministic unsupported behavior until specific procedure evidence and implementation are ready.
125	gds.influenceMaximization.celf.stream	procedure	centrality	READ	no	gitrefrepo/neo4j-gds-src/proc/centrality/src/main/java/org/neo4j/gds/influenceMaximization/CELFStreamProc.java	42	NeedsSource	NeedsSource	NotApplicable	UnsupportedButRegistered	Neo.ClientError.Procedure.ProcedureCallFailed	Procedure is recognized by the v003 registry but is not yet supported in this build; include procedure name and support status.	Call fails before row streaming; no partial result rows are emitted.	TEST-GDS-125	DirectSource	Public row should remain registered with deterministic unsupported behavior until specific procedure evidence and implementation are ready.
126	gds.influenceMaximization.celf.stream.estimate	procedure	centrality	READ	yes	gitrefrepo/neo4j-gds-src/proc/centrality/src/main/java/org/neo4j/gds/influenceMaximization/CELFStreamProc.java	51	NeedsSource	NeedsSource	gitrefrepo/neo4j-gds-src/proc/centrality/src/main/java/org/neo4j/gds/influenceMaximization/CELFStreamProc.java:51	UnsupportedButRegistered	Neo.ClientError.Procedure.ProcedureCallFailed	Procedure is recognized by the v003 registry but is not yet supported in this build; include procedure name and support status.	Call fails before row streaming; no partial result rows are emitted.	TEST-GDS-126	DirectSource	Public row should remain registered with deterministic unsupported behavior until specific procedure evidence and implementation are ready.
127	gds.influenceMaximization.celf.write	procedure	centrality	WRITE	no	gitrefrepo/neo4j-gds-src/proc/centrality/src/main/java/org/neo4j/gds/influenceMaximization/CELFWriteProc.java	43	NeedsSource	NeedsSource	NotApplicable	UnsupportedButRegistered	Neo.ClientError.Procedure.ProcedureCallFailed	Procedure is recognized by the v003 registry but is not yet supported in this build; include procedure name and support status.	Call fails before row streaming; no partial result rows are emitted.	TEST-GDS-127	DirectSource	Public row should remain registered with deterministic unsupported behavior until specific procedure evidence and implementation are ready.
128	gds.influenceMaximization.celf.write.estimate	procedure	centrality	READ	yes	gitrefrepo/neo4j-gds-src/proc/centrality/src/main/java/org/neo4j/gds/influenceMaximization/CELFWriteProc.java	52	NeedsSource	NeedsSource	gitrefrepo/neo4j-gds-src/proc/centrality/src/main/java/org/neo4j/gds/influenceMaximization/CELFWriteProc.java:52	UnsupportedButRegistered	Neo.ClientError.Procedure.ProcedureCallFailed	Procedure is recognized by the v003 registry but is not yet supported in this build; include procedure name and support status.	Call fails before row streaming; no partial result rows are emitted.	TEST-GDS-128	DirectSource	Public row should remain registered with deterministic unsupported behavior until specific procedure evidence and implementation are ready.
129	gds.pageRank.mutate	procedure	centrality	READ	no	gitrefrepo/neo4j-gds-src/proc/centrality/src/main/java/org/neo4j/gds/pagerank/PageRankMutateProc.java	41	NeedsSource	NeedsSource	NotApplicable	P1-ImplementedExactLowRam	NotApplicable	NotApplicable	Preserve Neo4j GDS result schema when implemented; see source row for procedure entrypoint.	TEST-GDS-129	DirectSource	First-tier target from oracle/support matrices; still requires implementation tests before product claim.
130	gds.pageRank.mutate.estimate	procedure	centrality	READ	yes	gitrefrepo/neo4j-gds-src/proc/centrality/src/main/java/org/neo4j/gds/pagerank/PageRankMutateProc.java	50	NeedsSource	NeedsSource	gitrefrepo/neo4j-gds-src/proc/centrality/src/main/java/org/neo4j/gds/pagerank/PageRankMutateProc.java:50	P1-ImplementedExactLowRam	NotApplicable	NotApplicable	Preserve Neo4j GDS result schema when implemented; see source row for procedure entrypoint.	TEST-GDS-130	DirectSource	First-tier target from oracle/support matrices; still requires implementation tests before product claim.
131	gds.pageRank.stats	procedure	centrality	READ	no	gitrefrepo/neo4j-gds-src/proc/centrality/src/main/java/org/neo4j/gds/pagerank/PageRankStatsProc.java	41	NeedsSource	NeedsSource	NotApplicable	P1-ImplementedExactLowRam	NotApplicable	NotApplicable	Preserve Neo4j GDS result schema when implemented; see source row for procedure entrypoint.	TEST-GDS-131	DirectSource	First-tier target from oracle/support matrices; still requires implementation tests before product claim.
132	gds.pageRank.stats.estimate	procedure	centrality	READ	yes	gitrefrepo/neo4j-gds-src/proc/centrality/src/main/java/org/neo4j/gds/pagerank/PageRankStatsProc.java	50	NeedsSource	NeedsSource	gitrefrepo/neo4j-gds-src/proc/centrality/src/main/java/org/neo4j/gds/pagerank/PageRankStatsProc.java:50	P1-ImplementedExactLowRam	NotApplicable	NotApplicable	Preserve Neo4j GDS result schema when implemented; see source row for procedure entrypoint.	TEST-GDS-132	DirectSource	First-tier target from oracle/support matrices; still requires implementation tests before product claim.
133	gds.pageRank.stream	procedure	centrality	READ	no	gitrefrepo/neo4j-gds-src/proc/centrality/src/main/java/org/neo4j/gds/pagerank/PageRankStreamProc.java	41	NeedsSource	NeedsSource	NotApplicable	P1-ImplementedExactLowRam	NotApplicable	NotApplicable	Preserve Neo4j GDS result schema when implemented; see source row for procedure entrypoint.	TEST-GDS-133	DirectSource	First-tier target from oracle/support matrices; still requires implementation tests before product claim.
134	gds.pageRank.stream.estimate	procedure	centrality	READ	yes	gitrefrepo/neo4j-gds-src/proc/centrality/src/main/java/org/neo4j/gds/pagerank/PageRankStreamProc.java	50	NeedsSource	NeedsSource	gitrefrepo/neo4j-gds-src/proc/centrality/src/main/java/org/neo4j/gds/pagerank/PageRankStreamProc.java:50	P1-ImplementedExactLowRam	NotApplicable	NotApplicable	Preserve Neo4j GDS result schema when implemented; see source row for procedure entrypoint.	TEST-GDS-134	DirectSource	First-tier target from oracle/support matrices; still requires implementation tests before product claim.
135	gds.pageRank.write	procedure	centrality	WRITE	no	gitrefrepo/neo4j-gds-src/proc/centrality/src/main/java/org/neo4j/gds/pagerank/PageRankWriteProc.java	42	NeedsSource	NeedsSource	NotApplicable	P1-ImplementedExactLowRam	NotApplicable	NotApplicable	Preserve Neo4j GDS result schema when implemented; see source row for procedure entrypoint.	TEST-GDS-135	DirectSource	First-tier target from oracle/support matrices; still requires implementation tests before product claim.
136	gds.pageRank.write.estimate	procedure	centrality	READ	yes	gitrefrepo/neo4j-gds-src/proc/centrality/src/main/java/org/neo4j/gds/pagerank/PageRankWriteProc.java	51	NeedsSource	NeedsSource	gitrefrepo/neo4j-gds-src/proc/centrality/src/main/java/org/neo4j/gds/pagerank/PageRankWriteProc.java:51	P1-ImplementedExactLowRam	NotApplicable	NotApplicable	Preserve Neo4j GDS result schema when implemented; see source row for procedure entrypoint.	TEST-GDS-136	DirectSource	First-tier target from oracle/support matrices; still requires implementation tests before product claim.
137	gds.similarity.cosine	user_function	common	NeedsSource	no	gitrefrepo/neo4j-gds-src/proc/common/src/main/java/org/neo4j/gds/functions/SimilaritiesFunc.java	52	NeedsSource	NeedsSource	NotApplicable	P0-RegisteredCompatible	NotApplicable	NotApplicable	Preserve Neo4j GDS result schema when implemented; see source row for procedure entrypoint.	TEST-GDS-137	DirectSource	Metadata or catalog-facing surface; implement registry behavior before algorithm kernels.
138	gds.similarity.euclidean	user_function	common	NeedsSource	no	gitrefrepo/neo4j-gds-src/proc/common/src/main/java/org/neo4j/gds/functions/SimilaritiesFunc.java	88	NeedsSource	NeedsSource	NotApplicable	P0-RegisteredCompatible	NotApplicable	NotApplicable	Preserve Neo4j GDS result schema when implemented; see source row for procedure entrypoint.	TEST-GDS-138	DirectSource	Metadata or catalog-facing surface; implement registry behavior before algorithm kernels.
139	gds.similarity.euclideanDistance	user_function	common	NeedsSource	no	gitrefrepo/neo4j-gds-src/proc/common/src/main/java/org/neo4j/gds/functions/SimilaritiesFunc.java	76	NeedsSource	NeedsSource	NotApplicable	P0-RegisteredCompatible	NotApplicable	NotApplicable	Preserve Neo4j GDS result schema when implemented; see source row for procedure entrypoint.	TEST-GDS-139	DirectSource	Metadata or catalog-facing surface; implement registry behavior before algorithm kernels.
140	gds.similarity.jaccard	user_function	common	NeedsSource	no	gitrefrepo/neo4j-gds-src/proc/common/src/main/java/org/neo4j/gds/functions/SimilaritiesFunc.java	40	NeedsSource	NeedsSource	NotApplicable	P0-RegisteredCompatible	NotApplicable	NotApplicable	Preserve Neo4j GDS result schema when implemented; see source row for procedure entrypoint.	TEST-GDS-140	DirectSource	Metadata or catalog-facing surface; implement registry behavior before algorithm kernels.
141	gds.similarity.overlap	user_function	common	NeedsSource	no	gitrefrepo/neo4j-gds-src/proc/common/src/main/java/org/neo4j/gds/functions/SimilaritiesFunc.java	97	NeedsSource	NeedsSource	NotApplicable	P0-RegisteredCompatible	NotApplicable	NotApplicable	Preserve Neo4j GDS result schema when implemented; see source row for procedure entrypoint.	TEST-GDS-141	DirectSource	Metadata or catalog-facing surface; implement registry behavior before algorithm kernels.
142	gds.similarity.pearson	user_function	common	NeedsSource	no	gitrefrepo/neo4j-gds-src/proc/common/src/main/java/org/neo4j/gds/functions/SimilaritiesFunc.java	64	NeedsSource	NeedsSource	NotApplicable	P0-RegisteredCompatible	NotApplicable	NotApplicable	Preserve Neo4j GDS result schema when implemented; see source row for procedure entrypoint.	TEST-GDS-142	DirectSource	Metadata or catalog-facing surface; implement registry behavior before algorithm kernels.
143	gds.util.NaN	user_function	common	NeedsSource	no	gitrefrepo/neo4j-gds-src/proc/common/src/main/java/org/neo4j/gds/functions/IsFiniteFunc.java	46	NeedsSource	NeedsSource	NotApplicable	P0-RegisteredCompatible	NotApplicable	NotApplicable	Preserve Neo4j GDS result schema when implemented; see source row for procedure entrypoint.	TEST-GDS-143	DirectSource	Metadata or catalog-facing surface; implement registry behavior before algorithm kernels.
144	gds.util.asNode	user_function	common	NeedsSource	no	gitrefrepo/neo4j-gds-src/proc/common/src/main/java/org/neo4j/gds/functions/AsNodeFunc.java	42	NeedsSource	NeedsSource	NotApplicable	P0-RegisteredCompatible	NotApplicable	NotApplicable	Preserve Neo4j GDS result schema when implemented; see source row for procedure entrypoint.	TEST-GDS-144	DirectSource	Metadata or catalog-facing surface; implement registry behavior before algorithm kernels.
145	gds.util.asNodes	user_function	common	NeedsSource	no	gitrefrepo/neo4j-gds-src/proc/common/src/main/java/org/neo4j/gds/functions/AsNodeFunc.java	48	NeedsSource	NeedsSource	NotApplicable	P0-RegisteredCompatible	NotApplicable	NotApplicable	Preserve Neo4j GDS result schema when implemented; see source row for procedure entrypoint.	TEST-GDS-145	DirectSource	Metadata or catalog-facing surface; implement registry behavior before algorithm kernels.
146	gds.util.infinity	user_function	common	NeedsSource	no	gitrefrepo/neo4j-gds-src/proc/common/src/main/java/org/neo4j/gds/functions/IsFiniteFunc.java	40	NeedsSource	NeedsSource	NotApplicable	P0-RegisteredCompatible	NotApplicable	NotApplicable	Preserve Neo4j GDS result schema when implemented; see source row for procedure entrypoint.	TEST-GDS-146	DirectSource	Metadata or catalog-facing surface; implement registry behavior before algorithm kernels.
147	gds.util.isFinite	user_function	common	NeedsSource	no	gitrefrepo/neo4j-gds-src/proc/common/src/main/java/org/neo4j/gds/functions/IsFiniteFunc.java	28	NeedsSource	NeedsSource	NotApplicable	P0-RegisteredCompatible	NotApplicable	NotApplicable	Preserve Neo4j GDS result schema when implemented; see source row for procedure entrypoint.	TEST-GDS-147	DirectSource	Metadata or catalog-facing surface; implement registry behavior before algorithm kernels.
148	gds.util.isInfinite	user_function	common	NeedsSource	no	gitrefrepo/neo4j-gds-src/proc/common/src/main/java/org/neo4j/gds/functions/IsFiniteFunc.java	34	NeedsSource	NeedsSource	NotApplicable	P0-RegisteredCompatible	NotApplicable	NotApplicable	Preserve Neo4j GDS result schema when implemented; see source row for procedure entrypoint.	TEST-GDS-148	DirectSource	Metadata or catalog-facing surface; implement registry behavior before algorithm kernels.
149	gds.util.nodeProperty	user_function	common	NeedsSource	no	gitrefrepo/neo4j-gds-src/proc/common/src/main/java/org/neo4j/gds/functions/NodePropertyFunc.java	50	NeedsSource	NeedsSource	NotApplicable	P0-RegisteredCompatible	NotApplicable	NotApplicable	Preserve Neo4j GDS result schema when implemented; see source row for procedure entrypoint.	TEST-GDS-149	DirectSource	Metadata or catalog-facing surface; implement registry behavior before algorithm kernels.
150	gds.alpha.conductance.stream	procedure	community	READ	no	gitrefrepo/neo4j-gds-src/proc/community/src/main/java/org/neo4j/gds/conductance/ConductanceStreamProc.java	54	NeedsSource	NeedsSource	NotApplicable	UnsupportedButRegistered	Neo.ClientError.Procedure.ProcedureCallFailed	Procedure is recognized by the v003 registry but is not yet supported in this build; include procedure name and support status.	Call fails before row streaming; no partial result rows are emitted.	TEST-GDS-150	DirectSource	Public row should remain registered with deterministic unsupported behavior until specific procedure evidence and implementation are ready.
151	gds.alpha.maxkcut.mutate	procedure	community	READ	no	gitrefrepo/neo4j-gds-src/proc/community/src/main/java/org/neo4j/gds/approxmaxkcut/ApproxMaxKCutMutateProc.java	62	NeedsSource	NeedsSource	NotApplicable	UnsupportedButRegistered	Neo.ClientError.Procedure.ProcedureCallFailed	Procedure is recognized by the v003 registry but is not yet supported in this build; include procedure name and support status.	Call fails before row streaming; no partial result rows are emitted.	TEST-GDS-151	DirectSource	Public row should remain registered with deterministic unsupported behavior until specific procedure evidence and implementation are ready.
152	gds.alpha.maxkcut.mutate.estimate	procedure	community	READ	yes	gitrefrepo/neo4j-gds-src/proc/community/src/main/java/org/neo4j/gds/approxmaxkcut/ApproxMaxKCutMutateProc.java	78	NeedsSource	NeedsSource	gitrefrepo/neo4j-gds-src/proc/community/src/main/java/org/neo4j/gds/approxmaxkcut/ApproxMaxKCutMutateProc.java:78	UnsupportedButRegistered	Neo.ClientError.Procedure.ProcedureCallFailed	Procedure is recognized by the v003 registry but is not yet supported in this build; include procedure name and support status.	Call fails before row streaming; no partial result rows are emitted.	TEST-GDS-152	DirectSource	Public row should remain registered with deterministic unsupported behavior until specific procedure evidence and implementation are ready.
153	gds.alpha.maxkcut.stream	procedure	community	READ	no	gitrefrepo/neo4j-gds-src/proc/community/src/main/java/org/neo4j/gds/approxmaxkcut/ApproxMaxKCutStreamProc.java	62	NeedsSource	NeedsSource	NotApplicable	UnsupportedButRegistered	Neo.ClientError.Procedure.ProcedureCallFailed	Procedure is recognized by the v003 registry but is not yet supported in this build; include procedure name and support status.	Call fails before row streaming; no partial result rows are emitted.	TEST-GDS-153	DirectSource	Public row should remain registered with deterministic unsupported behavior until specific procedure evidence and implementation are ready.
154	gds.alpha.maxkcut.stream.estimate	procedure	community	READ	yes	gitrefrepo/neo4j-gds-src/proc/community/src/main/java/org/neo4j/gds/approxmaxkcut/ApproxMaxKCutStreamProc.java	77	NeedsSource	NeedsSource	gitrefrepo/neo4j-gds-src/proc/community/src/main/java/org/neo4j/gds/approxmaxkcut/ApproxMaxKCutStreamProc.java:77	UnsupportedButRegistered	Neo.ClientError.Procedure.ProcedureCallFailed	Procedure is recognized by the v003 registry but is not yet supported in this build; include procedure name and support status.	Call fails before row streaming; no partial result rows are emitted.	TEST-GDS-154	DirectSource	Public row should remain registered with deterministic unsupported behavior until specific procedure evidence and implementation are ready.
155	gds.alpha.modularity.stats	procedure	community	READ	no	gitrefrepo/neo4j-gds-src/proc/community/src/main/java/org/neo4j/gds/modularity/ModularityStatsProc.java	62	NeedsSource	NeedsSource	NotApplicable	UnsupportedButRegistered	Neo.ClientError.Procedure.ProcedureCallFailed	Procedure is recognized by the v003 registry but is not yet supported in this build; include procedure name and support status.	Call fails before row streaming; no partial result rows are emitted.	TEST-GDS-155	DirectSource	Public row should remain registered with deterministic unsupported behavior until specific procedure evidence and implementation are ready.
156	gds.alpha.modularity.stream	procedure	community	READ	no	gitrefrepo/neo4j-gds-src/proc/community/src/main/java/org/neo4j/gds/modularity/ModularityStreamProc.java	62	NeedsSource	NeedsSource	NotApplicable	UnsupportedButRegistered	Neo.ClientError.Procedure.ProcedureCallFailed	Procedure is recognized by the v003 registry but is not yet supported in this build; include procedure name and support status.	Call fails before row streaming; no partial result rows are emitted.	TEST-GDS-156	DirectSource	Public row should remain registered with deterministic unsupported behavior until specific procedure evidence and implementation are ready.
157	gds.alpha.scc.stream	procedure	community	READ	no	gitrefrepo/neo4j-gds-src/proc/community/src/main/java/org/neo4j/gds/scc/SccStreamProc.java	60	NeedsSource	NeedsSource	NotApplicable	UnsupportedButRegistered	Neo.ClientError.Procedure.ProcedureCallFailed	Procedure is recognized by the v003 registry but is not yet supported in this build; include procedure name and support status.	Call fails before row streaming; no partial result rows are emitted.	TEST-GDS-157	DirectSource	Public row should remain registered with deterministic unsupported behavior until specific procedure evidence and implementation are ready.
158	gds.alpha.scc.write	procedure	community	WRITE	no	gitrefrepo/neo4j-gds-src/proc/community/src/main/java/org/neo4j/gds/scc/SccWriteProc.java	62	NeedsSource	NeedsSource	NotApplicable	UnsupportedButRegistered	Neo.ClientError.Procedure.ProcedureCallFailed	Procedure is recognized by the v003 registry but is not yet supported in this build; include procedure name and support status.	Call fails before row streaming; no partial result rows are emitted.	TEST-GDS-158	DirectSource	Public row should remain registered with deterministic unsupported behavior until specific procedure evidence and implementation are ready.
159	gds.alpha.sllpa.mutate	procedure	community	READ	no	gitrefrepo/neo4j-gds-src/proc/community/src/main/java/org/neo4j/gds/sllpa/SpeakerListenerLPAMutateProc.java	64	NeedsSource	NeedsSource	NotApplicable	UnsupportedButRegistered	Neo.ClientError.Procedure.ProcedureCallFailed	Procedure is recognized by the v003 registry but is not yet supported in this build; include procedure name and support status.	Call fails before row streaming; no partial result rows are emitted.	TEST-GDS-159	DirectSource	Public row should remain registered with deterministic unsupported behavior until specific procedure evidence and implementation are ready.
160	gds.alpha.sllpa.mutate.estimate	procedure	community	M	yes	gitrefrepo/neo4j-gds-src/proc/community/src/main/java/org/neo4j/gds/sllpa/SpeakerListenerLPAMutateProc.java	76	NeedsSource	NeedsSource	gitrefrepo/neo4j-gds-src/proc/community/src/main/java/org/neo4j/gds/sllpa/SpeakerListenerLPAMutateProc.java:76	UnsupportedButRegistered	Neo.ClientError.Procedure.ProcedureCallFailed	Procedure is recognized by the v003 registry but is not yet supported in this build; include procedure name and support status.	Call fails before row streaming; no partial result rows are emitted.	TEST-GDS-160	DirectSource	Public row should remain registered with deterministic unsupported behavior until specific procedure evidence and implementation are ready.
161	gds.alpha.sllpa.stats	procedure	community	M	no	gitrefrepo/neo4j-gds-src/proc/community/src/main/java/org/neo4j/gds/sllpa/SpeakerListenerLPAStatsProc.java	64	NeedsSource	NeedsSource	NotApplicable	UnsupportedButRegistered	Neo.ClientError.Procedure.ProcedureCallFailed	Procedure is recognized by the v003 registry but is not yet supported in this build; include procedure name and support status.	Call fails before row streaming; no partial result rows are emitted.	TEST-GDS-161	DirectSource	Public row should remain registered with deterministic unsupported behavior until specific procedure evidence and implementation are ready.
162	gds.alpha.sllpa.stats.estimate	procedure	community	M	yes	gitrefrepo/neo4j-gds-src/proc/community/src/main/java/org/neo4j/gds/sllpa/SpeakerListenerLPAStatsProc.java	76	NeedsSource	NeedsSource	gitrefrepo/neo4j-gds-src/proc/community/src/main/java/org/neo4j/gds/sllpa/SpeakerListenerLPAStatsProc.java:76	UnsupportedButRegistered	Neo.ClientError.Procedure.ProcedureCallFailed	Procedure is recognized by the v003 registry but is not yet supported in this build; include procedure name and support status.	Call fails before row streaming; no partial result rows are emitted.	TEST-GDS-162	DirectSource	Public row should remain registered with deterministic unsupported behavior until specific procedure evidence and implementation are ready.
163	gds.alpha.sllpa.stream	procedure	community	M	no	gitrefrepo/neo4j-gds-src/proc/community/src/main/java/org/neo4j/gds/sllpa/SpeakerListenerLPAStreamProc.java	64	NeedsSource	NeedsSource	NotApplicable	UnsupportedButRegistered	Neo.ClientError.Procedure.ProcedureCallFailed	Procedure is recognized by the v003 registry but is not yet supported in this build; include procedure name and support status.	Call fails before row streaming; no partial result rows are emitted.	TEST-GDS-163	DirectSource	Public row should remain registered with deterministic unsupported behavior until specific procedure evidence and implementation are ready.
164	gds.alpha.sllpa.stream.estimate	procedure	community	M	yes	gitrefrepo/neo4j-gds-src/proc/community/src/main/java/org/neo4j/gds/sllpa/SpeakerListenerLPAStreamProc.java	76	NeedsSource	NeedsSource	gitrefrepo/neo4j-gds-src/proc/community/src/main/java/org/neo4j/gds/sllpa/SpeakerListenerLPAStreamProc.java:76	UnsupportedButRegistered	Neo.ClientError.Procedure.ProcedureCallFailed	Procedure is recognized by the v003 registry but is not yet supported in this build; include procedure name and support status.	Call fails before row streaming; no partial result rows are emitted.	TEST-GDS-164	DirectSource	Public row should remain registered with deterministic unsupported behavior until specific procedure evidence and implementation are ready.
165	gds.alpha.sllpa.write	procedure	community	M	no	gitrefrepo/neo4j-gds-src/proc/community/src/main/java/org/neo4j/gds/sllpa/SpeakerListenerLPAWriteProc.java	65	NeedsSource	NeedsSource	NotApplicable	UnsupportedButRegistered	Neo.ClientError.Procedure.ProcedureCallFailed	Procedure is recognized by the v003 registry but is not yet supported in this build; include procedure name and support status.	Call fails before row streaming; no partial result rows are emitted.	TEST-GDS-165	DirectSource	Public row should remain registered with deterministic unsupported behavior until specific procedure evidence and implementation are ready.
166	gds.alpha.sllpa.write.estimate	procedure	community	M	yes	gitrefrepo/neo4j-gds-src/proc/community/src/main/java/org/neo4j/gds/sllpa/SpeakerListenerLPAWriteProc.java	77	NeedsSource	NeedsSource	gitrefrepo/neo4j-gds-src/proc/community/src/main/java/org/neo4j/gds/sllpa/SpeakerListenerLPAWriteProc.java:77	UnsupportedButRegistered	Neo.ClientError.Procedure.ProcedureCallFailed	Procedure is recognized by the v003 registry but is not yet supported in this build; include procedure name and support status.	Call fails before row streaming; no partial result rows are emitted.	TEST-GDS-166	DirectSource	Public row should remain registered with deterministic unsupported behavior until specific procedure evidence and implementation are ready.
167	gds.alpha.triangles	procedure	community	READ	no	gitrefrepo/neo4j-gds-src/proc/community/src/main/java/org/neo4j/gds/triangle/TriangleProc.java	50	NeedsSource	NeedsSource	NotApplicable	UnsupportedButRegistered	Neo.ClientError.Procedure.ProcedureCallFailed	Procedure is recognized by the v003 registry but is not yet supported in this build; include procedure name and support status.	Call fails before row streaming; no partial result rows are emitted.	TEST-GDS-167	DirectSource	Public row should remain registered with deterministic unsupported behavior until specific procedure evidence and implementation are ready.
168	gds.beta.k1coloring.mutate	procedure	community	READ	no	gitrefrepo/neo4j-gds-src/proc/community/src/main/java/org/neo4j/gds/k1coloring/K1ColoringMutateProc.java	60	NeedsSource	NeedsSource	NotApplicable	UnsupportedButRegistered	Neo.ClientError.Procedure.ProcedureCallFailed	Procedure is recognized by the v003 registry but is not yet supported in this build; include procedure name and support status.	Call fails before row streaming; no partial result rows are emitted.	TEST-GDS-168	DirectSource	Public row should remain registered with deterministic unsupported behavior until specific procedure evidence and implementation are ready.
169	gds.beta.k1coloring.mutate.estimate	procedure	community	READ	yes	gitrefrepo/neo4j-gds-src/proc/community/src/main/java/org/neo4j/gds/k1coloring/K1ColoringMutateProc.java	76	NeedsSource	NeedsSource	gitrefrepo/neo4j-gds-src/proc/community/src/main/java/org/neo4j/gds/k1coloring/K1ColoringMutateProc.java:76	UnsupportedButRegistered	Neo.ClientError.Procedure.ProcedureCallFailed	Procedure is recognized by the v003 registry but is not yet supported in this build; include procedure name and support status.	Call fails before row streaming; no partial result rows are emitted.	TEST-GDS-169	DirectSource	Public row should remain registered with deterministic unsupported behavior until specific procedure evidence and implementation are ready.
170	gds.beta.k1coloring.stats	procedure	community	READ	no	gitrefrepo/neo4j-gds-src/proc/community/src/main/java/org/neo4j/gds/k1coloring/K1ColoringStatsProc.java	60	NeedsSource	NeedsSource	NotApplicable	UnsupportedButRegistered	Neo.ClientError.Procedure.ProcedureCallFailed	Procedure is recognized by the v003 registry but is not yet supported in this build; include procedure name and support status.	Call fails before row streaming; no partial result rows are emitted.	TEST-GDS-170	DirectSource	Public row should remain registered with deterministic unsupported behavior until specific procedure evidence and implementation are ready.
171	gds.beta.k1coloring.stats.estimate	procedure	community	READ	yes	gitrefrepo/neo4j-gds-src/proc/community/src/main/java/org/neo4j/gds/k1coloring/K1ColoringStatsProc.java	76	NeedsSource	NeedsSource	gitrefrepo/neo4j-gds-src/proc/community/src/main/java/org/neo4j/gds/k1coloring/K1ColoringStatsProc.java:76	UnsupportedButRegistered	Neo.ClientError.Procedure.ProcedureCallFailed	Procedure is recognized by the v003 registry but is not yet supported in this build; include procedure name and support status.	Call fails before row streaming; no partial result rows are emitted.	TEST-GDS-171	DirectSource	Public row should remain registered with deterministic unsupported behavior until specific procedure evidence and implementation are ready.
172	gds.beta.k1coloring.stream	procedure	community	READ	no	gitrefrepo/neo4j-gds-src/proc/community/src/main/java/org/neo4j/gds/k1coloring/K1ColoringStreamProc.java	60	NeedsSource	NeedsSource	NotApplicable	UnsupportedButRegistered	Neo.ClientError.Procedure.ProcedureCallFailed	Procedure is recognized by the v003 registry but is not yet supported in this build; include procedure name and support status.	Call fails before row streaming; no partial result rows are emitted.	TEST-GDS-172	DirectSource	Public row should remain registered with deterministic unsupported behavior until specific procedure evidence and implementation are ready.
173	gds.beta.k1coloring.stream.estimate	procedure	community	READ	yes	gitrefrepo/neo4j-gds-src/proc/community/src/main/java/org/neo4j/gds/k1coloring/K1ColoringStreamProc.java	76	NeedsSource	NeedsSource	gitrefrepo/neo4j-gds-src/proc/community/src/main/java/org/neo4j/gds/k1coloring/K1ColoringStreamProc.java:76	UnsupportedButRegistered	Neo.ClientError.Procedure.ProcedureCallFailed	Procedure is recognized by the v003 registry but is not yet supported in this build; include procedure name and support status.	Call fails before row streaming; no partial result rows are emitted.	TEST-GDS-173	DirectSource	Public row should remain registered with deterministic unsupported behavior until specific procedure evidence and implementation are ready.
174	gds.beta.k1coloring.write	procedure	community	WRITE	no	gitrefrepo/neo4j-gds-src/proc/community/src/main/java/org/neo4j/gds/k1coloring/K1ColoringWriteProc.java	61	NeedsSource	NeedsSource	NotApplicable	UnsupportedButRegistered	Neo.ClientError.Procedure.ProcedureCallFailed	Procedure is recognized by the v003 registry but is not yet supported in this build; include procedure name and support status.	Call fails before row streaming; no partial result rows are emitted.	TEST-GDS-174	DirectSource	Public row should remain registered with deterministic unsupported behavior until specific procedure evidence and implementation are ready.
175	gds.beta.k1coloring.write.estimate	procedure	community	READ	yes	gitrefrepo/neo4j-gds-src/proc/community/src/main/java/org/neo4j/gds/k1coloring/K1ColoringWriteProc.java	77	NeedsSource	NeedsSource	gitrefrepo/neo4j-gds-src/proc/community/src/main/java/org/neo4j/gds/k1coloring/K1ColoringWriteProc.java:77	UnsupportedButRegistered	Neo.ClientError.Procedure.ProcedureCallFailed	Procedure is recognized by the v003 registry but is not yet supported in this build; include procedure name and support status.	Call fails before row streaming; no partial result rows are emitted.	TEST-GDS-175	DirectSource	Public row should remain registered with deterministic unsupported behavior until specific procedure evidence and implementation are ready.
176	gds.beta.kmeans.mutate	procedure	community	READ	no	gitrefrepo/neo4j-gds-src/proc/community/src/main/java/org/neo4j/gds/kmeans/KmeansMutateProc.java	53	NeedsSource	NeedsSource	NotApplicable	UnsupportedButRegistered	Neo.ClientError.Procedure.ProcedureCallFailed	Procedure is recognized by the v003 registry but is not yet supported in this build; include procedure name and support status.	Call fails before row streaming; no partial result rows are emitted.	TEST-GDS-176	DirectSource	Public row should remain registered with deterministic unsupported behavior until specific procedure evidence and implementation are ready.
177	gds.beta.kmeans.mutate.estimate	procedure	community	READ	yes	gitrefrepo/neo4j-gds-src/proc/community/src/main/java/org/neo4j/gds/kmeans/KmeansMutateProc.java	77	NeedsSource	NeedsSource	gitrefrepo/neo4j-gds-src/proc/community/src/main/java/org/neo4j/gds/kmeans/KmeansMutateProc.java:77	UnsupportedButRegistered	Neo.ClientError.Procedure.ProcedureCallFailed	Procedure is recognized by the v003 registry but is not yet supported in this build; include procedure name and support status.	Call fails before row streaming; no partial result rows are emitted.	TEST-GDS-177	DirectSource	Public row should remain registered with deterministic unsupported behavior until specific procedure evidence and implementation are ready.
178	gds.beta.kmeans.stats	procedure	community	READ	no	gitrefrepo/neo4j-gds-src/proc/community/src/main/java/org/neo4j/gds/kmeans/KmeansStatsProc.java	53	NeedsSource	NeedsSource	NotApplicable	UnsupportedButRegistered	Neo.ClientError.Procedure.ProcedureCallFailed	Procedure is recognized by the v003 registry but is not yet supported in this build; include procedure name and support status.	Call fails before row streaming; no partial result rows are emitted.	TEST-GDS-178	DirectSource	Public row should remain registered with deterministic unsupported behavior until specific procedure evidence and implementation are ready.
179	gds.beta.kmeans.stats.estimate	procedure	community	READ	yes	gitrefrepo/neo4j-gds-src/proc/community/src/main/java/org/neo4j/gds/kmeans/KmeansStatsProc.java	77	NeedsSource	NeedsSource	gitrefrepo/neo4j-gds-src/proc/community/src/main/java/org/neo4j/gds/kmeans/KmeansStatsProc.java:77	UnsupportedButRegistered	Neo.ClientError.Procedure.ProcedureCallFailed	Procedure is recognized by the v003 registry but is not yet supported in this build; include procedure name and support status.	Call fails before row streaming; no partial result rows are emitted.	TEST-GDS-179	DirectSource	Public row should remain registered with deterministic unsupported behavior until specific procedure evidence and implementation are ready.
180	gds.beta.kmeans.stream	procedure	community	READ	no	gitrefrepo/neo4j-gds-src/proc/community/src/main/java/org/neo4j/gds/kmeans/KmeansStreamProc.java	53	NeedsSource	NeedsSource	NotApplicable	UnsupportedButRegistered	Neo.ClientError.Procedure.ProcedureCallFailed	Procedure is recognized by the v003 registry but is not yet supported in this build; include procedure name and support status.	Call fails before row streaming; no partial result rows are emitted.	TEST-GDS-180	DirectSource	Public row should remain registered with deterministic unsupported behavior until specific procedure evidence and implementation are ready.
181	gds.beta.kmeans.stream.estimate	procedure	community	READ	yes	gitrefrepo/neo4j-gds-src/proc/community/src/main/java/org/neo4j/gds/kmeans/KmeansStreamProc.java	76	NeedsSource	NeedsSource	gitrefrepo/neo4j-gds-src/proc/community/src/main/java/org/neo4j/gds/kmeans/KmeansStreamProc.java:76	UnsupportedButRegistered	Neo.ClientError.Procedure.ProcedureCallFailed	Procedure is recognized by the v003 registry but is not yet supported in this build; include procedure name and support status.	Call fails before row streaming; no partial result rows are emitted.	TEST-GDS-181	DirectSource	Public row should remain registered with deterministic unsupported behavior until specific procedure evidence and implementation are ready.
182	gds.beta.kmeans.write	procedure	community	WRITE	no	gitrefrepo/neo4j-gds-src/proc/community/src/main/java/org/neo4j/gds/kmeans/KmeansWriteProc.java	54	NeedsSource	NeedsSource	NotApplicable	UnsupportedButRegistered	Neo.ClientError.Procedure.ProcedureCallFailed	Procedure is recognized by the v003 registry but is not yet supported in this build; include procedure name and support status.	Call fails before row streaming; no partial result rows are emitted.	TEST-GDS-182	DirectSource	Public row should remain registered with deterministic unsupported behavior until specific procedure evidence and implementation are ready.
183	gds.beta.kmeans.write.estimate	procedure	community	READ	yes	gitrefrepo/neo4j-gds-src/proc/community/src/main/java/org/neo4j/gds/kmeans/KmeansWriteProc.java	78	NeedsSource	NeedsSource	gitrefrepo/neo4j-gds-src/proc/community/src/main/java/org/neo4j/gds/kmeans/KmeansWriteProc.java:78	UnsupportedButRegistered	Neo.ClientError.Procedure.ProcedureCallFailed	Procedure is recognized by the v003 registry but is not yet supported in this build; include procedure name and support status.	Call fails before row streaming; no partial result rows are emitted.	TEST-GDS-183	DirectSource	Public row should remain registered with deterministic unsupported behavior until specific procedure evidence and implementation are ready.
184	gds.beta.leiden.mutate	procedure	community	READ	no	gitrefrepo/neo4j-gds-src/proc/community/src/main/java/org/neo4j/gds/leiden/LeidenMutateProc.java	62	NeedsSource	NeedsSource	NotApplicable	UnsupportedButRegistered	Neo.ClientError.Procedure.ProcedureCallFailed	Procedure is recognized by the v003 registry but is not yet supported in this build; include procedure name and support status.	Call fails before row streaming; no partial result rows are emitted.	TEST-GDS-184	DirectSource	Public row should remain registered with deterministic unsupported behavior until specific procedure evidence and implementation are ready.
185	gds.beta.leiden.mutate.estimate	procedure	community	READ	yes	gitrefrepo/neo4j-gds-src/proc/community/src/main/java/org/neo4j/gds/leiden/LeidenMutateProc.java	78	NeedsSource	NeedsSource	gitrefrepo/neo4j-gds-src/proc/community/src/main/java/org/neo4j/gds/leiden/LeidenMutateProc.java:78	UnsupportedButRegistered	Neo.ClientError.Procedure.ProcedureCallFailed	Procedure is recognized by the v003 registry but is not yet supported in this build; include procedure name and support status.	Call fails before row streaming; no partial result rows are emitted.	TEST-GDS-185	DirectSource	Public row should remain registered with deterministic unsupported behavior until specific procedure evidence and implementation are ready.
186	gds.beta.leiden.stats	procedure	community	READ	no	gitrefrepo/neo4j-gds-src/proc/community/src/main/java/org/neo4j/gds/leiden/LeidenStatsProc.java	62	NeedsSource	NeedsSource	NotApplicable	UnsupportedButRegistered	Neo.ClientError.Procedure.ProcedureCallFailed	Procedure is recognized by the v003 registry but is not yet supported in this build; include procedure name and support status.	Call fails before row streaming; no partial result rows are emitted.	TEST-GDS-186	DirectSource	Public row should remain registered with deterministic unsupported behavior until specific procedure evidence and implementation are ready.
187	gds.beta.leiden.stats.estimate	procedure	community	READ	yes	gitrefrepo/neo4j-gds-src/proc/community/src/main/java/org/neo4j/gds/leiden/LeidenStatsProc.java	78	NeedsSource	NeedsSource	gitrefrepo/neo4j-gds-src/proc/community/src/main/java/org/neo4j/gds/leiden/LeidenStatsProc.java:78	UnsupportedButRegistered	Neo.ClientError.Procedure.ProcedureCallFailed	Procedure is recognized by the v003 registry but is not yet supported in this build; include procedure name and support status.	Call fails before row streaming; no partial result rows are emitted.	TEST-GDS-187	DirectSource	Public row should remain registered with deterministic unsupported behavior until specific procedure evidence and implementation are ready.
188	gds.beta.leiden.stream	procedure	community	READ	no	gitrefrepo/neo4j-gds-src/proc/community/src/main/java/org/neo4j/gds/leiden/LeidenStreamProc.java	62	NeedsSource	NeedsSource	NotApplicable	UnsupportedButRegistered	Neo.ClientError.Procedure.ProcedureCallFailed	Procedure is recognized by the v003 registry but is not yet supported in this build; include procedure name and support status.	Call fails before row streaming; no partial result rows are emitted.	TEST-GDS-188	DirectSource	Public row should remain registered with deterministic unsupported behavior until specific procedure evidence and implementation are ready.
189	gds.beta.leiden.stream.estimate	procedure	community	READ	yes	gitrefrepo/neo4j-gds-src/proc/community/src/main/java/org/neo4j/gds/leiden/LeidenStreamProc.java	78	NeedsSource	NeedsSource	gitrefrepo/neo4j-gds-src/proc/community/src/main/java/org/neo4j/gds/leiden/LeidenStreamProc.java:78	UnsupportedButRegistered	Neo.ClientError.Procedure.ProcedureCallFailed	Procedure is recognized by the v003 registry but is not yet supported in this build; include procedure name and support status.	Call fails before row streaming; no partial result rows are emitted.	TEST-GDS-189	DirectSource	Public row should remain registered with deterministic unsupported behavior until specific procedure evidence and implementation are ready.
190	gds.beta.leiden.write	procedure	community	WRITE	no	gitrefrepo/neo4j-gds-src/proc/community/src/main/java/org/neo4j/gds/leiden/LeidenWriteProc.java	63	NeedsSource	NeedsSource	NotApplicable	UnsupportedButRegistered	Neo.ClientError.Procedure.ProcedureCallFailed	Procedure is recognized by the v003 registry but is not yet supported in this build; include procedure name and support status.	Call fails before row streaming; no partial result rows are emitted.	TEST-GDS-190	DirectSource	Public row should remain registered with deterministic unsupported behavior until specific procedure evidence and implementation are ready.
191	gds.beta.leiden.write.estimate	procedure	community	READ	yes	gitrefrepo/neo4j-gds-src/proc/community/src/main/java/org/neo4j/gds/leiden/LeidenWriteProc.java	79	NeedsSource	NeedsSource	gitrefrepo/neo4j-gds-src/proc/community/src/main/java/org/neo4j/gds/leiden/LeidenWriteProc.java:79	UnsupportedButRegistered	Neo.ClientError.Procedure.ProcedureCallFailed	Procedure is recognized by the v003 registry but is not yet supported in this build; include procedure name and support status.	Call fails before row streaming; no partial result rows are emitted.	TEST-GDS-191	DirectSource	Public row should remain registered with deterministic unsupported behavior until specific procedure evidence and implementation are ready.
192	gds.beta.modularityOptimization.mutate	procedure	community	READ	no	gitrefrepo/neo4j-gds-src/proc/community/src/main/java/org/neo4j/gds/modularityoptimization/ModularityOptimizationMutateProc.java	62	NeedsSource	NeedsSource	NotApplicable	UnsupportedButRegistered	Neo.ClientError.Procedure.ProcedureCallFailed	Procedure is recognized by the v003 registry but is not yet supported in this build; include procedure name and support status.	Call fails before row streaming; no partial result rows are emitted.	TEST-GDS-192	DirectSource	Public row should remain registered with deterministic unsupported behavior until specific procedure evidence and implementation are ready.
193	gds.beta.modularityOptimization.mutate.estimate	procedure	community	READ	yes	gitrefrepo/neo4j-gds-src/proc/community/src/main/java/org/neo4j/gds/modularityoptimization/ModularityOptimizationMutateProc.java	78	NeedsSource	NeedsSource	gitrefrepo/neo4j-gds-src/proc/community/src/main/java/org/neo4j/gds/modularityoptimization/ModularityOptimizationMutateProc.java:78	UnsupportedButRegistered	Neo.ClientError.Procedure.ProcedureCallFailed	Procedure is recognized by the v003 registry but is not yet supported in this build; include procedure name and support status.	Call fails before row streaming; no partial result rows are emitted.	TEST-GDS-193	DirectSource	Public row should remain registered with deterministic unsupported behavior until specific procedure evidence and implementation are ready.
194	gds.beta.modularityOptimization.stream	procedure	community	READ	no	gitrefrepo/neo4j-gds-src/proc/community/src/main/java/org/neo4j/gds/modularityoptimization/ModularityOptimizationStreamProc.java	62	NeedsSource	NeedsSource	NotApplicable	UnsupportedButRegistered	Neo.ClientError.Procedure.ProcedureCallFailed	Procedure is recognized by the v003 registry but is not yet supported in this build; include procedure name and support status.	Call fails before row streaming; no partial result rows are emitted.	TEST-GDS-194	DirectSource	Public row should remain registered with deterministic unsupported behavior until specific procedure evidence and implementation are ready.
195	gds.beta.modularityOptimization.stream.estimate	procedure	community	READ	yes	gitrefrepo/neo4j-gds-src/proc/community/src/main/java/org/neo4j/gds/modularityoptimization/ModularityOptimizationStreamProc.java	78	NeedsSource	NeedsSource	gitrefrepo/neo4j-gds-src/proc/community/src/main/java/org/neo4j/gds/modularityoptimization/ModularityOptimizationStreamProc.java:78	UnsupportedButRegistered	Neo.ClientError.Procedure.ProcedureCallFailed	Procedure is recognized by the v003 registry but is not yet supported in this build; include procedure name and support status.	Call fails before row streaming; no partial result rows are emitted.	TEST-GDS-195	DirectSource	Public row should remain registered with deterministic unsupported behavior until specific procedure evidence and implementation are ready.
196	gds.beta.modularityOptimization.write	procedure	community	WRITE	no	gitrefrepo/neo4j-gds-src/proc/community/src/main/java/org/neo4j/gds/modularityoptimization/ModularityOptimizationWriteProc.java	63	NeedsSource	NeedsSource	NotApplicable	UnsupportedButRegistered	Neo.ClientError.Procedure.ProcedureCallFailed	Procedure is recognized by the v003 registry but is not yet supported in this build; include procedure name and support status.	Call fails before row streaming; no partial result rows are emitted.	TEST-GDS-196	DirectSource	Public row should remain registered with deterministic unsupported behavior until specific procedure evidence and implementation are ready.
197	gds.beta.modularityOptimization.write.estimate	procedure	community	READ	yes	gitrefrepo/neo4j-gds-src/proc/community/src/main/java/org/neo4j/gds/modularityoptimization/ModularityOptimizationWriteProc.java	79	NeedsSource	NeedsSource	gitrefrepo/neo4j-gds-src/proc/community/src/main/java/org/neo4j/gds/modularityoptimization/ModularityOptimizationWriteProc.java:79	UnsupportedButRegistered	Neo.ClientError.Procedure.ProcedureCallFailed	Procedure is recognized by the v003 registry but is not yet supported in this build; include procedure name and support status.	Call fails before row streaming; no partial result rows are emitted.	TEST-GDS-197	DirectSource	Public row should remain registered with deterministic unsupported behavior until specific procedure evidence and implementation are ready.
198	gds.conductance.stream	procedure	community	READ	no	gitrefrepo/neo4j-gds-src/proc/community/src/main/java/org/neo4j/gds/conductance/ConductanceStreamProc.java	43	NeedsSource	NeedsSource	NotApplicable	UnsupportedButRegistered	Neo.ClientError.Procedure.ProcedureCallFailed	Procedure is recognized by the v003 registry but is not yet supported in this build; include procedure name and support status.	Call fails before row streaming; no partial result rows are emitted.	TEST-GDS-198	DirectSource	Public row should remain registered with deterministic unsupported behavior until specific procedure evidence and implementation are ready.
199	gds.k1coloring.mutate	procedure	community	READ	no	gitrefrepo/neo4j-gds-src/proc/community/src/main/java/org/neo4j/gds/k1coloring/K1ColoringMutateProc.java	42	NeedsSource	NeedsSource	NotApplicable	UnsupportedButRegistered	Neo.ClientError.Procedure.ProcedureCallFailed	Procedure is recognized by the v003 registry but is not yet supported in this build; include procedure name and support status.	Call fails before row streaming; no partial result rows are emitted.	TEST-GDS-199	DirectSource	Public row should remain registered with deterministic unsupported behavior until specific procedure evidence and implementation are ready.
200	gds.k1coloring.mutate.estimate	procedure	community	READ	yes	gitrefrepo/neo4j-gds-src/proc/community/src/main/java/org/neo4j/gds/k1coloring/K1ColoringMutateProc.java	51	NeedsSource	NeedsSource	gitrefrepo/neo4j-gds-src/proc/community/src/main/java/org/neo4j/gds/k1coloring/K1ColoringMutateProc.java:51	UnsupportedButRegistered	Neo.ClientError.Procedure.ProcedureCallFailed	Procedure is recognized by the v003 registry but is not yet supported in this build; include procedure name and support status.	Call fails before row streaming; no partial result rows are emitted.	TEST-GDS-200	DirectSource	Public row should remain registered with deterministic unsupported behavior until specific procedure evidence and implementation are ready.
201	gds.k1coloring.stats	procedure	community	READ	no	gitrefrepo/neo4j-gds-src/proc/community/src/main/java/org/neo4j/gds/k1coloring/K1ColoringStatsProc.java	42	NeedsSource	NeedsSource	NotApplicable	UnsupportedButRegistered	Neo.ClientError.Procedure.ProcedureCallFailed	Procedure is recognized by the v003 registry but is not yet supported in this build; include procedure name and support status.	Call fails before row streaming; no partial result rows are emitted.	TEST-GDS-201	DirectSource	Public row should remain registered with deterministic unsupported behavior until specific procedure evidence and implementation are ready.
202	gds.k1coloring.stats.estimate	procedure	community	READ	yes	gitrefrepo/neo4j-gds-src/proc/community/src/main/java/org/neo4j/gds/k1coloring/K1ColoringStatsProc.java	51	NeedsSource	NeedsSource	gitrefrepo/neo4j-gds-src/proc/community/src/main/java/org/neo4j/gds/k1coloring/K1ColoringStatsProc.java:51	UnsupportedButRegistered	Neo.ClientError.Procedure.ProcedureCallFailed	Procedure is recognized by the v003 registry but is not yet supported in this build; include procedure name and support status.	Call fails before row streaming; no partial result rows are emitted.	TEST-GDS-202	DirectSource	Public row should remain registered with deterministic unsupported behavior until specific procedure evidence and implementation are ready.
203	gds.k1coloring.stream	procedure	community	READ	no	gitrefrepo/neo4j-gds-src/proc/community/src/main/java/org/neo4j/gds/k1coloring/K1ColoringStreamProc.java	42	NeedsSource	NeedsSource	NotApplicable	UnsupportedButRegistered	Neo.ClientError.Procedure.ProcedureCallFailed	Procedure is recognized by the v003 registry but is not yet supported in this build; include procedure name and support status.	Call fails before row streaming; no partial result rows are emitted.	TEST-GDS-203	DirectSource	Public row should remain registered with deterministic unsupported behavior until specific procedure evidence and implementation are ready.
204	gds.k1coloring.stream.estimate	procedure	community	READ	yes	gitrefrepo/neo4j-gds-src/proc/community/src/main/java/org/neo4j/gds/k1coloring/K1ColoringStreamProc.java	51	NeedsSource	NeedsSource	gitrefrepo/neo4j-gds-src/proc/community/src/main/java/org/neo4j/gds/k1coloring/K1ColoringStreamProc.java:51	UnsupportedButRegistered	Neo.ClientError.Procedure.ProcedureCallFailed	Procedure is recognized by the v003 registry but is not yet supported in this build; include procedure name and support status.	Call fails before row streaming; no partial result rows are emitted.	TEST-GDS-204	DirectSource	Public row should remain registered with deterministic unsupported behavior until specific procedure evidence and implementation are ready.
205	gds.k1coloring.write	procedure	community	WRITE	no	gitrefrepo/neo4j-gds-src/proc/community/src/main/java/org/neo4j/gds/k1coloring/K1ColoringWriteProc.java	43	NeedsSource	NeedsSource	NotApplicable	UnsupportedButRegistered	Neo.ClientError.Procedure.ProcedureCallFailed	Procedure is recognized by the v003 registry but is not yet supported in this build; include procedure name and support status.	Call fails before row streaming; no partial result rows are emitted.	TEST-GDS-205	DirectSource	Public row should remain registered with deterministic unsupported behavior until specific procedure evidence and implementation are ready.
206	gds.k1coloring.write.estimate	procedure	community	READ	yes	gitrefrepo/neo4j-gds-src/proc/community/src/main/java/org/neo4j/gds/k1coloring/K1ColoringWriteProc.java	52	NeedsSource	NeedsSource	gitrefrepo/neo4j-gds-src/proc/community/src/main/java/org/neo4j/gds/k1coloring/K1ColoringWriteProc.java:52	UnsupportedButRegistered	Neo.ClientError.Procedure.ProcedureCallFailed	Procedure is recognized by the v003 registry but is not yet supported in this build; include procedure name and support status.	Call fails before row streaming; no partial result rows are emitted.	TEST-GDS-206	DirectSource	Public row should remain registered with deterministic unsupported behavior until specific procedure evidence and implementation are ready.
207	gds.kcore.mutate	procedure	community	READ	no	gitrefrepo/neo4j-gds-src/proc/community/src/main/java/org/neo4j/gds/kcore/KCoreDecompositionMutateProc.java	41	NeedsSource	NeedsSource	NotApplicable	P1-ImplementedExactLowRam	NotApplicable	NotApplicable	Preserve Neo4j GDS result schema when implemented; see source row for procedure entrypoint.	TEST-GDS-207	DirectSource	First-tier target from oracle/support matrices; still requires implementation tests before product claim.
208	gds.kcore.mutate.estimate	procedure	community	READ	yes	gitrefrepo/neo4j-gds-src/proc/community/src/main/java/org/neo4j/gds/kcore/KCoreDecompositionMutateProc.java	50	NeedsSource	NeedsSource	gitrefrepo/neo4j-gds-src/proc/community/src/main/java/org/neo4j/gds/kcore/KCoreDecompositionMutateProc.java:50	P1-ImplementedExactLowRam	NotApplicable	NotApplicable	Preserve Neo4j GDS result schema when implemented; see source row for procedure entrypoint.	TEST-GDS-208	DirectSource	First-tier target from oracle/support matrices; still requires implementation tests before product claim.
209	gds.kcore.stats	procedure	community	READ	no	gitrefrepo/neo4j-gds-src/proc/community/src/main/java/org/neo4j/gds/kcore/KCoreDecompositionStatsProc.java	41	NeedsSource	NeedsSource	NotApplicable	P1-ImplementedExactLowRam	NotApplicable	NotApplicable	Preserve Neo4j GDS result schema when implemented; see source row for procedure entrypoint.	TEST-GDS-209	DirectSource	First-tier target from oracle/support matrices; still requires implementation tests before product claim.
210	gds.kcore.stats.estimate	procedure	community	READ	yes	gitrefrepo/neo4j-gds-src/proc/community/src/main/java/org/neo4j/gds/kcore/KCoreDecompositionStatsProc.java	50	NeedsSource	NeedsSource	gitrefrepo/neo4j-gds-src/proc/community/src/main/java/org/neo4j/gds/kcore/KCoreDecompositionStatsProc.java:50	P1-ImplementedExactLowRam	NotApplicable	NotApplicable	Preserve Neo4j GDS result schema when implemented; see source row for procedure entrypoint.	TEST-GDS-210	DirectSource	First-tier target from oracle/support matrices; still requires implementation tests before product claim.
211	gds.kcore.stream	procedure	community	READ	no	gitrefrepo/neo4j-gds-src/proc/community/src/main/java/org/neo4j/gds/kcore/KCoreDecompositionStreamProc.java	41	NeedsSource	NeedsSource	NotApplicable	P1-ImplementedExactLowRam	NotApplicable	NotApplicable	Preserve Neo4j GDS result schema when implemented; see source row for procedure entrypoint.	TEST-GDS-211	DirectSource	First-tier target from oracle/support matrices; still requires implementation tests before product claim.
212	gds.kcore.stream.estimate	procedure	community	READ	yes	gitrefrepo/neo4j-gds-src/proc/community/src/main/java/org/neo4j/gds/kcore/KCoreDecompositionStreamProc.java	49	NeedsSource	NeedsSource	gitrefrepo/neo4j-gds-src/proc/community/src/main/java/org/neo4j/gds/kcore/KCoreDecompositionStreamProc.java:49	P1-ImplementedExactLowRam	NotApplicable	NotApplicable	Preserve Neo4j GDS result schema when implemented; see source row for procedure entrypoint.	TEST-GDS-212	DirectSource	First-tier target from oracle/support matrices; still requires implementation tests before product claim.
213	gds.kcore.write	procedure	community	WRITE	no	gitrefrepo/neo4j-gds-src/proc/community/src/main/java/org/neo4j/gds/kcore/KCoreDecompositionWriteProc.java	42	NeedsSource	NeedsSource	NotApplicable	P1-ImplementedExactLowRam	NotApplicable	NotApplicable	Preserve Neo4j GDS result schema when implemented; see source row for procedure entrypoint.	TEST-GDS-213	DirectSource	First-tier target from oracle/support matrices; still requires implementation tests before product claim.
214	gds.kcore.write.estimate	procedure	community	READ	yes	gitrefrepo/neo4j-gds-src/proc/community/src/main/java/org/neo4j/gds/kcore/KCoreDecompositionWriteProc.java	51	NeedsSource	NeedsSource	gitrefrepo/neo4j-gds-src/proc/community/src/main/java/org/neo4j/gds/kcore/KCoreDecompositionWriteProc.java:51	P1-ImplementedExactLowRam	NotApplicable	NotApplicable	Preserve Neo4j GDS result schema when implemented; see source row for procedure entrypoint.	TEST-GDS-214	DirectSource	First-tier target from oracle/support matrices; still requires implementation tests before product claim.
215	gds.kmeans.mutate	procedure	community	READ	no	gitrefrepo/neo4j-gds-src/proc/community/src/main/java/org/neo4j/gds/kmeans/KmeansMutateProc.java	42	NeedsSource	NeedsSource	NotApplicable	UnsupportedButRegistered	Neo.ClientError.Procedure.ProcedureCallFailed	Procedure is recognized by the v003 registry but is not yet supported in this build; include procedure name and support status.	Call fails before row streaming; no partial result rows are emitted.	TEST-GDS-215	DirectSource	Public row should remain registered with deterministic unsupported behavior until specific procedure evidence and implementation are ready.
216	gds.kmeans.mutate.estimate	procedure	community	READ	yes	gitrefrepo/neo4j-gds-src/proc/community/src/main/java/org/neo4j/gds/kmeans/KmeansMutateProc.java	66	NeedsSource	NeedsSource	gitrefrepo/neo4j-gds-src/proc/community/src/main/java/org/neo4j/gds/kmeans/KmeansMutateProc.java:66	UnsupportedButRegistered	Neo.ClientError.Procedure.ProcedureCallFailed	Procedure is recognized by the v003 registry but is not yet supported in this build; include procedure name and support status.	Call fails before row streaming; no partial result rows are emitted.	TEST-GDS-216	DirectSource	Public row should remain registered with deterministic unsupported behavior until specific procedure evidence and implementation are ready.
217	gds.kmeans.stats	procedure	community	READ	no	gitrefrepo/neo4j-gds-src/proc/community/src/main/java/org/neo4j/gds/kmeans/KmeansStatsProc.java	42	NeedsSource	NeedsSource	NotApplicable	UnsupportedButRegistered	Neo.ClientError.Procedure.ProcedureCallFailed	Procedure is recognized by the v003 registry but is not yet supported in this build; include procedure name and support status.	Call fails before row streaming; no partial result rows are emitted.	TEST-GDS-217	DirectSource	Public row should remain registered with deterministic unsupported behavior until specific procedure evidence and implementation are ready.
218	gds.kmeans.stats.estimate	procedure	community	READ	yes	gitrefrepo/neo4j-gds-src/proc/community/src/main/java/org/neo4j/gds/kmeans/KmeansStatsProc.java	66	NeedsSource	NeedsSource	gitrefrepo/neo4j-gds-src/proc/community/src/main/java/org/neo4j/gds/kmeans/KmeansStatsProc.java:66	UnsupportedButRegistered	Neo.ClientError.Procedure.ProcedureCallFailed	Procedure is recognized by the v003 registry but is not yet supported in this build; include procedure name and support status.	Call fails before row streaming; no partial result rows are emitted.	TEST-GDS-218	DirectSource	Public row should remain registered with deterministic unsupported behavior until specific procedure evidence and implementation are ready.
219	gds.kmeans.stream	procedure	community	READ	no	gitrefrepo/neo4j-gds-src/proc/community/src/main/java/org/neo4j/gds/kmeans/KmeansStreamProc.java	42	NeedsSource	NeedsSource	NotApplicable	UnsupportedButRegistered	Neo.ClientError.Procedure.ProcedureCallFailed	Procedure is recognized by the v003 registry but is not yet supported in this build; include procedure name and support status.	Call fails before row streaming; no partial result rows are emitted.	TEST-GDS-219	DirectSource	Public row should remain registered with deterministic unsupported behavior until specific procedure evidence and implementation are ready.
220	gds.kmeans.stream.estimate	procedure	community	READ	yes	gitrefrepo/neo4j-gds-src/proc/community/src/main/java/org/neo4j/gds/kmeans/KmeansStreamProc.java	65	NeedsSource	NeedsSource	gitrefrepo/neo4j-gds-src/proc/community/src/main/java/org/neo4j/gds/kmeans/KmeansStreamProc.java:65	UnsupportedButRegistered	Neo.ClientError.Procedure.ProcedureCallFailed	Procedure is recognized by the v003 registry but is not yet supported in this build; include procedure name and support status.	Call fails before row streaming; no partial result rows are emitted.	TEST-GDS-220	DirectSource	Public row should remain registered with deterministic unsupported behavior until specific procedure evidence and implementation are ready.
221	gds.kmeans.write	procedure	community	WRITE	no	gitrefrepo/neo4j-gds-src/proc/community/src/main/java/org/neo4j/gds/kmeans/KmeansWriteProc.java	43	NeedsSource	NeedsSource	NotApplicable	UnsupportedButRegistered	Neo.ClientError.Procedure.ProcedureCallFailed	Procedure is recognized by the v003 registry but is not yet supported in this build; include procedure name and support status.	Call fails before row streaming; no partial result rows are emitted.	TEST-GDS-221	DirectSource	Public row should remain registered with deterministic unsupported behavior until specific procedure evidence and implementation are ready.
222	gds.kmeans.write.estimate	procedure	community	READ	yes	gitrefrepo/neo4j-gds-src/proc/community/src/main/java/org/neo4j/gds/kmeans/KmeansWriteProc.java	67	NeedsSource	NeedsSource	gitrefrepo/neo4j-gds-src/proc/community/src/main/java/org/neo4j/gds/kmeans/KmeansWriteProc.java:67	UnsupportedButRegistered	Neo.ClientError.Procedure.ProcedureCallFailed	Procedure is recognized by the v003 registry but is not yet supported in this build; include procedure name and support status.	Call fails before row streaming; no partial result rows are emitted.	TEST-GDS-222	DirectSource	Public row should remain registered with deterministic unsupported behavior until specific procedure evidence and implementation are ready.
223	gds.labelPropagation.mutate	procedure	community	READ	no	gitrefrepo/neo4j-gds-src/proc/community/src/main/java/org/neo4j/gds/labelpropagation/LabelPropagationMutateProc.java	41	NeedsSource	NeedsSource	NotApplicable	UnsupportedButRegistered	Neo.ClientError.Procedure.ProcedureCallFailed	Procedure is recognized by the v003 registry but is not yet supported in this build; include procedure name and support status.	Call fails before row streaming; no partial result rows are emitted.	TEST-GDS-223	DirectSource	Public row should remain registered with deterministic unsupported behavior until specific procedure evidence and implementation are ready.
224	gds.labelPropagation.mutate.estimate	procedure	community	READ	yes	gitrefrepo/neo4j-gds-src/proc/community/src/main/java/org/neo4j/gds/labelpropagation/LabelPropagationMutateProc.java	50	NeedsSource	NeedsSource	gitrefrepo/neo4j-gds-src/proc/community/src/main/java/org/neo4j/gds/labelpropagation/LabelPropagationMutateProc.java:50	UnsupportedButRegistered	Neo.ClientError.Procedure.ProcedureCallFailed	Procedure is recognized by the v003 registry but is not yet supported in this build; include procedure name and support status.	Call fails before row streaming; no partial result rows are emitted.	TEST-GDS-224	DirectSource	Public row should remain registered with deterministic unsupported behavior until specific procedure evidence and implementation are ready.
225	gds.labelPropagation.stats	procedure	community	READ	no	gitrefrepo/neo4j-gds-src/proc/community/src/main/java/org/neo4j/gds/labelpropagation/LabelPropagationStatsProc.java	41	NeedsSource	NeedsSource	NotApplicable	UnsupportedButRegistered	Neo.ClientError.Procedure.ProcedureCallFailed	Procedure is recognized by the v003 registry but is not yet supported in this build; include procedure name and support status.	Call fails before row streaming; no partial result rows are emitted.	TEST-GDS-225	DirectSource	Public row should remain registered with deterministic unsupported behavior until specific procedure evidence and implementation are ready.
226	gds.labelPropagation.stats.estimate	procedure	community	READ	yes	gitrefrepo/neo4j-gds-src/proc/community/src/main/java/org/neo4j/gds/labelpropagation/LabelPropagationStatsProc.java	50	NeedsSource	NeedsSource	gitrefrepo/neo4j-gds-src/proc/community/src/main/java/org/neo4j/gds/labelpropagation/LabelPropagationStatsProc.java:50	UnsupportedButRegistered	Neo.ClientError.Procedure.ProcedureCallFailed	Procedure is recognized by the v003 registry but is not yet supported in this build; include procedure name and support status.	Call fails before row streaming; no partial result rows are emitted.	TEST-GDS-226	DirectSource	Public row should remain registered with deterministic unsupported behavior until specific procedure evidence and implementation are ready.
227	gds.labelPropagation.stream	procedure	community	READ	no	gitrefrepo/neo4j-gds-src/proc/community/src/main/java/org/neo4j/gds/labelpropagation/LabelPropagationStreamProc.java	41	NeedsSource	NeedsSource	NotApplicable	UnsupportedButRegistered	Neo.ClientError.Procedure.ProcedureCallFailed	Procedure is recognized by the v003 registry but is not yet supported in this build; include procedure name and support status.	Call fails before row streaming; no partial result rows are emitted.	TEST-GDS-227	DirectSource	Public row should remain registered with deterministic unsupported behavior until specific procedure evidence and implementation are ready.
228	gds.labelPropagation.stream.estimate	procedure	community	READ	yes	gitrefrepo/neo4j-gds-src/proc/community/src/main/java/org/neo4j/gds/labelpropagation/LabelPropagationStreamProc.java	50	NeedsSource	NeedsSource	gitrefrepo/neo4j-gds-src/proc/community/src/main/java/org/neo4j/gds/labelpropagation/LabelPropagationStreamProc.java:50	UnsupportedButRegistered	Neo.ClientError.Procedure.ProcedureCallFailed	Procedure is recognized by the v003 registry but is not yet supported in this build; include procedure name and support status.	Call fails before row streaming; no partial result rows are emitted.	TEST-GDS-228	DirectSource	Public row should remain registered with deterministic unsupported behavior until specific procedure evidence and implementation are ready.
229	gds.labelPropagation.write	procedure	community	WRITE	no	gitrefrepo/neo4j-gds-src/proc/community/src/main/java/org/neo4j/gds/labelpropagation/LabelPropagationWriteProc.java	42	NeedsSource	NeedsSource	NotApplicable	UnsupportedButRegistered	Neo.ClientError.Procedure.ProcedureCallFailed	Procedure is recognized by the v003 registry but is not yet supported in this build; include procedure name and support status.	Call fails before row streaming; no partial result rows are emitted.	TEST-GDS-229	DirectSource	Public row should remain registered with deterministic unsupported behavior until specific procedure evidence and implementation are ready.
230	gds.labelPropagation.write.estimate	procedure	community	READ	yes	gitrefrepo/neo4j-gds-src/proc/community/src/main/java/org/neo4j/gds/labelpropagation/LabelPropagationWriteProc.java	51	NeedsSource	NeedsSource	gitrefrepo/neo4j-gds-src/proc/community/src/main/java/org/neo4j/gds/labelpropagation/LabelPropagationWriteProc.java:51	UnsupportedButRegistered	Neo.ClientError.Procedure.ProcedureCallFailed	Procedure is recognized by the v003 registry but is not yet supported in this build; include procedure name and support status.	Call fails before row streaming; no partial result rows are emitted.	TEST-GDS-230	DirectSource	Public row should remain registered with deterministic unsupported behavior until specific procedure evidence and implementation are ready.
231	gds.leiden.mutate	procedure	community	READ	no	gitrefrepo/neo4j-gds-src/proc/community/src/main/java/org/neo4j/gds/leiden/LeidenMutateProc.java	42	NeedsSource	NeedsSource	NotApplicable	UnsupportedButRegistered	Neo.ClientError.Procedure.ProcedureCallFailed	Procedure is recognized by the v003 registry but is not yet supported in this build; include procedure name and support status.	Call fails before row streaming; no partial result rows are emitted.	TEST-GDS-231	DirectSource	Public row should remain registered with deterministic unsupported behavior until specific procedure evidence and implementation are ready.
232	gds.leiden.mutate.estimate	procedure	community	READ	yes	gitrefrepo/neo4j-gds-src/proc/community/src/main/java/org/neo4j/gds/leiden/LeidenMutateProc.java	51	NeedsSource	NeedsSource	gitrefrepo/neo4j-gds-src/proc/community/src/main/java/org/neo4j/gds/leiden/LeidenMutateProc.java:51	UnsupportedButRegistered	Neo.ClientError.Procedure.ProcedureCallFailed	Procedure is recognized by the v003 registry but is not yet supported in this build; include procedure name and support status.	Call fails before row streaming; no partial result rows are emitted.	TEST-GDS-232	DirectSource	Public row should remain registered with deterministic unsupported behavior until specific procedure evidence and implementation are ready.
233	gds.leiden.stats	procedure	community	READ	no	gitrefrepo/neo4j-gds-src/proc/community/src/main/java/org/neo4j/gds/leiden/LeidenStatsProc.java	42	NeedsSource	NeedsSource	NotApplicable	UnsupportedButRegistered	Neo.ClientError.Procedure.ProcedureCallFailed	Procedure is recognized by the v003 registry but is not yet supported in this build; include procedure name and support status.	Call fails before row streaming; no partial result rows are emitted.	TEST-GDS-233	DirectSource	Public row should remain registered with deterministic unsupported behavior until specific procedure evidence and implementation are ready.
234	gds.leiden.stats.estimate	procedure	community	READ	yes	gitrefrepo/neo4j-gds-src/proc/community/src/main/java/org/neo4j/gds/leiden/LeidenStatsProc.java	51	NeedsSource	NeedsSource	gitrefrepo/neo4j-gds-src/proc/community/src/main/java/org/neo4j/gds/leiden/LeidenStatsProc.java:51	UnsupportedButRegistered	Neo.ClientError.Procedure.ProcedureCallFailed	Procedure is recognized by the v003 registry but is not yet supported in this build; include procedure name and support status.	Call fails before row streaming; no partial result rows are emitted.	TEST-GDS-234	DirectSource	Public row should remain registered with deterministic unsupported behavior until specific procedure evidence and implementation are ready.
235	gds.leiden.stream	procedure	community	READ	no	gitrefrepo/neo4j-gds-src/proc/community/src/main/java/org/neo4j/gds/leiden/LeidenStreamProc.java	42	NeedsSource	NeedsSource	NotApplicable	UnsupportedButRegistered	Neo.ClientError.Procedure.ProcedureCallFailed	Procedure is recognized by the v003 registry but is not yet supported in this build; include procedure name and support status.	Call fails before row streaming; no partial result rows are emitted.	TEST-GDS-235	DirectSource	Public row should remain registered with deterministic unsupported behavior until specific procedure evidence and implementation are ready.
236	gds.leiden.stream.estimate	procedure	community	READ	yes	gitrefrepo/neo4j-gds-src/proc/community/src/main/java/org/neo4j/gds/leiden/LeidenStreamProc.java	51	NeedsSource	NeedsSource	gitrefrepo/neo4j-gds-src/proc/community/src/main/java/org/neo4j/gds/leiden/LeidenStreamProc.java:51	UnsupportedButRegistered	Neo.ClientError.Procedure.ProcedureCallFailed	Procedure is recognized by the v003 registry but is not yet supported in this build; include procedure name and support status.	Call fails before row streaming; no partial result rows are emitted.	TEST-GDS-236	DirectSource	Public row should remain registered with deterministic unsupported behavior until specific procedure evidence and implementation are ready.
237	gds.leiden.write	procedure	community	WRITE	no	gitrefrepo/neo4j-gds-src/proc/community/src/main/java/org/neo4j/gds/leiden/LeidenWriteProc.java	43	NeedsSource	NeedsSource	NotApplicable	UnsupportedButRegistered	Neo.ClientError.Procedure.ProcedureCallFailed	Procedure is recognized by the v003 registry but is not yet supported in this build; include procedure name and support status.	Call fails before row streaming; no partial result rows are emitted.	TEST-GDS-237	DirectSource	Public row should remain registered with deterministic unsupported behavior until specific procedure evidence and implementation are ready.
238	gds.leiden.write.estimate	procedure	community	READ	yes	gitrefrepo/neo4j-gds-src/proc/community/src/main/java/org/neo4j/gds/leiden/LeidenWriteProc.java	52	NeedsSource	NeedsSource	gitrefrepo/neo4j-gds-src/proc/community/src/main/java/org/neo4j/gds/leiden/LeidenWriteProc.java:52	UnsupportedButRegistered	Neo.ClientError.Procedure.ProcedureCallFailed	Procedure is recognized by the v003 registry but is not yet supported in this build; include procedure name and support status.	Call fails before row streaming; no partial result rows are emitted.	TEST-GDS-238	DirectSource	Public row should remain registered with deterministic unsupported behavior until specific procedure evidence and implementation are ready.
239	gds.localClusteringCoefficient.mutate	procedure	community	READ	no	gitrefrepo/neo4j-gds-src/proc/community/src/main/java/org/neo4j/gds/triangle/LocalClusteringCoefficientMutateProc.java	41	NeedsSource	NeedsSource	NotApplicable	UnsupportedButRegistered	Neo.ClientError.Procedure.ProcedureCallFailed	Procedure is recognized by the v003 registry but is not yet supported in this build; include procedure name and support status.	Call fails before row streaming; no partial result rows are emitted.	TEST-GDS-239	DirectSource	Public row should remain registered with deterministic unsupported behavior until specific procedure evidence and implementation are ready.
240	gds.localClusteringCoefficient.mutate.estimate	procedure	community	READ	yes	gitrefrepo/neo4j-gds-src/proc/community/src/main/java/org/neo4j/gds/triangle/LocalClusteringCoefficientMutateProc.java	50	NeedsSource	NeedsSource	gitrefrepo/neo4j-gds-src/proc/community/src/main/java/org/neo4j/gds/triangle/LocalClusteringCoefficientMutateProc.java:50	UnsupportedButRegistered	Neo.ClientError.Procedure.ProcedureCallFailed	Procedure is recognized by the v003 registry but is not yet supported in this build; include procedure name and support status.	Call fails before row streaming; no partial result rows are emitted.	TEST-GDS-240	DirectSource	Public row should remain registered with deterministic unsupported behavior until specific procedure evidence and implementation are ready.
241	gds.localClusteringCoefficient.stats	procedure	community	READ	no	gitrefrepo/neo4j-gds-src/proc/community/src/main/java/org/neo4j/gds/triangle/LocalClusteringCoefficientStatsProc.java	41	NeedsSource	NeedsSource	NotApplicable	UnsupportedButRegistered	Neo.ClientError.Procedure.ProcedureCallFailed	Procedure is recognized by the v003 registry but is not yet supported in this build; include procedure name and support status.	Call fails before row streaming; no partial result rows are emitted.	TEST-GDS-241	DirectSource	Public row should remain registered with deterministic unsupported behavior until specific procedure evidence and implementation are ready.
242	gds.localClusteringCoefficient.stats.estimate	procedure	community	READ	yes	gitrefrepo/neo4j-gds-src/proc/community/src/main/java/org/neo4j/gds/triangle/LocalClusteringCoefficientStatsProc.java	50	NeedsSource	NeedsSource	gitrefrepo/neo4j-gds-src/proc/community/src/main/java/org/neo4j/gds/triangle/LocalClusteringCoefficientStatsProc.java:50	UnsupportedButRegistered	Neo.ClientError.Procedure.ProcedureCallFailed	Procedure is recognized by the v003 registry but is not yet supported in this build; include procedure name and support status.	Call fails before row streaming; no partial result rows are emitted.	TEST-GDS-242	DirectSource	Public row should remain registered with deterministic unsupported behavior until specific procedure evidence and implementation are ready.
243	gds.localClusteringCoefficient.stream	procedure	community	READ	no	gitrefrepo/neo4j-gds-src/proc/community/src/main/java/org/neo4j/gds/triangle/LocalClusteringCoefficientStreamProc.java	41	NeedsSource	NeedsSource	NotApplicable	UnsupportedButRegistered	Neo.ClientError.Procedure.ProcedureCallFailed	Procedure is recognized by the v003 registry but is not yet supported in this build; include procedure name and support status.	Call fails before row streaming; no partial result rows are emitted.	TEST-GDS-243	DirectSource	Public row should remain registered with deterministic unsupported behavior until specific procedure evidence and implementation are ready.
244	gds.localClusteringCoefficient.stream.estimate	procedure	community	READ	yes	gitrefrepo/neo4j-gds-src/proc/community/src/main/java/org/neo4j/gds/triangle/LocalClusteringCoefficientStreamProc.java	50	NeedsSource	NeedsSource	gitrefrepo/neo4j-gds-src/proc/community/src/main/java/org/neo4j/gds/triangle/LocalClusteringCoefficientStreamProc.java:50	UnsupportedButRegistered	Neo.ClientError.Procedure.ProcedureCallFailed	Procedure is recognized by the v003 registry but is not yet supported in this build; include procedure name and support status.	Call fails before row streaming; no partial result rows are emitted.	TEST-GDS-244	DirectSource	Public row should remain registered with deterministic unsupported behavior until specific procedure evidence and implementation are ready.
245	gds.localClusteringCoefficient.write	procedure	community	WRITE	no	gitrefrepo/neo4j-gds-src/proc/community/src/main/java/org/neo4j/gds/triangle/LocalClusteringCoefficientWriteProc.java	42	NeedsSource	NeedsSource	NotApplicable	UnsupportedButRegistered	Neo.ClientError.Procedure.ProcedureCallFailed	Procedure is recognized by the v003 registry but is not yet supported in this build; include procedure name and support status.	Call fails before row streaming; no partial result rows are emitted.	TEST-GDS-245	DirectSource	Public row should remain registered with deterministic unsupported behavior until specific procedure evidence and implementation are ready.
246	gds.localClusteringCoefficient.write.estimate	procedure	community	READ	yes	gitrefrepo/neo4j-gds-src/proc/community/src/main/java/org/neo4j/gds/triangle/LocalClusteringCoefficientWriteProc.java	51	NeedsSource	NeedsSource	gitrefrepo/neo4j-gds-src/proc/community/src/main/java/org/neo4j/gds/triangle/LocalClusteringCoefficientWriteProc.java:51	UnsupportedButRegistered	Neo.ClientError.Procedure.ProcedureCallFailed	Procedure is recognized by the v003 registry but is not yet supported in this build; include procedure name and support status.	Call fails before row streaming; no partial result rows are emitted.	TEST-GDS-246	DirectSource	Public row should remain registered with deterministic unsupported behavior until specific procedure evidence and implementation are ready.
247	gds.louvain.mutate	procedure	community	READ	no	gitrefrepo/neo4j-gds-src/proc/community/src/main/java/org/neo4j/gds/louvain/LouvainMutateProc.java	41	NeedsSource	NeedsSource	NotApplicable	UnsupportedButRegistered	Neo.ClientError.Procedure.ProcedureCallFailed	Procedure is recognized by the v003 registry but is not yet supported in this build; include procedure name and support status.	Call fails before row streaming; no partial result rows are emitted.	TEST-GDS-247	DirectSource	Public row should remain registered with deterministic unsupported behavior until specific procedure evidence and implementation are ready.
248	gds.louvain.mutate.estimate	procedure	community	READ	yes	gitrefrepo/neo4j-gds-src/proc/community/src/main/java/org/neo4j/gds/louvain/LouvainMutateProc.java	50	NeedsSource	NeedsSource	gitrefrepo/neo4j-gds-src/proc/community/src/main/java/org/neo4j/gds/louvain/LouvainMutateProc.java:50	UnsupportedButRegistered	Neo.ClientError.Procedure.ProcedureCallFailed	Procedure is recognized by the v003 registry but is not yet supported in this build; include procedure name and support status.	Call fails before row streaming; no partial result rows are emitted.	TEST-GDS-248	DirectSource	Public row should remain registered with deterministic unsupported behavior until specific procedure evidence and implementation are ready.
249	gds.louvain.stats	procedure	community	READ	no	gitrefrepo/neo4j-gds-src/proc/community/src/main/java/org/neo4j/gds/louvain/LouvainStatsProc.java	41	NeedsSource	NeedsSource	NotApplicable	UnsupportedButRegistered	Neo.ClientError.Procedure.ProcedureCallFailed	Procedure is recognized by the v003 registry but is not yet supported in this build; include procedure name and support status.	Call fails before row streaming; no partial result rows are emitted.	TEST-GDS-249	DirectSource	Public row should remain registered with deterministic unsupported behavior until specific procedure evidence and implementation are ready.
250	gds.louvain.stats.estimate	procedure	community	READ	yes	gitrefrepo/neo4j-gds-src/proc/community/src/main/java/org/neo4j/gds/louvain/LouvainStatsProc.java	50	NeedsSource	NeedsSource	gitrefrepo/neo4j-gds-src/proc/community/src/main/java/org/neo4j/gds/louvain/LouvainStatsProc.java:50	UnsupportedButRegistered	Neo.ClientError.Procedure.ProcedureCallFailed	Procedure is recognized by the v003 registry but is not yet supported in this build; include procedure name and support status.	Call fails before row streaming; no partial result rows are emitted.	TEST-GDS-250	DirectSource	Public row should remain registered with deterministic unsupported behavior until specific procedure evidence and implementation are ready.
251	gds.louvain.stream	procedure	community	READ	no	gitrefrepo/neo4j-gds-src/proc/community/src/main/java/org/neo4j/gds/louvain/LouvainStreamProc.java	41	NeedsSource	NeedsSource	NotApplicable	UnsupportedButRegistered	Neo.ClientError.Procedure.ProcedureCallFailed	Procedure is recognized by the v003 registry but is not yet supported in this build; include procedure name and support status.	Call fails before row streaming; no partial result rows are emitted.	TEST-GDS-251	DirectSource	Public row should remain registered with deterministic unsupported behavior until specific procedure evidence and implementation are ready.
252	gds.louvain.stream.estimate	procedure	community	READ	yes	gitrefrepo/neo4j-gds-src/proc/community/src/main/java/org/neo4j/gds/louvain/LouvainStreamProc.java	50	NeedsSource	NeedsSource	gitrefrepo/neo4j-gds-src/proc/community/src/main/java/org/neo4j/gds/louvain/LouvainStreamProc.java:50	UnsupportedButRegistered	Neo.ClientError.Procedure.ProcedureCallFailed	Procedure is recognized by the v003 registry but is not yet supported in this build; include procedure name and support status.	Call fails before row streaming; no partial result rows are emitted.	TEST-GDS-252	DirectSource	Public row should remain registered with deterministic unsupported behavior until specific procedure evidence and implementation are ready.
253	gds.louvain.write	procedure	community	WRITE	no	gitrefrepo/neo4j-gds-src/proc/community/src/main/java/org/neo4j/gds/louvain/LouvainWriteProc.java	42	NeedsSource	NeedsSource	NotApplicable	UnsupportedButRegistered	Neo.ClientError.Procedure.ProcedureCallFailed	Procedure is recognized by the v003 registry but is not yet supported in this build; include procedure name and support status.	Call fails before row streaming; no partial result rows are emitted.	TEST-GDS-253	DirectSource	Public row should remain registered with deterministic unsupported behavior until specific procedure evidence and implementation are ready.
254	gds.louvain.write.estimate	procedure	community	READ	yes	gitrefrepo/neo4j-gds-src/proc/community/src/main/java/org/neo4j/gds/louvain/LouvainWriteProc.java	51	NeedsSource	NeedsSource	gitrefrepo/neo4j-gds-src/proc/community/src/main/java/org/neo4j/gds/louvain/LouvainWriteProc.java:51	UnsupportedButRegistered	Neo.ClientError.Procedure.ProcedureCallFailed	Procedure is recognized by the v003 registry but is not yet supported in this build; include procedure name and support status.	Call fails before row streaming; no partial result rows are emitted.	TEST-GDS-254	DirectSource	Public row should remain registered with deterministic unsupported behavior until specific procedure evidence and implementation are ready.
255	gds.maxkcut.mutate	procedure	community	READ	no	gitrefrepo/neo4j-gds-src/proc/community/src/main/java/org/neo4j/gds/approxmaxkcut/ApproxMaxKCutMutateProc.java	42	NeedsSource	NeedsSource	NotApplicable	UnsupportedButRegistered	Neo.ClientError.Procedure.ProcedureCallFailed	Procedure is recognized by the v003 registry but is not yet supported in this build; include procedure name and support status.	Call fails before row streaming; no partial result rows are emitted.	TEST-GDS-255	DirectSource	Public row should remain registered with deterministic unsupported behavior until specific procedure evidence and implementation are ready.
256	gds.maxkcut.mutate.estimate	procedure	community	READ	yes	gitrefrepo/neo4j-gds-src/proc/community/src/main/java/org/neo4j/gds/approxmaxkcut/ApproxMaxKCutMutateProc.java	51	NeedsSource	NeedsSource	gitrefrepo/neo4j-gds-src/proc/community/src/main/java/org/neo4j/gds/approxmaxkcut/ApproxMaxKCutMutateProc.java:51	UnsupportedButRegistered	Neo.ClientError.Procedure.ProcedureCallFailed	Procedure is recognized by the v003 registry but is not yet supported in this build; include procedure name and support status.	Call fails before row streaming; no partial result rows are emitted.	TEST-GDS-256	DirectSource	Public row should remain registered with deterministic unsupported behavior until specific procedure evidence and implementation are ready.
257	gds.maxkcut.stream	procedure	community	READ	no	gitrefrepo/neo4j-gds-src/proc/community/src/main/java/org/neo4j/gds/approxmaxkcut/ApproxMaxKCutStreamProc.java	42	NeedsSource	NeedsSource	NotApplicable	UnsupportedButRegistered	Neo.ClientError.Procedure.ProcedureCallFailed	Procedure is recognized by the v003 registry but is not yet supported in this build; include procedure name and support status.	Call fails before row streaming; no partial result rows are emitted.	TEST-GDS-257	DirectSource	Public row should remain registered with deterministic unsupported behavior until specific procedure evidence and implementation are ready.
258	gds.maxkcut.stream.estimate	procedure	community	READ	yes	gitrefrepo/neo4j-gds-src/proc/community/src/main/java/org/neo4j/gds/approxmaxkcut/ApproxMaxKCutStreamProc.java	51	NeedsSource	NeedsSource	gitrefrepo/neo4j-gds-src/proc/community/src/main/java/org/neo4j/gds/approxmaxkcut/ApproxMaxKCutStreamProc.java:51	UnsupportedButRegistered	Neo.ClientError.Procedure.ProcedureCallFailed	Procedure is recognized by the v003 registry but is not yet supported in this build; include procedure name and support status.	Call fails before row streaming; no partial result rows are emitted.	TEST-GDS-258	DirectSource	Public row should remain registered with deterministic unsupported behavior until specific procedure evidence and implementation are ready.
259	gds.modularity.stats	procedure	community	READ	no	gitrefrepo/neo4j-gds-src/proc/community/src/main/java/org/neo4j/gds/modularity/ModularityStatsProc.java	42	NeedsSource	NeedsSource	NotApplicable	UnsupportedButRegistered	Neo.ClientError.Procedure.ProcedureCallFailed	Procedure is recognized by the v003 registry but is not yet supported in this build; include procedure name and support status.	Call fails before row streaming; no partial result rows are emitted.	TEST-GDS-259	DirectSource	Public row should remain registered with deterministic unsupported behavior until specific procedure evidence and implementation are ready.
260	gds.modularity.stats.estimate	procedure	community	READ	yes	gitrefrepo/neo4j-gds-src/proc/community/src/main/java/org/neo4j/gds/modularity/ModularityStatsProc.java	51	NeedsSource	NeedsSource	gitrefrepo/neo4j-gds-src/proc/community/src/main/java/org/neo4j/gds/modularity/ModularityStatsProc.java:51	UnsupportedButRegistered	Neo.ClientError.Procedure.ProcedureCallFailed	Procedure is recognized by the v003 registry but is not yet supported in this build; include procedure name and support status.	Call fails before row streaming; no partial result rows are emitted.	TEST-GDS-260	DirectSource	Public row should remain registered with deterministic unsupported behavior until specific procedure evidence and implementation are ready.
261	gds.modularity.stream	procedure	community	READ	no	gitrefrepo/neo4j-gds-src/proc/community/src/main/java/org/neo4j/gds/modularity/ModularityStreamProc.java	42	NeedsSource	NeedsSource	NotApplicable	UnsupportedButRegistered	Neo.ClientError.Procedure.ProcedureCallFailed	Procedure is recognized by the v003 registry but is not yet supported in this build; include procedure name and support status.	Call fails before row streaming; no partial result rows are emitted.	TEST-GDS-261	DirectSource	Public row should remain registered with deterministic unsupported behavior until specific procedure evidence and implementation are ready.
262	gds.modularity.stream.estimate	procedure	community	READ	yes	gitrefrepo/neo4j-gds-src/proc/community/src/main/java/org/neo4j/gds/modularity/ModularityStreamProc.java	51	NeedsSource	NeedsSource	gitrefrepo/neo4j-gds-src/proc/community/src/main/java/org/neo4j/gds/modularity/ModularityStreamProc.java:51	UnsupportedButRegistered	Neo.ClientError.Procedure.ProcedureCallFailed	Procedure is recognized by the v003 registry but is not yet supported in this build; include procedure name and support status.	Call fails before row streaming; no partial result rows are emitted.	TEST-GDS-262	DirectSource	Public row should remain registered with deterministic unsupported behavior until specific procedure evidence and implementation are ready.
263	gds.modularityOptimization.mutate	procedure	community	READ	no	gitrefrepo/neo4j-gds-src/proc/community/src/main/java/org/neo4j/gds/modularityoptimization/ModularityOptimizationMutateProc.java	42	NeedsSource	NeedsSource	NotApplicable	UnsupportedButRegistered	Neo.ClientError.Procedure.ProcedureCallFailed	Procedure is recognized by the v003 registry but is not yet supported in this build; include procedure name and support status.	Call fails before row streaming; no partial result rows are emitted.	TEST-GDS-263	DirectSource	Public row should remain registered with deterministic unsupported behavior until specific procedure evidence and implementation are ready.
264	gds.modularityOptimization.mutate.estimate	procedure	community	READ	yes	gitrefrepo/neo4j-gds-src/proc/community/src/main/java/org/neo4j/gds/modularityoptimization/ModularityOptimizationMutateProc.java	51	NeedsSource	NeedsSource	gitrefrepo/neo4j-gds-src/proc/community/src/main/java/org/neo4j/gds/modularityoptimization/ModularityOptimizationMutateProc.java:51	UnsupportedButRegistered	Neo.ClientError.Procedure.ProcedureCallFailed	Procedure is recognized by the v003 registry but is not yet supported in this build; include procedure name and support status.	Call fails before row streaming; no partial result rows are emitted.	TEST-GDS-264	DirectSource	Public row should remain registered with deterministic unsupported behavior until specific procedure evidence and implementation are ready.
265	gds.modularityOptimization.stats	procedure	community	READ	no	gitrefrepo/neo4j-gds-src/proc/community/src/main/java/org/neo4j/gds/modularityoptimization/ModularityOptimizationStatsProc.java	41	NeedsSource	NeedsSource	NotApplicable	UnsupportedButRegistered	Neo.ClientError.Procedure.ProcedureCallFailed	Procedure is recognized by the v003 registry but is not yet supported in this build; include procedure name and support status.	Call fails before row streaming; no partial result rows are emitted.	TEST-GDS-265	DirectSource	Public row should remain registered with deterministic unsupported behavior until specific procedure evidence and implementation are ready.
266	gds.modularityOptimization.stats.estimate	procedure	community	READ	yes	gitrefrepo/neo4j-gds-src/proc/community/src/main/java/org/neo4j/gds/modularityoptimization/ModularityOptimizationStatsProc.java	50	NeedsSource	NeedsSource	gitrefrepo/neo4j-gds-src/proc/community/src/main/java/org/neo4j/gds/modularityoptimization/ModularityOptimizationStatsProc.java:50	UnsupportedButRegistered	Neo.ClientError.Procedure.ProcedureCallFailed	Procedure is recognized by the v003 registry but is not yet supported in this build; include procedure name and support status.	Call fails before row streaming; no partial result rows are emitted.	TEST-GDS-266	DirectSource	Public row should remain registered with deterministic unsupported behavior until specific procedure evidence and implementation are ready.
267	gds.modularityOptimization.stream	procedure	community	READ	no	gitrefrepo/neo4j-gds-src/proc/community/src/main/java/org/neo4j/gds/modularityoptimization/ModularityOptimizationStreamProc.java	42	NeedsSource	NeedsSource	NotApplicable	UnsupportedButRegistered	Neo.ClientError.Procedure.ProcedureCallFailed	Procedure is recognized by the v003 registry but is not yet supported in this build; include procedure name and support status.	Call fails before row streaming; no partial result rows are emitted.	TEST-GDS-267	DirectSource	Public row should remain registered with deterministic unsupported behavior until specific procedure evidence and implementation are ready.
268	gds.modularityOptimization.stream.estimate	procedure	community	READ	yes	gitrefrepo/neo4j-gds-src/proc/community/src/main/java/org/neo4j/gds/modularityoptimization/ModularityOptimizationStreamProc.java	51	NeedsSource	NeedsSource	gitrefrepo/neo4j-gds-src/proc/community/src/main/java/org/neo4j/gds/modularityoptimization/ModularityOptimizationStreamProc.java:51	UnsupportedButRegistered	Neo.ClientError.Procedure.ProcedureCallFailed	Procedure is recognized by the v003 registry but is not yet supported in this build; include procedure name and support status.	Call fails before row streaming; no partial result rows are emitted.	TEST-GDS-268	DirectSource	Public row should remain registered with deterministic unsupported behavior until specific procedure evidence and implementation are ready.
269	gds.modularityOptimization.write	procedure	community	WRITE	no	gitrefrepo/neo4j-gds-src/proc/community/src/main/java/org/neo4j/gds/modularityoptimization/ModularityOptimizationWriteProc.java	43	NeedsSource	NeedsSource	NotApplicable	UnsupportedButRegistered	Neo.ClientError.Procedure.ProcedureCallFailed	Procedure is recognized by the v003 registry but is not yet supported in this build; include procedure name and support status.	Call fails before row streaming; no partial result rows are emitted.	TEST-GDS-269	DirectSource	Public row should remain registered with deterministic unsupported behavior until specific procedure evidence and implementation are ready.
270	gds.modularityOptimization.write.estimate	procedure	community	READ	yes	gitrefrepo/neo4j-gds-src/proc/community/src/main/java/org/neo4j/gds/modularityoptimization/ModularityOptimizationWriteProc.java	52	NeedsSource	NeedsSource	gitrefrepo/neo4j-gds-src/proc/community/src/main/java/org/neo4j/gds/modularityoptimization/ModularityOptimizationWriteProc.java:52	UnsupportedButRegistered	Neo.ClientError.Procedure.ProcedureCallFailed	Procedure is recognized by the v003 registry but is not yet supported in this build; include procedure name and support status.	Call fails before row streaming; no partial result rows are emitted.	TEST-GDS-270	DirectSource	Public row should remain registered with deterministic unsupported behavior until specific procedure evidence and implementation are ready.
271	gds.scc.mutate	procedure	community	READ	no	gitrefrepo/neo4j-gds-src/proc/community/src/main/java/org/neo4j/gds/scc/SccMutateProc.java	41	NeedsSource	NeedsSource	NotApplicable	P1-ImplementedExactLowRam	NotApplicable	NotApplicable	Preserve Neo4j GDS result schema when implemented; see source row for procedure entrypoint.	TEST-GDS-271	DirectSource	First-tier target from oracle/support matrices; still requires implementation tests before product claim.
272	gds.scc.mutate.estimate	procedure	community	READ	yes	gitrefrepo/neo4j-gds-src/proc/community/src/main/java/org/neo4j/gds/scc/SccMutateProc.java	50	NeedsSource	NeedsSource	gitrefrepo/neo4j-gds-src/proc/community/src/main/java/org/neo4j/gds/scc/SccMutateProc.java:50	P1-ImplementedExactLowRam	NotApplicable	NotApplicable	Preserve Neo4j GDS result schema when implemented; see source row for procedure entrypoint.	TEST-GDS-272	DirectSource	First-tier target from oracle/support matrices; still requires implementation tests before product claim.
273	gds.scc.stats	procedure	community	READ	no	gitrefrepo/neo4j-gds-src/proc/community/src/main/java/org/neo4j/gds/scc/SccStatsProc.java	41	NeedsSource	NeedsSource	NotApplicable	P1-ImplementedExactLowRam	NotApplicable	NotApplicable	Preserve Neo4j GDS result schema when implemented; see source row for procedure entrypoint.	TEST-GDS-273	DirectSource	First-tier target from oracle/support matrices; still requires implementation tests before product claim.
274	gds.scc.stats.estimate	procedure	community	READ	yes	gitrefrepo/neo4j-gds-src/proc/community/src/main/java/org/neo4j/gds/scc/SccStatsProc.java	50	NeedsSource	NeedsSource	gitrefrepo/neo4j-gds-src/proc/community/src/main/java/org/neo4j/gds/scc/SccStatsProc.java:50	P1-ImplementedExactLowRam	NotApplicable	NotApplicable	Preserve Neo4j GDS result schema when implemented; see source row for procedure entrypoint.	TEST-GDS-274	DirectSource	First-tier target from oracle/support matrices; still requires implementation tests before product claim.
275	gds.scc.stream	procedure	community	READ	no	gitrefrepo/neo4j-gds-src/proc/community/src/main/java/org/neo4j/gds/scc/SccStreamProc.java	42	NeedsSource	NeedsSource	NotApplicable	P1-ImplementedExactLowRam	NotApplicable	NotApplicable	Preserve Neo4j GDS result schema when implemented; see source row for procedure entrypoint.	TEST-GDS-275	DirectSource	First-tier target from oracle/support matrices; still requires implementation tests before product claim.
276	gds.scc.stream.estimate	procedure	community	READ	yes	gitrefrepo/neo4j-gds-src/proc/community/src/main/java/org/neo4j/gds/scc/SccStreamProc.java	51	NeedsSource	NeedsSource	gitrefrepo/neo4j-gds-src/proc/community/src/main/java/org/neo4j/gds/scc/SccStreamProc.java:51	P1-ImplementedExactLowRam	NotApplicable	NotApplicable	Preserve Neo4j GDS result schema when implemented; see source row for procedure entrypoint.	TEST-GDS-276	DirectSource	First-tier target from oracle/support matrices; still requires implementation tests before product claim.
277	gds.scc.write	procedure	community	WRITE	no	gitrefrepo/neo4j-gds-src/proc/community/src/main/java/org/neo4j/gds/scc/SccWriteProc.java	44	NeedsSource	NeedsSource	NotApplicable	P1-ImplementedExactLowRam	NotApplicable	NotApplicable	Preserve Neo4j GDS result schema when implemented; see source row for procedure entrypoint.	TEST-GDS-277	DirectSource	First-tier target from oracle/support matrices; still requires implementation tests before product claim.
278	gds.scc.write.estimate	procedure	community	READ	yes	gitrefrepo/neo4j-gds-src/proc/community/src/main/java/org/neo4j/gds/scc/SccWriteProc.java	53	NeedsSource	NeedsSource	gitrefrepo/neo4j-gds-src/proc/community/src/main/java/org/neo4j/gds/scc/SccWriteProc.java:53	P1-ImplementedExactLowRam	NotApplicable	NotApplicable	Preserve Neo4j GDS result schema when implemented; see source row for procedure entrypoint.	TEST-GDS-278	DirectSource	First-tier target from oracle/support matrices; still requires implementation tests before product claim.
279	gds.sllpa.mutate	procedure	community	READ	no	gitrefrepo/neo4j-gds-src/proc/community/src/main/java/org/neo4j/gds/sllpa/SpeakerListenerLPAMutateProc.java	44	NeedsSource	NeedsSource	NotApplicable	UnsupportedButRegistered	Neo.ClientError.Procedure.ProcedureCallFailed	Procedure is recognized by the v003 registry but is not yet supported in this build; include procedure name and support status.	Call fails before row streaming; no partial result rows are emitted.	TEST-GDS-279	DirectSource	Public row should remain registered with deterministic unsupported behavior until specific procedure evidence and implementation are ready.
280	gds.sllpa.mutate.estimate	procedure	community	READ	yes	gitrefrepo/neo4j-gds-src/proc/community/src/main/java/org/neo4j/gds/sllpa/SpeakerListenerLPAMutateProc.java	53	NeedsSource	NeedsSource	gitrefrepo/neo4j-gds-src/proc/community/src/main/java/org/neo4j/gds/sllpa/SpeakerListenerLPAMutateProc.java:53	UnsupportedButRegistered	Neo.ClientError.Procedure.ProcedureCallFailed	Procedure is recognized by the v003 registry but is not yet supported in this build; include procedure name and support status.	Call fails before row streaming; no partial result rows are emitted.	TEST-GDS-280	DirectSource	Public row should remain registered with deterministic unsupported behavior until specific procedure evidence and implementation are ready.
281	gds.sllpa.stats	procedure	community	READ	no	gitrefrepo/neo4j-gds-src/proc/community/src/main/java/org/neo4j/gds/sllpa/SpeakerListenerLPAStatsProc.java	44	NeedsSource	NeedsSource	NotApplicable	UnsupportedButRegistered	Neo.ClientError.Procedure.ProcedureCallFailed	Procedure is recognized by the v003 registry but is not yet supported in this build; include procedure name and support status.	Call fails before row streaming; no partial result rows are emitted.	TEST-GDS-281	DirectSource	Public row should remain registered with deterministic unsupported behavior until specific procedure evidence and implementation are ready.
282	gds.sllpa.stats.estimate	procedure	community	READ	yes	gitrefrepo/neo4j-gds-src/proc/community/src/main/java/org/neo4j/gds/sllpa/SpeakerListenerLPAStatsProc.java	53	NeedsSource	NeedsSource	gitrefrepo/neo4j-gds-src/proc/community/src/main/java/org/neo4j/gds/sllpa/SpeakerListenerLPAStatsProc.java:53	UnsupportedButRegistered	Neo.ClientError.Procedure.ProcedureCallFailed	Procedure is recognized by the v003 registry but is not yet supported in this build; include procedure name and support status.	Call fails before row streaming; no partial result rows are emitted.	TEST-GDS-282	DirectSource	Public row should remain registered with deterministic unsupported behavior until specific procedure evidence and implementation are ready.
283	gds.sllpa.stream	procedure	community	READ	no	gitrefrepo/neo4j-gds-src/proc/community/src/main/java/org/neo4j/gds/sllpa/SpeakerListenerLPAStreamProc.java	44	NeedsSource	NeedsSource	NotApplicable	UnsupportedButRegistered	Neo.ClientError.Procedure.ProcedureCallFailed	Procedure is recognized by the v003 registry but is not yet supported in this build; include procedure name and support status.	Call fails before row streaming; no partial result rows are emitted.	TEST-GDS-283	DirectSource	Public row should remain registered with deterministic unsupported behavior until specific procedure evidence and implementation are ready.
284	gds.sllpa.stream.estimate	procedure	community	READ	yes	gitrefrepo/neo4j-gds-src/proc/community/src/main/java/org/neo4j/gds/sllpa/SpeakerListenerLPAStreamProc.java	53	NeedsSource	NeedsSource	gitrefrepo/neo4j-gds-src/proc/community/src/main/java/org/neo4j/gds/sllpa/SpeakerListenerLPAStreamProc.java:53	UnsupportedButRegistered	Neo.ClientError.Procedure.ProcedureCallFailed	Procedure is recognized by the v003 registry but is not yet supported in this build; include procedure name and support status.	Call fails before row streaming; no partial result rows are emitted.	TEST-GDS-284	DirectSource	Public row should remain registered with deterministic unsupported behavior until specific procedure evidence and implementation are ready.
285	gds.sllpa.write	procedure	community	WRITE	no	gitrefrepo/neo4j-gds-src/proc/community/src/main/java/org/neo4j/gds/sllpa/SpeakerListenerLPAWriteProc.java	45	NeedsSource	NeedsSource	NotApplicable	UnsupportedButRegistered	Neo.ClientError.Procedure.ProcedureCallFailed	Procedure is recognized by the v003 registry but is not yet supported in this build; include procedure name and support status.	Call fails before row streaming; no partial result rows are emitted.	TEST-GDS-285	DirectSource	Public row should remain registered with deterministic unsupported behavior until specific procedure evidence and implementation are ready.
286	gds.sllpa.write.estimate	procedure	community	READ	yes	gitrefrepo/neo4j-gds-src/proc/community/src/main/java/org/neo4j/gds/sllpa/SpeakerListenerLPAWriteProc.java	54	NeedsSource	NeedsSource	gitrefrepo/neo4j-gds-src/proc/community/src/main/java/org/neo4j/gds/sllpa/SpeakerListenerLPAWriteProc.java:54	UnsupportedButRegistered	Neo.ClientError.Procedure.ProcedureCallFailed	Procedure is recognized by the v003 registry but is not yet supported in this build; include procedure name and support status.	Call fails before row streaming; no partial result rows are emitted.	TEST-GDS-286	DirectSource	Public row should remain registered with deterministic unsupported behavior until specific procedure evidence and implementation are ready.
287	gds.triangleCount.mutate	procedure	community	READ	no	gitrefrepo/neo4j-gds-src/proc/community/src/main/java/org/neo4j/gds/triangle/TriangleCountMutateProc.java	41	NeedsSource	NeedsSource	NotApplicable	P1-ImplementedExactLowRam	NotApplicable	NotApplicable	Preserve Neo4j GDS result schema when implemented; see source row for procedure entrypoint.	TEST-GDS-287	DirectSource	First-tier target from oracle/support matrices; still requires implementation tests before product claim.
288	gds.triangleCount.mutate.estimate	procedure	community	READ	yes	gitrefrepo/neo4j-gds-src/proc/community/src/main/java/org/neo4j/gds/triangle/TriangleCountMutateProc.java	50	NeedsSource	NeedsSource	gitrefrepo/neo4j-gds-src/proc/community/src/main/java/org/neo4j/gds/triangle/TriangleCountMutateProc.java:50	P1-ImplementedExactLowRam	NotApplicable	NotApplicable	Preserve Neo4j GDS result schema when implemented; see source row for procedure entrypoint.	TEST-GDS-288	DirectSource	First-tier target from oracle/support matrices; still requires implementation tests before product claim.
289	gds.triangleCount.stats	procedure	community	READ	no	gitrefrepo/neo4j-gds-src/proc/community/src/main/java/org/neo4j/gds/triangle/TriangleCountStatsProc.java	41	NeedsSource	NeedsSource	NotApplicable	P1-ImplementedExactLowRam	NotApplicable	NotApplicable	Preserve Neo4j GDS result schema when implemented; see source row for procedure entrypoint.	TEST-GDS-289	DirectSource	First-tier target from oracle/support matrices; still requires implementation tests before product claim.
290	gds.triangleCount.stats.estimate	procedure	community	READ	yes	gitrefrepo/neo4j-gds-src/proc/community/src/main/java/org/neo4j/gds/triangle/TriangleCountStatsProc.java	50	NeedsSource	NeedsSource	gitrefrepo/neo4j-gds-src/proc/community/src/main/java/org/neo4j/gds/triangle/TriangleCountStatsProc.java:50	P1-ImplementedExactLowRam	NotApplicable	NotApplicable	Preserve Neo4j GDS result schema when implemented; see source row for procedure entrypoint.	TEST-GDS-290	DirectSource	First-tier target from oracle/support matrices; still requires implementation tests before product claim.
291	gds.triangleCount.stream	procedure	community	M	no	gitrefrepo/neo4j-gds-src/proc/community/src/main/java/org/neo4j/gds/triangle/TriangleCountStreamProc.java	43	NeedsSource	NeedsSource	NotApplicable	P1-ImplementedExactLowRam	NotApplicable	NotApplicable	Preserve Neo4j GDS result schema when implemented; see source row for procedure entrypoint.	TEST-GDS-291	DirectSource	First-tier target from oracle/support matrices; still requires implementation tests before product claim.
292	gds.triangleCount.stream.estimate	procedure	community	READ	yes	gitrefrepo/neo4j-gds-src/proc/community/src/main/java/org/neo4j/gds/triangle/TriangleCountStreamProc.java	51	NeedsSource	NeedsSource	gitrefrepo/neo4j-gds-src/proc/community/src/main/java/org/neo4j/gds/triangle/TriangleCountStreamProc.java:51	P1-ImplementedExactLowRam	NotApplicable	NotApplicable	Preserve Neo4j GDS result schema when implemented; see source row for procedure entrypoint.	TEST-GDS-292	DirectSource	First-tier target from oracle/support matrices; still requires implementation tests before product claim.
293	gds.triangleCount.write	procedure	community	WRITE	no	gitrefrepo/neo4j-gds-src/proc/community/src/main/java/org/neo4j/gds/triangle/TriangleCountWriteProc.java	42	NeedsSource	NeedsSource	NotApplicable	P1-ImplementedExactLowRam	NotApplicable	NotApplicable	Preserve Neo4j GDS result schema when implemented; see source row for procedure entrypoint.	TEST-GDS-293	DirectSource	First-tier target from oracle/support matrices; still requires implementation tests before product claim.
294	gds.triangleCount.write.estimate	procedure	community	READ	yes	gitrefrepo/neo4j-gds-src/proc/community/src/main/java/org/neo4j/gds/triangle/TriangleCountWriteProc.java	51	NeedsSource	NeedsSource	gitrefrepo/neo4j-gds-src/proc/community/src/main/java/org/neo4j/gds/triangle/TriangleCountWriteProc.java:51	P1-ImplementedExactLowRam	NotApplicable	NotApplicable	Preserve Neo4j GDS result schema when implemented; see source row for procedure entrypoint.	TEST-GDS-294	DirectSource	First-tier target from oracle/support matrices; still requires implementation tests before product claim.
295	gds.triangles	procedure	community	READ	no	gitrefrepo/neo4j-gds-src/proc/community/src/main/java/org/neo4j/gds/triangle/TriangleProc.java	41	NeedsSource	NeedsSource	NotApplicable	UnsupportedButRegistered	Neo.ClientError.Procedure.ProcedureCallFailed	Procedure is recognized by the v003 registry but is not yet supported in this build; include procedure name and support status.	Call fails before row streaming; no partial result rows are emitted.	TEST-GDS-295	DirectSource	Public row should remain registered with deterministic unsupported behavior until specific procedure evidence and implementation are ready.
296	gds.wcc.mutate	procedure	community	READ	no	gitrefrepo/neo4j-gds-src/proc/community/src/main/java/org/neo4j/gds/wcc/WccMutateProc.java	41	NeedsSource	NeedsSource	NotApplicable	P1-ImplementedExactLowRam	NotApplicable	NotApplicable	Preserve Neo4j GDS result schema when implemented; see source row for procedure entrypoint.	TEST-GDS-296	DirectSource	First-tier target from oracle/support matrices; still requires implementation tests before product claim.
297	gds.wcc.mutate.estimate	procedure	community	READ	yes	gitrefrepo/neo4j-gds-src/proc/community/src/main/java/org/neo4j/gds/wcc/WccMutateProc.java	50	NeedsSource	NeedsSource	gitrefrepo/neo4j-gds-src/proc/community/src/main/java/org/neo4j/gds/wcc/WccMutateProc.java:50	P1-ImplementedExactLowRam	NotApplicable	NotApplicable	Preserve Neo4j GDS result schema when implemented; see source row for procedure entrypoint.	TEST-GDS-297	DirectSource	First-tier target from oracle/support matrices; still requires implementation tests before product claim.
298	gds.wcc.stats	procedure	community	READ	no	gitrefrepo/neo4j-gds-src/proc/community/src/main/java/org/neo4j/gds/wcc/WccStatsProc.java	42	NeedsSource	NeedsSource	NotApplicable	P1-ImplementedExactLowRam	NotApplicable	NotApplicable	Preserve Neo4j GDS result schema when implemented; see source row for procedure entrypoint.	TEST-GDS-298	DirectSource	First-tier target from oracle/support matrices; still requires implementation tests before product claim.
299	gds.wcc.stats.estimate	procedure	community	READ	yes	gitrefrepo/neo4j-gds-src/proc/community/src/main/java/org/neo4j/gds/wcc/WccStatsProc.java	51	NeedsSource	NeedsSource	gitrefrepo/neo4j-gds-src/proc/community/src/main/java/org/neo4j/gds/wcc/WccStatsProc.java:51	P1-ImplementedExactLowRam	NotApplicable	NotApplicable	Preserve Neo4j GDS result schema when implemented; see source row for procedure entrypoint.	TEST-GDS-299	DirectSource	First-tier target from oracle/support matrices; still requires implementation tests before product claim.
300	gds.wcc.stream	procedure	community	READ	no	gitrefrepo/neo4j-gds-src/proc/community/src/main/java/org/neo4j/gds/wcc/WccStreamProc.java	41	NeedsSource	NeedsSource	NotApplicable	P1-ImplementedExactLowRam	NotApplicable	NotApplicable	Preserve Neo4j GDS result schema when implemented; see source row for procedure entrypoint.	TEST-GDS-300	DirectSource	First-tier target from oracle/support matrices; still requires implementation tests before product claim.
301	gds.wcc.stream.estimate	procedure	community	READ	yes	gitrefrepo/neo4j-gds-src/proc/community/src/main/java/org/neo4j/gds/wcc/WccStreamProc.java	50	NeedsSource	NeedsSource	gitrefrepo/neo4j-gds-src/proc/community/src/main/java/org/neo4j/gds/wcc/WccStreamProc.java:50	P1-ImplementedExactLowRam	NotApplicable	NotApplicable	Preserve Neo4j GDS result schema when implemented; see source row for procedure entrypoint.	TEST-GDS-301	DirectSource	First-tier target from oracle/support matrices; still requires implementation tests before product claim.
302	gds.wcc.write	procedure	community	WRITE	no	gitrefrepo/neo4j-gds-src/proc/community/src/main/java/org/neo4j/gds/wcc/WccWriteProc.java	42	NeedsSource	NeedsSource	NotApplicable	P1-ImplementedExactLowRam	NotApplicable	NotApplicable	Preserve Neo4j GDS result schema when implemented; see source row for procedure entrypoint.	TEST-GDS-302	DirectSource	First-tier target from oracle/support matrices; still requires implementation tests before product claim.
303	gds.wcc.write.estimate	procedure	community	READ	yes	gitrefrepo/neo4j-gds-src/proc/community/src/main/java/org/neo4j/gds/wcc/WccWriteProc.java	51	NeedsSource	NeedsSource	gitrefrepo/neo4j-gds-src/proc/community/src/main/java/org/neo4j/gds/wcc/WccWriteProc.java:51	P1-ImplementedExactLowRam	NotApplicable	NotApplicable	Preserve Neo4j GDS result schema when implemented; see source row for procedure entrypoint.	TEST-GDS-303	DirectSource	First-tier target from oracle/support matrices; still requires implementation tests before product claim.
304	gds.beta.graphSage.mutate	procedure	embeddings	M	no	gitrefrepo/neo4j-gds-src/proc/embeddings/src/main/java/org/neo4j/gds/embeddings/graphsage/GraphSageMutateProc.java	42	NeedsSource	NeedsSource	NotApplicable	P2-ImplementedLater	Neo.ClientError.Procedure.ProcedureCallFailed	Procedure is recognized by the v003 registry but is not yet supported in this build; include procedure name and support status.	Call fails before row streaming; no partial result rows are emitted.	TEST-GDS-304	DirectSource	High-state or artifact-heavy family; register deterministically and implement after P1 foundations.
305	gds.beta.graphSage.mutate.estimate	procedure	embeddings	READ	yes	gitrefrepo/neo4j-gds-src/proc/embeddings/src/main/java/org/neo4j/gds/embeddings/graphsage/GraphSageMutateProc.java	51	NeedsSource	NeedsSource	gitrefrepo/neo4j-gds-src/proc/embeddings/src/main/java/org/neo4j/gds/embeddings/graphsage/GraphSageMutateProc.java:51	P2-ImplementedLater	Neo.ClientError.Procedure.ProcedureCallFailed	Procedure is recognized by the v003 registry but is not yet supported in this build; include procedure name and support status.	Call fails before row streaming; no partial result rows are emitted.	TEST-GDS-305	DirectSource	High-state or artifact-heavy family; register deterministically and implement after P1 foundations.
306	gds.beta.graphSage.stream	procedure	embeddings	M	no	gitrefrepo/neo4j-gds-src/proc/embeddings/src/main/java/org/neo4j/gds/embeddings/graphsage/GraphSageStreamProc.java	42	NeedsSource	NeedsSource	NotApplicable	P2-ImplementedLater	Neo.ClientError.Procedure.ProcedureCallFailed	Procedure is recognized by the v003 registry but is not yet supported in this build; include procedure name and support status.	Call fails before row streaming; no partial result rows are emitted.	TEST-GDS-306	DirectSource	High-state or artifact-heavy family; register deterministically and implement after P1 foundations.
307	gds.beta.graphSage.stream.estimate	procedure	embeddings	M	yes	gitrefrepo/neo4j-gds-src/proc/embeddings/src/main/java/org/neo4j/gds/embeddings/graphsage/GraphSageStreamProc.java	50	NeedsSource	NeedsSource	gitrefrepo/neo4j-gds-src/proc/embeddings/src/main/java/org/neo4j/gds/embeddings/graphsage/GraphSageStreamProc.java:50	P2-ImplementedLater	Neo.ClientError.Procedure.ProcedureCallFailed	Procedure is recognized by the v003 registry but is not yet supported in this build; include procedure name and support status.	Call fails before row streaming; no partial result rows are emitted.	TEST-GDS-307	DirectSource	High-state or artifact-heavy family; register deterministically and implement after P1 foundations.
308	gds.beta.graphSage.train	procedure	embeddings	M	no	gitrefrepo/neo4j-gds-src/proc/embeddings/src/main/java/org/neo4j/gds/embeddings/graphsage/GraphSageTrainProc.java	42	NeedsSource	NeedsSource	NotApplicable	P2-ImplementedLater	Neo.ClientError.Procedure.ProcedureCallFailed	Procedure is recognized by the v003 registry but is not yet supported in this build; include procedure name and support status.	Call fails before row streaming; no partial result rows are emitted.	TEST-GDS-308	DirectSource	High-state or artifact-heavy family; register deterministically and implement after P1 foundations.
309	gds.beta.graphSage.train.estimate	procedure	embeddings	M	yes	gitrefrepo/neo4j-gds-src/proc/embeddings/src/main/java/org/neo4j/gds/embeddings/graphsage/GraphSageTrainProc.java	51	NeedsSource	NeedsSource	gitrefrepo/neo4j-gds-src/proc/embeddings/src/main/java/org/neo4j/gds/embeddings/graphsage/GraphSageTrainProc.java:51	P2-ImplementedLater	Neo.ClientError.Procedure.ProcedureCallFailed	Procedure is recognized by the v003 registry but is not yet supported in this build; include procedure name and support status.	Call fails before row streaming; no partial result rows are emitted.	TEST-GDS-309	DirectSource	High-state or artifact-heavy family; register deterministically and implement after P1 foundations.
310	gds.beta.graphSage.write	procedure	embeddings	M	no	gitrefrepo/neo4j-gds-src/proc/embeddings/src/main/java/org/neo4j/gds/embeddings/graphsage/GraphSageWriteProc.java	41	NeedsSource	NeedsSource	NotApplicable	P2-ImplementedLater	Neo.ClientError.Procedure.ProcedureCallFailed	Procedure is recognized by the v003 registry but is not yet supported in this build; include procedure name and support status.	Call fails before row streaming; no partial result rows are emitted.	TEST-GDS-310	DirectSource	High-state or artifact-heavy family; register deterministically and implement after P1 foundations.
311	gds.beta.graphSage.write.estimate	procedure	embeddings	M	yes	gitrefrepo/neo4j-gds-src/proc/embeddings/src/main/java/org/neo4j/gds/embeddings/graphsage/GraphSageWriteProc.java	50	NeedsSource	NeedsSource	gitrefrepo/neo4j-gds-src/proc/embeddings/src/main/java/org/neo4j/gds/embeddings/graphsage/GraphSageWriteProc.java:50	P2-ImplementedLater	Neo.ClientError.Procedure.ProcedureCallFailed	Procedure is recognized by the v003 registry but is not yet supported in this build; include procedure name and support status.	Call fails before row streaming; no partial result rows are emitted.	TEST-GDS-311	DirectSource	High-state or artifact-heavy family; register deterministically and implement after P1 foundations.
312	gds.beta.hashgnn.mutate	procedure	embeddings	READ	no	gitrefrepo/neo4j-gds-src/proc/embeddings/src/main/java/org/neo4j/gds/embeddings/hashgnn/HashGNNMutateProc.java	53	NeedsSource	NeedsSource	NotApplicable	P2-ImplementedLater	Neo.ClientError.Procedure.ProcedureCallFailed	Procedure is recognized by the v003 registry but is not yet supported in this build; include procedure name and support status.	Call fails before row streaming; no partial result rows are emitted.	TEST-GDS-312	DirectSource	High-state or artifact-heavy family; register deterministically and implement after P1 foundations.
313	gds.beta.hashgnn.mutate.estimate	procedure	embeddings	READ	yes	gitrefrepo/neo4j-gds-src/proc/embeddings/src/main/java/org/neo4j/gds/embeddings/hashgnn/HashGNNMutateProc.java	81	NeedsSource	NeedsSource	gitrefrepo/neo4j-gds-src/proc/embeddings/src/main/java/org/neo4j/gds/embeddings/hashgnn/HashGNNMutateProc.java:81	P2-ImplementedLater	Neo.ClientError.Procedure.ProcedureCallFailed	Procedure is recognized by the v003 registry but is not yet supported in this build; include procedure name and support status.	Call fails before row streaming; no partial result rows are emitted.	TEST-GDS-313	DirectSource	High-state or artifact-heavy family; register deterministically and implement after P1 foundations.
314	gds.beta.hashgnn.stream	procedure	embeddings	READ	no	gitrefrepo/neo4j-gds-src/proc/embeddings/src/main/java/org/neo4j/gds/embeddings/hashgnn/HashGNNStreamProc.java	53	NeedsSource	NeedsSource	NotApplicable	P2-ImplementedLater	Neo.ClientError.Procedure.ProcedureCallFailed	Procedure is recognized by the v003 registry but is not yet supported in this build; include procedure name and support status.	Call fails before row streaming; no partial result rows are emitted.	TEST-GDS-314	DirectSource	High-state or artifact-heavy family; register deterministically and implement after P1 foundations.
315	gds.beta.hashgnn.stream.estimate	procedure	embeddings	READ	yes	gitrefrepo/neo4j-gds-src/proc/embeddings/src/main/java/org/neo4j/gds/embeddings/hashgnn/HashGNNStreamProc.java	78	NeedsSource	NeedsSource	gitrefrepo/neo4j-gds-src/proc/embeddings/src/main/java/org/neo4j/gds/embeddings/hashgnn/HashGNNStreamProc.java:78	P2-ImplementedLater	Neo.ClientError.Procedure.ProcedureCallFailed	Procedure is recognized by the v003 registry but is not yet supported in this build; include procedure name and support status.	Call fails before row streaming; no partial result rows are emitted.	TEST-GDS-315	DirectSource	High-state or artifact-heavy family; register deterministically and implement after P1 foundations.
316	gds.beta.node2vec.mutate	procedure	embeddings	READ	no	gitrefrepo/neo4j-gds-src/proc/embeddings/src/main/java/org/neo4j/gds/embeddings/node2vec/Node2VecMutateProc.java	60	NeedsSource	NeedsSource	NotApplicable	P2-ImplementedLater	Neo.ClientError.Procedure.ProcedureCallFailed	Procedure is recognized by the v003 registry but is not yet supported in this build; include procedure name and support status.	Call fails before row streaming; no partial result rows are emitted.	TEST-GDS-316	DirectSource	High-state or artifact-heavy family; register deterministically and implement after P1 foundations.
317	gds.beta.node2vec.mutate.estimate	procedure	embeddings	READ	yes	gitrefrepo/neo4j-gds-src/proc/embeddings/src/main/java/org/neo4j/gds/embeddings/node2vec/Node2VecMutateProc.java	76	NeedsSource	NeedsSource	gitrefrepo/neo4j-gds-src/proc/embeddings/src/main/java/org/neo4j/gds/embeddings/node2vec/Node2VecMutateProc.java:76	P2-ImplementedLater	Neo.ClientError.Procedure.ProcedureCallFailed	Procedure is recognized by the v003 registry but is not yet supported in this build; include procedure name and support status.	Call fails before row streaming; no partial result rows are emitted.	TEST-GDS-317	DirectSource	High-state or artifact-heavy family; register deterministically and implement after P1 foundations.
318	gds.beta.node2vec.stream	procedure	embeddings	READ	no	gitrefrepo/neo4j-gds-src/proc/embeddings/src/main/java/org/neo4j/gds/embeddings/node2vec/Node2VecStreamProc.java	60	NeedsSource	NeedsSource	NotApplicable	P2-ImplementedLater	Neo.ClientError.Procedure.ProcedureCallFailed	Procedure is recognized by the v003 registry but is not yet supported in this build; include procedure name and support status.	Call fails before row streaming; no partial result rows are emitted.	TEST-GDS-318	DirectSource	High-state or artifact-heavy family; register deterministically and implement after P1 foundations.
319	gds.beta.node2vec.stream.estimate	procedure	embeddings	READ	yes	gitrefrepo/neo4j-gds-src/proc/embeddings/src/main/java/org/neo4j/gds/embeddings/node2vec/Node2VecStreamProc.java	76	NeedsSource	NeedsSource	gitrefrepo/neo4j-gds-src/proc/embeddings/src/main/java/org/neo4j/gds/embeddings/node2vec/Node2VecStreamProc.java:76	P2-ImplementedLater	Neo.ClientError.Procedure.ProcedureCallFailed	Procedure is recognized by the v003 registry but is not yet supported in this build; include procedure name and support status.	Call fails before row streaming; no partial result rows are emitted.	TEST-GDS-319	DirectSource	High-state or artifact-heavy family; register deterministically and implement after P1 foundations.
320	gds.beta.node2vec.write	procedure	embeddings	WRITE	no	gitrefrepo/neo4j-gds-src/proc/embeddings/src/main/java/org/neo4j/gds/embeddings/node2vec/Node2VecWriteProc.java	61	NeedsSource	NeedsSource	NotApplicable	P2-ImplementedLater	Neo.ClientError.Procedure.ProcedureCallFailed	Procedure is recognized by the v003 registry but is not yet supported in this build; include procedure name and support status.	Call fails before row streaming; no partial result rows are emitted.	TEST-GDS-320	DirectSource	High-state or artifact-heavy family; register deterministically and implement after P1 foundations.
321	gds.beta.node2vec.write.estimate	procedure	embeddings	READ	yes	gitrefrepo/neo4j-gds-src/proc/embeddings/src/main/java/org/neo4j/gds/embeddings/node2vec/Node2VecWriteProc.java	77	NeedsSource	NeedsSource	gitrefrepo/neo4j-gds-src/proc/embeddings/src/main/java/org/neo4j/gds/embeddings/node2vec/Node2VecWriteProc.java:77	P2-ImplementedLater	Neo.ClientError.Procedure.ProcedureCallFailed	Procedure is recognized by the v003 registry but is not yet supported in this build; include procedure name and support status.	Call fails before row streaming; no partial result rows are emitted.	TEST-GDS-321	DirectSource	High-state or artifact-heavy family; register deterministically and implement after P1 foundations.
322	gds.fastRP.mutate	procedure	embeddings	READ	no	gitrefrepo/neo4j-gds-src/proc/embeddings/src/main/java/org/neo4j/gds/embeddings/fastrp/FastRPMutateProc.java	41	NeedsSource	NeedsSource	NotApplicable	P2-ImplementedLater	Neo.ClientError.Procedure.ProcedureCallFailed	Procedure is recognized by the v003 registry but is not yet supported in this build; include procedure name and support status.	Call fails before row streaming; no partial result rows are emitted.	TEST-GDS-322	DirectSource	High-state or artifact-heavy family; register deterministically and implement after P1 foundations.
323	gds.fastRP.mutate.estimate	procedure	embeddings	READ	yes	gitrefrepo/neo4j-gds-src/proc/embeddings/src/main/java/org/neo4j/gds/embeddings/fastrp/FastRPMutateProc.java	50	NeedsSource	NeedsSource	gitrefrepo/neo4j-gds-src/proc/embeddings/src/main/java/org/neo4j/gds/embeddings/fastrp/FastRPMutateProc.java:50	P2-ImplementedLater	Neo.ClientError.Procedure.ProcedureCallFailed	Procedure is recognized by the v003 registry but is not yet supported in this build; include procedure name and support status.	Call fails before row streaming; no partial result rows are emitted.	TEST-GDS-323	DirectSource	High-state or artifact-heavy family; register deterministically and implement after P1 foundations.
324	gds.fastRP.stats	procedure	embeddings	READ	no	gitrefrepo/neo4j-gds-src/proc/embeddings/src/main/java/org/neo4j/gds/embeddings/fastrp/FastRPStatsProc.java	41	NeedsSource	NeedsSource	NotApplicable	P2-ImplementedLater	Neo.ClientError.Procedure.ProcedureCallFailed	Procedure is recognized by the v003 registry but is not yet supported in this build; include procedure name and support status.	Call fails before row streaming; no partial result rows are emitted.	TEST-GDS-324	DirectSource	High-state or artifact-heavy family; register deterministically and implement after P1 foundations.
325	gds.fastRP.stats.estimate	procedure	embeddings	READ	yes	gitrefrepo/neo4j-gds-src/proc/embeddings/src/main/java/org/neo4j/gds/embeddings/fastrp/FastRPStatsProc.java	50	NeedsSource	NeedsSource	gitrefrepo/neo4j-gds-src/proc/embeddings/src/main/java/org/neo4j/gds/embeddings/fastrp/FastRPStatsProc.java:50	P2-ImplementedLater	Neo.ClientError.Procedure.ProcedureCallFailed	Procedure is recognized by the v003 registry but is not yet supported in this build; include procedure name and support status.	Call fails before row streaming; no partial result rows are emitted.	TEST-GDS-325	DirectSource	High-state or artifact-heavy family; register deterministically and implement after P1 foundations.
326	gds.fastRP.stream	procedure	embeddings	READ	no	gitrefrepo/neo4j-gds-src/proc/embeddings/src/main/java/org/neo4j/gds/embeddings/fastrp/FastRPStreamProc.java	41	NeedsSource	NeedsSource	NotApplicable	P2-ImplementedLater	Neo.ClientError.Procedure.ProcedureCallFailed	Procedure is recognized by the v003 registry but is not yet supported in this build; include procedure name and support status.	Call fails before row streaming; no partial result rows are emitted.	TEST-GDS-326	DirectSource	High-state or artifact-heavy family; register deterministically and implement after P1 foundations.
327	gds.fastRP.stream.estimate	procedure	embeddings	READ	yes	gitrefrepo/neo4j-gds-src/proc/embeddings/src/main/java/org/neo4j/gds/embeddings/fastrp/FastRPStreamProc.java	50	NeedsSource	NeedsSource	gitrefrepo/neo4j-gds-src/proc/embeddings/src/main/java/org/neo4j/gds/embeddings/fastrp/FastRPStreamProc.java:50	P2-ImplementedLater	Neo.ClientError.Procedure.ProcedureCallFailed	Procedure is recognized by the v003 registry but is not yet supported in this build; include procedure name and support status.	Call fails before row streaming; no partial result rows are emitted.	TEST-GDS-327	DirectSource	High-state or artifact-heavy family; register deterministically and implement after P1 foundations.
328	gds.fastRP.write	procedure	embeddings	WRITE	no	gitrefrepo/neo4j-gds-src/proc/embeddings/src/main/java/org/neo4j/gds/embeddings/fastrp/FastRPWriteProc.java	42	NeedsSource	NeedsSource	NotApplicable	P2-ImplementedLater	Neo.ClientError.Procedure.ProcedureCallFailed	Procedure is recognized by the v003 registry but is not yet supported in this build; include procedure name and support status.	Call fails before row streaming; no partial result rows are emitted.	TEST-GDS-328	DirectSource	High-state or artifact-heavy family; register deterministically and implement after P1 foundations.
329	gds.fastRP.write.estimate	procedure	embeddings	READ	yes	gitrefrepo/neo4j-gds-src/proc/embeddings/src/main/java/org/neo4j/gds/embeddings/fastrp/FastRPWriteProc.java	51	NeedsSource	NeedsSource	gitrefrepo/neo4j-gds-src/proc/embeddings/src/main/java/org/neo4j/gds/embeddings/fastrp/FastRPWriteProc.java:51	P2-ImplementedLater	Neo.ClientError.Procedure.ProcedureCallFailed	Procedure is recognized by the v003 registry but is not yet supported in this build; include procedure name and support status.	Call fails before row streaming; no partial result rows are emitted.	TEST-GDS-329	DirectSource	High-state or artifact-heavy family; register deterministically and implement after P1 foundations.
330	gds.hashgnn.mutate	procedure	embeddings	READ	no	gitrefrepo/neo4j-gds-src/proc/embeddings/src/main/java/org/neo4j/gds/embeddings/hashgnn/HashGNNMutateProc.java	42	NeedsSource	NeedsSource	NotApplicable	P2-ImplementedLater	Neo.ClientError.Procedure.ProcedureCallFailed	Procedure is recognized by the v003 registry but is not yet supported in this build; include procedure name and support status.	Call fails before row streaming; no partial result rows are emitted.	TEST-GDS-330	DirectSource	High-state or artifact-heavy family; register deterministically and implement after P1 foundations.
331	gds.hashgnn.mutate.estimate	procedure	embeddings	READ	yes	gitrefrepo/neo4j-gds-src/proc/embeddings/src/main/java/org/neo4j/gds/embeddings/hashgnn/HashGNNMutateProc.java	67	NeedsSource	NeedsSource	gitrefrepo/neo4j-gds-src/proc/embeddings/src/main/java/org/neo4j/gds/embeddings/hashgnn/HashGNNMutateProc.java:67	P2-ImplementedLater	Neo.ClientError.Procedure.ProcedureCallFailed	Procedure is recognized by the v003 registry but is not yet supported in this build; include procedure name and support status.	Call fails before row streaming; no partial result rows are emitted.	TEST-GDS-331	DirectSource	High-state or artifact-heavy family; register deterministically and implement after P1 foundations.
332	gds.hashgnn.stream	procedure	embeddings	READ	no	gitrefrepo/neo4j-gds-src/proc/embeddings/src/main/java/org/neo4j/gds/embeddings/hashgnn/HashGNNStreamProc.java	42	NeedsSource	NeedsSource	NotApplicable	P2-ImplementedLater	Neo.ClientError.Procedure.ProcedureCallFailed	Procedure is recognized by the v003 registry but is not yet supported in this build; include procedure name and support status.	Call fails before row streaming; no partial result rows are emitted.	TEST-GDS-332	DirectSource	High-state or artifact-heavy family; register deterministically and implement after P1 foundations.
333	gds.hashgnn.stream.estimate	procedure	embeddings	READ	yes	gitrefrepo/neo4j-gds-src/proc/embeddings/src/main/java/org/neo4j/gds/embeddings/hashgnn/HashGNNStreamProc.java	67	NeedsSource	NeedsSource	gitrefrepo/neo4j-gds-src/proc/embeddings/src/main/java/org/neo4j/gds/embeddings/hashgnn/HashGNNStreamProc.java:67	P2-ImplementedLater	Neo.ClientError.Procedure.ProcedureCallFailed	Procedure is recognized by the v003 registry but is not yet supported in this build; include procedure name and support status.	Call fails before row streaming; no partial result rows are emitted.	TEST-GDS-333	DirectSource	High-state or artifact-heavy family; register deterministically and implement after P1 foundations.
334	gds.node2vec.mutate	procedure	embeddings	READ	no	gitrefrepo/neo4j-gds-src/proc/embeddings/src/main/java/org/neo4j/gds/embeddings/node2vec/Node2VecMutateProc.java	42	NeedsSource	NeedsSource	NotApplicable	P2-ImplementedLater	Neo.ClientError.Procedure.ProcedureCallFailed	Procedure is recognized by the v003 registry but is not yet supported in this build; include procedure name and support status.	Call fails before row streaming; no partial result rows are emitted.	TEST-GDS-334	DirectSource	High-state or artifact-heavy family; register deterministically and implement after P1 foundations.
335	gds.node2vec.mutate.estimate	procedure	embeddings	READ	yes	gitrefrepo/neo4j-gds-src/proc/embeddings/src/main/java/org/neo4j/gds/embeddings/node2vec/Node2VecMutateProc.java	51	NeedsSource	NeedsSource	gitrefrepo/neo4j-gds-src/proc/embeddings/src/main/java/org/neo4j/gds/embeddings/node2vec/Node2VecMutateProc.java:51	P2-ImplementedLater	Neo.ClientError.Procedure.ProcedureCallFailed	Procedure is recognized by the v003 registry but is not yet supported in this build; include procedure name and support status.	Call fails before row streaming; no partial result rows are emitted.	TEST-GDS-335	DirectSource	High-state or artifact-heavy family; register deterministically and implement after P1 foundations.
336	gds.node2vec.stream	procedure	embeddings	READ	no	gitrefrepo/neo4j-gds-src/proc/embeddings/src/main/java/org/neo4j/gds/embeddings/node2vec/Node2VecStreamProc.java	42	NeedsSource	NeedsSource	NotApplicable	P2-ImplementedLater	Neo.ClientError.Procedure.ProcedureCallFailed	Procedure is recognized by the v003 registry but is not yet supported in this build; include procedure name and support status.	Call fails before row streaming; no partial result rows are emitted.	TEST-GDS-336	DirectSource	High-state or artifact-heavy family; register deterministically and implement after P1 foundations.
337	gds.node2vec.stream.estimate	procedure	embeddings	READ	yes	gitrefrepo/neo4j-gds-src/proc/embeddings/src/main/java/org/neo4j/gds/embeddings/node2vec/Node2VecStreamProc.java	51	NeedsSource	NeedsSource	gitrefrepo/neo4j-gds-src/proc/embeddings/src/main/java/org/neo4j/gds/embeddings/node2vec/Node2VecStreamProc.java:51	P2-ImplementedLater	Neo.ClientError.Procedure.ProcedureCallFailed	Procedure is recognized by the v003 registry but is not yet supported in this build; include procedure name and support status.	Call fails before row streaming; no partial result rows are emitted.	TEST-GDS-337	DirectSource	High-state or artifact-heavy family; register deterministically and implement after P1 foundations.
338	gds.node2vec.write	procedure	embeddings	WRITE	no	gitrefrepo/neo4j-gds-src/proc/embeddings/src/main/java/org/neo4j/gds/embeddings/node2vec/Node2VecWriteProc.java	43	NeedsSource	NeedsSource	NotApplicable	P2-ImplementedLater	Neo.ClientError.Procedure.ProcedureCallFailed	Procedure is recognized by the v003 registry but is not yet supported in this build; include procedure name and support status.	Call fails before row streaming; no partial result rows are emitted.	TEST-GDS-338	DirectSource	High-state or artifact-heavy family; register deterministically and implement after P1 foundations.
339	gds.node2vec.write.estimate	procedure	embeddings	READ	yes	gitrefrepo/neo4j-gds-src/proc/embeddings/src/main/java/org/neo4j/gds/embeddings/node2vec/Node2VecWriteProc.java	52	NeedsSource	NeedsSource	gitrefrepo/neo4j-gds-src/proc/embeddings/src/main/java/org/neo4j/gds/embeddings/node2vec/Node2VecWriteProc.java:52	P2-ImplementedLater	Neo.ClientError.Procedure.ProcedureCallFailed	Procedure is recognized by the v003 registry but is not yet supported in this build; include procedure name and support status.	Call fails before row streaming; no partial result rows are emitted.	TEST-GDS-339	DirectSource	High-state or artifact-heavy family; register deterministically and implement after P1 foundations.
340	gds.alpha.ml.splitRelationships.mutate	procedure	machine-learning	READ	no	gitrefrepo/neo4j-gds-src/proc/machine-learning/src/main/java/org/neo4j/gds/ml/splitting/SplitRelationshipsMutateProc.java	38	NeedsSource	NeedsSource	NotApplicable	P2-ImplementedLater	Neo.ClientError.Procedure.ProcedureCallFailed	Procedure is recognized by the v003 registry but is not yet supported in this build; include procedure name and support status.	Call fails before row streaming; no partial result rows are emitted.	TEST-GDS-340	DirectSource	High-state or artifact-heavy family; register deterministically and implement after P1 foundations.
341	gds.alpha.pipeline.linkPrediction.addMLP	procedure	machine-learning	READ	no	gitrefrepo/neo4j-gds-src/proc/machine-learning/src/main/java/org/neo4j/gds/ml/linkmodels/pipeline/LinkPredictionPipelineAddTrainerMethodProcs.java	76	NeedsSource	NeedsSource	NotApplicable	P2-ImplementedLater	Neo.ClientError.Procedure.ProcedureCallFailed	Procedure is recognized by the v003 registry but is not yet supported in this build; include procedure name and support status.	Call fails before row streaming; no partial result rows are emitted.	TEST-GDS-341	DirectSource	High-state or artifact-heavy family; register deterministically and implement after P1 foundations.
342	gds.alpha.pipeline.linkPrediction.addRandomForest	procedure	machine-learning	READ	no	gitrefrepo/neo4j-gds-src/proc/machine-learning/src/main/java/org/neo4j/gds/ml/linkmodels/pipeline/LinkPredictionPipelineAddTrainerMethodProcs.java	60	NeedsSource	NeedsSource	NotApplicable	P2-ImplementedLater	Neo.ClientError.Procedure.ProcedureCallFailed	Procedure is recognized by the v003 registry but is not yet supported in this build; include procedure name and support status.	Call fails before row streaming; no partial result rows are emitted.	TEST-GDS-342	DirectSource	High-state or artifact-heavy family; register deterministically and implement after P1 foundations.
343	gds.alpha.pipeline.linkPrediction.configureAutoTuning	procedure	machine-learning	READ	no	gitrefrepo/neo4j-gds-src/proc/machine-learning/src/main/java/org/neo4j/gds/ml/linkmodels/pipeline/LinkPredictionPipelineConfigureAutoTuningProc.java	38	NeedsSource	NeedsSource	NotApplicable	P2-ImplementedLater	Neo.ClientError.Procedure.ProcedureCallFailed	Procedure is recognized by the v003 registry but is not yet supported in this build; include procedure name and support status.	Call fails before row streaming; no partial result rows are emitted.	TEST-GDS-343	DirectSource	High-state or artifact-heavy family; register deterministically and implement after P1 foundations.
344	gds.alpha.pipeline.nodeClassification.addMLP	procedure	machine-learning	READ	no	gitrefrepo/neo4j-gds-src/proc/machine-learning/src/main/java/org/neo4j/gds/ml/pipeline/node/classification/NodeClassificationPipelineAddTrainerMethodProcs.java	71	NeedsSource	NeedsSource	NotApplicable	P2-ImplementedLater	Neo.ClientError.Procedure.ProcedureCallFailed	Procedure is recognized by the v003 registry but is not yet supported in this build; include procedure name and support status.	Call fails before row streaming; no partial result rows are emitted.	TEST-GDS-344	DirectSource	High-state or artifact-heavy family; register deterministically and implement after P1 foundations.
345	gds.alpha.pipeline.nodeClassification.addRandomForest	procedure	machine-learning	READ	no	gitrefrepo/neo4j-gds-src/proc/machine-learning/src/main/java/org/neo4j/gds/ml/pipeline/node/classification/NodeClassificationPipelineAddTrainerMethodProcs.java	57	NeedsSource	NeedsSource	NotApplicable	P2-ImplementedLater	Neo.ClientError.Procedure.ProcedureCallFailed	Procedure is recognized by the v003 registry but is not yet supported in this build; include procedure name and support status.	Call fails before row streaming; no partial result rows are emitted.	TEST-GDS-345	DirectSource	High-state or artifact-heavy family; register deterministically and implement after P1 foundations.
346	gds.alpha.pipeline.nodeClassification.configureAutoTuning	procedure	machine-learning	READ	no	gitrefrepo/neo4j-gds-src/proc/machine-learning/src/main/java/org/neo4j/gds/ml/pipeline/node/classification/NodeClassificationPipelineConfigureAutoTuningProc.java	38	NeedsSource	NeedsSource	NotApplicable	P2-ImplementedLater	Neo.ClientError.Procedure.ProcedureCallFailed	Procedure is recognized by the v003 registry but is not yet supported in this build; include procedure name and support status.	Call fails before row streaming; no partial result rows are emitted.	TEST-GDS-346	DirectSource	High-state or artifact-heavy family; register deterministically and implement after P1 foundations.
347	gds.alpha.pipeline.nodeRegression.addLinearRegression	procedure	machine-learning	READ	no	gitrefrepo/neo4j-gds-src/proc/machine-learning/src/main/java/org/neo4j/gds/ml/pipeline/node/regression/configure/NodeRegressionPipelineAddTrainerMethodProcs.java	38	NeedsSource	NeedsSource	NotApplicable	P2-ImplementedLater	Neo.ClientError.Procedure.ProcedureCallFailed	Procedure is recognized by the v003 registry but is not yet supported in this build; include procedure name and support status.	Call fails before row streaming; no partial result rows are emitted.	TEST-GDS-347	DirectSource	High-state or artifact-heavy family; register deterministically and implement after P1 foundations.
348	gds.alpha.pipeline.nodeRegression.addNodeProperty	procedure	machine-learning	READ	no	gitrefrepo/neo4j-gds-src/proc/machine-learning/src/main/java/org/neo4j/gds/ml/pipeline/node/regression/configure/NodeRegressionPipelineAddStepProcs.java	38	NeedsSource	NeedsSource	NotApplicable	P2-ImplementedLater	Neo.ClientError.Procedure.ProcedureCallFailed	Procedure is recognized by the v003 registry but is not yet supported in this build; include procedure name and support status.	Call fails before row streaming; no partial result rows are emitted.	TEST-GDS-348	DirectSource	High-state or artifact-heavy family; register deterministically and implement after P1 foundations.
349	gds.alpha.pipeline.nodeRegression.addRandomForest	procedure	machine-learning	READ	no	gitrefrepo/neo4j-gds-src/proc/machine-learning/src/main/java/org/neo4j/gds/ml/pipeline/node/regression/configure/NodeRegressionPipelineAddTrainerMethodProcs.java	47	NeedsSource	NeedsSource	NotApplicable	P2-ImplementedLater	Neo.ClientError.Procedure.ProcedureCallFailed	Procedure is recognized by the v003 registry but is not yet supported in this build; include procedure name and support status.	Call fails before row streaming; no partial result rows are emitted.	TEST-GDS-349	DirectSource	High-state or artifact-heavy family; register deterministically and implement after P1 foundations.
350	gds.alpha.pipeline.nodeRegression.configureAutoTuning	procedure	machine-learning	READ	no	gitrefrepo/neo4j-gds-src/proc/machine-learning/src/main/java/org/neo4j/gds/ml/pipeline/node/regression/configure/NodeRegressionPipelineConfigureAutoTuningProc.java	38	NeedsSource	NeedsSource	NotApplicable	P2-ImplementedLater	Neo.ClientError.Procedure.ProcedureCallFailed	Procedure is recognized by the v003 registry but is not yet supported in this build; include procedure name and support status.	Call fails before row streaming; no partial result rows are emitted.	TEST-GDS-350	DirectSource	High-state or artifact-heavy family; register deterministically and implement after P1 foundations.
351	gds.alpha.pipeline.nodeRegression.configureSplit	procedure	machine-learning	READ	no	gitrefrepo/neo4j-gds-src/proc/machine-learning/src/main/java/org/neo4j/gds/ml/pipeline/node/regression/configure/NodeRegressionPipelineConfigureSplitProc.java	38	NeedsSource	NeedsSource	NotApplicable	P2-ImplementedLater	Neo.ClientError.Procedure.ProcedureCallFailed	Procedure is recognized by the v003 registry but is not yet supported in this build; include procedure name and support status.	Call fails before row streaming; no partial result rows are emitted.	TEST-GDS-351	DirectSource	High-state or artifact-heavy family; register deterministically and implement after P1 foundations.
352	gds.alpha.pipeline.nodeRegression.create	procedure	machine-learning	READ	no	gitrefrepo/neo4j-gds-src/proc/machine-learning/src/main/java/org/neo4j/gds/ml/pipeline/node/regression/configure/NodeRegressionPipelineCreateProc.java	37	NeedsSource	NeedsSource	NotApplicable	P2-ImplementedLater	Neo.ClientError.Procedure.ProcedureCallFailed	Procedure is recognized by the v003 registry but is not yet supported in this build; include procedure name and support status.	Call fails before row streaming; no partial result rows are emitted.	TEST-GDS-352	DirectSource	High-state or artifact-heavy family; register deterministically and implement after P1 foundations.
353	gds.alpha.pipeline.nodeRegression.predict.mutate	procedure	machine-learning	M	no	gitrefrepo/neo4j-gds-src/proc/machine-learning/src/main/java/org/neo4j/gds/ml/pipeline/node/regression/predict/NodeRegressionPipelineMutateProc.java	39	NeedsSource	NeedsSource	NotApplicable	P2-ImplementedLater	Neo.ClientError.Procedure.ProcedureCallFailed	Procedure is recognized by the v003 registry but is not yet supported in this build; include procedure name and support status.	Call fails before row streaming; no partial result rows are emitted.	TEST-GDS-353	DirectSource	High-state or artifact-heavy family; register deterministically and implement after P1 foundations.
354	gds.alpha.pipeline.nodeRegression.predict.stream	procedure	machine-learning	M	no	gitrefrepo/neo4j-gds-src/proc/machine-learning/src/main/java/org/neo4j/gds/ml/pipeline/node/regression/predict/NodeRegressionPipelineStreamProc.java	39	NeedsSource	NeedsSource	NotApplicable	P2-ImplementedLater	Neo.ClientError.Procedure.ProcedureCallFailed	Procedure is recognized by the v003 registry but is not yet supported in this build; include procedure name and support status.	Call fails before row streaming; no partial result rows are emitted.	TEST-GDS-354	DirectSource	High-state or artifact-heavy family; register deterministically and implement after P1 foundations.
355	gds.alpha.pipeline.nodeRegression.selectFeatures	procedure	machine-learning	READ	no	gitrefrepo/neo4j-gds-src/proc/machine-learning/src/main/java/org/neo4j/gds/ml/pipeline/node/regression/configure/NodeRegressionPipelineAddStepProcs.java	48	NeedsSource	NeedsSource	NotApplicable	P2-ImplementedLater	Neo.ClientError.Procedure.ProcedureCallFailed	Procedure is recognized by the v003 registry but is not yet supported in this build; include procedure name and support status.	Call fails before row streaming; no partial result rows are emitted.	TEST-GDS-355	DirectSource	High-state or artifact-heavy family; register deterministically and implement after P1 foundations.
356	gds.alpha.pipeline.nodeRegression.train	procedure	machine-learning	M	no	gitrefrepo/neo4j-gds-src/proc/machine-learning/src/main/java/org/neo4j/gds/ml/pipeline/node/regression/NodeRegressionPipelineTrainProc.java	37	NeedsSource	NeedsSource	NotApplicable	P2-ImplementedLater	Neo.ClientError.Procedure.ProcedureCallFailed	Procedure is recognized by the v003 registry but is not yet supported in this build; include procedure name and support status.	Call fails before row streaming; no partial result rows are emitted.	TEST-GDS-356	DirectSource	High-state or artifact-heavy family; register deterministically and implement after P1 foundations.
357	gds.beta.pipeline.linkPrediction.addFeature	procedure	machine-learning	READ	no	gitrefrepo/neo4j-gds-src/proc/machine-learning/src/main/java/org/neo4j/gds/ml/linkmodels/pipeline/LinkPredictionPipelineAddStepProcs.java	48	NeedsSource	NeedsSource	NotApplicable	P2-ImplementedLater	Neo.ClientError.Procedure.ProcedureCallFailed	Procedure is recognized by the v003 registry but is not yet supported in this build; include procedure name and support status.	Call fails before row streaming; no partial result rows are emitted.	TEST-GDS-357	DirectSource	High-state or artifact-heavy family; register deterministically and implement after P1 foundations.
358	gds.beta.pipeline.linkPrediction.addLogisticRegression	procedure	machine-learning	READ	no	gitrefrepo/neo4j-gds-src/proc/machine-learning/src/main/java/org/neo4j/gds/ml/linkmodels/pipeline/LinkPredictionPipelineAddTrainerMethodProcs.java	39	NeedsSource	NeedsSource	NotApplicable	P2-ImplementedLater	Neo.ClientError.Procedure.ProcedureCallFailed	Procedure is recognized by the v003 registry but is not yet supported in this build; include procedure name and support status.	Call fails before row streaming; no partial result rows are emitted.	TEST-GDS-358	DirectSource	High-state or artifact-heavy family; register deterministically and implement after P1 foundations.
359	gds.beta.pipeline.linkPrediction.addNodeProperty	procedure	machine-learning	READ	no	gitrefrepo/neo4j-gds-src/proc/machine-learning/src/main/java/org/neo4j/gds/ml/linkmodels/pipeline/LinkPredictionPipelineAddStepProcs.java	38	NeedsSource	NeedsSource	NotApplicable	P2-ImplementedLater	Neo.ClientError.Procedure.ProcedureCallFailed	Procedure is recognized by the v003 registry but is not yet supported in this build; include procedure name and support status.	Call fails before row streaming; no partial result rows are emitted.	TEST-GDS-359	DirectSource	High-state or artifact-heavy family; register deterministically and implement after P1 foundations.
360	gds.beta.pipeline.linkPrediction.addRandomForest	procedure	machine-learning	READ	no	gitrefrepo/neo4j-gds-src/proc/machine-learning/src/main/java/org/neo4j/gds/ml/linkmodels/pipeline/LinkPredictionPipelineAddTrainerMethodProcs.java	51	NeedsSource	NeedsSource	NotApplicable	P2-ImplementedLater	Neo.ClientError.Procedure.ProcedureCallFailed	Procedure is recognized by the v003 registry but is not yet supported in this build; include procedure name and support status.	Call fails before row streaming; no partial result rows are emitted.	TEST-GDS-360	DirectSource	High-state or artifact-heavy family; register deterministically and implement after P1 foundations.
361	gds.beta.pipeline.linkPrediction.configureSplit	procedure	machine-learning	READ	no	gitrefrepo/neo4j-gds-src/proc/machine-learning/src/main/java/org/neo4j/gds/ml/linkmodels/pipeline/LinkPredictionPipelineConfigureSplitProc.java	38	NeedsSource	NeedsSource	NotApplicable	P2-ImplementedLater	Neo.ClientError.Procedure.ProcedureCallFailed	Procedure is recognized by the v003 registry but is not yet supported in this build; include procedure name and support status.	Call fails before row streaming; no partial result rows are emitted.	TEST-GDS-361	DirectSource	High-state or artifact-heavy family; register deterministically and implement after P1 foundations.
362	gds.beta.pipeline.linkPrediction.create	procedure	machine-learning	READ	no	gitrefrepo/neo4j-gds-src/proc/machine-learning/src/main/java/org/neo4j/gds/ml/linkmodels/pipeline/LinkPredictionPipelineCreateProc.java	37	NeedsSource	NeedsSource	NotApplicable	P2-ImplementedLater	Neo.ClientError.Procedure.ProcedureCallFailed	Procedure is recognized by the v003 registry but is not yet supported in this build; include procedure name and support status.	Call fails before row streaming; no partial result rows are emitted.	TEST-GDS-362	DirectSource	High-state or artifact-heavy family; register deterministically and implement after P1 foundations.
363	gds.beta.pipeline.linkPrediction.predict.mutate	procedure	machine-learning	M	no	gitrefrepo/neo4j-gds-src/proc/machine-learning/src/main/java/org/neo4j/gds/ml/linkmodels/pipeline/predict/LinkPredictionPipelineMutateProc.java	41	NeedsSource	NeedsSource	NotApplicable	P2-ImplementedLater	Neo.ClientError.Procedure.ProcedureCallFailed	Procedure is recognized by the v003 registry but is not yet supported in this build; include procedure name and support status.	Call fails before row streaming; no partial result rows are emitted.	TEST-GDS-363	DirectSource	High-state or artifact-heavy family; register deterministically and implement after P1 foundations.
364	gds.beta.pipeline.linkPrediction.predict.mutate.estimate	procedure	machine-learning	M	yes	gitrefrepo/neo4j-gds-src/proc/machine-learning/src/main/java/org/neo4j/gds/ml/linkmodels/pipeline/predict/LinkPredictionPipelineMutateProc.java	50	NeedsSource	NeedsSource	gitrefrepo/neo4j-gds-src/proc/machine-learning/src/main/java/org/neo4j/gds/ml/linkmodels/pipeline/predict/LinkPredictionPipelineMutateProc.java:50	P2-ImplementedLater	Neo.ClientError.Procedure.ProcedureCallFailed	Procedure is recognized by the v003 registry but is not yet supported in this build; include procedure name and support status.	Call fails before row streaming; no partial result rows are emitted.	TEST-GDS-364	DirectSource	High-state or artifact-heavy family; register deterministically and implement after P1 foundations.
365	gds.beta.pipeline.linkPrediction.predict.stream	procedure	machine-learning	M	no	gitrefrepo/neo4j-gds-src/proc/machine-learning/src/main/java/org/neo4j/gds/ml/linkmodels/pipeline/predict/LinkPredictionPipelineStreamProc.java	41	NeedsSource	NeedsSource	NotApplicable	P2-ImplementedLater	Neo.ClientError.Procedure.ProcedureCallFailed	Procedure is recognized by the v003 registry but is not yet supported in this build; include procedure name and support status.	Call fails before row streaming; no partial result rows are emitted.	TEST-GDS-365	DirectSource	High-state or artifact-heavy family; register deterministically and implement after P1 foundations.
366	gds.beta.pipeline.linkPrediction.predict.stream.estimate	procedure	machine-learning	M	yes	gitrefrepo/neo4j-gds-src/proc/machine-learning/src/main/java/org/neo4j/gds/ml/linkmodels/pipeline/predict/LinkPredictionPipelineStreamProc.java	50	NeedsSource	NeedsSource	gitrefrepo/neo4j-gds-src/proc/machine-learning/src/main/java/org/neo4j/gds/ml/linkmodels/pipeline/predict/LinkPredictionPipelineStreamProc.java:50	P2-ImplementedLater	Neo.ClientError.Procedure.ProcedureCallFailed	Procedure is recognized by the v003 registry but is not yet supported in this build; include procedure name and support status.	Call fails before row streaming; no partial result rows are emitted.	TEST-GDS-366	DirectSource	High-state or artifact-heavy family; register deterministically and implement after P1 foundations.
367	gds.beta.pipeline.linkPrediction.train	procedure	machine-learning	M	no	gitrefrepo/neo4j-gds-src/proc/machine-learning/src/main/java/org/neo4j/gds/ml/linkmodels/pipeline/train/LinkPredictionPipelineTrainProc.java	40	NeedsSource	NeedsSource	NotApplicable	P2-ImplementedLater	Neo.ClientError.Procedure.ProcedureCallFailed	Procedure is recognized by the v003 registry but is not yet supported in this build; include procedure name and support status.	Call fails before row streaming; no partial result rows are emitted.	TEST-GDS-367	DirectSource	High-state or artifact-heavy family; register deterministically and implement after P1 foundations.
368	gds.beta.pipeline.linkPrediction.train.estimate	procedure	machine-learning	READ	yes	gitrefrepo/neo4j-gds-src/proc/machine-learning/src/main/java/org/neo4j/gds/ml/linkmodels/pipeline/train/LinkPredictionPipelineTrainProc.java	49	NeedsSource	NeedsSource	gitrefrepo/neo4j-gds-src/proc/machine-learning/src/main/java/org/neo4j/gds/ml/linkmodels/pipeline/train/LinkPredictionPipelineTrainProc.java:49	P2-ImplementedLater	Neo.ClientError.Procedure.ProcedureCallFailed	Procedure is recognized by the v003 registry but is not yet supported in this build; include procedure name and support status.	Call fails before row streaming; no partial result rows are emitted.	TEST-GDS-368	DirectSource	High-state or artifact-heavy family; register deterministically and implement after P1 foundations.
369	gds.beta.pipeline.nodeClassification.addLogisticRegression	procedure	machine-learning	READ	no	gitrefrepo/neo4j-gds-src/proc/machine-learning/src/main/java/org/neo4j/gds/ml/pipeline/node/classification/NodeClassificationPipelineAddTrainerMethodProcs.java	39	NeedsSource	NeedsSource	NotApplicable	P2-ImplementedLater	Neo.ClientError.Procedure.ProcedureCallFailed	Procedure is recognized by the v003 registry but is not yet supported in this build; include procedure name and support status.	Call fails before row streaming; no partial result rows are emitted.	TEST-GDS-369	DirectSource	High-state or artifact-heavy family; register deterministically and implement after P1 foundations.
370	gds.beta.pipeline.nodeClassification.addNodeProperty	procedure	machine-learning	READ	no	gitrefrepo/neo4j-gds-src/proc/machine-learning/src/main/java/org/neo4j/gds/ml/pipeline/node/classification/NodeClassificationPipelineAddStepProcs.java	38	NeedsSource	NeedsSource	NotApplicable	P2-ImplementedLater	Neo.ClientError.Procedure.ProcedureCallFailed	Procedure is recognized by the v003 registry but is not yet supported in this build; include procedure name and support status.	Call fails before row streaming; no partial result rows are emitted.	TEST-GDS-370	DirectSource	High-state or artifact-heavy family; register deterministically and implement after P1 foundations.
371	gds.beta.pipeline.nodeClassification.addRandomForest	procedure	machine-learning	READ	no	gitrefrepo/neo4j-gds-src/proc/machine-learning/src/main/java/org/neo4j/gds/ml/pipeline/node/classification/NodeClassificationPipelineAddTrainerMethodProcs.java	48	NeedsSource	NeedsSource	NotApplicable	P2-ImplementedLater	Neo.ClientError.Procedure.ProcedureCallFailed	Procedure is recognized by the v003 registry but is not yet supported in this build; include procedure name and support status.	Call fails before row streaming; no partial result rows are emitted.	TEST-GDS-371	DirectSource	High-state or artifact-heavy family; register deterministically and implement after P1 foundations.
372	gds.beta.pipeline.nodeClassification.configureSplit	procedure	machine-learning	READ	no	gitrefrepo/neo4j-gds-src/proc/machine-learning/src/main/java/org/neo4j/gds/ml/pipeline/node/classification/NodeClassificationPipelineConfigureSplitProc.java	38	NeedsSource	NeedsSource	NotApplicable	P2-ImplementedLater	Neo.ClientError.Procedure.ProcedureCallFailed	Procedure is recognized by the v003 registry but is not yet supported in this build; include procedure name and support status.	Call fails before row streaming; no partial result rows are emitted.	TEST-GDS-372	DirectSource	High-state or artifact-heavy family; register deterministically and implement after P1 foundations.
373	gds.beta.pipeline.nodeClassification.create	procedure	machine-learning	READ	no	gitrefrepo/neo4j-gds-src/proc/machine-learning/src/main/java/org/neo4j/gds/ml/pipeline/node/classification/NodeClassificationPipelineCreateProc.java	37	NeedsSource	NeedsSource	NotApplicable	P2-ImplementedLater	Neo.ClientError.Procedure.ProcedureCallFailed	Procedure is recognized by the v003 registry but is not yet supported in this build; include procedure name and support status.	Call fails before row streaming; no partial result rows are emitted.	TEST-GDS-373	DirectSource	High-state or artifact-heavy family; register deterministically and implement after P1 foundations.
374	gds.beta.pipeline.nodeClassification.predict.mutate	procedure	machine-learning	M	no	gitrefrepo/neo4j-gds-src/proc/machine-learning/src/main/java/org/neo4j/gds/ml/pipeline/node/classification/predict/NodeClassificationPipelineMutateProc.java	41	NeedsSource	NeedsSource	NotApplicable	P2-ImplementedLater	Neo.ClientError.Procedure.ProcedureCallFailed	Procedure is recognized by the v003 registry but is not yet supported in this build; include procedure name and support status.	Call fails before row streaming; no partial result rows are emitted.	TEST-GDS-374	DirectSource	High-state or artifact-heavy family; register deterministically and implement after P1 foundations.
375	gds.beta.pipeline.nodeClassification.predict.mutate.estimate	procedure	machine-learning	M	yes	gitrefrepo/neo4j-gds-src/proc/machine-learning/src/main/java/org/neo4j/gds/ml/pipeline/node/classification/predict/NodeClassificationPipelineMutateProc.java	50	NeedsSource	NeedsSource	gitrefrepo/neo4j-gds-src/proc/machine-learning/src/main/java/org/neo4j/gds/ml/pipeline/node/classification/predict/NodeClassificationPipelineMutateProc.java:50	P2-ImplementedLater	Neo.ClientError.Procedure.ProcedureCallFailed	Procedure is recognized by the v003 registry but is not yet supported in this build; include procedure name and support status.	Call fails before row streaming; no partial result rows are emitted.	TEST-GDS-375	DirectSource	High-state or artifact-heavy family; register deterministically and implement after P1 foundations.
376	gds.beta.pipeline.nodeClassification.predict.stream	procedure	machine-learning	M	no	gitrefrepo/neo4j-gds-src/proc/machine-learning/src/main/java/org/neo4j/gds/ml/pipeline/node/classification/predict/NodeClassificationPipelineStreamProc.java	41	NeedsSource	NeedsSource	NotApplicable	P2-ImplementedLater	Neo.ClientError.Procedure.ProcedureCallFailed	Procedure is recognized by the v003 registry but is not yet supported in this build; include procedure name and support status.	Call fails before row streaming; no partial result rows are emitted.	TEST-GDS-376	DirectSource	High-state or artifact-heavy family; register deterministically and implement after P1 foundations.
377	gds.beta.pipeline.nodeClassification.predict.stream.estimate	procedure	machine-learning	M	yes	gitrefrepo/neo4j-gds-src/proc/machine-learning/src/main/java/org/neo4j/gds/ml/pipeline/node/classification/predict/NodeClassificationPipelineStreamProc.java	50	NeedsSource	NeedsSource	gitrefrepo/neo4j-gds-src/proc/machine-learning/src/main/java/org/neo4j/gds/ml/pipeline/node/classification/predict/NodeClassificationPipelineStreamProc.java:50	P2-ImplementedLater	Neo.ClientError.Procedure.ProcedureCallFailed	Procedure is recognized by the v003 registry but is not yet supported in this build; include procedure name and support status.	Call fails before row streaming; no partial result rows are emitted.	TEST-GDS-377	DirectSource	High-state or artifact-heavy family; register deterministically and implement after P1 foundations.
378	gds.beta.pipeline.nodeClassification.predict.write	procedure	machine-learning	M	no	gitrefrepo/neo4j-gds-src/proc/machine-learning/src/main/java/org/neo4j/gds/ml/pipeline/node/classification/predict/NodeClassificationPipelineWriteProc.java	41	NeedsSource	NeedsSource	NotApplicable	P2-ImplementedLater	Neo.ClientError.Procedure.ProcedureCallFailed	Procedure is recognized by the v003 registry but is not yet supported in this build; include procedure name and support status.	Call fails before row streaming; no partial result rows are emitted.	TEST-GDS-378	DirectSource	High-state or artifact-heavy family; register deterministically and implement after P1 foundations.
379	gds.beta.pipeline.nodeClassification.predict.write.estimate	procedure	machine-learning	M	yes	gitrefrepo/neo4j-gds-src/proc/machine-learning/src/main/java/org/neo4j/gds/ml/pipeline/node/classification/predict/NodeClassificationPipelineWriteProc.java	50	NeedsSource	NeedsSource	gitrefrepo/neo4j-gds-src/proc/machine-learning/src/main/java/org/neo4j/gds/ml/pipeline/node/classification/predict/NodeClassificationPipelineWriteProc.java:50	P2-ImplementedLater	Neo.ClientError.Procedure.ProcedureCallFailed	Procedure is recognized by the v003 registry but is not yet supported in this build; include procedure name and support status.	Call fails before row streaming; no partial result rows are emitted.	TEST-GDS-379	DirectSource	High-state or artifact-heavy family; register deterministically and implement after P1 foundations.
380	gds.beta.pipeline.nodeClassification.selectFeatures	procedure	machine-learning	READ	no	gitrefrepo/neo4j-gds-src/proc/machine-learning/src/main/java/org/neo4j/gds/ml/pipeline/node/classification/NodeClassificationPipelineAddStepProcs.java	48	NeedsSource	NeedsSource	NotApplicable	P2-ImplementedLater	Neo.ClientError.Procedure.ProcedureCallFailed	Procedure is recognized by the v003 registry but is not yet supported in this build; include procedure name and support status.	Call fails before row streaming; no partial result rows are emitted.	TEST-GDS-380	DirectSource	High-state or artifact-heavy family; register deterministically and implement after P1 foundations.
381	gds.beta.pipeline.nodeClassification.train	procedure	machine-learning	M	no	gitrefrepo/neo4j-gds-src/proc/machine-learning/src/main/java/org/neo4j/gds/ml/pipeline/node/classification/predict/NodeClassificationPipelineTrainProc.java	38	NeedsSource	NeedsSource	NotApplicable	P2-ImplementedLater	Neo.ClientError.Procedure.ProcedureCallFailed	Procedure is recognized by the v003 registry but is not yet supported in this build; include procedure name and support status.	Call fails before row streaming; no partial result rows are emitted.	TEST-GDS-381	DirectSource	High-state or artifact-heavy family; register deterministically and implement after P1 foundations.
382	gds.beta.pipeline.nodeClassification.train.estimate	procedure	machine-learning	M	yes	gitrefrepo/neo4j-gds-src/proc/machine-learning/src/main/java/org/neo4j/gds/ml/pipeline/node/classification/predict/NodeClassificationPipelineTrainProc.java	47	NeedsSource	NeedsSource	gitrefrepo/neo4j-gds-src/proc/machine-learning/src/main/java/org/neo4j/gds/ml/pipeline/node/classification/predict/NodeClassificationPipelineTrainProc.java:47	P2-ImplementedLater	Neo.ClientError.Procedure.ProcedureCallFailed	Procedure is recognized by the v003 registry but is not yet supported in this build; include procedure name and support status.	Call fails before row streaming; no partial result rows are emitted.	TEST-GDS-382	DirectSource	High-state or artifact-heavy family; register deterministically and implement after P1 foundations.
383	gds.ml.kge.predict.mutate	procedure	machine-learning	M	no	gitrefrepo/neo4j-gds-src/proc/machine-learning/src/main/java/org/neo4j/gds/ml/kge/KGEPredictMutateProc.java	38	NeedsSource	NeedsSource	NotApplicable	P2-ImplementedLater	Neo.ClientError.Procedure.ProcedureCallFailed	Procedure is recognized by the v003 registry but is not yet supported in this build; include procedure name and support status.	Call fails before row streaming; no partial result rows are emitted.	TEST-GDS-383	DirectSource	High-state or artifact-heavy family; register deterministically and implement after P1 foundations.
384	gds.ml.kge.predict.stream	procedure	machine-learning	M	no	gitrefrepo/neo4j-gds-src/proc/machine-learning/src/main/java/org/neo4j/gds/ml/kge/KGEPredictStreamProc.java	38	NeedsSource	NeedsSource	NotApplicable	P2-ImplementedLater	Neo.ClientError.Procedure.ProcedureCallFailed	Procedure is recognized by the v003 registry but is not yet supported in this build; include procedure name and support status.	Call fails before row streaming; no partial result rows are emitted.	TEST-GDS-384	DirectSource	High-state or artifact-heavy family; register deterministically and implement after P1 foundations.
385	gds.ml.kge.predict.write	procedure	machine-learning	WRITE	no	gitrefrepo/neo4j-gds-src/proc/machine-learning/src/main/java/org/neo4j/gds/ml/kge/KGEPredictWriteProc.java	39	NeedsSource	NeedsSource	NotApplicable	P2-ImplementedLater	Neo.ClientError.Procedure.ProcedureCallFailed	Procedure is recognized by the v003 registry but is not yet supported in this build; include procedure name and support status.	Call fails before row streaming; no partial result rows are emitted.	TEST-GDS-385	DirectSource	High-state or artifact-heavy family; register deterministically and implement after P1 foundations.
386	gds.alpha.scaleProperties.mutate	procedure	misc	NeedsSource	no	gitrefrepo/neo4j-gds-src/proc/misc/src/main/java/org/neo4j/gds/scaling/ScalePropertiesMutateProc.java	62	NeedsSource	NeedsSource	NotApplicable	UnsupportedButRegistered	Neo.ClientError.Procedure.ProcedureCallFailed	Procedure is recognized by the v003 registry but is not yet supported in this build; include procedure name and support status.	Call fails before row streaming; no partial result rows are emitted.	TEST-GDS-386	DirectSource	Public row should remain registered with deterministic unsupported behavior until specific procedure evidence and implementation are ready.
387	gds.alpha.scaleProperties.stream	procedure	misc	NeedsSource	no	gitrefrepo/neo4j-gds-src/proc/misc/src/main/java/org/neo4j/gds/scaling/ScalePropertiesStreamProc.java	62	NeedsSource	NeedsSource	NotApplicable	UnsupportedButRegistered	Neo.ClientError.Procedure.ProcedureCallFailed	Procedure is recognized by the v003 registry but is not yet supported in this build; include procedure name and support status.	Call fails before row streaming; no partial result rows are emitted.	TEST-GDS-387	DirectSource	Public row should remain registered with deterministic unsupported behavior until specific procedure evidence and implementation are ready.
388	gds.beta.collapsePath.mutate	procedure	misc	READ	no	gitrefrepo/neo4j-gds-src/proc/misc/src/main/java/org/neo4j/gds/walking/CollapsePathMutateProc.java	49	NeedsSource	NeedsSource	NotApplicable	UnsupportedButRegistered	Neo.ClientError.Procedure.ProcedureCallFailed	Procedure is recognized by the v003 registry but is not yet supported in this build; include procedure name and support status.	Call fails before row streaming; no partial result rows are emitted.	TEST-GDS-388	DirectSource	Public row should remain registered with deterministic unsupported behavior until specific procedure evidence and implementation are ready.
389	gds.beta.listProgress	procedure	misc	NeedsSource	no	gitrefrepo/neo4j-gds-src/proc/misc/src/main/java/org/neo4j/gds/ListProgressProc.java	40	NeedsSource	NeedsSource	NotApplicable	UnsupportedButRegistered	Neo.ClientError.Procedure.ProcedureCallFailed	Procedure is recognized by the v003 registry but is not yet supported in this build; include procedure name and support status.	Call fails before row streaming; no partial result rows are emitted.	TEST-GDS-389	DirectSource	Public row should remain registered with deterministic unsupported behavior until specific procedure evidence and implementation are ready.
390	gds.collapsePath.mutate	procedure	misc	READ	no	gitrefrepo/neo4j-gds-src/proc/misc/src/main/java/org/neo4j/gds/walking/CollapsePathMutateProc.java	40	NeedsSource	NeedsSource	NotApplicable	UnsupportedButRegistered	Neo.ClientError.Procedure.ProcedureCallFailed	Procedure is recognized by the v003 registry but is not yet supported in this build; include procedure name and support status.	Call fails before row streaming; no partial result rows are emitted.	TEST-GDS-390	DirectSource	Public row should remain registered with deterministic unsupported behavior until specific procedure evidence and implementation are ready.
391	gds.features.adjacencyPackingStrategy	procedure	misc	NeedsSource	no	gitrefrepo/neo4j-gds-src/proc/misc/src/main/java/org/neo4j/gds/FeatureToggleProc.java	44	NeedsSource	NeedsSource	NotApplicable	UnsupportedButRegistered	Neo.ClientError.Procedure.ProcedureCallFailed	Procedure is recognized by the v003 registry but is not yet supported in this build; include procedure name and support status.	Call fails before row streaming; no partial result rows are emitted.	TEST-GDS-391	DirectSource	Public row should remain registered with deterministic unsupported behavior until specific procedure evidence and implementation are ready.
392	gds.features.adjacencyPackingStrategy.reset	procedure	misc	NeedsSource	no	gitrefrepo/neo4j-gds-src/proc/misc/src/main/java/org/neo4j/gds/FeatureToggleProc.java	72	NeedsSource	NeedsSource	NotApplicable	UnsupportedButRegistered	Neo.ClientError.Procedure.ProcedureCallFailed	Procedure is recognized by the v003 registry but is not yet supported in this build; include procedure name and support status.	Call fails before row streaming; no partial result rows are emitted.	TEST-GDS-392	DirectSource	Public row should remain registered with deterministic unsupported behavior until specific procedure evidence and implementation are ready.
393	gds.features.enableAdjacencyCompressionMemoryTracking	procedure	misc	NeedsSource	no	gitrefrepo/neo4j-gds-src/proc/misc/src/main/java/org/neo4j/gds/FeatureToggleProc.java	51	NeedsSource	NeedsSource	NotApplicable	UnsupportedButRegistered	Neo.ClientError.Procedure.ProcedureCallFailed	Procedure is recognized by the v003 registry but is not yet supported in this build; include procedure name and support status.	Call fails before row streaming; no partial result rows are emitted.	TEST-GDS-393	DirectSource	Public row should remain registered with deterministic unsupported behavior until specific procedure evidence and implementation are ready.
394	gds.features.enableAdjacencyCompressionMemoryTracking.reset	procedure	misc	NeedsSource	no	gitrefrepo/neo4j-gds-src/proc/misc/src/main/java/org/neo4j/gds/FeatureToggleProc.java	79	NeedsSource	NeedsSource	NotApplicable	UnsupportedButRegistered	Neo.ClientError.Procedure.ProcedureCallFailed	Procedure is recognized by the v003 registry but is not yet supported in this build; include procedure name and support status.	Call fails before row streaming; no partial result rows are emitted.	TEST-GDS-394	DirectSource	Public row should remain registered with deterministic unsupported behavior until specific procedure evidence and implementation are ready.
395	gds.features.enableArrowDatabaseImport	procedure	misc	NeedsSource	no	gitrefrepo/neo4j-gds-src/proc/misc/src/main/java/org/neo4j/gds/FeatureToggleProc.java	58	NeedsSource	NeedsSource	NotApplicable	UnsupportedButRegistered	Neo.ClientError.Procedure.ProcedureCallFailed	Procedure is recognized by the v003 registry but is not yet supported in this build; include procedure name and support status.	Call fails before row streaming; no partial result rows are emitted.	TEST-GDS-395	DirectSource	Public row should remain registered with deterministic unsupported behavior until specific procedure evidence and implementation are ready.
396	gds.features.enableArrowDatabaseImport.reset	procedure	misc	NeedsSource	no	gitrefrepo/neo4j-gds-src/proc/misc/src/main/java/org/neo4j/gds/FeatureToggleProc.java	86	NeedsSource	NeedsSource	NotApplicable	UnsupportedButRegistered	Neo.ClientError.Procedure.ProcedureCallFailed	Procedure is recognized by the v003 registry but is not yet supported in this build; include procedure name and support status.	Call fails before row streaming; no partial result rows are emitted.	TEST-GDS-396	DirectSource	Public row should remain registered with deterministic unsupported behavior until specific procedure evidence and implementation are ready.
397	gds.features.pagesPerThread	procedure	misc	NeedsSource	no	gitrefrepo/neo4j-gds-src/proc/misc/src/main/java/org/neo4j/gds/FeatureToggleProc.java	65	NeedsSource	NeedsSource	NotApplicable	UnsupportedButRegistered	Neo.ClientError.Procedure.ProcedureCallFailed	Procedure is recognized by the v003 registry but is not yet supported in this build; include procedure name and support status.	Call fails before row streaming; no partial result rows are emitted.	TEST-GDS-397	DirectSource	Public row should remain registered with deterministic unsupported behavior until specific procedure evidence and implementation are ready.
398	gds.features.pagesPerThread.reset	procedure	misc	NeedsSource	no	gitrefrepo/neo4j-gds-src/proc/misc/src/main/java/org/neo4j/gds/FeatureToggleProc.java	93	NeedsSource	NeedsSource	NotApplicable	UnsupportedButRegistered	Neo.ClientError.Procedure.ProcedureCallFailed	Procedure is recognized by the v003 registry but is not yet supported in this build; include procedure name and support status.	Call fails before row streaming; no partial result rows are emitted.	TEST-GDS-398	DirectSource	Public row should remain registered with deterministic unsupported behavior until specific procedure evidence and implementation are ready.
399	gds.features.useMixedAdjacencyList	procedure	misc	NeedsSource	no	gitrefrepo/neo4j-gds-src/proc/misc/src/main/java/org/neo4j/gds/FeatureToggleProc.java	128	NeedsSource	NeedsSource	NotApplicable	UnsupportedButRegistered	Neo.ClientError.Procedure.ProcedureCallFailed	Procedure is recognized by the v003 registry but is not yet supported in this build; include procedure name and support status.	Call fails before row streaming; no partial result rows are emitted.	TEST-GDS-399	DirectSource	Public row should remain registered with deterministic unsupported behavior until specific procedure evidence and implementation are ready.
400	gds.features.useMixedAdjacencyList.reset	procedure	misc	NeedsSource	no	gitrefrepo/neo4j-gds-src/proc/misc/src/main/java/org/neo4j/gds/FeatureToggleProc.java	100	NeedsSource	NeedsSource	NotApplicable	UnsupportedButRegistered	Neo.ClientError.Procedure.ProcedureCallFailed	Procedure is recognized by the v003 registry but is not yet supported in this build; include procedure name and support status.	Call fails before row streaming; no partial result rows are emitted.	TEST-GDS-400	DirectSource	Public row should remain registered with deterministic unsupported behavior until specific procedure evidence and implementation are ready.
401	gds.features.usePackedAdjacencyList	procedure	misc	NeedsSource	no	gitrefrepo/neo4j-gds-src/proc/misc/src/main/java/org/neo4j/gds/FeatureToggleProc.java	135	NeedsSource	NeedsSource	NotApplicable	UnsupportedButRegistered	Neo.ClientError.Procedure.ProcedureCallFailed	Procedure is recognized by the v003 registry but is not yet supported in this build; include procedure name and support status.	Call fails before row streaming; no partial result rows are emitted.	TEST-GDS-401	DirectSource	Public row should remain registered with deterministic unsupported behavior until specific procedure evidence and implementation are ready.
402	gds.features.usePackedAdjacencyList.reset	procedure	misc	NeedsSource	no	gitrefrepo/neo4j-gds-src/proc/misc/src/main/java/org/neo4j/gds/FeatureToggleProc.java	107	NeedsSource	NeedsSource	NotApplicable	UnsupportedButRegistered	Neo.ClientError.Procedure.ProcedureCallFailed	Procedure is recognized by the v003 registry but is not yet supported in this build; include procedure name and support status.	Call fails before row streaming; no partial result rows are emitted.	TEST-GDS-402	DirectSource	Public row should remain registered with deterministic unsupported behavior until specific procedure evidence and implementation are ready.
403	gds.features.useReorderedAdjacencyList	procedure	misc	NeedsSource	no	gitrefrepo/neo4j-gds-src/proc/misc/src/main/java/org/neo4j/gds/FeatureToggleProc.java	142	NeedsSource	NeedsSource	NotApplicable	UnsupportedButRegistered	Neo.ClientError.Procedure.ProcedureCallFailed	Procedure is recognized by the v003 registry but is not yet supported in this build; include procedure name and support status.	Call fails before row streaming; no partial result rows are emitted.	TEST-GDS-403	DirectSource	Public row should remain registered with deterministic unsupported behavior until specific procedure evidence and implementation are ready.
404	gds.features.useReorderedAdjacencyList.reset	procedure	misc	NeedsSource	no	gitrefrepo/neo4j-gds-src/proc/misc/src/main/java/org/neo4j/gds/FeatureToggleProc.java	114	NeedsSource	NeedsSource	NotApplicable	UnsupportedButRegistered	Neo.ClientError.Procedure.ProcedureCallFailed	Procedure is recognized by the v003 registry but is not yet supported in this build; include procedure name and support status.	Call fails before row streaming; no partial result rows are emitted.	TEST-GDS-404	DirectSource	Public row should remain registered with deterministic unsupported behavior until specific procedure evidence and implementation are ready.
405	gds.features.useUncompressedAdjacencyList	procedure	misc	NeedsSource	no	gitrefrepo/neo4j-gds-src/proc/misc/src/main/java/org/neo4j/gds/FeatureToggleProc.java	149	NeedsSource	NeedsSource	NotApplicable	UnsupportedButRegistered	Neo.ClientError.Procedure.ProcedureCallFailed	Procedure is recognized by the v003 registry but is not yet supported in this build; include procedure name and support status.	Call fails before row streaming; no partial result rows are emitted.	TEST-GDS-405	DirectSource	Public row should remain registered with deterministic unsupported behavior until specific procedure evidence and implementation are ready.
406	gds.features.useUncompressedAdjacencyList.reset	procedure	misc	NeedsSource	no	gitrefrepo/neo4j-gds-src/proc/misc/src/main/java/org/neo4j/gds/FeatureToggleProc.java	121	NeedsSource	NeedsSource	NotApplicable	UnsupportedButRegistered	Neo.ClientError.Procedure.ProcedureCallFailed	Procedure is recognized by the v003 registry but is not yet supported in this build; include procedure name and support status.	Call fails before row streaming; no partial result rows are emitted.	TEST-GDS-406	DirectSource	Public row should remain registered with deterministic unsupported behavior until specific procedure evidence and implementation are ready.
407	gds.graph.relationships.indexInverse	procedure	misc	READ	no	gitrefrepo/neo4j-gds-src/proc/misc/src/main/java/org/neo4j/gds/indexInverse/IndexInverseProc.java	43	NeedsSource	NeedsSource	NotApplicable	UnsupportedButRegistered	Neo.ClientError.Procedure.ProcedureCallFailed	Procedure is recognized by the v003 registry but is not yet supported in this build; include procedure name and support status.	Call fails before row streaming; no partial result rows are emitted.	TEST-GDS-407	DirectSource	Public row should remain registered with deterministic unsupported behavior until specific procedure evidence and implementation are ready.
408	gds.graph.relationships.indexInverse.estimate	procedure	misc	READ	yes	gitrefrepo/neo4j-gds-src/proc/misc/src/main/java/org/neo4j/gds/indexInverse/IndexInverseProc.java	53	NeedsSource	NeedsSource	gitrefrepo/neo4j-gds-src/proc/misc/src/main/java/org/neo4j/gds/indexInverse/IndexInverseProc.java:53	UnsupportedButRegistered	Neo.ClientError.Procedure.ProcedureCallFailed	Procedure is recognized by the v003 registry but is not yet supported in this build; include procedure name and support status.	Call fails before row streaming; no partial result rows are emitted.	TEST-GDS-408	DirectSource	Public row should remain registered with deterministic unsupported behavior until specific procedure evidence and implementation are ready.
409	gds.graph.relationships.toUndirected	procedure	misc	READ	no	gitrefrepo/neo4j-gds-src/proc/misc/src/main/java/org/neo4j/gds/undirected/ToUndirectedProc.java	60	NeedsSource	NeedsSource	NotApplicable	UnsupportedButRegistered	Neo.ClientError.Procedure.ProcedureCallFailed	Procedure is recognized by the v003 registry but is not yet supported in this build; include procedure name and support status.	Call fails before row streaming; no partial result rows are emitted.	TEST-GDS-409	DirectSource	Public row should remain registered with deterministic unsupported behavior until specific procedure evidence and implementation are ready.
410	gds.graph.relationships.toUndirected.estimate	procedure	misc	READ	yes	gitrefrepo/neo4j-gds-src/proc/misc/src/main/java/org/neo4j/gds/undirected/ToUndirectedProc.java	87	NeedsSource	NeedsSource	gitrefrepo/neo4j-gds-src/proc/misc/src/main/java/org/neo4j/gds/undirected/ToUndirectedProc.java:87	UnsupportedButRegistered	Neo.ClientError.Procedure.ProcedureCallFailed	Procedure is recognized by the v003 registry but is not yet supported in this build; include procedure name and support status.	Call fails before row streaming; no partial result rows are emitted.	TEST-GDS-410	DirectSource	Public row should remain registered with deterministic unsupported behavior until specific procedure evidence and implementation are ready.
411	gds.list	procedure	misc	NeedsSource	no	gitrefrepo/neo4j-gds-src/proc/misc/src/main/java/org/neo4j/gds/ListProc.java	57	NeedsSource	NeedsSource	NotApplicable	UnsupportedButRegistered	Neo.ClientError.Procedure.ProcedureCallFailed	Procedure is recognized by the v003 registry but is not yet supported in this build; include procedure name and support status.	Call fails before row streaming; no partial result rows are emitted.	TEST-GDS-411	DirectSource	Public row should remain registered with deterministic unsupported behavior until specific procedure evidence and implementation are ready.
412	gds.listProgress	procedure	misc	NeedsSource	no	gitrefrepo/neo4j-gds-src/proc/misc/src/main/java/org/neo4j/gds/ListProgressProc.java	49	NeedsSource	NeedsSource	NotApplicable	UnsupportedButRegistered	Neo.ClientError.Procedure.ProcedureCallFailed	Procedure is recognized by the v003 registry but is not yet supported in this build; include procedure name and support status.	Call fails before row streaming; no partial result rows are emitted.	TEST-GDS-412	DirectSource	Public row should remain registered with deterministic unsupported behavior until specific procedure evidence and implementation are ready.
413	gds.memory.list	procedure	misc	NeedsSource	no	gitrefrepo/neo4j-gds-src/proc/misc/src/main/java/org/neo4j/gds/memory/MemoryProc.java	37	NeedsSource	NeedsSource	NotApplicable	UnsupportedButRegistered	Neo.ClientError.Procedure.ProcedureCallFailed	Procedure is recognized by the v003 registry but is not yet supported in this build; include procedure name and support status.	Call fails before row streaming; no partial result rows are emitted.	TEST-GDS-413	DirectSource	Public row should remain registered with deterministic unsupported behavior until specific procedure evidence and implementation are ready.
414	gds.memory.summary	procedure	misc	NeedsSource	no	gitrefrepo/neo4j-gds-src/proc/misc/src/main/java/org/neo4j/gds/memory/MemoryProc.java	43	NeedsSource	NeedsSource	NotApplicable	UnsupportedButRegistered	Neo.ClientError.Procedure.ProcedureCallFailed	Procedure is recognized by the v003 registry but is not yet supported in this build; include procedure name and support status.	Call fails before row streaming; no partial result rows are emitted.	TEST-GDS-414	DirectSource	Public row should remain registered with deterministic unsupported behavior until specific procedure evidence and implementation are ready.
415	gds.scaleProperties.mutate	procedure	misc	NeedsSource	no	gitrefrepo/neo4j-gds-src/proc/misc/src/main/java/org/neo4j/gds/scaling/ScalePropertiesMutateProc.java	42	NeedsSource	NeedsSource	NotApplicable	P1-ImplementedExactLowRam	NotApplicable	NotApplicable	Preserve Neo4j GDS result schema when implemented; see source row for procedure entrypoint.	TEST-GDS-415	DirectSource	First-tier target from oracle/support matrices; still requires implementation tests before product claim.
416	gds.scaleProperties.mutate.estimate	procedure	misc	READ	yes	gitrefrepo/neo4j-gds-src/proc/misc/src/main/java/org/neo4j/gds/scaling/ScalePropertiesMutateProc.java	51	NeedsSource	NeedsSource	gitrefrepo/neo4j-gds-src/proc/misc/src/main/java/org/neo4j/gds/scaling/ScalePropertiesMutateProc.java:51	P1-ImplementedExactLowRam	NotApplicable	NotApplicable	Preserve Neo4j GDS result schema when implemented; see source row for procedure entrypoint.	TEST-GDS-416	DirectSource	First-tier target from oracle/support matrices; still requires implementation tests before product claim.
417	gds.scaleProperties.stats	procedure	misc	READ	no	gitrefrepo/neo4j-gds-src/proc/misc/src/main/java/org/neo4j/gds/scaling/ScalePropertiesStatsProc.java	41	NeedsSource	NeedsSource	NotApplicable	P1-ImplementedExactLowRam	NotApplicable	NotApplicable	Preserve Neo4j GDS result schema when implemented; see source row for procedure entrypoint.	TEST-GDS-417	DirectSource	First-tier target from oracle/support matrices; still requires implementation tests before product claim.
418	gds.scaleProperties.stats.estimate	procedure	misc	READ	yes	gitrefrepo/neo4j-gds-src/proc/misc/src/main/java/org/neo4j/gds/scaling/ScalePropertiesStatsProc.java	50	NeedsSource	NeedsSource	gitrefrepo/neo4j-gds-src/proc/misc/src/main/java/org/neo4j/gds/scaling/ScalePropertiesStatsProc.java:50	P1-ImplementedExactLowRam	NotApplicable	NotApplicable	Preserve Neo4j GDS result schema when implemented; see source row for procedure entrypoint.	TEST-GDS-418	DirectSource	First-tier target from oracle/support matrices; still requires implementation tests before product claim.
419	gds.scaleProperties.stream	procedure	misc	NeedsSource	no	gitrefrepo/neo4j-gds-src/proc/misc/src/main/java/org/neo4j/gds/scaling/ScalePropertiesStreamProc.java	42	NeedsSource	NeedsSource	NotApplicable	P1-ImplementedExactLowRam	NotApplicable	NotApplicable	Preserve Neo4j GDS result schema when implemented; see source row for procedure entrypoint.	TEST-GDS-419	DirectSource	First-tier target from oracle/support matrices; still requires implementation tests before product claim.
420	gds.scaleProperties.stream.estimate	procedure	misc	READ	yes	gitrefrepo/neo4j-gds-src/proc/misc/src/main/java/org/neo4j/gds/scaling/ScalePropertiesStreamProc.java	51	NeedsSource	NeedsSource	gitrefrepo/neo4j-gds-src/proc/misc/src/main/java/org/neo4j/gds/scaling/ScalePropertiesStreamProc.java:51	P1-ImplementedExactLowRam	NotApplicable	NotApplicable	Preserve Neo4j GDS result schema when implemented; see source row for procedure entrypoint.	TEST-GDS-420	DirectSource	First-tier target from oracle/support matrices; still requires implementation tests before product claim.
421	gds.scaleProperties.write	procedure	misc	WRITE	no	gitrefrepo/neo4j-gds-src/proc/misc/src/main/java/org/neo4j/gds/scaling/ScalePropertiesWriteProc.java	42	NeedsSource	NeedsSource	NotApplicable	P1-ImplementedExactLowRam	NotApplicable	NotApplicable	Preserve Neo4j GDS result schema when implemented; see source row for procedure entrypoint.	TEST-GDS-421	DirectSource	First-tier target from oracle/support matrices; still requires implementation tests before product claim.
422	gds.scaleProperties.write.estimate	procedure	misc	READ	yes	gitrefrepo/neo4j-gds-src/proc/misc/src/main/java/org/neo4j/gds/scaling/ScalePropertiesWriteProc.java	51	NeedsSource	NeedsSource	gitrefrepo/neo4j-gds-src/proc/misc/src/main/java/org/neo4j/gds/scaling/ScalePropertiesWriteProc.java:51	P1-ImplementedExactLowRam	NotApplicable	NotApplicable	Preserve Neo4j GDS result schema when implemented; see source row for procedure entrypoint.	TEST-GDS-422	DirectSource	First-tier target from oracle/support matrices; still requires implementation tests before product claim.
423	gds.test.pl	procedure	misc	NeedsSource	no	gitrefrepo/neo4j-gds-src/proc/misc/src/test/java/org/neo4j/gds/BaseProgressTest.java	63	NeedsSource	NeedsSource	NotApplicable	UnsupportedButRegistered	Neo.ClientError.Procedure.ProcedureCallFailed	Procedure is recognized by the v003 registry but is not yet supported in this build; include procedure name and support status.	Call fails before row streaming; no partial result rows are emitted.	TEST-GDS-423	DirectSource	Public row should remain registered with deterministic unsupported behavior until specific procedure evidence and implementation are ready.
424	gds.test.plfinished	procedure	misc	NeedsSource	no	gitrefrepo/neo4j-gds-src/proc/misc/src/test/java/org/neo4j/gds/ListProgressProcTest.java	152	NeedsSource	NeedsSource	NotApplicable	UnsupportedButRegistered	Neo.ClientError.Procedure.ProcedureCallFailed	Procedure is recognized by the v003 registry but is not yet supported in this build; include procedure name and support status.	Call fails before row streaming; no partial result rows are emitted.	TEST-GDS-424	DirectSource	Public row should remain registered with deterministic unsupported behavior until specific procedure evidence and implementation are ready.
425	gds.test.track	procedure	misc	NeedsSource	no	gitrefrepo/neo4j-gds-src/proc/misc/src/test/java/org/neo4j/gds/ListProgressDetailProcTest.java	145	NeedsSource	NeedsSource	NotApplicable	UnsupportedButRegistered	Neo.ClientError.Procedure.ProcedureCallFailed	Procedure is recognized by the v003 registry but is not yet supported in this build; include procedure name and support status.	Call fails before row streaming; no partial result rows are emitted.	TEST-GDS-425	DirectSource	Public row should remain registered with deterministic unsupported behavior until specific procedure evidence and implementation are ready.
426	gds.allShortestPaths.delta.mutate	procedure	path-finding	READ	no	gitrefrepo/neo4j-gds-src/proc/path-finding/src/main/java/org/neo4j/gds/paths/singlesource/delta/AllShortestPathsDeltaMutateProc.java	41	NeedsSource	NeedsSource	NotApplicable	UnsupportedButRegistered	Neo.ClientError.Procedure.ProcedureCallFailed	Procedure is recognized by the v003 registry but is not yet supported in this build; include procedure name and support status.	Call fails before row streaming; no partial result rows are emitted.	TEST-GDS-426	DirectSource	Public row should remain registered with deterministic unsupported behavior until specific procedure evidence and implementation are ready.
427	gds.allShortestPaths.delta.mutate.estimate	procedure	path-finding	READ	yes	gitrefrepo/neo4j-gds-src/proc/path-finding/src/main/java/org/neo4j/gds/paths/singlesource/delta/AllShortestPathsDeltaMutateProc.java	50	NeedsSource	NeedsSource	gitrefrepo/neo4j-gds-src/proc/path-finding/src/main/java/org/neo4j/gds/paths/singlesource/delta/AllShortestPathsDeltaMutateProc.java:50	UnsupportedButRegistered	Neo.ClientError.Procedure.ProcedureCallFailed	Procedure is recognized by the v003 registry but is not yet supported in this build; include procedure name and support status.	Call fails before row streaming; no partial result rows are emitted.	TEST-GDS-427	DirectSource	Public row should remain registered with deterministic unsupported behavior until specific procedure evidence and implementation are ready.
428	gds.allShortestPaths.delta.stats	procedure	path-finding	READ	no	gitrefrepo/neo4j-gds-src/proc/path-finding/src/main/java/org/neo4j/gds/paths/singlesource/delta/AllShortestPathsDeltaStatsProc.java	41	NeedsSource	NeedsSource	NotApplicable	UnsupportedButRegistered	Neo.ClientError.Procedure.ProcedureCallFailed	Procedure is recognized by the v003 registry but is not yet supported in this build; include procedure name and support status.	Call fails before row streaming; no partial result rows are emitted.	TEST-GDS-428	DirectSource	Public row should remain registered with deterministic unsupported behavior until specific procedure evidence and implementation are ready.
429	gds.allShortestPaths.delta.stats.estimate	procedure	path-finding	READ	yes	gitrefrepo/neo4j-gds-src/proc/path-finding/src/main/java/org/neo4j/gds/paths/singlesource/delta/AllShortestPathsDeltaStatsProc.java	50	NeedsSource	NeedsSource	gitrefrepo/neo4j-gds-src/proc/path-finding/src/main/java/org/neo4j/gds/paths/singlesource/delta/AllShortestPathsDeltaStatsProc.java:50	UnsupportedButRegistered	Neo.ClientError.Procedure.ProcedureCallFailed	Procedure is recognized by the v003 registry but is not yet supported in this build; include procedure name and support status.	Call fails before row streaming; no partial result rows are emitted.	TEST-GDS-429	DirectSource	Public row should remain registered with deterministic unsupported behavior until specific procedure evidence and implementation are ready.
430	gds.allShortestPaths.delta.stream	procedure	path-finding	READ	no	gitrefrepo/neo4j-gds-src/proc/path-finding/src/main/java/org/neo4j/gds/paths/singlesource/delta/AllShortestPathsDeltaStreamProc.java	41	NeedsSource	NeedsSource	NotApplicable	UnsupportedButRegistered	Neo.ClientError.Procedure.ProcedureCallFailed	Procedure is recognized by the v003 registry but is not yet supported in this build; include procedure name and support status.	Call fails before row streaming; no partial result rows are emitted.	TEST-GDS-430	DirectSource	Public row should remain registered with deterministic unsupported behavior until specific procedure evidence and implementation are ready.
431	gds.allShortestPaths.delta.stream.estimate	procedure	path-finding	READ	yes	gitrefrepo/neo4j-gds-src/proc/path-finding/src/main/java/org/neo4j/gds/paths/singlesource/delta/AllShortestPathsDeltaStreamProc.java	50	NeedsSource	NeedsSource	gitrefrepo/neo4j-gds-src/proc/path-finding/src/main/java/org/neo4j/gds/paths/singlesource/delta/AllShortestPathsDeltaStreamProc.java:50	UnsupportedButRegistered	Neo.ClientError.Procedure.ProcedureCallFailed	Procedure is recognized by the v003 registry but is not yet supported in this build; include procedure name and support status.	Call fails before row streaming; no partial result rows are emitted.	TEST-GDS-431	DirectSource	Public row should remain registered with deterministic unsupported behavior until specific procedure evidence and implementation are ready.
432	gds.allShortestPaths.delta.write	procedure	path-finding	WRITE	no	gitrefrepo/neo4j-gds-src/proc/path-finding/src/main/java/org/neo4j/gds/paths/singlesource/delta/AllShortestPathsDeltaWriteProc.java	42	NeedsSource	NeedsSource	NotApplicable	UnsupportedButRegistered	Neo.ClientError.Procedure.ProcedureCallFailed	Procedure is recognized by the v003 registry but is not yet supported in this build; include procedure name and support status.	Call fails before row streaming; no partial result rows are emitted.	TEST-GDS-432	DirectSource	Public row should remain registered with deterministic unsupported behavior until specific procedure evidence and implementation are ready.
433	gds.allShortestPaths.delta.write.estimate	procedure	path-finding	READ	yes	gitrefrepo/neo4j-gds-src/proc/path-finding/src/main/java/org/neo4j/gds/paths/singlesource/delta/AllShortestPathsDeltaWriteProc.java	51	NeedsSource	NeedsSource	gitrefrepo/neo4j-gds-src/proc/path-finding/src/main/java/org/neo4j/gds/paths/singlesource/delta/AllShortestPathsDeltaWriteProc.java:51	UnsupportedButRegistered	Neo.ClientError.Procedure.ProcedureCallFailed	Procedure is recognized by the v003 registry but is not yet supported in this build; include procedure name and support status.	Call fails before row streaming; no partial result rows are emitted.	TEST-GDS-433	DirectSource	Public row should remain registered with deterministic unsupported behavior until specific procedure evidence and implementation are ready.
434	gds.allShortestPaths.dijkstra.mutate	procedure	path-finding	READ	no	gitrefrepo/neo4j-gds-src/proc/path-finding/src/main/java/org/neo4j/gds/paths/singlesource/dijkstra/AllShortestPathsDijkstraMutateProc.java	41	NeedsSource	NeedsSource	NotApplicable	UnsupportedButRegistered	Neo.ClientError.Procedure.ProcedureCallFailed	Procedure is recognized by the v003 registry but is not yet supported in this build; include procedure name and support status.	Call fails before row streaming; no partial result rows are emitted.	TEST-GDS-434	DirectSource	Public row should remain registered with deterministic unsupported behavior until specific procedure evidence and implementation are ready.
435	gds.allShortestPaths.dijkstra.mutate.estimate	procedure	path-finding	READ	yes	gitrefrepo/neo4j-gds-src/proc/path-finding/src/main/java/org/neo4j/gds/paths/singlesource/dijkstra/AllShortestPathsDijkstraMutateProc.java	50	NeedsSource	NeedsSource	gitrefrepo/neo4j-gds-src/proc/path-finding/src/main/java/org/neo4j/gds/paths/singlesource/dijkstra/AllShortestPathsDijkstraMutateProc.java:50	UnsupportedButRegistered	Neo.ClientError.Procedure.ProcedureCallFailed	Procedure is recognized by the v003 registry but is not yet supported in this build; include procedure name and support status.	Call fails before row streaming; no partial result rows are emitted.	TEST-GDS-435	DirectSource	Public row should remain registered with deterministic unsupported behavior until specific procedure evidence and implementation are ready.
436	gds.allShortestPaths.dijkstra.stream	procedure	path-finding	READ	no	gitrefrepo/neo4j-gds-src/proc/path-finding/src/main/java/org/neo4j/gds/paths/singlesource/dijkstra/AllShortestPathsDijkstraStreamProc.java	41	NeedsSource	NeedsSource	NotApplicable	UnsupportedButRegistered	Neo.ClientError.Procedure.ProcedureCallFailed	Procedure is recognized by the v003 registry but is not yet supported in this build; include procedure name and support status.	Call fails before row streaming; no partial result rows are emitted.	TEST-GDS-436	DirectSource	Public row should remain registered with deterministic unsupported behavior until specific procedure evidence and implementation are ready.
437	gds.allShortestPaths.dijkstra.stream.estimate	procedure	path-finding	READ	yes	gitrefrepo/neo4j-gds-src/proc/path-finding/src/main/java/org/neo4j/gds/paths/singlesource/dijkstra/AllShortestPathsDijkstraStreamProc.java	50	NeedsSource	NeedsSource	gitrefrepo/neo4j-gds-src/proc/path-finding/src/main/java/org/neo4j/gds/paths/singlesource/dijkstra/AllShortestPathsDijkstraStreamProc.java:50	UnsupportedButRegistered	Neo.ClientError.Procedure.ProcedureCallFailed	Procedure is recognized by the v003 registry but is not yet supported in this build; include procedure name and support status.	Call fails before row streaming; no partial result rows are emitted.	TEST-GDS-437	DirectSource	Public row should remain registered with deterministic unsupported behavior until specific procedure evidence and implementation are ready.
438	gds.allShortestPaths.dijkstra.write	procedure	path-finding	WRITE	no	gitrefrepo/neo4j-gds-src/proc/path-finding/src/main/java/org/neo4j/gds/paths/singlesource/dijkstra/AllShortestPathsDijkstraWriteProc.java	42	NeedsSource	NeedsSource	NotApplicable	UnsupportedButRegistered	Neo.ClientError.Procedure.ProcedureCallFailed	Procedure is recognized by the v003 registry but is not yet supported in this build; include procedure name and support status.	Call fails before row streaming; no partial result rows are emitted.	TEST-GDS-438	DirectSource	Public row should remain registered with deterministic unsupported behavior until specific procedure evidence and implementation are ready.
439	gds.allShortestPaths.dijkstra.write.estimate	procedure	path-finding	READ	yes	gitrefrepo/neo4j-gds-src/proc/path-finding/src/main/java/org/neo4j/gds/paths/singlesource/dijkstra/AllShortestPathsDijkstraWriteProc.java	51	NeedsSource	NeedsSource	gitrefrepo/neo4j-gds-src/proc/path-finding/src/main/java/org/neo4j/gds/paths/singlesource/dijkstra/AllShortestPathsDijkstraWriteProc.java:51	UnsupportedButRegistered	Neo.ClientError.Procedure.ProcedureCallFailed	Procedure is recognized by the v003 registry but is not yet supported in this build; include procedure name and support status.	Call fails before row streaming; no partial result rows are emitted.	TEST-GDS-439	DirectSource	Public row should remain registered with deterministic unsupported behavior until specific procedure evidence and implementation are ready.
440	gds.allShortestPaths.stream	procedure	path-finding	READ	no	gitrefrepo/neo4j-gds-src/proc/path-finding/src/main/java/org/neo4j/gds/paths/all/AllShortestPathsStreamProc.java	40	NeedsSource	NeedsSource	NotApplicable	UnsupportedButRegistered	Neo.ClientError.Procedure.ProcedureCallFailed	Procedure is recognized by the v003 registry but is not yet supported in this build; include procedure name and support status.	Call fails before row streaming; no partial result rows are emitted.	TEST-GDS-440	DirectSource	Public row should remain registered with deterministic unsupported behavior until specific procedure evidence and implementation are ready.
441	gds.alpha.allShortestPaths.stream	procedure	path-finding	READ	no	gitrefrepo/neo4j-gds-src/proc/path-finding/src/main/java/org/neo4j/gds/paths/all/AllShortestPathsStreamProc.java	49	NeedsSource	NeedsSource	NotApplicable	UnsupportedButRegistered	Neo.ClientError.Procedure.ProcedureCallFailed	Procedure is recognized by the v003 registry but is not yet supported in this build; include procedure name and support status.	Call fails before row streaming; no partial result rows are emitted.	TEST-GDS-441	DirectSource	Public row should remain registered with deterministic unsupported behavior until specific procedure evidence and implementation are ready.
442	gds.alpha.kSpanningTree.write	procedure	path-finding	WRITE	no	gitrefrepo/neo4j-gds-src/proc/path-finding/src/main/java/org/neo4j/gds/paths/kspanningtree/KSpanningTreeWriteProc.java	49	NeedsSource	NeedsSource	NotApplicable	UnsupportedButRegistered	Neo.ClientError.Procedure.ProcedureCallFailed	Procedure is recognized by the v003 registry but is not yet supported in this build; include procedure name and support status.	Call fails before row streaming; no partial result rows are emitted.	TEST-GDS-442	DirectSource	Public row should remain registered with deterministic unsupported behavior until specific procedure evidence and implementation are ready.
443	gds.bellmanFord.mutate	procedure	path-finding	READ	no	gitrefrepo/neo4j-gds-src/proc/path-finding/src/main/java/org/neo4j/gds/paths/singlesource/bellmanford/BellmanFordMutateProc.java	41	NeedsSource	NeedsSource	NotApplicable	P1-ImplementedExactLowRam	NotApplicable	NotApplicable	Preserve Neo4j GDS result schema when implemented; see source row for procedure entrypoint.	TEST-GDS-443	DirectSource	First-tier target from oracle/support matrices; still requires implementation tests before product claim.
444	gds.bellmanFord.mutate.estimate	procedure	path-finding	READ	yes	gitrefrepo/neo4j-gds-src/proc/path-finding/src/main/java/org/neo4j/gds/paths/singlesource/bellmanford/BellmanFordMutateProc.java	50	NeedsSource	NeedsSource	gitrefrepo/neo4j-gds-src/proc/path-finding/src/main/java/org/neo4j/gds/paths/singlesource/bellmanford/BellmanFordMutateProc.java:50	P1-ImplementedExactLowRam	NotApplicable	NotApplicable	Preserve Neo4j GDS result schema when implemented; see source row for procedure entrypoint.	TEST-GDS-444	DirectSource	First-tier target from oracle/support matrices; still requires implementation tests before product claim.
445	gds.bellmanFord.stats	procedure	path-finding	READ	no	gitrefrepo/neo4j-gds-src/proc/path-finding/src/main/java/org/neo4j/gds/paths/singlesource/bellmanford/BellmanFordStatsProc.java	41	NeedsSource	NeedsSource	NotApplicable	P1-ImplementedExactLowRam	NotApplicable	NotApplicable	Preserve Neo4j GDS result schema when implemented; see source row for procedure entrypoint.	TEST-GDS-445	DirectSource	First-tier target from oracle/support matrices; still requires implementation tests before product claim.
446	gds.bellmanFord.stats.estimate	procedure	path-finding	READ	yes	gitrefrepo/neo4j-gds-src/proc/path-finding/src/main/java/org/neo4j/gds/paths/singlesource/bellmanford/BellmanFordStatsProc.java	50	NeedsSource	NeedsSource	gitrefrepo/neo4j-gds-src/proc/path-finding/src/main/java/org/neo4j/gds/paths/singlesource/bellmanford/BellmanFordStatsProc.java:50	P1-ImplementedExactLowRam	NotApplicable	NotApplicable	Preserve Neo4j GDS result schema when implemented; see source row for procedure entrypoint.	TEST-GDS-446	DirectSource	First-tier target from oracle/support matrices; still requires implementation tests before product claim.
447	gds.bellmanFord.stream	procedure	path-finding	READ	no	gitrefrepo/neo4j-gds-src/proc/path-finding/src/main/java/org/neo4j/gds/paths/singlesource/bellmanford/BellmanFordStreamProc.java	41	NeedsSource	NeedsSource	NotApplicable	P1-ImplementedExactLowRam	NotApplicable	NotApplicable	Preserve Neo4j GDS result schema when implemented; see source row for procedure entrypoint.	TEST-GDS-447	DirectSource	First-tier target from oracle/support matrices; still requires implementation tests before product claim.
448	gds.bellmanFord.stream.estimate	procedure	path-finding	READ	yes	gitrefrepo/neo4j-gds-src/proc/path-finding/src/main/java/org/neo4j/gds/paths/singlesource/bellmanford/BellmanFordStreamProc.java	50	NeedsSource	NeedsSource	gitrefrepo/neo4j-gds-src/proc/path-finding/src/main/java/org/neo4j/gds/paths/singlesource/bellmanford/BellmanFordStreamProc.java:50	P1-ImplementedExactLowRam	NotApplicable	NotApplicable	Preserve Neo4j GDS result schema when implemented; see source row for procedure entrypoint.	TEST-GDS-448	DirectSource	First-tier target from oracle/support matrices; still requires implementation tests before product claim.
449	gds.bellmanFord.write	procedure	path-finding	WRITE	no	gitrefrepo/neo4j-gds-src/proc/path-finding/src/main/java/org/neo4j/gds/paths/singlesource/bellmanford/BellmanFordWriteProc.java	42	NeedsSource	NeedsSource	NotApplicable	P1-ImplementedExactLowRam	NotApplicable	NotApplicable	Preserve Neo4j GDS result schema when implemented; see source row for procedure entrypoint.	TEST-GDS-449	DirectSource	First-tier target from oracle/support matrices; still requires implementation tests before product claim.
450	gds.bellmanFord.write.estimate	procedure	path-finding	READ	yes	gitrefrepo/neo4j-gds-src/proc/path-finding/src/main/java/org/neo4j/gds/paths/singlesource/bellmanford/BellmanFordWriteProc.java	51	NeedsSource	NeedsSource	gitrefrepo/neo4j-gds-src/proc/path-finding/src/main/java/org/neo4j/gds/paths/singlesource/bellmanford/BellmanFordWriteProc.java:51	P1-ImplementedExactLowRam	NotApplicable	NotApplicable	Preserve Neo4j GDS result schema when implemented; see source row for procedure entrypoint.	TEST-GDS-450	DirectSource	First-tier target from oracle/support matrices; still requires implementation tests before product claim.
451	gds.beta.spanningTree.mutate	procedure	path-finding	READ	no	gitrefrepo/neo4j-gds-src/proc/path-finding/src/main/java/org/neo4j/gds/paths/spanningtree/SpanningTreeMutateProc.java	60	NeedsSource	NeedsSource	NotApplicable	UnsupportedButRegistered	Neo.ClientError.Procedure.ProcedureCallFailed	Procedure is recognized by the v003 registry but is not yet supported in this build; include procedure name and support status.	Call fails before row streaming; no partial result rows are emitted.	TEST-GDS-451	DirectSource	Public row should remain registered with deterministic unsupported behavior until specific procedure evidence and implementation are ready.
452	gds.beta.spanningTree.mutate.estimate	procedure	path-finding	READ	yes	gitrefrepo/neo4j-gds-src/proc/path-finding/src/main/java/org/neo4j/gds/paths/spanningtree/SpanningTreeMutateProc.java	76	NeedsSource	NeedsSource	gitrefrepo/neo4j-gds-src/proc/path-finding/src/main/java/org/neo4j/gds/paths/spanningtree/SpanningTreeMutateProc.java:76	UnsupportedButRegistered	Neo.ClientError.Procedure.ProcedureCallFailed	Procedure is recognized by the v003 registry but is not yet supported in this build; include procedure name and support status.	Call fails before row streaming; no partial result rows are emitted.	TEST-GDS-452	DirectSource	Public row should remain registered with deterministic unsupported behavior until specific procedure evidence and implementation are ready.
453	gds.beta.spanningTree.stats	procedure	path-finding	READ	no	gitrefrepo/neo4j-gds-src/proc/path-finding/src/main/java/org/neo4j/gds/paths/spanningtree/SpanningTreeStatsProc.java	60	NeedsSource	NeedsSource	NotApplicable	UnsupportedButRegistered	Neo.ClientError.Procedure.ProcedureCallFailed	Procedure is recognized by the v003 registry but is not yet supported in this build; include procedure name and support status.	Call fails before row streaming; no partial result rows are emitted.	TEST-GDS-453	DirectSource	Public row should remain registered with deterministic unsupported behavior until specific procedure evidence and implementation are ready.
454	gds.beta.spanningTree.stats.estimate	procedure	path-finding	READ	yes	gitrefrepo/neo4j-gds-src/proc/path-finding/src/main/java/org/neo4j/gds/paths/spanningtree/SpanningTreeStatsProc.java	76	NeedsSource	NeedsSource	gitrefrepo/neo4j-gds-src/proc/path-finding/src/main/java/org/neo4j/gds/paths/spanningtree/SpanningTreeStatsProc.java:76	UnsupportedButRegistered	Neo.ClientError.Procedure.ProcedureCallFailed	Procedure is recognized by the v003 registry but is not yet supported in this build; include procedure name and support status.	Call fails before row streaming; no partial result rows are emitted.	TEST-GDS-454	DirectSource	Public row should remain registered with deterministic unsupported behavior until specific procedure evidence and implementation are ready.
455	gds.beta.spanningTree.stream	procedure	path-finding	READ	no	gitrefrepo/neo4j-gds-src/proc/path-finding/src/main/java/org/neo4j/gds/paths/spanningtree/SpanningTreeStreamProc.java	60	NeedsSource	NeedsSource	NotApplicable	UnsupportedButRegistered	Neo.ClientError.Procedure.ProcedureCallFailed	Procedure is recognized by the v003 registry but is not yet supported in this build; include procedure name and support status.	Call fails before row streaming; no partial result rows are emitted.	TEST-GDS-455	DirectSource	Public row should remain registered with deterministic unsupported behavior until specific procedure evidence and implementation are ready.
456	gds.beta.spanningTree.stream.estimate	procedure	path-finding	READ	yes	gitrefrepo/neo4j-gds-src/proc/path-finding/src/main/java/org/neo4j/gds/paths/spanningtree/SpanningTreeStreamProc.java	75	NeedsSource	NeedsSource	gitrefrepo/neo4j-gds-src/proc/path-finding/src/main/java/org/neo4j/gds/paths/spanningtree/SpanningTreeStreamProc.java:75	UnsupportedButRegistered	Neo.ClientError.Procedure.ProcedureCallFailed	Procedure is recognized by the v003 registry but is not yet supported in this build; include procedure name and support status.	Call fails before row streaming; no partial result rows are emitted.	TEST-GDS-456	DirectSource	Public row should remain registered with deterministic unsupported behavior until specific procedure evidence and implementation are ready.
457	gds.beta.spanningTree.write.estimate	procedure	path-finding	READ	yes	gitrefrepo/neo4j-gds-src/proc/path-finding/src/main/java/org/neo4j/gds/paths/spanningtree/SpanningTreeWriteProc.java	76	NeedsSource	NeedsSource	gitrefrepo/neo4j-gds-src/proc/path-finding/src/main/java/org/neo4j/gds/paths/spanningtree/SpanningTreeWriteProc.java:76	UnsupportedButRegistered	Neo.ClientError.Procedure.ProcedureCallFailed	Procedure is recognized by the v003 registry but is not yet supported in this build; include procedure name and support status.	Call fails before row streaming; no partial result rows are emitted.	TEST-GDS-457	DirectSource	Public row should remain registered with deterministic unsupported behavior until specific procedure evidence and implementation are ready.
458	gds.beta.spanningTree.write	procedure	path-finding	WRITE	no	gitrefrepo/neo4j-gds-src/proc/path-finding/src/main/java/org/neo4j/gds/paths/spanningtree/SpanningTreeWriteProc.java	61	NeedsSource	NeedsSource	NotApplicable	UnsupportedButRegistered	Neo.ClientError.Procedure.ProcedureCallFailed	Procedure is recognized by the v003 registry but is not yet supported in this build; include procedure name and support status.	Call fails before row streaming; no partial result rows are emitted.	TEST-GDS-458	DirectSource	Public row should remain registered with deterministic unsupported behavior until specific procedure evidence and implementation are ready.
459	gds.beta.steinerTree.mutate	procedure	path-finding	READ	no	gitrefrepo/neo4j-gds-src/proc/path-finding/src/main/java/org/neo4j/gds/paths/steiner/SteinerTreeMutateProc.java	61	NeedsSource	NeedsSource	NotApplicable	UnsupportedButRegistered	Neo.ClientError.Procedure.ProcedureCallFailed	Procedure is recognized by the v003 registry but is not yet supported in this build; include procedure name and support status.	Call fails before row streaming; no partial result rows are emitted.	TEST-GDS-459	DirectSource	Public row should remain registered with deterministic unsupported behavior until specific procedure evidence and implementation are ready.
460	gds.beta.steinerTree.stats	procedure	path-finding	READ	no	gitrefrepo/neo4j-gds-src/proc/path-finding/src/main/java/org/neo4j/gds/paths/steiner/SteinerTreeStatsProc.java	61	NeedsSource	NeedsSource	NotApplicable	UnsupportedButRegistered	Neo.ClientError.Procedure.ProcedureCallFailed	Procedure is recognized by the v003 registry but is not yet supported in this build; include procedure name and support status.	Call fails before row streaming; no partial result rows are emitted.	TEST-GDS-460	DirectSource	Public row should remain registered with deterministic unsupported behavior until specific procedure evidence and implementation are ready.
461	gds.beta.steinerTree.stream	procedure	path-finding	READ	no	gitrefrepo/neo4j-gds-src/proc/path-finding/src/main/java/org/neo4j/gds/paths/steiner/SteinerTreeStreamProc.java	61	NeedsSource	NeedsSource	NotApplicable	UnsupportedButRegistered	Neo.ClientError.Procedure.ProcedureCallFailed	Procedure is recognized by the v003 registry but is not yet supported in this build; include procedure name and support status.	Call fails before row streaming; no partial result rows are emitted.	TEST-GDS-461	DirectSource	Public row should remain registered with deterministic unsupported behavior until specific procedure evidence and implementation are ready.
462	gds.beta.steinerTree.write	procedure	path-finding	WRITE	no	gitrefrepo/neo4j-gds-src/proc/path-finding/src/main/java/org/neo4j/gds/paths/steiner/SteinerTreeWriteProc.java	63	NeedsSource	NeedsSource	NotApplicable	UnsupportedButRegistered	Neo.ClientError.Procedure.ProcedureCallFailed	Procedure is recognized by the v003 registry but is not yet supported in this build; include procedure name and support status.	Call fails before row streaming; no partial result rows are emitted.	TEST-GDS-462	DirectSource	Public row should remain registered with deterministic unsupported behavior until specific procedure evidence and implementation are ready.
463	gds.bfs.mutate	procedure	path-finding	READ	no	gitrefrepo/neo4j-gds-src/proc/path-finding/src/main/java/org/neo4j/gds/paths/traverse/BfsMutateProc.java	41	NeedsSource	NeedsSource	NotApplicable	P1-ImplementedExactLowRam	NotApplicable	NotApplicable	Preserve Neo4j GDS result schema when implemented; see source row for procedure entrypoint.	TEST-GDS-463	DirectSource	First-tier target from oracle/support matrices; still requires implementation tests before product claim.
464	gds.bfs.mutate.estimate	procedure	path-finding	READ	yes	gitrefrepo/neo4j-gds-src/proc/path-finding/src/main/java/org/neo4j/gds/paths/traverse/BfsMutateProc.java	50	NeedsSource	NeedsSource	gitrefrepo/neo4j-gds-src/proc/path-finding/src/main/java/org/neo4j/gds/paths/traverse/BfsMutateProc.java:50	P1-ImplementedExactLowRam	NotApplicable	NotApplicable	Preserve Neo4j GDS result schema when implemented; see source row for procedure entrypoint.	TEST-GDS-464	DirectSource	First-tier target from oracle/support matrices; still requires implementation tests before product claim.
465	gds.bfs.stats	procedure	path-finding	READ	no	gitrefrepo/neo4j-gds-src/proc/path-finding/src/main/java/org/neo4j/gds/paths/traverse/BfsStatsProc.java	41	NeedsSource	NeedsSource	NotApplicable	P1-ImplementedExactLowRam	NotApplicable	NotApplicable	Preserve Neo4j GDS result schema when implemented; see source row for procedure entrypoint.	TEST-GDS-465	DirectSource	First-tier target from oracle/support matrices; still requires implementation tests before product claim.
466	gds.bfs.stats.estimate	procedure	path-finding	READ	yes	gitrefrepo/neo4j-gds-src/proc/path-finding/src/main/java/org/neo4j/gds/paths/traverse/BfsStatsProc.java	50	NeedsSource	NeedsSource	gitrefrepo/neo4j-gds-src/proc/path-finding/src/main/java/org/neo4j/gds/paths/traverse/BfsStatsProc.java:50	P1-ImplementedExactLowRam	NotApplicable	NotApplicable	Preserve Neo4j GDS result schema when implemented; see source row for procedure entrypoint.	TEST-GDS-466	DirectSource	First-tier target from oracle/support matrices; still requires implementation tests before product claim.
467	gds.bfs.stream	procedure	path-finding	READ	no	gitrefrepo/neo4j-gds-src/proc/path-finding/src/main/java/org/neo4j/gds/paths/traverse/BfsStreamProc.java	41	NeedsSource	NeedsSource	NotApplicable	P1-ImplementedExactLowRam	NotApplicable	NotApplicable	Preserve Neo4j GDS result schema when implemented; see source row for procedure entrypoint.	TEST-GDS-467	DirectSource	First-tier target from oracle/support matrices; still requires implementation tests before product claim.
468	gds.bfs.stream.estimate	procedure	path-finding	READ	yes	gitrefrepo/neo4j-gds-src/proc/path-finding/src/main/java/org/neo4j/gds/paths/traverse/BfsStreamProc.java	50	NeedsSource	NeedsSource	gitrefrepo/neo4j-gds-src/proc/path-finding/src/main/java/org/neo4j/gds/paths/traverse/BfsStreamProc.java:50	P1-ImplementedExactLowRam	NotApplicable	NotApplicable	Preserve Neo4j GDS result schema when implemented; see source row for procedure entrypoint.	TEST-GDS-468	DirectSource	First-tier target from oracle/support matrices; still requires implementation tests before product claim.
469	gds.dag.longestPath.stream	procedure	path-finding	READ	no	gitrefrepo/neo4j-gds-src/proc/path-finding/src/main/java/org/neo4j/gds/paths/dag/longestPath/DagLongestPathStreamProc.java	39	NeedsSource	NeedsSource	NotApplicable	UnsupportedButRegistered	Neo.ClientError.Procedure.ProcedureCallFailed	Procedure is recognized by the v003 registry but is not yet supported in this build; include procedure name and support status.	Call fails before row streaming; no partial result rows are emitted.	TEST-GDS-469	DirectSource	Public row should remain registered with deterministic unsupported behavior until specific procedure evidence and implementation are ready.
470	gds.dag.topologicalSort.stream	procedure	path-finding	READ	no	gitrefrepo/neo4j-gds-src/proc/path-finding/src/main/java/org/neo4j/gds/paths/dag/topologicalsort/TopologicalSortStreamProc.java	39	NeedsSource	NeedsSource	NotApplicable	UnsupportedButRegistered	Neo.ClientError.Procedure.ProcedureCallFailed	Procedure is recognized by the v003 registry but is not yet supported in this build; include procedure name and support status.	Call fails before row streaming; no partial result rows are emitted.	TEST-GDS-470	DirectSource	Public row should remain registered with deterministic unsupported behavior until specific procedure evidence and implementation are ready.
471	gds.dfs.mutate	procedure	path-finding	READ	no	gitrefrepo/neo4j-gds-src/proc/path-finding/src/main/java/org/neo4j/gds/paths/traverse/DfsMutateProc.java	41	NeedsSource	NeedsSource	NotApplicable	UnsupportedButRegistered	Neo.ClientError.Procedure.ProcedureCallFailed	Procedure is recognized by the v003 registry but is not yet supported in this build; include procedure name and support status.	Call fails before row streaming; no partial result rows are emitted.	TEST-GDS-471	DirectSource	Public row should remain registered with deterministic unsupported behavior until specific procedure evidence and implementation are ready.
472	gds.dfs.mutate.estimate	procedure	path-finding	READ	yes	gitrefrepo/neo4j-gds-src/proc/path-finding/src/main/java/org/neo4j/gds/paths/traverse/DfsMutateProc.java	50	NeedsSource	NeedsSource	gitrefrepo/neo4j-gds-src/proc/path-finding/src/main/java/org/neo4j/gds/paths/traverse/DfsMutateProc.java:50	UnsupportedButRegistered	Neo.ClientError.Procedure.ProcedureCallFailed	Procedure is recognized by the v003 registry but is not yet supported in this build; include procedure name and support status.	Call fails before row streaming; no partial result rows are emitted.	TEST-GDS-472	DirectSource	Public row should remain registered with deterministic unsupported behavior until specific procedure evidence and implementation are ready.
473	gds.dfs.stream	procedure	path-finding	READ	no	gitrefrepo/neo4j-gds-src/proc/path-finding/src/main/java/org/neo4j/gds/paths/traverse/DfsStreamProc.java	41	NeedsSource	NeedsSource	NotApplicable	UnsupportedButRegistered	Neo.ClientError.Procedure.ProcedureCallFailed	Procedure is recognized by the v003 registry but is not yet supported in this build; include procedure name and support status.	Call fails before row streaming; no partial result rows are emitted.	TEST-GDS-473	DirectSource	Public row should remain registered with deterministic unsupported behavior until specific procedure evidence and implementation are ready.
474	gds.dfs.stream.estimate	procedure	path-finding	READ	yes	gitrefrepo/neo4j-gds-src/proc/path-finding/src/main/java/org/neo4j/gds/paths/traverse/DfsStreamProc.java	50	NeedsSource	NeedsSource	gitrefrepo/neo4j-gds-src/proc/path-finding/src/main/java/org/neo4j/gds/paths/traverse/DfsStreamProc.java:50	UnsupportedButRegistered	Neo.ClientError.Procedure.ProcedureCallFailed	Procedure is recognized by the v003 registry but is not yet supported in this build; include procedure name and support status.	Call fails before row streaming; no partial result rows are emitted.	TEST-GDS-474	DirectSource	Public row should remain registered with deterministic unsupported behavior until specific procedure evidence and implementation are ready.
475	gds.kSpanningTree.write	procedure	path-finding	WRITE	no	gitrefrepo/neo4j-gds-src/proc/path-finding/src/main/java/org/neo4j/gds/paths/kspanningtree/KSpanningTreeWriteProc.java	40	NeedsSource	NeedsSource	NotApplicable	UnsupportedButRegistered	Neo.ClientError.Procedure.ProcedureCallFailed	Procedure is recognized by the v003 registry but is not yet supported in this build; include procedure name and support status.	Call fails before row streaming; no partial result rows are emitted.	TEST-GDS-475	DirectSource	Public row should remain registered with deterministic unsupported behavior until specific procedure evidence and implementation are ready.
476	gds.prizeSteinerTree.stream	procedure	path-finding	READ	no	gitrefrepo/neo4j-gds-src/proc/path-finding/src/main/java/org/neo4j/gds/paths/prizesteiner/PrizeCollectingSteinerTreeStreamProc.java	40	NeedsSource	NeedsSource	NotApplicable	UnsupportedButRegistered	Neo.ClientError.Procedure.ProcedureCallFailed	Procedure is recognized by the v003 registry but is not yet supported in this build; include procedure name and support status.	Call fails before row streaming; no partial result rows are emitted.	TEST-GDS-476	DirectSource	Public row should remain registered with deterministic unsupported behavior until specific procedure evidence and implementation are ready.
477	gds.prizeSteinerTree.stream.estimate	procedure	path-finding	READ	yes	gitrefrepo/neo4j-gds-src/proc/path-finding/src/main/java/org/neo4j/gds/paths/prizesteiner/PrizeCollectingSteinerTreeStreamProc.java	49	NeedsSource	NeedsSource	gitrefrepo/neo4j-gds-src/proc/path-finding/src/main/java/org/neo4j/gds/paths/prizesteiner/PrizeCollectingSteinerTreeStreamProc.java:49	UnsupportedButRegistered	Neo.ClientError.Procedure.ProcedureCallFailed	Procedure is recognized by the v003 registry but is not yet supported in this build; include procedure name and support status.	Call fails before row streaming; no partial result rows are emitted.	TEST-GDS-477	DirectSource	Public row should remain registered with deterministic unsupported behavior until specific procedure evidence and implementation are ready.
478	gds.randomWalk.mutate	procedure	path-finding	READ	no	gitrefrepo/neo4j-gds-src/proc/path-finding/src/main/java/org/neo4j/gds/paths/randomwalk/RandomWalkMutateProc.java	41	NeedsSource	NeedsSource	NotApplicable	UnsupportedButRegistered	Neo.ClientError.Procedure.ProcedureCallFailed	Procedure is recognized by the v003 registry but is not yet supported in this build; include procedure name and support status.	Call fails before row streaming; no partial result rows are emitted.	TEST-GDS-478	DirectSource	Public row should remain registered with deterministic unsupported behavior until specific procedure evidence and implementation are ready.
479	gds.randomWalk.mutate.estimate	procedure	path-finding	READ	yes	gitrefrepo/neo4j-gds-src/proc/path-finding/src/main/java/org/neo4j/gds/paths/randomwalk/RandomWalkMutateProc.java	50	NeedsSource	NeedsSource	gitrefrepo/neo4j-gds-src/proc/path-finding/src/main/java/org/neo4j/gds/paths/randomwalk/RandomWalkMutateProc.java:50	UnsupportedButRegistered	Neo.ClientError.Procedure.ProcedureCallFailed	Procedure is recognized by the v003 registry but is not yet supported in this build; include procedure name and support status.	Call fails before row streaming; no partial result rows are emitted.	TEST-GDS-479	DirectSource	Public row should remain registered with deterministic unsupported behavior until specific procedure evidence and implementation are ready.
480	gds.randomWalk.stats	procedure	path-finding	READ	no	gitrefrepo/neo4j-gds-src/proc/path-finding/src/main/java/org/neo4j/gds/paths/randomwalk/RandomWalkStatsProc.java	42	NeedsSource	NeedsSource	NotApplicable	UnsupportedButRegistered	Neo.ClientError.Procedure.ProcedureCallFailed	Procedure is recognized by the v003 registry but is not yet supported in this build; include procedure name and support status.	Call fails before row streaming; no partial result rows are emitted.	TEST-GDS-480	DirectSource	Public row should remain registered with deterministic unsupported behavior until specific procedure evidence and implementation are ready.
481	gds.randomWalk.stats.estimate	procedure	path-finding	READ	yes	gitrefrepo/neo4j-gds-src/proc/path-finding/src/main/java/org/neo4j/gds/paths/randomwalk/RandomWalkStatsProc.java	50	NeedsSource	NeedsSource	gitrefrepo/neo4j-gds-src/proc/path-finding/src/main/java/org/neo4j/gds/paths/randomwalk/RandomWalkStatsProc.java:50	UnsupportedButRegistered	Neo.ClientError.Procedure.ProcedureCallFailed	Procedure is recognized by the v003 registry but is not yet supported in this build; include procedure name and support status.	Call fails before row streaming; no partial result rows are emitted.	TEST-GDS-481	DirectSource	Public row should remain registered with deterministic unsupported behavior until specific procedure evidence and implementation are ready.
482	gds.randomWalk.stream	procedure	path-finding	READ	no	gitrefrepo/neo4j-gds-src/proc/path-finding/src/main/java/org/neo4j/gds/paths/randomwalk/RandomWalkStreamProc.java	41	NeedsSource	NeedsSource	NotApplicable	UnsupportedButRegistered	Neo.ClientError.Procedure.ProcedureCallFailed	Procedure is recognized by the v003 registry but is not yet supported in this build; include procedure name and support status.	Call fails before row streaming; no partial result rows are emitted.	TEST-GDS-482	DirectSource	Public row should remain registered with deterministic unsupported behavior until specific procedure evidence and implementation are ready.
483	gds.randomWalk.stream.estimate	procedure	path-finding	READ	yes	gitrefrepo/neo4j-gds-src/proc/path-finding/src/main/java/org/neo4j/gds/paths/randomwalk/RandomWalkStreamProc.java	50	NeedsSource	NeedsSource	gitrefrepo/neo4j-gds-src/proc/path-finding/src/main/java/org/neo4j/gds/paths/randomwalk/RandomWalkStreamProc.java:50	UnsupportedButRegistered	Neo.ClientError.Procedure.ProcedureCallFailed	Procedure is recognized by the v003 registry but is not yet supported in this build; include procedure name and support status.	Call fails before row streaming; no partial result rows are emitted.	TEST-GDS-483	DirectSource	Public row should remain registered with deterministic unsupported behavior until specific procedure evidence and implementation are ready.
484	gds.shortestPath.astar.mutate	procedure	path-finding	READ	no	gitrefrepo/neo4j-gds-src/proc/path-finding/src/main/java/org/neo4j/gds/paths/sourcetarget/ShortestPathAStarMutateProc.java	41	NeedsSource	NeedsSource	NotApplicable	UnsupportedButRegistered	Neo.ClientError.Procedure.ProcedureCallFailed	Procedure is recognized by the v003 registry but is not yet supported in this build; include procedure name and support status.	Call fails before row streaming; no partial result rows are emitted.	TEST-GDS-484	DirectSource	Public row should remain registered with deterministic unsupported behavior until specific procedure evidence and implementation are ready.
485	gds.shortestPath.astar.mutate.estimate	procedure	path-finding	READ	yes	gitrefrepo/neo4j-gds-src/proc/path-finding/src/main/java/org/neo4j/gds/paths/sourcetarget/ShortestPathAStarMutateProc.java	50	NeedsSource	NeedsSource	gitrefrepo/neo4j-gds-src/proc/path-finding/src/main/java/org/neo4j/gds/paths/sourcetarget/ShortestPathAStarMutateProc.java:50	UnsupportedButRegistered	Neo.ClientError.Procedure.ProcedureCallFailed	Procedure is recognized by the v003 registry but is not yet supported in this build; include procedure name and support status.	Call fails before row streaming; no partial result rows are emitted.	TEST-GDS-485	DirectSource	Public row should remain registered with deterministic unsupported behavior until specific procedure evidence and implementation are ready.
486	gds.shortestPath.astar.stream	procedure	path-finding	READ	no	gitrefrepo/neo4j-gds-src/proc/path-finding/src/main/java/org/neo4j/gds/paths/sourcetarget/ShortestPathAStarStreamProc.java	41	NeedsSource	NeedsSource	NotApplicable	UnsupportedButRegistered	Neo.ClientError.Procedure.ProcedureCallFailed	Procedure is recognized by the v003 registry but is not yet supported in this build; include procedure name and support status.	Call fails before row streaming; no partial result rows are emitted.	TEST-GDS-486	DirectSource	Public row should remain registered with deterministic unsupported behavior until specific procedure evidence and implementation are ready.
487	gds.shortestPath.astar.stream.estimate	procedure	path-finding	READ	yes	gitrefrepo/neo4j-gds-src/proc/path-finding/src/main/java/org/neo4j/gds/paths/sourcetarget/ShortestPathAStarStreamProc.java	50	NeedsSource	NeedsSource	gitrefrepo/neo4j-gds-src/proc/path-finding/src/main/java/org/neo4j/gds/paths/sourcetarget/ShortestPathAStarStreamProc.java:50	UnsupportedButRegistered	Neo.ClientError.Procedure.ProcedureCallFailed	Procedure is recognized by the v003 registry but is not yet supported in this build; include procedure name and support status.	Call fails before row streaming; no partial result rows are emitted.	TEST-GDS-487	DirectSource	Public row should remain registered with deterministic unsupported behavior until specific procedure evidence and implementation are ready.
488	gds.shortestPath.astar.write	procedure	path-finding	WRITE	no	gitrefrepo/neo4j-gds-src/proc/path-finding/src/main/java/org/neo4j/gds/paths/sourcetarget/ShortestPathAStarWriteProc.java	42	NeedsSource	NeedsSource	NotApplicable	UnsupportedButRegistered	Neo.ClientError.Procedure.ProcedureCallFailed	Procedure is recognized by the v003 registry but is not yet supported in this build; include procedure name and support status.	Call fails before row streaming; no partial result rows are emitted.	TEST-GDS-488	DirectSource	Public row should remain registered with deterministic unsupported behavior until specific procedure evidence and implementation are ready.
489	gds.shortestPath.astar.write.estimate	procedure	path-finding	READ	yes	gitrefrepo/neo4j-gds-src/proc/path-finding/src/main/java/org/neo4j/gds/paths/sourcetarget/ShortestPathAStarWriteProc.java	51	NeedsSource	NeedsSource	gitrefrepo/neo4j-gds-src/proc/path-finding/src/main/java/org/neo4j/gds/paths/sourcetarget/ShortestPathAStarWriteProc.java:51	UnsupportedButRegistered	Neo.ClientError.Procedure.ProcedureCallFailed	Procedure is recognized by the v003 registry but is not yet supported in this build; include procedure name and support status.	Call fails before row streaming; no partial result rows are emitted.	TEST-GDS-489	DirectSource	Public row should remain registered with deterministic unsupported behavior until specific procedure evidence and implementation are ready.
490	gds.shortestPath.dijkstra.mutate	procedure	path-finding	READ	no	gitrefrepo/neo4j-gds-src/proc/path-finding/src/main/java/org/neo4j/gds/paths/sourcetarget/ShortestPathDijkstraMutateProc.java	41	NeedsSource	NeedsSource	NotApplicable	UnsupportedButRegistered	Neo.ClientError.Procedure.ProcedureCallFailed	Procedure is recognized by the v003 registry but is not yet supported in this build; include procedure name and support status.	Call fails before row streaming; no partial result rows are emitted.	TEST-GDS-490	DirectSource	Public row should remain registered with deterministic unsupported behavior until specific procedure evidence and implementation are ready.
491	gds.shortestPath.dijkstra.mutate.estimate	procedure	path-finding	READ	yes	gitrefrepo/neo4j-gds-src/proc/path-finding/src/main/java/org/neo4j/gds/paths/sourcetarget/ShortestPathDijkstraMutateProc.java	50	NeedsSource	NeedsSource	gitrefrepo/neo4j-gds-src/proc/path-finding/src/main/java/org/neo4j/gds/paths/sourcetarget/ShortestPathDijkstraMutateProc.java:50	UnsupportedButRegistered	Neo.ClientError.Procedure.ProcedureCallFailed	Procedure is recognized by the v003 registry but is not yet supported in this build; include procedure name and support status.	Call fails before row streaming; no partial result rows are emitted.	TEST-GDS-491	DirectSource	Public row should remain registered with deterministic unsupported behavior until specific procedure evidence and implementation are ready.
492	gds.shortestPath.dijkstra.stream	procedure	path-finding	READ	no	gitrefrepo/neo4j-gds-src/proc/path-finding/src/main/java/org/neo4j/gds/paths/sourcetarget/ShortestPathDijkstraStreamProc.java	41	NeedsSource	NeedsSource	NotApplicable	UnsupportedButRegistered	Neo.ClientError.Procedure.ProcedureCallFailed	Procedure is recognized by the v003 registry but is not yet supported in this build; include procedure name and support status.	Call fails before row streaming; no partial result rows are emitted.	TEST-GDS-492	DirectSource	Public row should remain registered with deterministic unsupported behavior until specific procedure evidence and implementation are ready.
493	gds.shortestPath.dijkstra.stream.estimate	procedure	path-finding	READ	yes	gitrefrepo/neo4j-gds-src/proc/path-finding/src/main/java/org/neo4j/gds/paths/sourcetarget/ShortestPathDijkstraStreamProc.java	50	NeedsSource	NeedsSource	gitrefrepo/neo4j-gds-src/proc/path-finding/src/main/java/org/neo4j/gds/paths/sourcetarget/ShortestPathDijkstraStreamProc.java:50	UnsupportedButRegistered	Neo.ClientError.Procedure.ProcedureCallFailed	Procedure is recognized by the v003 registry but is not yet supported in this build; include procedure name and support status.	Call fails before row streaming; no partial result rows are emitted.	TEST-GDS-493	DirectSource	Public row should remain registered with deterministic unsupported behavior until specific procedure evidence and implementation are ready.
494	gds.shortestPath.dijkstra.write	procedure	path-finding	WRITE	no	gitrefrepo/neo4j-gds-src/proc/path-finding/src/main/java/org/neo4j/gds/paths/sourcetarget/ShortestPathDijkstraWriteProc.java	42	NeedsSource	NeedsSource	NotApplicable	UnsupportedButRegistered	Neo.ClientError.Procedure.ProcedureCallFailed	Procedure is recognized by the v003 registry but is not yet supported in this build; include procedure name and support status.	Call fails before row streaming; no partial result rows are emitted.	TEST-GDS-494	DirectSource	Public row should remain registered with deterministic unsupported behavior until specific procedure evidence and implementation are ready.
495	gds.shortestPath.dijkstra.write.estimate	procedure	path-finding	READ	yes	gitrefrepo/neo4j-gds-src/proc/path-finding/src/main/java/org/neo4j/gds/paths/sourcetarget/ShortestPathDijkstraWriteProc.java	51	NeedsSource	NeedsSource	gitrefrepo/neo4j-gds-src/proc/path-finding/src/main/java/org/neo4j/gds/paths/sourcetarget/ShortestPathDijkstraWriteProc.java:51	UnsupportedButRegistered	Neo.ClientError.Procedure.ProcedureCallFailed	Procedure is recognized by the v003 registry but is not yet supported in this build; include procedure name and support status.	Call fails before row streaming; no partial result rows are emitted.	TEST-GDS-495	DirectSource	Public row should remain registered with deterministic unsupported behavior until specific procedure evidence and implementation are ready.
496	gds.shortestPath.yens.mutate	procedure	path-finding	READ	no	gitrefrepo/neo4j-gds-src/proc/path-finding/src/main/java/org/neo4j/gds/paths/sourcetarget/ShortestPathYensMutateProc.java	41	NeedsSource	NeedsSource	NotApplicable	UnsupportedButRegistered	Neo.ClientError.Procedure.ProcedureCallFailed	Procedure is recognized by the v003 registry but is not yet supported in this build; include procedure name and support status.	Call fails before row streaming; no partial result rows are emitted.	TEST-GDS-496	DirectSource	Public row should remain registered with deterministic unsupported behavior until specific procedure evidence and implementation are ready.
497	gds.shortestPath.yens.mutate.estimate	procedure	path-finding	READ	yes	gitrefrepo/neo4j-gds-src/proc/path-finding/src/main/java/org/neo4j/gds/paths/sourcetarget/ShortestPathYensMutateProc.java	50	NeedsSource	NeedsSource	gitrefrepo/neo4j-gds-src/proc/path-finding/src/main/java/org/neo4j/gds/paths/sourcetarget/ShortestPathYensMutateProc.java:50	UnsupportedButRegistered	Neo.ClientError.Procedure.ProcedureCallFailed	Procedure is recognized by the v003 registry but is not yet supported in this build; include procedure name and support status.	Call fails before row streaming; no partial result rows are emitted.	TEST-GDS-497	DirectSource	Public row should remain registered with deterministic unsupported behavior until specific procedure evidence and implementation are ready.
498	gds.shortestPath.yens.stream	procedure	path-finding	READ	no	gitrefrepo/neo4j-gds-src/proc/path-finding/src/main/java/org/neo4j/gds/paths/sourcetarget/ShortestPathYensStreamProc.java	41	NeedsSource	NeedsSource	NotApplicable	UnsupportedButRegistered	Neo.ClientError.Procedure.ProcedureCallFailed	Procedure is recognized by the v003 registry but is not yet supported in this build; include procedure name and support status.	Call fails before row streaming; no partial result rows are emitted.	TEST-GDS-498	DirectSource	Public row should remain registered with deterministic unsupported behavior until specific procedure evidence and implementation are ready.
499	gds.shortestPath.yens.stream.estimate	procedure	path-finding	READ	yes	gitrefrepo/neo4j-gds-src/proc/path-finding/src/main/java/org/neo4j/gds/paths/sourcetarget/ShortestPathYensStreamProc.java	50	NeedsSource	NeedsSource	gitrefrepo/neo4j-gds-src/proc/path-finding/src/main/java/org/neo4j/gds/paths/sourcetarget/ShortestPathYensStreamProc.java:50	UnsupportedButRegistered	Neo.ClientError.Procedure.ProcedureCallFailed	Procedure is recognized by the v003 registry but is not yet supported in this build; include procedure name and support status.	Call fails before row streaming; no partial result rows are emitted.	TEST-GDS-499	DirectSource	Public row should remain registered with deterministic unsupported behavior until specific procedure evidence and implementation are ready.
500	gds.shortestPath.yens.write	procedure	path-finding	WRITE	no	gitrefrepo/neo4j-gds-src/proc/path-finding/src/main/java/org/neo4j/gds/paths/sourcetarget/ShortestPathYensWriteProc.java	42	NeedsSource	NeedsSource	NotApplicable	UnsupportedButRegistered	Neo.ClientError.Procedure.ProcedureCallFailed	Procedure is recognized by the v003 registry but is not yet supported in this build; include procedure name and support status.	Call fails before row streaming; no partial result rows are emitted.	TEST-GDS-500	DirectSource	Public row should remain registered with deterministic unsupported behavior until specific procedure evidence and implementation are ready.
501	gds.shortestPath.yens.write.estimate	procedure	path-finding	READ	yes	gitrefrepo/neo4j-gds-src/proc/path-finding/src/main/java/org/neo4j/gds/paths/sourcetarget/ShortestPathYensWriteProc.java	51	NeedsSource	NeedsSource	gitrefrepo/neo4j-gds-src/proc/path-finding/src/main/java/org/neo4j/gds/paths/sourcetarget/ShortestPathYensWriteProc.java:51	UnsupportedButRegistered	Neo.ClientError.Procedure.ProcedureCallFailed	Procedure is recognized by the v003 registry but is not yet supported in this build; include procedure name and support status.	Call fails before row streaming; no partial result rows are emitted.	TEST-GDS-501	DirectSource	Public row should remain registered with deterministic unsupported behavior until specific procedure evidence and implementation are ready.
502	gds.spanningTree.mutate	procedure	path-finding	READ	no	gitrefrepo/neo4j-gds-src/proc/path-finding/src/main/java/org/neo4j/gds/paths/spanningtree/SpanningTreeMutateProc.java	42	NeedsSource	NeedsSource	NotApplicable	UnsupportedButRegistered	Neo.ClientError.Procedure.ProcedureCallFailed	Procedure is recognized by the v003 registry but is not yet supported in this build; include procedure name and support status.	Call fails before row streaming; no partial result rows are emitted.	TEST-GDS-502	DirectSource	Public row should remain registered with deterministic unsupported behavior until specific procedure evidence and implementation are ready.
503	gds.spanningTree.mutate.estimate	procedure	path-finding	READ	yes	gitrefrepo/neo4j-gds-src/proc/path-finding/src/main/java/org/neo4j/gds/paths/spanningtree/SpanningTreeMutateProc.java	51	NeedsSource	NeedsSource	gitrefrepo/neo4j-gds-src/proc/path-finding/src/main/java/org/neo4j/gds/paths/spanningtree/SpanningTreeMutateProc.java:51	UnsupportedButRegistered	Neo.ClientError.Procedure.ProcedureCallFailed	Procedure is recognized by the v003 registry but is not yet supported in this build; include procedure name and support status.	Call fails before row streaming; no partial result rows are emitted.	TEST-GDS-503	DirectSource	Public row should remain registered with deterministic unsupported behavior until specific procedure evidence and implementation are ready.
504	gds.spanningTree.stats	procedure	path-finding	READ	no	gitrefrepo/neo4j-gds-src/proc/path-finding/src/main/java/org/neo4j/gds/paths/spanningtree/SpanningTreeStatsProc.java	42	NeedsSource	NeedsSource	NotApplicable	UnsupportedButRegistered	Neo.ClientError.Procedure.ProcedureCallFailed	Procedure is recognized by the v003 registry but is not yet supported in this build; include procedure name and support status.	Call fails before row streaming; no partial result rows are emitted.	TEST-GDS-504	DirectSource	Public row should remain registered with deterministic unsupported behavior until specific procedure evidence and implementation are ready.
505	gds.spanningTree.stats.estimate	procedure	path-finding	READ	yes	gitrefrepo/neo4j-gds-src/proc/path-finding/src/main/java/org/neo4j/gds/paths/spanningtree/SpanningTreeStatsProc.java	51	NeedsSource	NeedsSource	gitrefrepo/neo4j-gds-src/proc/path-finding/src/main/java/org/neo4j/gds/paths/spanningtree/SpanningTreeStatsProc.java:51	UnsupportedButRegistered	Neo.ClientError.Procedure.ProcedureCallFailed	Procedure is recognized by the v003 registry but is not yet supported in this build; include procedure name and support status.	Call fails before row streaming; no partial result rows are emitted.	TEST-GDS-505	DirectSource	Public row should remain registered with deterministic unsupported behavior until specific procedure evidence and implementation are ready.
506	gds.spanningTree.stream	procedure	path-finding	READ	no	gitrefrepo/neo4j-gds-src/proc/path-finding/src/main/java/org/neo4j/gds/paths/spanningtree/SpanningTreeStreamProc.java	42	NeedsSource	NeedsSource	NotApplicable	UnsupportedButRegistered	Neo.ClientError.Procedure.ProcedureCallFailed	Procedure is recognized by the v003 registry but is not yet supported in this build; include procedure name and support status.	Call fails before row streaming; no partial result rows are emitted.	TEST-GDS-506	DirectSource	Public row should remain registered with deterministic unsupported behavior until specific procedure evidence and implementation are ready.
507	gds.spanningTree.stream.estimate	procedure	path-finding	READ	yes	gitrefrepo/neo4j-gds-src/proc/path-finding/src/main/java/org/neo4j/gds/paths/spanningtree/SpanningTreeStreamProc.java	51	NeedsSource	NeedsSource	gitrefrepo/neo4j-gds-src/proc/path-finding/src/main/java/org/neo4j/gds/paths/spanningtree/SpanningTreeStreamProc.java:51	UnsupportedButRegistered	Neo.ClientError.Procedure.ProcedureCallFailed	Procedure is recognized by the v003 registry but is not yet supported in this build; include procedure name and support status.	Call fails before row streaming; no partial result rows are emitted.	TEST-GDS-507	DirectSource	Public row should remain registered with deterministic unsupported behavior until specific procedure evidence and implementation are ready.
508	gds.spanningTree.write.estimate	procedure	path-finding	READ	yes	gitrefrepo/neo4j-gds-src/proc/path-finding/src/main/java/org/neo4j/gds/paths/spanningtree/SpanningTreeWriteProc.java	52	NeedsSource	NeedsSource	gitrefrepo/neo4j-gds-src/proc/path-finding/src/main/java/org/neo4j/gds/paths/spanningtree/SpanningTreeWriteProc.java:52	UnsupportedButRegistered	Neo.ClientError.Procedure.ProcedureCallFailed	Procedure is recognized by the v003 registry but is not yet supported in this build; include procedure name and support status.	Call fails before row streaming; no partial result rows are emitted.	TEST-GDS-508	DirectSource	Public row should remain registered with deterministic unsupported behavior until specific procedure evidence and implementation are ready.
509	gds.spanningTree.write	procedure	path-finding	WRITE	no	gitrefrepo/neo4j-gds-src/proc/path-finding/src/main/java/org/neo4j/gds/paths/spanningtree/SpanningTreeWriteProc.java	43	NeedsSource	NeedsSource	NotApplicable	UnsupportedButRegistered	Neo.ClientError.Procedure.ProcedureCallFailed	Procedure is recognized by the v003 registry but is not yet supported in this build; include procedure name and support status.	Call fails before row streaming; no partial result rows are emitted.	TEST-GDS-509	DirectSource	Public row should remain registered with deterministic unsupported behavior until specific procedure evidence and implementation are ready.
510	gds.steinerTree.mutate	procedure	path-finding	READ	no	gitrefrepo/neo4j-gds-src/proc/path-finding/src/main/java/org/neo4j/gds/paths/steiner/SteinerTreeMutateProc.java	42	NeedsSource	NeedsSource	NotApplicable	UnsupportedButRegistered	Neo.ClientError.Procedure.ProcedureCallFailed	Procedure is recognized by the v003 registry but is not yet supported in this build; include procedure name and support status.	Call fails before row streaming; no partial result rows are emitted.	TEST-GDS-510	DirectSource	Public row should remain registered with deterministic unsupported behavior until specific procedure evidence and implementation are ready.
511	gds.steinerTree.mutate.estimate	procedure	path-finding	READ	yes	gitrefrepo/neo4j-gds-src/proc/path-finding/src/main/java/org/neo4j/gds/paths/steiner/SteinerTreeMutateProc.java	51	NeedsSource	NeedsSource	gitrefrepo/neo4j-gds-src/proc/path-finding/src/main/java/org/neo4j/gds/paths/steiner/SteinerTreeMutateProc.java:51	UnsupportedButRegistered	Neo.ClientError.Procedure.ProcedureCallFailed	Procedure is recognized by the v003 registry but is not yet supported in this build; include procedure name and support status.	Call fails before row streaming; no partial result rows are emitted.	TEST-GDS-511	DirectSource	Public row should remain registered with deterministic unsupported behavior until specific procedure evidence and implementation are ready.
512	gds.steinerTree.stats	procedure	path-finding	READ	no	gitrefrepo/neo4j-gds-src/proc/path-finding/src/main/java/org/neo4j/gds/paths/steiner/SteinerTreeStatsProc.java	42	NeedsSource	NeedsSource	NotApplicable	UnsupportedButRegistered	Neo.ClientError.Procedure.ProcedureCallFailed	Procedure is recognized by the v003 registry but is not yet supported in this build; include procedure name and support status.	Call fails before row streaming; no partial result rows are emitted.	TEST-GDS-512	DirectSource	Public row should remain registered with deterministic unsupported behavior until specific procedure evidence and implementation are ready.
513	gds.steinerTree.stats.estimate	procedure	path-finding	READ	yes	gitrefrepo/neo4j-gds-src/proc/path-finding/src/main/java/org/neo4j/gds/paths/steiner/SteinerTreeStatsProc.java	51	NeedsSource	NeedsSource	gitrefrepo/neo4j-gds-src/proc/path-finding/src/main/java/org/neo4j/gds/paths/steiner/SteinerTreeStatsProc.java:51	UnsupportedButRegistered	Neo.ClientError.Procedure.ProcedureCallFailed	Procedure is recognized by the v003 registry but is not yet supported in this build; include procedure name and support status.	Call fails before row streaming; no partial result rows are emitted.	TEST-GDS-513	DirectSource	Public row should remain registered with deterministic unsupported behavior until specific procedure evidence and implementation are ready.
514	gds.steinerTree.stream	procedure	path-finding	READ	no	gitrefrepo/neo4j-gds-src/proc/path-finding/src/main/java/org/neo4j/gds/paths/steiner/SteinerTreeStreamProc.java	42	NeedsSource	NeedsSource	NotApplicable	UnsupportedButRegistered	Neo.ClientError.Procedure.ProcedureCallFailed	Procedure is recognized by the v003 registry but is not yet supported in this build; include procedure name and support status.	Call fails before row streaming; no partial result rows are emitted.	TEST-GDS-514	DirectSource	Public row should remain registered with deterministic unsupported behavior until specific procedure evidence and implementation are ready.
515	gds.steinerTree.stream.estimate	procedure	path-finding	READ	yes	gitrefrepo/neo4j-gds-src/proc/path-finding/src/main/java/org/neo4j/gds/paths/steiner/SteinerTreeStreamProc.java	51	NeedsSource	NeedsSource	gitrefrepo/neo4j-gds-src/proc/path-finding/src/main/java/org/neo4j/gds/paths/steiner/SteinerTreeStreamProc.java:51	UnsupportedButRegistered	Neo.ClientError.Procedure.ProcedureCallFailed	Procedure is recognized by the v003 registry but is not yet supported in this build; include procedure name and support status.	Call fails before row streaming; no partial result rows are emitted.	TEST-GDS-515	DirectSource	Public row should remain registered with deterministic unsupported behavior until specific procedure evidence and implementation are ready.
516	gds.steinerTree.write	procedure	path-finding	WRITE	no	gitrefrepo/neo4j-gds-src/proc/path-finding/src/main/java/org/neo4j/gds/paths/steiner/SteinerTreeWriteProc.java	43	NeedsSource	NeedsSource	NotApplicable	UnsupportedButRegistered	Neo.ClientError.Procedure.ProcedureCallFailed	Procedure is recognized by the v003 registry but is not yet supported in this build; include procedure name and support status.	Call fails before row streaming; no partial result rows are emitted.	TEST-GDS-516	DirectSource	Public row should remain registered with deterministic unsupported behavior until specific procedure evidence and implementation are ready.
517	gds.steinerTree.write.estimate	procedure	path-finding	READ	yes	gitrefrepo/neo4j-gds-src/proc/path-finding/src/main/java/org/neo4j/gds/paths/steiner/SteinerTreeWriteProc.java	52	NeedsSource	NeedsSource	gitrefrepo/neo4j-gds-src/proc/path-finding/src/main/java/org/neo4j/gds/paths/steiner/SteinerTreeWriteProc.java:52	UnsupportedButRegistered	Neo.ClientError.Procedure.ProcedureCallFailed	Procedure is recognized by the v003 registry but is not yet supported in this build; include procedure name and support status.	Call fails before row streaming; no partial result rows are emitted.	TEST-GDS-517	DirectSource	Public row should remain registered with deterministic unsupported behavior until specific procedure evidence and implementation are ready.
518	gds.beta.pipeline.drop	procedure	pipeline-catalog	READ	no	gitrefrepo/neo4j-gds-src/proc/pipeline-catalog/src/main/java/org/neo4j/gds/pipeline/catalog/PipelineDropProc.java	49	NeedsSource	NeedsSource	NotApplicable	P0-RegisteredCompatible	NotApplicable	NotApplicable	Preserve Neo4j GDS result schema when implemented; see source row for procedure entrypoint.	TEST-GDS-518	DirectSource	Metadata or catalog-facing surface; implement registry behavior before algorithm kernels.
519	gds.beta.pipeline.exists	procedure	pipeline-catalog	READ	no	gitrefrepo/neo4j-gds-src/proc/pipeline-catalog/src/main/java/org/neo4j/gds/pipeline/catalog/PipelineExistsProc.java	46	NeedsSource	NeedsSource	NotApplicable	P0-RegisteredCompatible	NotApplicable	NotApplicable	Preserve Neo4j GDS result schema when implemented; see source row for procedure entrypoint.	TEST-GDS-519	DirectSource	Metadata or catalog-facing surface; implement registry behavior before algorithm kernels.
520	gds.beta.pipeline.list	procedure	pipeline-catalog	READ	no	gitrefrepo/neo4j-gds-src/proc/pipeline-catalog/src/main/java/org/neo4j/gds/pipeline/catalog/PipelineListProc.java	47	NeedsSource	NeedsSource	NotApplicable	P0-RegisteredCompatible	NotApplicable	NotApplicable	Preserve Neo4j GDS result schema when implemented; see source row for procedure entrypoint.	TEST-GDS-520	DirectSource	Metadata or catalog-facing surface; implement registry behavior before algorithm kernels.
521	gds.pipeline.drop	procedure	pipeline-catalog	READ	no	gitrefrepo/neo4j-gds-src/proc/pipeline-catalog/src/main/java/org/neo4j/gds/pipeline/catalog/PipelineDropProc.java	40	NeedsSource	NeedsSource	NotApplicable	P0-RegisteredCompatible	NotApplicable	NotApplicable	Preserve Neo4j GDS result schema when implemented; see source row for procedure entrypoint.	TEST-GDS-521	DirectSource	Metadata or catalog-facing surface; implement registry behavior before algorithm kernels.
522	gds.pipeline.exists	procedure	pipeline-catalog	READ	no	gitrefrepo/neo4j-gds-src/proc/pipeline-catalog/src/main/java/org/neo4j/gds/pipeline/catalog/PipelineExistsProc.java	40	NeedsSource	NeedsSource	NotApplicable	P0-RegisteredCompatible	NotApplicable	NotApplicable	Preserve Neo4j GDS result schema when implemented; see source row for procedure entrypoint.	TEST-GDS-522	DirectSource	Metadata or catalog-facing surface; implement registry behavior before algorithm kernels.
523	gds.pipeline.list	procedure	pipeline-catalog	READ	no	gitrefrepo/neo4j-gds-src/proc/pipeline-catalog/src/main/java/org/neo4j/gds/pipeline/catalog/PipelineListProc.java	41	NeedsSource	NeedsSource	NotApplicable	P0-RegisteredCompatible	NotApplicable	NotApplicable	Preserve Neo4j GDS result schema when implemented; see source row for procedure entrypoint.	TEST-GDS-523	DirectSource	Metadata or catalog-facing surface; implement registry behavior before algorithm kernels.
524	gds.alpha.knn.filtered.mutate	procedure	similarity	READ	no	gitrefrepo/neo4j-gds-src/proc/similarity/src/main/java/org/neo4j/gds/similarity/filteredknn/FilteredKnnMutateProc.java	60	NeedsSource	NeedsSource	NotApplicable	P2-ImplementedLater	Neo.ClientError.Procedure.ProcedureCallFailed	Procedure is recognized by the v003 registry but is not yet supported in this build; include procedure name and support status.	Call fails before row streaming; no partial result rows are emitted.	TEST-GDS-524	DirectSource	High-state or artifact-heavy family; register deterministically and implement after P1 foundations.
525	gds.alpha.knn.filtered.stats	procedure	similarity	READ	no	gitrefrepo/neo4j-gds-src/proc/similarity/src/main/java/org/neo4j/gds/similarity/filteredknn/FilteredKnnStatsProc.java	60	NeedsSource	NeedsSource	NotApplicable	P2-ImplementedLater	Neo.ClientError.Procedure.ProcedureCallFailed	Procedure is recognized by the v003 registry but is not yet supported in this build; include procedure name and support status.	Call fails before row streaming; no partial result rows are emitted.	TEST-GDS-525	DirectSource	High-state or artifact-heavy family; register deterministically and implement after P1 foundations.
526	gds.alpha.knn.filtered.stream	procedure	similarity	READ	no	gitrefrepo/neo4j-gds-src/proc/similarity/src/main/java/org/neo4j/gds/similarity/filteredknn/FilteredKnnStreamProc.java	60	NeedsSource	NeedsSource	NotApplicable	P2-ImplementedLater	Neo.ClientError.Procedure.ProcedureCallFailed	Procedure is recognized by the v003 registry but is not yet supported in this build; include procedure name and support status.	Call fails before row streaming; no partial result rows are emitted.	TEST-GDS-526	DirectSource	High-state or artifact-heavy family; register deterministically and implement after P1 foundations.
527	gds.alpha.knn.filtered.write	procedure	similarity	WRITE	no	gitrefrepo/neo4j-gds-src/proc/similarity/src/main/java/org/neo4j/gds/similarity/filteredknn/FilteredKnnWriteProc.java	61	NeedsSource	NeedsSource	NotApplicable	P2-ImplementedLater	Neo.ClientError.Procedure.ProcedureCallFailed	Procedure is recognized by the v003 registry but is not yet supported in this build; include procedure name and support status.	Call fails before row streaming; no partial result rows are emitted.	TEST-GDS-527	DirectSource	High-state or artifact-heavy family; register deterministically and implement after P1 foundations.
528	gds.alpha.nodeSimilarity.filtered.mutate	procedure	similarity	READ	no	gitrefrepo/neo4j-gds-src/proc/similarity/src/main/java/org/neo4j/gds/similarity/filterednodesim/FilteredNodeSimilarityMutateProc.java	62	NeedsSource	NeedsSource	NotApplicable	P2-ImplementedLater	Neo.ClientError.Procedure.ProcedureCallFailed	Procedure is recognized by the v003 registry but is not yet supported in this build; include procedure name and support status.	Call fails before row streaming; no partial result rows are emitted.	TEST-GDS-528	DirectSource	High-state or artifact-heavy family; register deterministically and implement after P1 foundations.
529	gds.alpha.nodeSimilarity.filtered.mutate.estimate	procedure	similarity	READ	yes	gitrefrepo/neo4j-gds-src/proc/similarity/src/main/java/org/neo4j/gds/similarity/filterednodesim/FilteredNodeSimilarityMutateProc.java	78	NeedsSource	NeedsSource	gitrefrepo/neo4j-gds-src/proc/similarity/src/main/java/org/neo4j/gds/similarity/filterednodesim/FilteredNodeSimilarityMutateProc.java:78	P2-ImplementedLater	Neo.ClientError.Procedure.ProcedureCallFailed	Procedure is recognized by the v003 registry but is not yet supported in this build; include procedure name and support status.	Call fails before row streaming; no partial result rows are emitted.	TEST-GDS-529	DirectSource	High-state or artifact-heavy family; register deterministically and implement after P1 foundations.
530	gds.alpha.nodeSimilarity.filtered.stats	procedure	similarity	READ	no	gitrefrepo/neo4j-gds-src/proc/similarity/src/main/java/org/neo4j/gds/similarity/filterednodesim/FilteredNodeSimilarityStatsProc.java	62	NeedsSource	NeedsSource	NotApplicable	P2-ImplementedLater	Neo.ClientError.Procedure.ProcedureCallFailed	Procedure is recognized by the v003 registry but is not yet supported in this build; include procedure name and support status.	Call fails before row streaming; no partial result rows are emitted.	TEST-GDS-530	DirectSource	High-state or artifact-heavy family; register deterministically and implement after P1 foundations.
531	gds.alpha.nodeSimilarity.filtered.stats.estimate	procedure	similarity	READ	yes	gitrefrepo/neo4j-gds-src/proc/similarity/src/main/java/org/neo4j/gds/similarity/filterednodesim/FilteredNodeSimilarityStatsProc.java	78	NeedsSource	NeedsSource	gitrefrepo/neo4j-gds-src/proc/similarity/src/main/java/org/neo4j/gds/similarity/filterednodesim/FilteredNodeSimilarityStatsProc.java:78	P2-ImplementedLater	Neo.ClientError.Procedure.ProcedureCallFailed	Procedure is recognized by the v003 registry but is not yet supported in this build; include procedure name and support status.	Call fails before row streaming; no partial result rows are emitted.	TEST-GDS-531	DirectSource	High-state or artifact-heavy family; register deterministically and implement after P1 foundations.
532	gds.alpha.nodeSimilarity.filtered.stream	procedure	similarity	READ	no	gitrefrepo/neo4j-gds-src/proc/similarity/src/main/java/org/neo4j/gds/similarity/filterednodesim/FilteredNodeSimilarityStreamProc.java	62	NeedsSource	NeedsSource	NotApplicable	P2-ImplementedLater	Neo.ClientError.Procedure.ProcedureCallFailed	Procedure is recognized by the v003 registry but is not yet supported in this build; include procedure name and support status.	Call fails before row streaming; no partial result rows are emitted.	TEST-GDS-532	DirectSource	High-state or artifact-heavy family; register deterministically and implement after P1 foundations.
533	gds.alpha.nodeSimilarity.filtered.stream.estimate	procedure	similarity	READ	yes	gitrefrepo/neo4j-gds-src/proc/similarity/src/main/java/org/neo4j/gds/similarity/filterednodesim/FilteredNodeSimilarityStreamProc.java	78	NeedsSource	NeedsSource	gitrefrepo/neo4j-gds-src/proc/similarity/src/main/java/org/neo4j/gds/similarity/filterednodesim/FilteredNodeSimilarityStreamProc.java:78	P2-ImplementedLater	Neo.ClientError.Procedure.ProcedureCallFailed	Procedure is recognized by the v003 registry but is not yet supported in this build; include procedure name and support status.	Call fails before row streaming; no partial result rows are emitted.	TEST-GDS-533	DirectSource	High-state or artifact-heavy family; register deterministically and implement after P1 foundations.
534	gds.alpha.nodeSimilarity.filtered.write	procedure	similarity	WRITE	no	gitrefrepo/neo4j-gds-src/proc/similarity/src/main/java/org/neo4j/gds/similarity/filterednodesim/FilteredNodeSimilarityWriteProc.java	63	NeedsSource	NeedsSource	NotApplicable	P2-ImplementedLater	Neo.ClientError.Procedure.ProcedureCallFailed	Procedure is recognized by the v003 registry but is not yet supported in this build; include procedure name and support status.	Call fails before row streaming; no partial result rows are emitted.	TEST-GDS-534	DirectSource	High-state or artifact-heavy family; register deterministically and implement after P1 foundations.
535	gds.alpha.nodeSimilarity.filtered.write.estimate	procedure	similarity	READ	yes	gitrefrepo/neo4j-gds-src/proc/similarity/src/main/java/org/neo4j/gds/similarity/filterednodesim/FilteredNodeSimilarityWriteProc.java	79	NeedsSource	NeedsSource	gitrefrepo/neo4j-gds-src/proc/similarity/src/main/java/org/neo4j/gds/similarity/filterednodesim/FilteredNodeSimilarityWriteProc.java:79	P2-ImplementedLater	Neo.ClientError.Procedure.ProcedureCallFailed	Procedure is recognized by the v003 registry but is not yet supported in this build; include procedure name and support status.	Call fails before row streaming; no partial result rows are emitted.	TEST-GDS-535	DirectSource	High-state or artifact-heavy family; register deterministically and implement after P1 foundations.
536	gds.knn.filtered.mutate	procedure	similarity	READ	no	gitrefrepo/neo4j-gds-src/proc/similarity/src/main/java/org/neo4j/gds/similarity/filteredknn/FilteredKnnMutateProc.java	42	NeedsSource	NeedsSource	NotApplicable	P2-ImplementedLater	Neo.ClientError.Procedure.ProcedureCallFailed	Procedure is recognized by the v003 registry but is not yet supported in this build; include procedure name and support status.	Call fails before row streaming; no partial result rows are emitted.	TEST-GDS-536	DirectSource	High-state or artifact-heavy family; register deterministically and implement after P1 foundations.
537	gds.knn.filtered.mutate.estimate	procedure	similarity	READ	yes	gitrefrepo/neo4j-gds-src/proc/similarity/src/main/java/org/neo4j/gds/similarity/filteredknn/FilteredKnnMutateProc.java	51	NeedsSource	NeedsSource	gitrefrepo/neo4j-gds-src/proc/similarity/src/main/java/org/neo4j/gds/similarity/filteredknn/FilteredKnnMutateProc.java:51	P2-ImplementedLater	Neo.ClientError.Procedure.ProcedureCallFailed	Procedure is recognized by the v003 registry but is not yet supported in this build; include procedure name and support status.	Call fails before row streaming; no partial result rows are emitted.	TEST-GDS-537	DirectSource	High-state or artifact-heavy family; register deterministically and implement after P1 foundations.
538	gds.knn.filtered.stats	procedure	similarity	READ	no	gitrefrepo/neo4j-gds-src/proc/similarity/src/main/java/org/neo4j/gds/similarity/filteredknn/FilteredKnnStatsProc.java	42	NeedsSource	NeedsSource	NotApplicable	P2-ImplementedLater	Neo.ClientError.Procedure.ProcedureCallFailed	Procedure is recognized by the v003 registry but is not yet supported in this build; include procedure name and support status.	Call fails before row streaming; no partial result rows are emitted.	TEST-GDS-538	DirectSource	High-state or artifact-heavy family; register deterministically and implement after P1 foundations.
539	gds.knn.filtered.stats.estimate	procedure	similarity	READ	yes	gitrefrepo/neo4j-gds-src/proc/similarity/src/main/java/org/neo4j/gds/similarity/filteredknn/FilteredKnnStatsProc.java	51	NeedsSource	NeedsSource	gitrefrepo/neo4j-gds-src/proc/similarity/src/main/java/org/neo4j/gds/similarity/filteredknn/FilteredKnnStatsProc.java:51	P2-ImplementedLater	Neo.ClientError.Procedure.ProcedureCallFailed	Procedure is recognized by the v003 registry but is not yet supported in this build; include procedure name and support status.	Call fails before row streaming; no partial result rows are emitted.	TEST-GDS-539	DirectSource	High-state or artifact-heavy family; register deterministically and implement after P1 foundations.
540	gds.knn.filtered.stream	procedure	similarity	READ	no	gitrefrepo/neo4j-gds-src/proc/similarity/src/main/java/org/neo4j/gds/similarity/filteredknn/FilteredKnnStreamProc.java	42	NeedsSource	NeedsSource	NotApplicable	P2-ImplementedLater	Neo.ClientError.Procedure.ProcedureCallFailed	Procedure is recognized by the v003 registry but is not yet supported in this build; include procedure name and support status.	Call fails before row streaming; no partial result rows are emitted.	TEST-GDS-540	DirectSource	High-state or artifact-heavy family; register deterministically and implement after P1 foundations.
541	gds.knn.filtered.stream.estimate	procedure	similarity	READ	yes	gitrefrepo/neo4j-gds-src/proc/similarity/src/main/java/org/neo4j/gds/similarity/filteredknn/FilteredKnnStreamProc.java	51	NeedsSource	NeedsSource	gitrefrepo/neo4j-gds-src/proc/similarity/src/main/java/org/neo4j/gds/similarity/filteredknn/FilteredKnnStreamProc.java:51	P2-ImplementedLater	Neo.ClientError.Procedure.ProcedureCallFailed	Procedure is recognized by the v003 registry but is not yet supported in this build; include procedure name and support status.	Call fails before row streaming; no partial result rows are emitted.	TEST-GDS-541	DirectSource	High-state or artifact-heavy family; register deterministically and implement after P1 foundations.
542	gds.knn.filtered.write	procedure	similarity	WRITE	no	gitrefrepo/neo4j-gds-src/proc/similarity/src/main/java/org/neo4j/gds/similarity/filteredknn/FilteredKnnWriteProc.java	43	NeedsSource	NeedsSource	NotApplicable	P2-ImplementedLater	Neo.ClientError.Procedure.ProcedureCallFailed	Procedure is recognized by the v003 registry but is not yet supported in this build; include procedure name and support status.	Call fails before row streaming; no partial result rows are emitted.	TEST-GDS-542	DirectSource	High-state or artifact-heavy family; register deterministically and implement after P1 foundations.
543	gds.knn.filtered.write.estimate	procedure	similarity	READ	yes	gitrefrepo/neo4j-gds-src/proc/similarity/src/main/java/org/neo4j/gds/similarity/filteredknn/FilteredKnnWriteProc.java	52	NeedsSource	NeedsSource	gitrefrepo/neo4j-gds-src/proc/similarity/src/main/java/org/neo4j/gds/similarity/filteredknn/FilteredKnnWriteProc.java:52	P2-ImplementedLater	Neo.ClientError.Procedure.ProcedureCallFailed	Procedure is recognized by the v003 registry but is not yet supported in this build; include procedure name and support status.	Call fails before row streaming; no partial result rows are emitted.	TEST-GDS-543	DirectSource	High-state or artifact-heavy family; register deterministically and implement after P1 foundations.
544	gds.knn.mutate	procedure	similarity	READ	no	gitrefrepo/neo4j-gds-src/proc/similarity/src/main/java/org/neo4j/gds/similarity/knn/KnnMutateProc.java	41	NeedsSource	NeedsSource	NotApplicable	P2-ImplementedLater	Neo.ClientError.Procedure.ProcedureCallFailed	Procedure is recognized by the v003 registry but is not yet supported in this build; include procedure name and support status.	Call fails before row streaming; no partial result rows are emitted.	TEST-GDS-544	DirectSource	High-state or artifact-heavy family; register deterministically and implement after P1 foundations.
545	gds.knn.mutate.estimate	procedure	similarity	READ	yes	gitrefrepo/neo4j-gds-src/proc/similarity/src/main/java/org/neo4j/gds/similarity/knn/KnnMutateProc.java	50	NeedsSource	NeedsSource	gitrefrepo/neo4j-gds-src/proc/similarity/src/main/java/org/neo4j/gds/similarity/knn/KnnMutateProc.java:50	P2-ImplementedLater	Neo.ClientError.Procedure.ProcedureCallFailed	Procedure is recognized by the v003 registry but is not yet supported in this build; include procedure name and support status.	Call fails before row streaming; no partial result rows are emitted.	TEST-GDS-545	DirectSource	High-state or artifact-heavy family; register deterministically and implement after P1 foundations.
546	gds.knn.stats	procedure	similarity	READ	no	gitrefrepo/neo4j-gds-src/proc/similarity/src/main/java/org/neo4j/gds/similarity/knn/KnnStatsProc.java	41	NeedsSource	NeedsSource	NotApplicable	P2-ImplementedLater	Neo.ClientError.Procedure.ProcedureCallFailed	Procedure is recognized by the v003 registry but is not yet supported in this build; include procedure name and support status.	Call fails before row streaming; no partial result rows are emitted.	TEST-GDS-546	DirectSource	High-state or artifact-heavy family; register deterministically and implement after P1 foundations.
547	gds.knn.stats.estimate	procedure	similarity	READ	yes	gitrefrepo/neo4j-gds-src/proc/similarity/src/main/java/org/neo4j/gds/similarity/knn/KnnStatsProc.java	50	NeedsSource	NeedsSource	gitrefrepo/neo4j-gds-src/proc/similarity/src/main/java/org/neo4j/gds/similarity/knn/KnnStatsProc.java:50	P2-ImplementedLater	Neo.ClientError.Procedure.ProcedureCallFailed	Procedure is recognized by the v003 registry but is not yet supported in this build; include procedure name and support status.	Call fails before row streaming; no partial result rows are emitted.	TEST-GDS-547	DirectSource	High-state or artifact-heavy family; register deterministically and implement after P1 foundations.
548	gds.knn.stream	procedure	similarity	READ	no	gitrefrepo/neo4j-gds-src/proc/similarity/src/main/java/org/neo4j/gds/similarity/knn/KnnStreamProc.java	41	NeedsSource	NeedsSource	NotApplicable	P2-ImplementedLater	Neo.ClientError.Procedure.ProcedureCallFailed	Procedure is recognized by the v003 registry but is not yet supported in this build; include procedure name and support status.	Call fails before row streaming; no partial result rows are emitted.	TEST-GDS-548	DirectSource	High-state or artifact-heavy family; register deterministically and implement after P1 foundations.
549	gds.knn.stream.estimate	procedure	similarity	READ	yes	gitrefrepo/neo4j-gds-src/proc/similarity/src/main/java/org/neo4j/gds/similarity/knn/KnnStreamProc.java	50	NeedsSource	NeedsSource	gitrefrepo/neo4j-gds-src/proc/similarity/src/main/java/org/neo4j/gds/similarity/knn/KnnStreamProc.java:50	P2-ImplementedLater	Neo.ClientError.Procedure.ProcedureCallFailed	Procedure is recognized by the v003 registry but is not yet supported in this build; include procedure name and support status.	Call fails before row streaming; no partial result rows are emitted.	TEST-GDS-549	DirectSource	High-state or artifact-heavy family; register deterministically and implement after P1 foundations.
550	gds.knn.write	procedure	similarity	WRITE	no	gitrefrepo/neo4j-gds-src/proc/similarity/src/main/java/org/neo4j/gds/similarity/knn/KnnWriteProc.java	42	NeedsSource	NeedsSource	NotApplicable	P2-ImplementedLater	Neo.ClientError.Procedure.ProcedureCallFailed	Procedure is recognized by the v003 registry but is not yet supported in this build; include procedure name and support status.	Call fails before row streaming; no partial result rows are emitted.	TEST-GDS-550	DirectSource	High-state or artifact-heavy family; register deterministically and implement after P1 foundations.
551	gds.knn.write.estimate	procedure	similarity	READ	yes	gitrefrepo/neo4j-gds-src/proc/similarity/src/main/java/org/neo4j/gds/similarity/knn/KnnWriteProc.java	51	NeedsSource	NeedsSource	gitrefrepo/neo4j-gds-src/proc/similarity/src/main/java/org/neo4j/gds/similarity/knn/KnnWriteProc.java:51	P2-ImplementedLater	Neo.ClientError.Procedure.ProcedureCallFailed	Procedure is recognized by the v003 registry but is not yet supported in this build; include procedure name and support status.	Call fails before row streaming; no partial result rows are emitted.	TEST-GDS-551	DirectSource	High-state or artifact-heavy family; register deterministically and implement after P1 foundations.
552	gds.nodeSimilarity.filtered.mutate	procedure	similarity	READ	no	gitrefrepo/neo4j-gds-src/proc/similarity/src/main/java/org/neo4j/gds/similarity/filterednodesim/FilteredNodeSimilarityMutateProc.java	42	NeedsSource	NeedsSource	NotApplicable	P2-ImplementedLater	Neo.ClientError.Procedure.ProcedureCallFailed	Procedure is recognized by the v003 registry but is not yet supported in this build; include procedure name and support status.	Call fails before row streaming; no partial result rows are emitted.	TEST-GDS-552	DirectSource	High-state or artifact-heavy family; register deterministically and implement after P1 foundations.
553	gds.nodeSimilarity.filtered.mutate.estimate	procedure	similarity	READ	yes	gitrefrepo/neo4j-gds-src/proc/similarity/src/main/java/org/neo4j/gds/similarity/filterednodesim/FilteredNodeSimilarityMutateProc.java	51	NeedsSource	NeedsSource	gitrefrepo/neo4j-gds-src/proc/similarity/src/main/java/org/neo4j/gds/similarity/filterednodesim/FilteredNodeSimilarityMutateProc.java:51	P2-ImplementedLater	Neo.ClientError.Procedure.ProcedureCallFailed	Procedure is recognized by the v003 registry but is not yet supported in this build; include procedure name and support status.	Call fails before row streaming; no partial result rows are emitted.	TEST-GDS-553	DirectSource	High-state or artifact-heavy family; register deterministically and implement after P1 foundations.
554	gds.nodeSimilarity.filtered.stats	procedure	similarity	READ	no	gitrefrepo/neo4j-gds-src/proc/similarity/src/main/java/org/neo4j/gds/similarity/filterednodesim/FilteredNodeSimilarityStatsProc.java	42	NeedsSource	NeedsSource	NotApplicable	P2-ImplementedLater	Neo.ClientError.Procedure.ProcedureCallFailed	Procedure is recognized by the v003 registry but is not yet supported in this build; include procedure name and support status.	Call fails before row streaming; no partial result rows are emitted.	TEST-GDS-554	DirectSource	High-state or artifact-heavy family; register deterministically and implement after P1 foundations.
555	gds.nodeSimilarity.filtered.stats.estimate	procedure	similarity	READ	yes	gitrefrepo/neo4j-gds-src/proc/similarity/src/main/java/org/neo4j/gds/similarity/filterednodesim/FilteredNodeSimilarityStatsProc.java	51	NeedsSource	NeedsSource	gitrefrepo/neo4j-gds-src/proc/similarity/src/main/java/org/neo4j/gds/similarity/filterednodesim/FilteredNodeSimilarityStatsProc.java:51	P2-ImplementedLater	Neo.ClientError.Procedure.ProcedureCallFailed	Procedure is recognized by the v003 registry but is not yet supported in this build; include procedure name and support status.	Call fails before row streaming; no partial result rows are emitted.	TEST-GDS-555	DirectSource	High-state or artifact-heavy family; register deterministically and implement after P1 foundations.
556	gds.nodeSimilarity.filtered.stream	procedure	similarity	READ	no	gitrefrepo/neo4j-gds-src/proc/similarity/src/main/java/org/neo4j/gds/similarity/filterednodesim/FilteredNodeSimilarityStreamProc.java	42	NeedsSource	NeedsSource	NotApplicable	P2-ImplementedLater	Neo.ClientError.Procedure.ProcedureCallFailed	Procedure is recognized by the v003 registry but is not yet supported in this build; include procedure name and support status.	Call fails before row streaming; no partial result rows are emitted.	TEST-GDS-556	DirectSource	High-state or artifact-heavy family; register deterministically and implement after P1 foundations.
557	gds.nodeSimilarity.filtered.stream.estimate	procedure	similarity	READ	yes	gitrefrepo/neo4j-gds-src/proc/similarity/src/main/java/org/neo4j/gds/similarity/filterednodesim/FilteredNodeSimilarityStreamProc.java	51	NeedsSource	NeedsSource	gitrefrepo/neo4j-gds-src/proc/similarity/src/main/java/org/neo4j/gds/similarity/filterednodesim/FilteredNodeSimilarityStreamProc.java:51	P2-ImplementedLater	Neo.ClientError.Procedure.ProcedureCallFailed	Procedure is recognized by the v003 registry but is not yet supported in this build; include procedure name and support status.	Call fails before row streaming; no partial result rows are emitted.	TEST-GDS-557	DirectSource	High-state or artifact-heavy family; register deterministically and implement after P1 foundations.
558	gds.nodeSimilarity.filtered.write	procedure	similarity	WRITE	no	gitrefrepo/neo4j-gds-src/proc/similarity/src/main/java/org/neo4j/gds/similarity/filterednodesim/FilteredNodeSimilarityWriteProc.java	43	NeedsSource	NeedsSource	NotApplicable	P2-ImplementedLater	Neo.ClientError.Procedure.ProcedureCallFailed	Procedure is recognized by the v003 registry but is not yet supported in this build; include procedure name and support status.	Call fails before row streaming; no partial result rows are emitted.	TEST-GDS-558	DirectSource	High-state or artifact-heavy family; register deterministically and implement after P1 foundations.
559	gds.nodeSimilarity.filtered.write.estimate	procedure	similarity	READ	yes	gitrefrepo/neo4j-gds-src/proc/similarity/src/main/java/org/neo4j/gds/similarity/filterednodesim/FilteredNodeSimilarityWriteProc.java	52	NeedsSource	NeedsSource	gitrefrepo/neo4j-gds-src/proc/similarity/src/main/java/org/neo4j/gds/similarity/filterednodesim/FilteredNodeSimilarityWriteProc.java:52	P2-ImplementedLater	Neo.ClientError.Procedure.ProcedureCallFailed	Procedure is recognized by the v003 registry but is not yet supported in this build; include procedure name and support status.	Call fails before row streaming; no partial result rows are emitted.	TEST-GDS-559	DirectSource	High-state or artifact-heavy family; register deterministically and implement after P1 foundations.
560	gds.nodeSimilarity.mutate	procedure	similarity	READ	no	gitrefrepo/neo4j-gds-src/proc/similarity/src/main/java/org/neo4j/gds/similarity/nodesim/NodeSimilarityMutateProc.java	41	NeedsSource	NeedsSource	NotApplicable	P2-ImplementedLater	Neo.ClientError.Procedure.ProcedureCallFailed	Procedure is recognized by the v003 registry but is not yet supported in this build; include procedure name and support status.	Call fails before row streaming; no partial result rows are emitted.	TEST-GDS-560	DirectSource	High-state or artifact-heavy family; register deterministically and implement after P1 foundations.
561	gds.nodeSimilarity.mutate.estimate	procedure	similarity	READ	yes	gitrefrepo/neo4j-gds-src/proc/similarity/src/main/java/org/neo4j/gds/similarity/nodesim/NodeSimilarityMutateProc.java	50	NeedsSource	NeedsSource	gitrefrepo/neo4j-gds-src/proc/similarity/src/main/java/org/neo4j/gds/similarity/nodesim/NodeSimilarityMutateProc.java:50	P2-ImplementedLater	Neo.ClientError.Procedure.ProcedureCallFailed	Procedure is recognized by the v003 registry but is not yet supported in this build; include procedure name and support status.	Call fails before row streaming; no partial result rows are emitted.	TEST-GDS-561	DirectSource	High-state or artifact-heavy family; register deterministically and implement after P1 foundations.
562	gds.nodeSimilarity.stats	procedure	similarity	READ	no	gitrefrepo/neo4j-gds-src/proc/similarity/src/main/java/org/neo4j/gds/similarity/nodesim/NodeSimilarityStatsProc.java	41	NeedsSource	NeedsSource	NotApplicable	P2-ImplementedLater	Neo.ClientError.Procedure.ProcedureCallFailed	Procedure is recognized by the v003 registry but is not yet supported in this build; include procedure name and support status.	Call fails before row streaming; no partial result rows are emitted.	TEST-GDS-562	DirectSource	High-state or artifact-heavy family; register deterministically and implement after P1 foundations.
563	gds.nodeSimilarity.stats.estimate	procedure	similarity	READ	yes	gitrefrepo/neo4j-gds-src/proc/similarity/src/main/java/org/neo4j/gds/similarity/nodesim/NodeSimilarityStatsProc.java	50	NeedsSource	NeedsSource	gitrefrepo/neo4j-gds-src/proc/similarity/src/main/java/org/neo4j/gds/similarity/nodesim/NodeSimilarityStatsProc.java:50	P2-ImplementedLater	Neo.ClientError.Procedure.ProcedureCallFailed	Procedure is recognized by the v003 registry but is not yet supported in this build; include procedure name and support status.	Call fails before row streaming; no partial result rows are emitted.	TEST-GDS-563	DirectSource	High-state or artifact-heavy family; register deterministically and implement after P1 foundations.
564	gds.nodeSimilarity.stream	procedure	similarity	READ	no	gitrefrepo/neo4j-gds-src/proc/similarity/src/main/java/org/neo4j/gds/similarity/nodesim/NodeSimilarityStreamProc.java	41	NeedsSource	NeedsSource	NotApplicable	P2-ImplementedLater	Neo.ClientError.Procedure.ProcedureCallFailed	Procedure is recognized by the v003 registry but is not yet supported in this build; include procedure name and support status.	Call fails before row streaming; no partial result rows are emitted.	TEST-GDS-564	DirectSource	High-state or artifact-heavy family; register deterministically and implement after P1 foundations.
565	gds.nodeSimilarity.stream.estimate	procedure	similarity	READ	yes	gitrefrepo/neo4j-gds-src/proc/similarity/src/main/java/org/neo4j/gds/similarity/nodesim/NodeSimilarityStreamProc.java	50	NeedsSource	NeedsSource	gitrefrepo/neo4j-gds-src/proc/similarity/src/main/java/org/neo4j/gds/similarity/nodesim/NodeSimilarityStreamProc.java:50	P2-ImplementedLater	Neo.ClientError.Procedure.ProcedureCallFailed	Procedure is recognized by the v003 registry but is not yet supported in this build; include procedure name and support status.	Call fails before row streaming; no partial result rows are emitted.	TEST-GDS-565	DirectSource	High-state or artifact-heavy family; register deterministically and implement after P1 foundations.
566	gds.nodeSimilarity.write	procedure	similarity	WRITE	no	gitrefrepo/neo4j-gds-src/proc/similarity/src/main/java/org/neo4j/gds/similarity/nodesim/NodeSimilarityWriteProc.java	42	NeedsSource	NeedsSource	NotApplicable	P2-ImplementedLater	Neo.ClientError.Procedure.ProcedureCallFailed	Procedure is recognized by the v003 registry but is not yet supported in this build; include procedure name and support status.	Call fails before row streaming; no partial result rows are emitted.	TEST-GDS-566	DirectSource	High-state or artifact-heavy family; register deterministically and implement after P1 foundations.
567	gds.nodeSimilarity.write.estimate	procedure	similarity	READ	yes	gitrefrepo/neo4j-gds-src/proc/similarity/src/main/java/org/neo4j/gds/similarity/nodesim/NodeSimilarityWriteProc.java	51	NeedsSource	NeedsSource	gitrefrepo/neo4j-gds-src/proc/similarity/src/main/java/org/neo4j/gds/similarity/nodesim/NodeSimilarityWriteProc.java:51	P2-ImplementedLater	Neo.ClientError.Procedure.ProcedureCallFailed	Procedure is recognized by the v003 registry but is not yet supported in this build; include procedure name and support status.	Call fails before row streaming; no partial result rows are emitted.	TEST-GDS-567	DirectSource	High-state or artifact-heavy family; register deterministically and implement after P1 foundations.
568	gds.debug.sysInfo	procedure	sysinfo	NeedsSource	no	gitrefrepo/neo4j-gds-src/proc/sysinfo/src/main/java/org/neo4j/gds/SysInfoProc.java	63	NeedsSource	NeedsSource	NotApplicable	P0-RegisteredCompatible	NotApplicable	NotApplicable	Preserve Neo4j GDS result schema when implemented; see source row for procedure entrypoint.	TEST-GDS-568	DirectSource	Metadata or catalog-facing surface; implement registry behavior before algorithm kernels.
569	gds.isLicensed	user_function	sysinfo	NeedsSource	no	gitrefrepo/neo4j-gds-src/proc/sysinfo/src/main/java/org/neo4j/gds/LicenseStateProc.java	40	NeedsSource	NeedsSource	NotApplicable	P0-RegisteredCompatible	NotApplicable	NotApplicable	Preserve Neo4j GDS result schema when implemented; see source row for procedure entrypoint.	TEST-GDS-569	DirectSource	Metadata or catalog-facing surface; implement registry behavior before algorithm kernels.
570	gds.license.state	procedure	sysinfo	NeedsSource	no	gitrefrepo/neo4j-gds-src/proc/sysinfo/src/main/java/org/neo4j/gds/LicenseStateProc.java	34	NeedsSource	NeedsSource	NotApplicable	P0-RegisteredCompatible	NotApplicable	NotApplicable	Preserve Neo4j GDS result schema when implemented; see source row for procedure entrypoint.	TEST-GDS-570	DirectSource	Metadata or catalog-facing surface; implement registry behavior before algorithm kernels.
571	gds.version	procedure	sysinfo	M	no	gitrefrepo/neo4j-gds-src/proc/sysinfo/src/main/java/org/neo4j/gds/VersionProc.java	30	NeedsSource	NeedsSource	NotApplicable	P0-RegisteredCompatible	NotApplicable	NotApplicable	Preserve Neo4j GDS result schema when implemented; see source row for procedure entrypoint.	TEST-GDS-571	DirectSource	Metadata or catalog-facing surface; implement registry behavior before algorithm kernels.
572	gds.version	user_function	sysinfo	NeedsSource	no	gitrefrepo/neo4j-gds-src/proc/sysinfo/src/main/java/org/neo4j/gds/functions/VersionFunc.java	28	NeedsSource	NeedsSource	NotApplicable	P0-RegisteredCompatible	NotApplicable	NotApplicable	Preserve Neo4j GDS result schema when implemented; see source row for procedure entrypoint.	TEST-GDS-572	DirectSource	Metadata or catalog-facing surface; implement registry behavior before algorithm kernels.
573	gds.testProc.mutate	procedure	test	READ	no	gitrefrepo/neo4j-gds-src/proc/test/src/main/java/org/neo4j/gds/test/TestMutateProc.java	35	NeedsSource	NeedsSource	NotApplicable	ExplicitlyOutOfScope	Neo.ClientError.Procedure.ProcedureNotFound	Procedure is outside the claimed v003 user-facing surface unless a later PRD includes it.	Procedure is not exposed to user calls.	TEST-GDS-573	DirectSource	Test-only GDS surface; keep out of user-facing compatibility unless explicitly needed for internal harnesses.
574	gds.testProc.write	procedure	test	READ	no	gitrefrepo/neo4j-gds-src/proc/test/src/main/java/org/neo4j/gds/test/TestProc.java	37	NeedsSource	NeedsSource	NotApplicable	ExplicitlyOutOfScope	Neo.ClientError.Procedure.ProcedureNotFound	Procedure is outside the claimed v003 user-facing surface unless a later PRD includes it.	Procedure is not exposed to user calls.	TEST-GDS-574	DirectSource	Test-only GDS surface; keep out of user-facing compatibility unless explicitly needed for internal harnesses.
575	gds.testProc.write.estimate	procedure	test	READ	yes	gitrefrepo/neo4j-gds-src/proc/test/src/main/java/org/neo4j/gds/test/TestProc.java	49	NeedsSource	NeedsSource	gitrefrepo/neo4j-gds-src/proc/test/src/main/java/org/neo4j/gds/test/TestProc.java:49	ExplicitlyOutOfScope	Neo.ClientError.Procedure.ProcedureNotFound	Procedure is outside the claimed v003 user-facing surface unless a later PRD includes it.	Procedure is not exposed to user calls.	TEST-GDS-575	DirectSource	Test-only GDS surface; keep out of user-facing compatibility unless explicitly needed for internal harnesses.
