procedure_name	procedure_mode	annotation_source	facade	config_type	result_type	algorithm_family	estimate_method	memory_estimation_status	output_artifact	support_tier	unsupported_reason	confidence	falsifier
gds.allShortestPaths.delta.mutate	READ	proc/path-finding/src/main/java/org/neo4j/gds/paths/singlesource/delta/AllShortestPathsDeltaMutateProc.java:41	facade.algorithms	Map<String,Object> configuration	Stream<PathFindingMutateResult>	path_finding	Pair with estimate endpoint or unsupported status	Requires paired estimate or reject path	In-memory catalog graph mutation	Direct public surface	Support requires paired estimator or deterministic unsupported response before claiming compatibility	DirectSource	Re-run rg -n '@Procedure|@GdsCallable' against src/main/java and compare names, modes, and source lines.
gds.allShortestPaths.delta.mutate.estimate	READ	proc/path-finding/src/main/java/org/neo4j/gds/paths/singlesource/delta/AllShortestPathsDeltaMutateProc.java:50	facade.algorithms	graphNameOrConfiguration plus algoConfiguration	Stream<MemoryEstimateResult>	path_finding	Explicit public estimate endpoint	Estimate procedure	MemoryEstimateResult stream	Direct public surface		DirectSource	Re-run rg -n '@Procedure|@GdsCallable' against src/main/java and compare names, modes, and source lines.
gds.allShortestPaths.delta.stats	READ	proc/path-finding/src/main/java/org/neo4j/gds/paths/singlesource/delta/AllShortestPathsDeltaStatsProc.java:41	facade.algorithms	Map<String,Object> configuration	Stream<StandardStatsResult>	path_finding	Not applicable unless procedure allocates bounded work	No estimator implied by annotation	Stats result stream	Direct public surface		DirectSource	Re-run rg -n '@Procedure|@GdsCallable' against src/main/java and compare names, modes, and source lines.
gds.allShortestPaths.delta.stats.estimate	READ	proc/path-finding/src/main/java/org/neo4j/gds/paths/singlesource/delta/AllShortestPathsDeltaStatsProc.java:50	facade.algorithms	graphNameOrConfiguration plus algoConfiguration	Stream<MemoryEstimateResult>	path_finding	Explicit public estimate endpoint	Estimate procedure	MemoryEstimateResult stream	Direct public surface		DirectSource	Re-run rg -n '@Procedure|@GdsCallable' against src/main/java and compare names, modes, and source lines.
gds.allShortestPaths.delta.stream	READ	proc/path-finding/src/main/java/org/neo4j/gds/paths/singlesource/delta/AllShortestPathsDeltaStreamProc.java:41	facade.algorithms	Map<String,Object> configuration	Stream<PathFindingStreamResult>	path_finding	Not applicable unless procedure allocates bounded work	No estimator implied by annotation	Row stream only	Direct public surface		DirectSource	Re-run rg -n '@Procedure|@GdsCallable' against src/main/java and compare names, modes, and source lines.
gds.allShortestPaths.delta.stream.estimate	READ	proc/path-finding/src/main/java/org/neo4j/gds/paths/singlesource/delta/AllShortestPathsDeltaStreamProc.java:50	facade.algorithms	graphNameOrConfiguration plus algoConfiguration	Stream<MemoryEstimateResult>	path_finding	Explicit public estimate endpoint	Estimate procedure	MemoryEstimateResult stream	Direct public surface		DirectSource	Re-run rg -n '@Procedure|@GdsCallable' against src/main/java and compare names, modes, and source lines.
gds.allShortestPaths.delta.write	WRITE	proc/path-finding/src/main/java/org/neo4j/gds/paths/singlesource/delta/AllShortestPathsDeltaWriteProc.java:42	facade.algorithms	Map<String,Object> configuration	Stream<StandardWriteRelationshipsResult>	path_finding	Pair with estimate endpoint or unsupported status	Requires paired estimate or reject path	Neo4j write-back or export side effect	Direct public surface	Support requires paired estimator or deterministic unsupported response before claiming compatibility	DirectSource	Re-run rg -n '@Procedure|@GdsCallable' against src/main/java and compare names, modes, and source lines.
gds.allShortestPaths.delta.write.estimate	READ	proc/path-finding/src/main/java/org/neo4j/gds/paths/singlesource/delta/AllShortestPathsDeltaWriteProc.java:51	facade.algorithms	graphNameOrConfiguration plus algoConfiguration	Stream<MemoryEstimateResult>	path_finding	Explicit public estimate endpoint	Estimate procedure	MemoryEstimateResult stream	Direct public surface		DirectSource	Re-run rg -n '@Procedure|@GdsCallable' against src/main/java and compare names, modes, and source lines.
gds.allShortestPaths.dijkstra.mutate	READ	proc/path-finding/src/main/java/org/neo4j/gds/paths/singlesource/dijkstra/AllShortestPathsDijkstraMutateProc.java:41	facade.algorithms	Map<String,Object> configuration	Stream<PathFindingMutateResult>	path_finding	Pair with estimate endpoint or unsupported status	Requires paired estimate or reject path	In-memory catalog graph mutation	Direct public surface	Support requires paired estimator or deterministic unsupported response before claiming compatibility	DirectSource	Re-run rg -n '@Procedure|@GdsCallable' against src/main/java and compare names, modes, and source lines.
gds.allShortestPaths.dijkstra.mutate.estimate	READ	proc/path-finding/src/main/java/org/neo4j/gds/paths/singlesource/dijkstra/AllShortestPathsDijkstraMutateProc.java:50	facade.algorithms	graphNameOrConfiguration plus algoConfiguration	Stream<MemoryEstimateResult>	path_finding	Explicit public estimate endpoint	Estimate procedure	MemoryEstimateResult stream	Direct public surface		DirectSource	Re-run rg -n '@Procedure|@GdsCallable' against src/main/java and compare names, modes, and source lines.
gds.allShortestPaths.dijkstra.stream	READ	proc/path-finding/src/main/java/org/neo4j/gds/paths/singlesource/dijkstra/AllShortestPathsDijkstraStreamProc.java:41	facade.algorithms	Map<String,Object> configuration	Stream<PathFindingStreamResult>	path_finding	Not applicable unless procedure allocates bounded work	No estimator implied by annotation	Row stream only	Direct public surface		DirectSource	Re-run rg -n '@Procedure|@GdsCallable' against src/main/java and compare names, modes, and source lines.
gds.allShortestPaths.dijkstra.stream.estimate	READ	proc/path-finding/src/main/java/org/neo4j/gds/paths/singlesource/dijkstra/AllShortestPathsDijkstraStreamProc.java:50	facade.algorithms	graphNameOrConfiguration plus algoConfiguration	Stream<MemoryEstimateResult>	path_finding	Explicit public estimate endpoint	Estimate procedure	MemoryEstimateResult stream	Direct public surface		DirectSource	Re-run rg -n '@Procedure|@GdsCallable' against src/main/java and compare names, modes, and source lines.
gds.allShortestPaths.dijkstra.write	WRITE	proc/path-finding/src/main/java/org/neo4j/gds/paths/singlesource/dijkstra/AllShortestPathsDijkstraWriteProc.java:42	facade.algorithms	Map<String,Object> configuration	Stream<StandardWriteRelationshipsResult>	path_finding	Pair with estimate endpoint or unsupported status	Requires paired estimate or reject path	Neo4j write-back or export side effect	Direct public surface	Support requires paired estimator or deterministic unsupported response before claiming compatibility	DirectSource	Re-run rg -n '@Procedure|@GdsCallable' against src/main/java and compare names, modes, and source lines.
gds.allShortestPaths.dijkstra.write.estimate	READ	proc/path-finding/src/main/java/org/neo4j/gds/paths/singlesource/dijkstra/AllShortestPathsDijkstraWriteProc.java:51	facade.algorithms	graphNameOrConfiguration plus algoConfiguration	Stream<MemoryEstimateResult>	path_finding	Explicit public estimate endpoint	Estimate procedure	MemoryEstimateResult stream	Direct public surface		DirectSource	Re-run rg -n '@Procedure|@GdsCallable' against src/main/java and compare names, modes, and source lines.
gds.allShortestPaths.stream	READ	proc/path-finding/src/main/java/org/neo4j/gds/paths/all/AllShortestPathsStreamProc.java:40	facade.algorithms	Map<String,Object> configuration	Stream<AllShortestPathsStreamResult>	path_finding	Not applicable unless procedure allocates bounded work	No estimator implied by annotation	Row stream only	Direct public surface		DirectSource	Re-run rg -n '@Procedure|@GdsCallable' against src/main/java and compare names, modes, and source lines.
gds.alpha.allShortestPaths.stream	READ	proc/path-finding/src/main/java/org/neo4j/gds/paths/all/AllShortestPathsStreamProc.java:49	facade.deprecatedProcedures	Map<String,Object> configuration	Stream<AllShortestPathsStreamResult>	path_finding	Not applicable unless procedure allocates bounded work	No estimator implied by annotation	Row stream only	Deprecated alias		DirectSource	Re-run rg -n '@Procedure|@GdsCallable' against src/main/java and compare names, modes, and source lines.
gds.alpha.closeness.harmonic.stream	STREAM	algorithm-specifications/src/main/java/org/neo4j/gds/harmonic/DeprecatedTieredHarmonicCentralityStreamSpec.java:34	AlgorithmSpec loaded by procedure-collector	HarmonicCentralityStreamConfig	AlgorithmSpec class DeprecatedTieredHarmonicCentralityStreamSpec	gds_public_surface	AlgorithmFactory.memoryEstimation or MemoryEstimateDefinition	Executor estimator required	Row stream only	Direct public surface		DirectSource	Re-run rg -n '@Procedure|@GdsCallable' against src/main/java and compare names, modes, and source lines.
gds.alpha.closeness.harmonic.stream	STREAM	algorithm-specifications/src/main/java/org/neo4j/gds/harmonic/HarmonicCentralityStreamSpec.java:34	AlgorithmSpec loaded by procedure-collector	HarmonicCentralityStreamConfig	AlgorithmSpec class HarmonicCentralityStreamSpec	gds_public_surface	AlgorithmFactory.memoryEstimation or MemoryEstimateDefinition	Executor estimator required	Row stream only	Direct public surface		DirectSource	Re-run rg -n '@Procedure|@GdsCallable' against src/main/java and compare names, modes, and source lines.
gds.alpha.closeness.harmonic.stream	READ	proc/centrality/src/main/java/org/neo4j/gds/harmonic/HarmonicCentralityStreamProc.java:53	facade.algorithms	Map<String,Object> configuration	Stream<AlphaHarmonicStreamResult>	gds_public_surface	Not applicable unless procedure allocates bounded work	No estimator implied by annotation	Row stream only	Deprecated alias		DirectSource	Re-run rg -n '@Procedure|@GdsCallable' against src/main/java and compare names, modes, and source lines.
gds.alpha.closeness.harmonic.write	WRITE_NODE_PROPERTY	algorithm-specifications/src/main/java/org/neo4j/gds/harmonic/DeprecatedTieredHarmonicCentralityWriteSpec.java:34	AlgorithmSpec loaded by procedure-collector	DeprecatedTieredHarmonicCentralityWriteConfig	AlgorithmSpec class DeprecatedTieredHarmonicCentralityWriteSpec	gds_public_surface	AlgorithmFactory.memoryEstimation or MemoryEstimateDefinition	Executor estimator required	Neo4j write-back or export side effect	Direct public surface		DirectSource	Re-run rg -n '@Procedure|@GdsCallable' against src/main/java and compare names, modes, and source lines.
gds.alpha.graph.graphProperty.drop	READ	proc/catalog/src/main/java/org/neo4j/gds/catalog/GraphDropGraphPropertiesProc.java:42	facade.graphCatalog	Map<String,Object> configuration	Stream<GraphDropGraphPropertiesResult>	graph_catalog	Not applicable unless procedure allocates bounded work	No estimator implied by annotation	Catalog artifact removal	Deprecated alias		DirectSource	Re-run rg -n '@Procedure|@GdsCallable' against src/main/java and compare names, modes, and source lines.
gds.alpha.graph.graphProperty.stream	READ	proc/catalog/src/main/java/org/neo4j/gds/catalog/GraphStreamGraphPropertiesProc.java:43	facade.graphCatalog	Map<String,Object> configuration	Stream<StreamGraphPropertyResult>	graph_catalog	Not applicable unless procedure allocates bounded work	No estimator implied by annotation	Row stream only	Deprecated alias		DirectSource	Re-run rg -n '@Procedure|@GdsCallable' against src/main/java and compare names, modes, and source lines.
gds.alpha.graph.nodeLabel.mutate	READ	proc/catalog/src/main/java/org/neo4j/gds/catalog/GraphMutateNodeLabelProc.java:50	facade.deprecatedProcedures	Map<String,Object> configuration	Stream<MutateLabelResult>	graph_catalog	Pair with estimate endpoint or unsupported status	Requires paired estimate or reject path	In-memory catalog graph mutation	Deprecated alias	Support requires paired estimator or deterministic unsupported response before claiming compatibility	DirectSource	Re-run rg -n '@Procedure|@GdsCallable' against src/main/java and compare names, modes, and source lines.
gds.alpha.graph.nodeLabel.write	WRITE	proc/catalog/src/main/java/org/neo4j/gds/catalog/GraphWriteNodeLabelProc.java:50	facade.graphCatalog	Map<String,Object> configuration	Stream<WriteLabelResult>	graph_catalog	Pair with estimate endpoint or unsupported status	Requires paired estimate or reject path	Neo4j write-back or export side effect	Deprecated alias	Support requires paired estimator or deterministic unsupported response before claiming compatibility	DirectSource	Re-run rg -n '@Procedure|@GdsCallable' against src/main/java and compare names, modes, and source lines.
gds.alpha.graph.sample.rwr	READ	proc/catalog/src/main/java/org/neo4j/gds/catalog/GraphSampleProc.java:56	facade.graphCatalog	Map<String,Object> configuration	Stream<RandomWalkSamplingResult>	graph_catalog	Not applicable unless procedure allocates bounded work	No estimator implied by annotation	Procedure result stream	Deprecated alias		DirectSource	Re-run rg -n '@Procedure|@GdsCallable' against src/main/java and compare names, modes, and source lines.
gds.alpha.hits.mutate	READ	proc/centrality/src/main/java/org/neo4j/gds/hits/HitsMutateProc.java:64	facade.deprecatedProcedures	Map<String,Object> configuration	Stream<HitsMutateResult>	gds_public_surface	Pair with estimate endpoint or unsupported status	Requires paired estimate or reject path	In-memory catalog graph mutation	Deprecated alias	Support requires paired estimator or deterministic unsupported response before claiming compatibility	DirectSource	Re-run rg -n '@Procedure|@GdsCallable' against src/main/java and compare names, modes, and source lines.
gds.alpha.hits.mutate.estimate	READ	proc/centrality/src/main/java/org/neo4j/gds/hits/HitsMutateProc.java:76	facade.deprecatedProcedures	graphNameOrConfiguration plus algoConfiguration	Stream<MemoryEstimateResult>	gds_public_surface	Explicit public estimate endpoint	Estimate procedure	MemoryEstimateResult stream	Deprecated alias		DirectSource	Re-run rg -n '@Procedure|@GdsCallable' against src/main/java and compare names, modes, and source lines.
gds.alpha.hits.stats	READ	proc/centrality/src/main/java/org/neo4j/gds/hits/HitsStatsProc.java:61	facade.deprecatedProcedures	Map<String,Object> configuration	Stream<HitsStatsResult>	gds_public_surface	Not applicable unless procedure allocates bounded work	No estimator implied by annotation	Stats result stream	Deprecated alias		DirectSource	Re-run rg -n '@Procedure|@GdsCallable' against src/main/java and compare names, modes, and source lines.
gds.alpha.hits.stats.estimate	READ	proc/centrality/src/main/java/org/neo4j/gds/hits/HitsStatsProc.java:82	facade.deprecatedProcedures	Map<String,Object> configuration	Stream<MemoryEstimateResult>	gds_public_surface	Explicit public estimate endpoint	Estimate procedure	MemoryEstimateResult stream	Deprecated alias		DirectSource	Re-run rg -n '@Procedure|@GdsCallable' against src/main/java and compare names, modes, and source lines.
gds.alpha.hits.stream	READ	proc/centrality/src/main/java/org/neo4j/gds/hits/HitsStreamProc.java:60	facade.deprecatedProcedures	Map<String,Object> configuration	Stream<HitsStreamResult>	gds_public_surface	Not applicable unless procedure allocates bounded work	No estimator implied by annotation	Row stream only	Deprecated alias		DirectSource	Re-run rg -n '@Procedure|@GdsCallable' against src/main/java and compare names, modes, and source lines.
gds.alpha.hits.stream.estimate	READ	proc/centrality/src/main/java/org/neo4j/gds/hits/HitsStreamProc.java:81	facade.deprecatedProcedures	Map<String,Object> configuration	Stream<MemoryEstimateResult>	gds_public_surface	Explicit public estimate endpoint	Estimate procedure	MemoryEstimateResult stream	Deprecated alias		DirectSource	Re-run rg -n '@Procedure|@GdsCallable' against src/main/java and compare names, modes, and source lines.
gds.alpha.hits.write	WRITE	proc/centrality/src/main/java/org/neo4j/gds/hits/HitsWriteProc.java:61	facade.deprecatedProcedures	Map<String,Object> configuration	Stream<HitsWriteResult>	gds_public_surface	Pair with estimate endpoint or unsupported status	Requires paired estimate or reject path	Neo4j write-back or export side effect	Deprecated alias	Support requires paired estimator or deterministic unsupported response before claiming compatibility	DirectSource	Re-run rg -n '@Procedure|@GdsCallable' against src/main/java and compare names, modes, and source lines.
gds.alpha.hits.write.estimate	READ	proc/centrality/src/main/java/org/neo4j/gds/hits/HitsWriteProc.java:82	facade.deprecatedProcedures	Map<String,Object> configuration	Stream<MemoryEstimateResult>	gds_public_surface	Explicit public estimate endpoint	Estimate procedure	MemoryEstimateResult stream	Deprecated alias		DirectSource	Re-run rg -n '@Procedure|@GdsCallable' against src/main/java and compare names, modes, and source lines.
gds.alpha.knn.filtered.mutate	READ	proc/similarity/src/main/java/org/neo4j/gds/similarity/filteredknn/FilteredKnnMutateProc.java:60	facade.deprecatedProcedures	Map<String,Object> configuration	Stream<KnnMutateResult>	similarity	Pair with estimate endpoint or unsupported status	Requires paired estimate or reject path	In-memory catalog graph mutation	Deprecated alias	Support requires paired estimator or deterministic unsupported response before claiming compatibility	DirectSource	Re-run rg -n '@Procedure|@GdsCallable' against src/main/java and compare names, modes, and source lines.
gds.alpha.knn.filtered.stats	READ	proc/similarity/src/main/java/org/neo4j/gds/similarity/filteredknn/FilteredKnnStatsProc.java:60	facade.deprecatedProcedures	Map<String,Object> configuration	Stream<KnnStatsResult>	similarity	Not applicable unless procedure allocates bounded work	No estimator implied by annotation	Stats result stream	Deprecated alias		DirectSource	Re-run rg -n '@Procedure|@GdsCallable' against src/main/java and compare names, modes, and source lines.
gds.alpha.knn.filtered.write	WRITE	proc/similarity/src/main/java/org/neo4j/gds/similarity/filteredknn/FilteredKnnWriteProc.java:61	facade.deprecatedProcedures	Map<String,Object> configuration	Stream<KnnWriteResult>	similarity	Pair with estimate endpoint or unsupported status	Requires paired estimate or reject path	Neo4j write-back or export side effect	Deprecated alias	Support requires paired estimator or deterministic unsupported response before claiming compatibility	DirectSource	Re-run rg -n '@Procedure|@GdsCallable' against src/main/java and compare names, modes, and source lines.
gds.alpha.ml.splitRelationships.mutate	READ	proc/machine-learning/src/main/java/org/neo4j/gds/ml/splitting/SplitRelationshipsMutateProc.java:38	facade.algorithms	Map<String,Object> configuration	Stream<SplitRelationshipsMutateResult>	machine_learning_split_relationships	Pair with estimate endpoint or unsupported status	Requires paired estimate or reject path	In-memory catalog graph mutation	Direct public surface	Support requires paired estimator or deterministic unsupported response before claiming compatibility	DirectSource	Re-run rg -n '@Procedure|@GdsCallable' against src/main/java and compare names, modes, and source lines.
gds.alpha.ml.splitRelationships.mutate	MUTATE_RELATIONSHIP	proc/machine-learning/src/main/java/org/neo4j/gds/ml/splitting/SplitRelationshipsMutateSpec.java:36	AlgorithmSpec loaded by procedure-collector	SplitRelationshipsMutateConfig	AlgorithmSpec class SplitRelationshipsMutateSpec	machine_learning_split_relationships	AlgorithmFactory.memoryEstimation or MemoryEstimateDefinition	Executor estimator required	In-memory catalog graph mutation	Direct public surface		DirectSource	Re-run rg -n '@Procedure|@GdsCallable' against src/main/java and compare names, modes, and source lines.
gds.alpha.nodeSimilarity.filtered.mutate	READ	proc/similarity/src/main/java/org/neo4j/gds/similarity/filterednodesim/FilteredNodeSimilarityMutateProc.java:62	facade.deprecatedProcedures	Map<String,Object> configuration	Stream<SimilarityMutateResult>	similarity	Pair with estimate endpoint or unsupported status	Requires paired estimate or reject path	In-memory catalog graph mutation	Deprecated alias	Support requires paired estimator or deterministic unsupported response before claiming compatibility	DirectSource	Re-run rg -n '@Procedure|@GdsCallable' against src/main/java and compare names, modes, and source lines.
gds.alpha.nodeSimilarity.filtered.mutate.estimate	READ	proc/similarity/src/main/java/org/neo4j/gds/similarity/filterednodesim/FilteredNodeSimilarityMutateProc.java:78	facade.deprecatedProcedures	graphNameOrConfiguration plus algoConfiguration	Stream<MemoryEstimateResult>	similarity	Explicit public estimate endpoint	Estimate procedure	MemoryEstimateResult stream	Deprecated alias		DirectSource	Re-run rg -n '@Procedure|@GdsCallable' against src/main/java and compare names, modes, and source lines.
gds.alpha.pipeline.linkPrediction.addMLP	READ	proc/machine-learning/src/main/java/org/neo4j/gds/ml/linkmodels/pipeline/LinkPredictionPipelineAddTrainerMethodProcs.java:76	facade.pipelines	config	Stream<PipelineInfoResult>	machine_learning_pipeline	Not applicable unless procedure allocates bounded work	No estimator implied by annotation	Procedure result stream	Direct public surface		DirectSource	Re-run rg -n '@Procedure|@GdsCallable' against src/main/java and compare names, modes, and source lines.
gds.alpha.pipeline.linkPrediction.addRandomForest	READ	proc/machine-learning/src/main/java/org/neo4j/gds/ml/linkmodels/pipeline/LinkPredictionPipelineAddTrainerMethodProcs.java:60	facade.pipelines	config, config	Stream<PipelineInfoResult>	machine_learning_pipeline	Not applicable unless procedure allocates bounded work	No estimator implied by annotation	Procedure result stream	Deprecated alias		DirectSource	Re-run rg -n '@Procedure|@GdsCallable' against src/main/java and compare names, modes, and source lines.
gds.alpha.pipeline.linkPrediction.configureAutoTuning	READ	proc/machine-learning/src/main/java/org/neo4j/gds/ml/linkmodels/pipeline/LinkPredictionPipelineConfigureAutoTuningProc.java:38	facade.pipelines	Procedure parameters	Stream<PipelineInfoResult>	machine_learning_pipeline	Not applicable unless procedure allocates bounded work	No estimator implied by annotation	Procedure result stream	Direct public surface		DirectSource	Re-run rg -n '@Procedure|@GdsCallable' against src/main/java and compare names, modes, and source lines.
gds.alpha.pipeline.nodeClassification.addMLP	READ	proc/machine-learning/src/main/java/org/neo4j/gds/ml/pipeline/node/classification/NodeClassificationPipelineAddTrainerMethodProcs.java:71	facade.pipelines	config	Stream<NodePipelineInfoResult>	machine_learning_pipeline	Not applicable unless procedure allocates bounded work	No estimator implied by annotation	Procedure result stream	Direct public surface		DirectSource	Re-run rg -n '@Procedure|@GdsCallable' against src/main/java and compare names, modes, and source lines.
gds.alpha.pipeline.nodeClassification.addRandomForest	READ	proc/machine-learning/src/main/java/org/neo4j/gds/ml/pipeline/node/classification/NodeClassificationPipelineAddTrainerMethodProcs.java:57	facade.pipelines	config, config	Stream<NodePipelineInfoResult>	machine_learning_pipeline	Not applicable unless procedure allocates bounded work	No estimator implied by annotation	Procedure result stream	Deprecated alias		DirectSource	Re-run rg -n '@Procedure|@GdsCallable' against src/main/java and compare names, modes, and source lines.
gds.alpha.pipeline.nodeClassification.configureAutoTuning	READ	proc/machine-learning/src/main/java/org/neo4j/gds/ml/pipeline/node/classification/NodeClassificationPipelineConfigureAutoTuningProc.java:38	facade.pipelines	Procedure parameters	Stream<NodePipelineInfoResult>	machine_learning_pipeline	Not applicable unless procedure allocates bounded work	No estimator implied by annotation	Procedure result stream	Direct public surface		DirectSource	Re-run rg -n '@Procedure|@GdsCallable' against src/main/java and compare names, modes, and source lines.
gds.alpha.pipeline.nodeRegression.addLinearRegression	READ	proc/machine-learning/src/main/java/org/neo4j/gds/ml/pipeline/node/regression/configure/NodeRegressionPipelineAddTrainerMethodProcs.java:38	facade.pipelines	Map<String,Object> configuration	Stream<NodePipelineInfoResult>	machine_learning_pipeline	Not applicable unless procedure allocates bounded work	No estimator implied by annotation	Procedure result stream	Direct public surface		DirectSource	Re-run rg -n '@Procedure|@GdsCallable' against src/main/java and compare names, modes, and source lines.
gds.alpha.pipeline.nodeRegression.addNodeProperty	READ	proc/machine-learning/src/main/java/org/neo4j/gds/ml/pipeline/node/regression/configure/NodeRegressionPipelineAddStepProcs.java:38	facade.pipelines	Procedure parameters	Stream<NodePipelineInfoResult>	machine_learning_pipeline	Not applicable unless procedure allocates bounded work	No estimator implied by annotation	Procedure result stream	Direct public surface		DirectSource	Re-run rg -n '@Procedure|@GdsCallable' against src/main/java and compare names, modes, and source lines.
gds.alpha.pipeline.nodeRegression.addRandomForest	READ	proc/machine-learning/src/main/java/org/neo4j/gds/ml/pipeline/node/regression/configure/NodeRegressionPipelineAddTrainerMethodProcs.java:47	facade.pipelines	Map<String,Object> configuration	Stream<NodePipelineInfoResult>	machine_learning_pipeline	Not applicable unless procedure allocates bounded work	No estimator implied by annotation	Procedure result stream	Direct public surface		DirectSource	Re-run rg -n '@Procedure|@GdsCallable' against src/main/java and compare names, modes, and source lines.
gds.alpha.pipeline.nodeRegression.configureAutoTuning	READ	proc/machine-learning/src/main/java/org/neo4j/gds/ml/pipeline/node/regression/configure/NodeRegressionPipelineConfigureAutoTuningProc.java:38	facade.pipelines	Procedure parameters	Stream<NodePipelineInfoResult>	machine_learning_pipeline	Not applicable unless procedure allocates bounded work	No estimator implied by annotation	Procedure result stream	Direct public surface		DirectSource	Re-run rg -n '@Procedure|@GdsCallable' against src/main/java and compare names, modes, and source lines.
gds.alpha.pipeline.nodeRegression.configureSplit	READ	proc/machine-learning/src/main/java/org/neo4j/gds/ml/pipeline/node/regression/configure/NodeRegressionPipelineConfigureSplitProc.java:38	facade.pipelines	Procedure parameters	Stream<NodePipelineInfoResult>	machine_learning_pipeline	Not applicable unless procedure allocates bounded work	No estimator implied by annotation	Procedure result stream	Direct public surface		DirectSource	Re-run rg -n '@Procedure|@GdsCallable' against src/main/java and compare names, modes, and source lines.
gds.alpha.pipeline.nodeRegression.create	READ	proc/machine-learning/src/main/java/org/neo4j/gds/ml/pipeline/node/regression/configure/NodeRegressionPipelineCreateProc.java:37	facade.pipelines	Procedure parameters	Stream<NodePipelineInfoResult>	machine_learning_pipeline	Not applicable unless procedure allocates bounded work	No estimator implied by annotation	Procedure result stream	Direct public surface		DirectSource	Re-run rg -n '@Procedure|@GdsCallable' against src/main/java and compare names, modes, and source lines.
gds.alpha.pipeline.nodeRegression.predict.mutate	READ	proc/machine-learning/src/main/java/org/neo4j/gds/ml/pipeline/node/regression/predict/NodeRegressionPipelineMutateProc.java:39	facade.pipelines	Map<String,Object> configuration	Stream<PredictMutateResult>	machine_learning_pipeline	Pair with estimate endpoint or unsupported status	Requires paired estimate or reject path	In-memory catalog graph mutation	Direct public surface	Support requires paired estimator or deterministic unsupported response before claiming compatibility	DirectSource	Re-run rg -n '@Procedure|@GdsCallable' against src/main/java and compare names, modes, and source lines.
gds.alpha.pipeline.nodeRegression.predict.stream	READ	proc/machine-learning/src/main/java/org/neo4j/gds/ml/pipeline/node/regression/predict/NodeRegressionPipelineStreamProc.java:39	facade.pipelines	Map<String,Object> configuration	Stream<NodeRegressionStreamResult>	machine_learning_pipeline	Not applicable unless procedure allocates bounded work	No estimator implied by annotation	Row stream only	Direct public surface		DirectSource	Re-run rg -n '@Procedure|@GdsCallable' against src/main/java and compare names, modes, and source lines.
gds.alpha.pipeline.nodeRegression.selectFeatures	READ	proc/machine-learning/src/main/java/org/neo4j/gds/ml/pipeline/node/regression/configure/NodeRegressionPipelineAddStepProcs.java:48	facade.pipelines	Procedure parameters	Stream<NodePipelineInfoResult>	machine_learning_pipeline	Not applicable unless procedure allocates bounded work	No estimator implied by annotation	Procedure result stream	Direct public surface		DirectSource	Re-run rg -n '@Procedure|@GdsCallable' against src/main/java and compare names, modes, and source lines.
gds.alpha.pipeline.nodeRegression.train	READ	proc/machine-learning/src/main/java/org/neo4j/gds/ml/pipeline/node/regression/NodeRegressionPipelineTrainProc.java:37	facade.pipelines	Map<String,Object> configuration	Stream<NodeRegressionPipelineTrainResult>	machine_learning_pipeline	Pair with estimate endpoint or unsupported status	Requires paired estimate or reject path	Model artifact plus training metrics	Direct public surface	Support requires paired estimator or deterministic unsupported response before claiming compatibility	DirectSource	Re-run rg -n '@Procedure|@GdsCallable' against src/main/java and compare names, modes, and source lines.
gds.alpha.sllpa.mutate	READ	proc/community/src/main/java/org/neo4j/gds/sllpa/SpeakerListenerLPAMutateProc.java:64	facade.deprecatedProcedures	Map<String,Object> configuration	Stream<SpeakerListenerLPAMutateResult>	gds_public_surface	Pair with estimate endpoint or unsupported status	Requires paired estimate or reject path	In-memory catalog graph mutation	Deprecated alias	Support requires paired estimator or deterministic unsupported response before claiming compatibility	DirectSource	Re-run rg -n '@Procedure|@GdsCallable' against src/main/java and compare names, modes, and source lines.
gds.alpha.sllpa.mutate.estimate	READ	proc/community/src/main/java/org/neo4j/gds/sllpa/SpeakerListenerLPAMutateProc.java:76	facade.deprecatedProcedures	graphNameOrConfiguration plus algoConfiguration	Stream<MemoryEstimateResult>	gds_public_surface	Explicit public estimate endpoint	Estimate procedure	MemoryEstimateResult stream	Deprecated alias		DirectSource	Re-run rg -n '@Procedure|@GdsCallable' against src/main/java and compare names, modes, and source lines.
gds.alpha.sllpa.stats	READ	proc/community/src/main/java/org/neo4j/gds/sllpa/SpeakerListenerLPAStatsProc.java:64	facade.deprecatedProcedures	Map<String,Object> configuration	Stream<SpeakerListenerLPAStatsResult>	gds_public_surface	Not applicable unless procedure allocates bounded work	No estimator implied by annotation	Stats result stream	Deprecated alias		DirectSource	Re-run rg -n '@Procedure|@GdsCallable' against src/main/java and compare names, modes, and source lines.
gds.alpha.sllpa.stats.estimate	READ	proc/community/src/main/java/org/neo4j/gds/sllpa/SpeakerListenerLPAStatsProc.java:76	facade.deprecatedProcedures	graphNameOrConfiguration plus algoConfiguration	Stream<MemoryEstimateResult>	gds_public_surface	Explicit public estimate endpoint	Estimate procedure	MemoryEstimateResult stream	Deprecated alias		DirectSource	Re-run rg -n '@Procedure|@GdsCallable' against src/main/java and compare names, modes, and source lines.
gds.alpha.sllpa.stream	READ	proc/community/src/main/java/org/neo4j/gds/sllpa/SpeakerListenerLPAStreamProc.java:64	facade.deprecatedProcedures	Map<String,Object> configuration	Stream<SpeakerListenerLPAStreamResult>	gds_public_surface	Not applicable unless procedure allocates bounded work	No estimator implied by annotation	Row stream only	Deprecated alias		DirectSource	Re-run rg -n '@Procedure|@GdsCallable' against src/main/java and compare names, modes, and source lines.
gds.alpha.sllpa.stream.estimate	READ	proc/community/src/main/java/org/neo4j/gds/sllpa/SpeakerListenerLPAStreamProc.java:76	facade.deprecatedProcedures	graphNameOrConfiguration plus algoConfiguration	Stream<MemoryEstimateResult>	gds_public_surface	Explicit public estimate endpoint	Estimate procedure	MemoryEstimateResult stream	Deprecated alias		DirectSource	Re-run rg -n '@Procedure|@GdsCallable' against src/main/java and compare names, modes, and source lines.
gds.alpha.sllpa.write	WRITE	proc/community/src/main/java/org/neo4j/gds/sllpa/SpeakerListenerLPAWriteProc.java:65	facade.deprecatedProcedures	Map<String,Object> configuration	Stream<SpeakerListenerLPAWriteResult>	gds_public_surface	Pair with estimate endpoint or unsupported status	Requires paired estimate or reject path	Neo4j write-back or export side effect	Deprecated alias	Support requires paired estimator or deterministic unsupported response before claiming compatibility	DirectSource	Re-run rg -n '@Procedure|@GdsCallable' against src/main/java and compare names, modes, and source lines.
gds.alpha.sllpa.write.estimate	READ	proc/community/src/main/java/org/neo4j/gds/sllpa/SpeakerListenerLPAWriteProc.java:77	facade.deprecatedProcedures	graphNameOrConfiguration plus algoConfiguration	Stream<MemoryEstimateResult>	gds_public_surface	Explicit public estimate endpoint	Estimate procedure	MemoryEstimateResult stream	Deprecated alias		DirectSource	Re-run rg -n '@Procedure|@GdsCallable' against src/main/java and compare names, modes, and source lines.
gds.alpha.triangles	READ	proc/community/src/main/java/org/neo4j/gds/triangle/TriangleProc.java:50	facade.deprecatedProcedures	Map<String,Object> configuration	Stream<TriangleStreamResult>	gds_public_surface	Not applicable unless procedure allocates bounded work	No estimator implied by annotation	Procedure result stream	Deprecated alias		DirectSource	Re-run rg -n '@Procedure|@GdsCallable' against src/main/java and compare names, modes, and source lines.
gds.bellmanFord.mutate	READ	proc/path-finding/src/main/java/org/neo4j/gds/paths/singlesource/bellmanford/BellmanFordMutateProc.java:41	facade.algorithms	Map<String,Object> configuration	Stream<BellmanFordMutateResult>	gds_public_surface	Pair with estimate endpoint or unsupported status	Requires paired estimate or reject path	In-memory catalog graph mutation	Direct public surface	Support requires paired estimator or deterministic unsupported response before claiming compatibility	DirectSource	Re-run rg -n '@Procedure|@GdsCallable' against src/main/java and compare names, modes, and source lines.
gds.bellmanFord.stats	READ	proc/path-finding/src/main/java/org/neo4j/gds/paths/singlesource/bellmanford/BellmanFordStatsProc.java:41	facade.algorithms	Map<String,Object> configuration	Stream<BellmanFordStatsResult>	gds_public_surface	Not applicable unless procedure allocates bounded work	No estimator implied by annotation	Stats result stream	Direct public surface		DirectSource	Re-run rg -n '@Procedure|@GdsCallable' against src/main/java and compare names, modes, and source lines.
gds.bellmanFord.stream	READ	proc/path-finding/src/main/java/org/neo4j/gds/paths/singlesource/bellmanford/BellmanFordStreamProc.java:41	facade.algorithms	Map<String,Object> configuration	Stream<BellmanFordStreamResult>	gds_public_surface	Not applicable unless procedure allocates bounded work	No estimator implied by annotation	Row stream only	Direct public surface		DirectSource	Re-run rg -n '@Procedure|@GdsCallable' against src/main/java and compare names, modes, and source lines.
gds.bellmanFord.write	WRITE	proc/path-finding/src/main/java/org/neo4j/gds/paths/singlesource/bellmanford/BellmanFordWriteProc.java:42	facade.algorithms	Map<String,Object> configuration	Stream<BellmanFordWriteResult>	gds_public_surface	Pair with estimate endpoint or unsupported status	Requires paired estimate or reject path	Neo4j write-back or export side effect	Direct public surface	Support requires paired estimator or deterministic unsupported response before claiming compatibility	DirectSource	Re-run rg -n '@Procedure|@GdsCallable' against src/main/java and compare names, modes, and source lines.
gds.beta.closeness.mutate	MUTATE_NODE_PROPERTY	algorithm-specifications/src/main/java/org/neo4j/gds/closeness/BetaClosenessCentralityMutateSpec.java:34	AlgorithmSpec loaded by procedure-collector	ClosenessCentralityMutateConfig	AlgorithmSpec class BetaClosenessCentralityMutateSpec	gds_public_surface	AlgorithmFactory.memoryEstimation or MemoryEstimateDefinition	Executor estimator required	In-memory catalog graph mutation	Direct public surface		DirectSource	Re-run rg -n '@Procedure|@GdsCallable' against src/main/java and compare names, modes, and source lines.
gds.beta.closeness.write	WRITE_NODE_PROPERTY	algorithm-specifications/src/main/java/org/neo4j/gds/closeness/BetaClosenessCentralityWriteSpec.java:34	AlgorithmSpec loaded by procedure-collector	ClosenessCentralityWriteConfig	AlgorithmSpec class BetaClosenessCentralityWriteSpec	gds_public_surface	AlgorithmFactory.memoryEstimation or MemoryEstimateDefinition	Executor estimator required	Neo4j write-back or export side effect	Direct public surface		DirectSource	Re-run rg -n '@Procedure|@GdsCallable' against src/main/java and compare names, modes, and source lines.
gds.beta.collapsePath.mutate	READ	proc/misc/src/main/java/org/neo4j/gds/walking/CollapsePathMutateProc.java:49	facade.deprecatedProcedures	Map<String,Object> configuration	Stream<CollapsePathMutateResult>	gds_public_surface	Pair with estimate endpoint or unsupported status	Requires paired estimate or reject path	In-memory catalog graph mutation	Deprecated alias	Support requires paired estimator or deterministic unsupported response before claiming compatibility	DirectSource	Re-run rg -n '@Procedure|@GdsCallable' against src/main/java and compare names, modes, and source lines.
gds.beta.graph.export.csv	READ	proc/catalog/src/main/java/org/neo4j/gds/catalog/GraphStoreExportProc.java:54	facade.graphCatalog	Map<String,Object> configuration	Stream<FileExportResult>	graph_catalog	Not applicable unless procedure allocates bounded work	No estimator implied by annotation	Procedure result stream	Deprecated alias		DirectSource	Re-run rg -n '@Procedure|@GdsCallable' against src/main/java and compare names, modes, and source lines.
gds.beta.graph.export.csv.estimate	READ	proc/catalog/src/main/java/org/neo4j/gds/catalog/GraphStoreExportProc.java:77	facade.graphCatalog	Map<String,Object> configuration	Stream<MemoryEstimateResult>	graph_catalog	Explicit public estimate endpoint	Estimate procedure	MemoryEstimateResult stream	Deprecated alias		DirectSource	Re-run rg -n '@Procedure|@GdsCallable' against src/main/java and compare names, modes, and source lines.
gds.beta.graph.generate	READ	proc/catalog/src/main/java/org/neo4j/gds/beta/generator/GraphGenerateProc.java:43	facade.graphCatalog	Map<String,Object> configuration	Stream<GraphGenerationStats>	graph_catalog	Not applicable unless procedure allocates bounded work	No estimator implied by annotation	Procedure result stream	Deprecated alias		DirectSource	Re-run rg -n '@Procedure|@GdsCallable' against src/main/java and compare names, modes, and source lines.
gds.beta.graph.project.subgraph	READ	proc/catalog/src/main/java/org/neo4j/gds/catalog/GraphProjectProc.java:111	facade.graphCatalog	Map<String,Object> configuration	Stream<GraphFilterResult>	graph_catalog	Not applicable unless procedure allocates bounded work	No estimator implied by annotation	Procedure result stream	Deprecated alias		DirectSource	Re-run rg -n '@Procedure|@GdsCallable' against src/main/java and compare names, modes, and source lines.
gds.beta.graph.relationships.stream	READ	proc/catalog/src/main/java/org/neo4j/gds/catalog/GraphStreamRelationshipsProc.java:51	facade.graphCatalog	Map<String,Object> configuration	Stream<TopologyResult>	graph_catalog	Not applicable unless procedure allocates bounded work	No estimator implied by annotation	Row stream only	Deprecated alias		DirectSource	Re-run rg -n '@Procedure|@GdsCallable' against src/main/java and compare names, modes, and source lines.
gds.beta.graphSage.mutate	MUTATE_NODE_PROPERTY	algorithm-specifications/src/main/java/org/neo4j/gds/embeddings/graphsage/GraphSageMutateSpec.java:40	AlgorithmSpec loaded by procedure-collector	GraphSageMutateConfig	AlgorithmSpec class GraphSageMutateSpec	node_embedding	AlgorithmFactory.memoryEstimation or MemoryEstimateDefinition	Executor estimator required	In-memory catalog graph mutation	Direct public surface		DirectSource	Re-run rg -n '@Procedure|@GdsCallable' against src/main/java and compare names, modes, and source lines.
gds.beta.graphSage.stream	STREAM	algorithm-specifications/src/main/java/org/neo4j/gds/embeddings/graphsage/GraphSageStreamSpec.java:40	AlgorithmSpec loaded by procedure-collector	GraphSageStreamConfig	AlgorithmSpec class GraphSageStreamSpec	node_embedding	AlgorithmFactory.memoryEstimation or MemoryEstimateDefinition	Executor estimator required	Row stream only	Direct public surface		DirectSource	Re-run rg -n '@Procedure|@GdsCallable' against src/main/java and compare names, modes, and source lines.
gds.beta.graphSage.stream	READ	proc/embeddings/src/main/java/org/neo4j/gds/embeddings/graphsage/GraphSageStreamProc.java:42	facade.algorithms	Map<String,Object> configuration	Stream<GraphSageStreamResult>	node_embedding	Not applicable unless procedure allocates bounded work	No estimator implied by annotation	Row stream only	Direct public surface		DirectSource	Re-run rg -n '@Procedure|@GdsCallable' against src/main/java and compare names, modes, and source lines.
gds.beta.graphSage.train	TRAIN	algorithm-specifications/src/main/java/org/neo4j/gds/embeddings/graphsage/GraphSageTrainSpec.java:39	AlgorithmSpec loaded by procedure-collector	GraphSageTrainConfig	AlgorithmSpec class GraphSageTrainSpec	node_embedding	AlgorithmFactory.memoryEstimation or MemoryEstimateDefinition	Executor estimator required	Model artifact plus training metrics	Direct public surface		DirectSource	Re-run rg -n '@Procedure|@GdsCallable' against src/main/java and compare names, modes, and source lines.
gds.beta.graphSage.train	READ	proc/embeddings/src/main/java/org/neo4j/gds/embeddings/graphsage/GraphSageTrainProc.java:42	facade.algorithms	Map<String,Object> configuration	Stream<GraphSageTrainResult>	node_embedding	Pair with estimate endpoint or unsupported status	Requires paired estimate or reject path	Model artifact plus training metrics	Direct public surface	Support requires paired estimator or deterministic unsupported response before claiming compatibility	DirectSource	Re-run rg -n '@Procedure|@GdsCallable' against src/main/java and compare names, modes, and source lines.
gds.beta.graphSage.train.estimate	READ	proc/embeddings/src/main/java/org/neo4j/gds/embeddings/graphsage/GraphSageTrainProc.java:51	facade.algorithms	graphNameOrConfiguration plus algoConfiguration	Stream<MemoryEstimateResult>	node_embedding	Explicit public estimate endpoint	Estimate procedure	MemoryEstimateResult stream	Direct public surface		DirectSource	Re-run rg -n '@Procedure|@GdsCallable' against src/main/java and compare names, modes, and source lines.
gds.beta.graphSage.write	WRITE_NODE_PROPERTY	algorithm-specifications/src/main/java/org/neo4j/gds/embeddings/graphsage/GraphSageWriteSpec.java:40	AlgorithmSpec loaded by procedure-collector	GraphSageWriteConfig	AlgorithmSpec class GraphSageWriteSpec	node_embedding	AlgorithmFactory.memoryEstimation or MemoryEstimateDefinition	Executor estimator required	Neo4j write-back or export side effect	Direct public surface		DirectSource	Re-run rg -n '@Procedure|@GdsCallable' against src/main/java and compare names, modes, and source lines.
gds.beta.graphSage.write	WRITE	proc/embeddings/src/main/java/org/neo4j/gds/embeddings/graphsage/GraphSageWriteProc.java:41	facade.algorithms	Map<String,Object> configuration	Stream<DefaultNodeEmbeddingsWriteResult>	node_embedding	Pair with estimate endpoint or unsupported status	Requires paired estimate or reject path	Neo4j write-back or export side effect	Direct public surface	Support requires paired estimator or deterministic unsupported response before claiming compatibility	DirectSource	Re-run rg -n '@Procedure|@GdsCallable' against src/main/java and compare names, modes, and source lines.
gds.beta.influenceMaximization.celf.mutate	READ	proc/centrality/src/main/java/org/neo4j/gds/influenceMaximization/CELFMutateProc.java:60	facade.deprecatedProcedures	Map<String,Object> configuration	Stream<CELFMutateResult>	gds_public_surface	Pair with estimate endpoint or unsupported status	Requires paired estimate or reject path	In-memory catalog graph mutation	Deprecated alias	Support requires paired estimator or deterministic unsupported response before claiming compatibility	DirectSource	Re-run rg -n '@Procedure|@GdsCallable' against src/main/java and compare names, modes, and source lines.
gds.beta.influenceMaximization.celf.mutate.estimate	READ	proc/centrality/src/main/java/org/neo4j/gds/influenceMaximization/CELFMutateProc.java:81	facade.deprecatedProcedures	graphNameOrConfiguration plus algoConfiguration	Stream<MemoryEstimateResult>	gds_public_surface	Explicit public estimate endpoint	Estimate procedure	MemoryEstimateResult stream	Deprecated alias		DirectSource	Re-run rg -n '@Procedure|@GdsCallable' against src/main/java and compare names, modes, and source lines.
gds.beta.influenceMaximization.celf.stats.estimate	READ	proc/centrality/src/main/java/org/neo4j/gds/influenceMaximization/CELFStatsProc.java:81	facade.deprecatedProcedures	graphNameOrConfiguration plus algoConfiguration	Stream<MemoryEstimateResult>	gds_public_surface	Explicit public estimate endpoint	Estimate procedure	MemoryEstimateResult stream	Deprecated alias		DirectSource	Re-run rg -n '@Procedure|@GdsCallable' against src/main/java and compare names, modes, and source lines.
gds.beta.influenceMaximization.celf.stream	READ	proc/centrality/src/main/java/org/neo4j/gds/influenceMaximization/CELFStreamProc.java:60	facade.deprecatedProcedures	Map<String,Object> configuration	Stream<CELFStreamResult>	gds_public_surface	Not applicable unless procedure allocates bounded work	No estimator implied by annotation	Row stream only	Deprecated alias		DirectSource	Re-run rg -n '@Procedure|@GdsCallable' against src/main/java and compare names, modes, and source lines.
gds.beta.influenceMaximization.celf.stream.estimate	READ	proc/centrality/src/main/java/org/neo4j/gds/influenceMaximization/CELFStreamProc.java:81	facade.deprecatedProcedures	Map<String,Object> configuration	Stream<MemoryEstimateResult>	gds_public_surface	Explicit public estimate endpoint	Estimate procedure	MemoryEstimateResult stream	Deprecated alias		DirectSource	Re-run rg -n '@Procedure|@GdsCallable' against src/main/java and compare names, modes, and source lines.
gds.beta.influenceMaximization.celf.write.estimate	READ	proc/centrality/src/main/java/org/neo4j/gds/influenceMaximization/CELFWriteProc.java:82	facade.deprecatedProcedures	graphNameOrConfiguration plus algoConfiguration	Stream<MemoryEstimateResult>	gds_public_surface	Explicit public estimate endpoint	Estimate procedure	MemoryEstimateResult stream	Deprecated alias		DirectSource	Re-run rg -n '@Procedure|@GdsCallable' against src/main/java and compare names, modes, and source lines.
gds.beta.k1coloring.stats	READ	proc/community/src/main/java/org/neo4j/gds/k1coloring/K1ColoringStatsProc.java:60	facade.deprecatedProcedures	Map<String,Object> configuration	Stream<K1ColoringStatsResult>	gds_public_surface	Not applicable unless procedure allocates bounded work	No estimator implied by annotation	Stats result stream	Deprecated alias		DirectSource	Re-run rg -n '@Procedure|@GdsCallable' against src/main/java and compare names, modes, and source lines.
gds.beta.k1coloring.write	WRITE	proc/community/src/main/java/org/neo4j/gds/k1coloring/K1ColoringWriteProc.java:61	facade.deprecatedProcedures	Map<String,Object> configuration	Stream<K1ColoringWriteResult>	gds_public_surface	Pair with estimate endpoint or unsupported status	Requires paired estimate or reject path	Neo4j write-back or export side effect	Deprecated alias	Support requires paired estimator or deterministic unsupported response before claiming compatibility	DirectSource	Re-run rg -n '@Procedure|@GdsCallable' against src/main/java and compare names, modes, and source lines.
gds.beta.leiden.stream	READ	proc/community/src/main/java/org/neo4j/gds/leiden/LeidenStreamProc.java:62	facade.deprecatedProcedures	Map<String,Object> configuration	Stream<LeidenStreamResult>	community	Not applicable unless procedure allocates bounded work	No estimator implied by annotation	Row stream only	Deprecated alias		DirectSource	Re-run rg -n '@Procedure|@GdsCallable' against src/main/java and compare names, modes, and source lines.
gds.beta.model.drop	READ	proc/catalog/src/main/java/org/neo4j/gds/model/catalog/ModelDropProc.java:49	facade.deprecatedProcedures	modelName, failIfMissing	Stream<BetaModelCatalogResult>	model_catalog	Not applicable unless procedure allocates bounded work	No estimator implied by annotation	Catalog artifact removal	Deprecated alias		DirectSource	Re-run rg -n '@Procedure|@GdsCallable' against src/main/java and compare names, modes, and source lines.
gds.beta.model.exists	READ	proc/catalog/src/main/java/org/neo4j/gds/model/catalog/ModelExistsProc.java:46	facade.deprecatedProcedures	modelName	Stream<ModelExistsResult>	model_catalog	Not applicable unless procedure allocates bounded work	No estimator implied by annotation	Catalog metadata result	Deprecated alias		DirectSource	Re-run rg -n '@Procedure|@GdsCallable' against src/main/java and compare names, modes, and source lines.
gds.beta.model.list	READ	proc/catalog/src/main/java/org/neo4j/gds/model/catalog/ModelListProc.java:47	facade.deprecatedProcedures	modelName	Stream<BetaModelCatalogResult>	model_catalog	Not applicable unless procedure allocates bounded work	No estimator implied by annotation	Catalog metadata result	Deprecated alias		DirectSource	Re-run rg -n '@Procedure|@GdsCallable' against src/main/java and compare names, modes, and source lines.
gds.beta.modularityOptimization.stream	READ	proc/community/src/main/java/org/neo4j/gds/modularityoptimization/ModularityOptimizationStreamProc.java:62	facade.deprecatedProcedures	Map<String,Object> configuration	Stream<ModularityOptimizationStreamResult>	gds_public_surface	Not applicable unless procedure allocates bounded work	No estimator implied by annotation	Row stream only	Deprecated alias		DirectSource	Re-run rg -n '@Procedure|@GdsCallable' against src/main/java and compare names, modes, and source lines.
gds.beta.modularityOptimization.write	WRITE	proc/community/src/main/java/org/neo4j/gds/modularityoptimization/ModularityOptimizationWriteProc.java:63	facade.deprecatedProcedures	Map<String,Object> configuration	Stream<ModularityOptimizationWriteResult>	gds_public_surface	Pair with estimate endpoint or unsupported status	Requires paired estimate or reject path	Neo4j write-back or export side effect	Deprecated alias	Support requires paired estimator or deterministic unsupported response before claiming compatibility	DirectSource	Re-run rg -n '@Procedure|@GdsCallable' against src/main/java and compare names, modes, and source lines.
gds.beta.pipeline.drop	READ	proc/pipeline-catalog/src/main/java/org/neo4j/gds/pipeline/catalog/PipelineDropProc.java:49	facade.deprecatedProcedures	pipelineName, failIfMissing	Stream<PipelineCatalogResult>	machine_learning_pipeline	Not applicable unless procedure allocates bounded work	No estimator implied by annotation	Catalog artifact removal	Deprecated alias		DirectSource	Re-run rg -n '@Procedure|@GdsCallable' against src/main/java and compare names, modes, and source lines.
gds.beta.pipeline.exists	READ	proc/pipeline-catalog/src/main/java/org/neo4j/gds/pipeline/catalog/PipelineExistsProc.java:46	facade.deprecatedProcedures	pipelineName	Stream<PipelineExistsResult>	machine_learning_pipeline	Not applicable unless procedure allocates bounded work	No estimator implied by annotation	Catalog metadata result	Deprecated alias		DirectSource	Re-run rg -n '@Procedure|@GdsCallable' against src/main/java and compare names, modes, and source lines.
gds.beta.pipeline.linkPrediction.addFeature	READ	proc/machine-learning/src/main/java/org/neo4j/gds/ml/linkmodels/pipeline/LinkPredictionPipelineAddStepProcs.java:48	facade.pipelines	Procedure parameters	Stream<PipelineInfoResult>	machine_learning_pipeline	Not applicable unless procedure allocates bounded work	No estimator implied by annotation	Procedure result stream	Direct public surface		DirectSource	Re-run rg -n '@Procedure|@GdsCallable' against src/main/java and compare names, modes, and source lines.
gds.beta.pipeline.linkPrediction.addLogisticRegression	READ	proc/machine-learning/src/main/java/org/neo4j/gds/ml/linkmodels/pipeline/LinkPredictionPipelineAddTrainerMethodProcs.java:39	facade.pipelines	config, config	Stream<PipelineInfoResult>	machine_learning_pipeline	Not applicable unless procedure allocates bounded work	No estimator implied by annotation	Procedure result stream	Direct public surface		DirectSource	Re-run rg -n '@Procedure|@GdsCallable' against src/main/java and compare names, modes, and source lines.
gds.beta.pipeline.linkPrediction.addNodeProperty	READ	proc/machine-learning/src/main/java/org/neo4j/gds/ml/linkmodels/pipeline/LinkPredictionPipelineAddStepProcs.java:38	facade.pipelines	Procedure parameters	Stream<PipelineInfoResult>	machine_learning_pipeline	Not applicable unless procedure allocates bounded work	No estimator implied by annotation	Procedure result stream	Direct public surface		DirectSource	Re-run rg -n '@Procedure|@GdsCallable' against src/main/java and compare names, modes, and source lines.
gds.beta.pipeline.linkPrediction.addRandomForest	READ	proc/machine-learning/src/main/java/org/neo4j/gds/ml/linkmodels/pipeline/LinkPredictionPipelineAddTrainerMethodProcs.java:51	facade.pipelines	config, config	Stream<PipelineInfoResult>	machine_learning_pipeline	Not applicable unless procedure allocates bounded work	No estimator implied by annotation	Procedure result stream	Direct public surface		DirectSource	Re-run rg -n '@Procedure|@GdsCallable' against src/main/java and compare names, modes, and source lines.
gds.beta.pipeline.linkPrediction.configureSplit	READ	proc/machine-learning/src/main/java/org/neo4j/gds/ml/linkmodels/pipeline/LinkPredictionPipelineConfigureSplitProc.java:38	facade.pipelines	Procedure parameters	Stream<PipelineInfoResult>	machine_learning_pipeline	Not applicable unless procedure allocates bounded work	No estimator implied by annotation	Procedure result stream	Direct public surface		DirectSource	Re-run rg -n '@Procedure|@GdsCallable' against src/main/java and compare names, modes, and source lines.
gds.beta.pipeline.linkPrediction.create	READ	proc/machine-learning/src/main/java/org/neo4j/gds/ml/linkmodels/pipeline/LinkPredictionPipelineCreateProc.java:37	facade.pipelines	Procedure parameters	Stream<PipelineInfoResult>	machine_learning_pipeline	Not applicable unless procedure allocates bounded work	No estimator implied by annotation	Procedure result stream	Direct public surface		DirectSource	Re-run rg -n '@Procedure|@GdsCallable' against src/main/java and compare names, modes, and source lines.
gds.beta.pipeline.linkPrediction.predict.mutate	READ	proc/machine-learning/src/main/java/org/neo4j/gds/ml/linkmodels/pipeline/predict/LinkPredictionPipelineMutateProc.java:41	facade.pipelines	Map<String,Object> configuration	Stream<MutateResult>	machine_learning_pipeline	Pair with estimate endpoint or unsupported status	Requires paired estimate or reject path	In-memory catalog graph mutation	Direct public surface	Support requires paired estimator or deterministic unsupported response before claiming compatibility	DirectSource	Re-run rg -n '@Procedure|@GdsCallable' against src/main/java and compare names, modes, and source lines.
gds.beta.pipeline.linkPrediction.predict.mutate.estimate	READ	proc/machine-learning/src/main/java/org/neo4j/gds/ml/linkmodels/pipeline/predict/LinkPredictionPipelineMutateProc.java:50	facade.pipelines	graphNameOrConfiguration plus algoConfiguration	Stream<MemoryEstimateResult>	machine_learning_pipeline	Explicit public estimate endpoint	Estimate procedure	MemoryEstimateResult stream	Direct public surface		DirectSource	Re-run rg -n '@Procedure|@GdsCallable' against src/main/java and compare names, modes, and source lines.
gds.beta.pipeline.linkPrediction.predict.stream	READ	proc/machine-learning/src/main/java/org/neo4j/gds/ml/linkmodels/pipeline/predict/LinkPredictionPipelineStreamProc.java:41	facade.pipelines	Map<String,Object> configuration	Stream<StreamResult>	machine_learning_pipeline	Not applicable unless procedure allocates bounded work	No estimator implied by annotation	Row stream only	Direct public surface		DirectSource	Re-run rg -n '@Procedure|@GdsCallable' against src/main/java and compare names, modes, and source lines.
gds.beta.pipeline.linkPrediction.predict.stream.estimate	READ	proc/machine-learning/src/main/java/org/neo4j/gds/ml/linkmodels/pipeline/predict/LinkPredictionPipelineStreamProc.java:50	facade.pipelines	graphNameOrConfiguration plus algoConfiguration	Stream<MemoryEstimateResult>	machine_learning_pipeline	Explicit public estimate endpoint	Estimate procedure	MemoryEstimateResult stream	Direct public surface		DirectSource	Re-run rg -n '@Procedure|@GdsCallable' against src/main/java and compare names, modes, and source lines.
gds.beta.pipeline.linkPrediction.train	READ	proc/machine-learning/src/main/java/org/neo4j/gds/ml/linkmodels/pipeline/train/LinkPredictionPipelineTrainProc.java:40	facade.pipelines	graphNameOrConfiguration plus algoConfiguration	Stream<LinkPredictionTrainResult>	machine_learning_pipeline	Pair with estimate endpoint or unsupported status	Requires paired estimate or reject path	Model artifact plus training metrics	Direct public surface	Support requires paired estimator or deterministic unsupported response before claiming compatibility	DirectSource	Re-run rg -n '@Procedure|@GdsCallable' against src/main/java and compare names, modes, and source lines.
gds.beta.pipeline.linkPrediction.train.estimate	READ	proc/machine-learning/src/main/java/org/neo4j/gds/ml/linkmodels/pipeline/train/LinkPredictionPipelineTrainProc.java:49	facade.pipelines	graphNameOrConfiguration plus algoConfiguration	Stream<MemoryEstimateResult>	machine_learning_pipeline	Explicit public estimate endpoint	Estimate procedure	MemoryEstimateResult stream	Direct public surface		DirectSource	Re-run rg -n '@Procedure|@GdsCallable' against src/main/java and compare names, modes, and source lines.
gds.beta.pipeline.list	READ	proc/pipeline-catalog/src/main/java/org/neo4j/gds/pipeline/catalog/PipelineListProc.java:47	facade.deprecatedProcedures	pipelineName	Stream<PipelineCatalogResult>	machine_learning_pipeline	Not applicable unless procedure allocates bounded work	No estimator implied by annotation	Catalog metadata result	Deprecated alias		DirectSource	Re-run rg -n '@Procedure|@GdsCallable' against src/main/java and compare names, modes, and source lines.
gds.beta.pipeline.nodeClassification.addLogisticRegression	READ	proc/machine-learning/src/main/java/org/neo4j/gds/ml/pipeline/node/classification/NodeClassificationPipelineAddTrainerMethodProcs.java:39	facade.pipelines	config, config	Stream<NodePipelineInfoResult>	machine_learning_pipeline	Not applicable unless procedure allocates bounded work	No estimator implied by annotation	Procedure result stream	Direct public surface		DirectSource	Re-run rg -n '@Procedure|@GdsCallable' against src/main/java and compare names, modes, and source lines.
gds.beta.pipeline.nodeClassification.addNodeProperty	READ	proc/machine-learning/src/main/java/org/neo4j/gds/ml/pipeline/node/classification/NodeClassificationPipelineAddStepProcs.java:38	facade.pipelines	Procedure parameters	Stream<NodePipelineInfoResult>	machine_learning_pipeline	Not applicable unless procedure allocates bounded work	No estimator implied by annotation	Procedure result stream	Direct public surface		DirectSource	Re-run rg -n '@Procedure|@GdsCallable' against src/main/java and compare names, modes, and source lines.
gds.beta.pipeline.nodeClassification.addRandomForest	READ	proc/machine-learning/src/main/java/org/neo4j/gds/ml/pipeline/node/classification/NodeClassificationPipelineAddTrainerMethodProcs.java:48	facade.pipelines	config, config	Stream<NodePipelineInfoResult>	machine_learning_pipeline	Not applicable unless procedure allocates bounded work	No estimator implied by annotation	Procedure result stream	Direct public surface		DirectSource	Re-run rg -n '@Procedure|@GdsCallable' against src/main/java and compare names, modes, and source lines.
gds.beta.pipeline.nodeClassification.configureSplit	READ	proc/machine-learning/src/main/java/org/neo4j/gds/ml/pipeline/node/classification/NodeClassificationPipelineConfigureSplitProc.java:38	facade.pipelines	Procedure parameters	Stream<NodePipelineInfoResult>	machine_learning_pipeline	Not applicable unless procedure allocates bounded work	No estimator implied by annotation	Procedure result stream	Direct public surface		DirectSource	Re-run rg -n '@Procedure|@GdsCallable' against src/main/java and compare names, modes, and source lines.
gds.beta.pipeline.nodeClassification.create	READ	proc/machine-learning/src/main/java/org/neo4j/gds/ml/pipeline/node/classification/NodeClassificationPipelineCreateProc.java:37	facade.pipelines	Procedure parameters	Stream<NodePipelineInfoResult>	machine_learning_pipeline	Not applicable unless procedure allocates bounded work	No estimator implied by annotation	Procedure result stream	Direct public surface		DirectSource	Re-run rg -n '@Procedure|@GdsCallable' against src/main/java and compare names, modes, and source lines.
gds.beta.pipeline.nodeClassification.predict.mutate	READ	proc/machine-learning/src/main/java/org/neo4j/gds/ml/pipeline/node/classification/predict/NodeClassificationPipelineMutateProc.java:41	facade.pipelines	Map<String,Object> configuration	Stream<PredictMutateResult>	machine_learning_pipeline	Pair with estimate endpoint or unsupported status	Requires paired estimate or reject path	In-memory catalog graph mutation	Direct public surface	Support requires paired estimator or deterministic unsupported response before claiming compatibility	DirectSource	Re-run rg -n '@Procedure|@GdsCallable' against src/main/java and compare names, modes, and source lines.
gds.beta.pipeline.nodeClassification.predict.mutate.estimate	READ	proc/machine-learning/src/main/java/org/neo4j/gds/ml/pipeline/node/classification/predict/NodeClassificationPipelineMutateProc.java:50	facade.pipelines	graphNameOrConfiguration plus algoConfiguration	Stream<MemoryEstimateResult>	machine_learning_pipeline	Explicit public estimate endpoint	Estimate procedure	MemoryEstimateResult stream	Direct public surface		DirectSource	Re-run rg -n '@Procedure|@GdsCallable' against src/main/java and compare names, modes, and source lines.
gds.beta.pipeline.nodeClassification.predict.stream	READ	proc/machine-learning/src/main/java/org/neo4j/gds/ml/pipeline/node/classification/predict/NodeClassificationPipelineStreamProc.java:41	facade.pipelines	Map<String,Object> configuration	Stream<NodeClassificationStreamResult>	machine_learning_pipeline	Not applicable unless procedure allocates bounded work	No estimator implied by annotation	Row stream only	Direct public surface		DirectSource	Re-run rg -n '@Procedure|@GdsCallable' against src/main/java and compare names, modes, and source lines.
gds.beta.pipeline.nodeClassification.predict.stream.estimate	READ	proc/machine-learning/src/main/java/org/neo4j/gds/ml/pipeline/node/classification/predict/NodeClassificationPipelineStreamProc.java:50	facade.pipelines	Map<String,Object> configuration	Stream<MemoryEstimateResult>	machine_learning_pipeline	Explicit public estimate endpoint	Estimate procedure	MemoryEstimateResult stream	Direct public surface		DirectSource	Re-run rg -n '@Procedure|@GdsCallable' against src/main/java and compare names, modes, and source lines.
gds.beta.pipeline.nodeClassification.predict.write	WRITE	proc/machine-learning/src/main/java/org/neo4j/gds/ml/pipeline/node/classification/predict/NodeClassificationPipelineWriteProc.java:41	facade.pipelines	Map<String,Object> configuration	Stream<WriteResult>	machine_learning_pipeline	Pair with estimate endpoint or unsupported status	Requires paired estimate or reject path	Neo4j write-back or export side effect	Direct public surface	Support requires paired estimator or deterministic unsupported response before claiming compatibility	DirectSource	Re-run rg -n '@Procedure|@GdsCallable' against src/main/java and compare names, modes, and source lines.
gds.beta.pipeline.nodeClassification.predict.write.estimate	READ	proc/machine-learning/src/main/java/org/neo4j/gds/ml/pipeline/node/classification/predict/NodeClassificationPipelineWriteProc.java:50	facade.pipelines	graphNameOrConfiguration plus algoConfiguration	Stream<MemoryEstimateResult>	machine_learning_pipeline	Explicit public estimate endpoint	Estimate procedure	MemoryEstimateResult stream	Direct public surface		DirectSource	Re-run rg -n '@Procedure|@GdsCallable' against src/main/java and compare names, modes, and source lines.
gds.beta.pipeline.nodeClassification.selectFeatures	READ	proc/machine-learning/src/main/java/org/neo4j/gds/ml/pipeline/node/classification/NodeClassificationPipelineAddStepProcs.java:48	facade.pipelines	Procedure parameters	Stream<NodePipelineInfoResult>	machine_learning_pipeline	Not applicable unless procedure allocates bounded work	No estimator implied by annotation	Procedure result stream	Direct public surface		DirectSource	Re-run rg -n '@Procedure|@GdsCallable' against src/main/java and compare names, modes, and source lines.
gds.beta.pipeline.nodeClassification.train	READ	proc/machine-learning/src/main/java/org/neo4j/gds/ml/pipeline/node/classification/predict/NodeClassificationPipelineTrainProc.java:38	facade.pipelines	Map<String,Object> configuration	Stream<NodeClassificationPipelineTrainResult>	machine_learning_pipeline	Pair with estimate endpoint or unsupported status	Requires paired estimate or reject path	Model artifact plus training metrics	Direct public surface	Support requires paired estimator or deterministic unsupported response before claiming compatibility	DirectSource	Re-run rg -n '@Procedure|@GdsCallable' against src/main/java and compare names, modes, and source lines.
gds.beta.pipeline.nodeClassification.train.estimate	READ	proc/machine-learning/src/main/java/org/neo4j/gds/ml/pipeline/node/classification/predict/NodeClassificationPipelineTrainProc.java:47	facade.pipelines	graphNameOrConfiguration plus algoConfiguration	Stream<MemoryEstimateResult>	machine_learning_pipeline	Explicit public estimate endpoint	Estimate procedure	MemoryEstimateResult stream	Direct public surface		DirectSource	Re-run rg -n '@Procedure|@GdsCallable' against src/main/java and compare names, modes, and source lines.
gds.bfs.mutate	READ	proc/path-finding/src/main/java/org/neo4j/gds/paths/traverse/BfsMutateProc.java:41	facade.algorithms	Map<String,Object> configuration	Stream<PathFindingMutateResult>	gds_public_surface	Pair with estimate endpoint or unsupported status	Requires paired estimate or reject path	In-memory catalog graph mutation	Direct public surface	Support requires paired estimator or deterministic unsupported response before claiming compatibility	DirectSource	Re-run rg -n '@Procedure|@GdsCallable' against src/main/java and compare names, modes, and source lines.
gds.bfs.mutate.estimate	READ	proc/path-finding/src/main/java/org/neo4j/gds/paths/traverse/BfsMutateProc.java:50	facade.algorithms	graphNameOrConfiguration plus algoConfiguration	Stream<MemoryEstimateResult>	gds_public_surface	Explicit public estimate endpoint	Estimate procedure	MemoryEstimateResult stream	Direct public surface		DirectSource	Re-run rg -n '@Procedure|@GdsCallable' against src/main/java and compare names, modes, and source lines.
gds.bfs.stats	READ	proc/path-finding/src/main/java/org/neo4j/gds/paths/traverse/BfsStatsProc.java:41	facade.algorithms	Map<String,Object> configuration	Stream<StandardStatsResult>	gds_public_surface	Not applicable unless procedure allocates bounded work	No estimator implied by annotation	Stats result stream	Direct public surface		DirectSource	Re-run rg -n '@Procedure|@GdsCallable' against src/main/java and compare names, modes, and source lines.
gds.bfs.stats.estimate	READ	proc/path-finding/src/main/java/org/neo4j/gds/paths/traverse/BfsStatsProc.java:50	facade.algorithms	graphNameOrConfiguration plus algoConfiguration	Stream<MemoryEstimateResult>	gds_public_surface	Explicit public estimate endpoint	Estimate procedure	MemoryEstimateResult stream	Direct public surface		DirectSource	Re-run rg -n '@Procedure|@GdsCallable' against src/main/java and compare names, modes, and source lines.
gds.bfs.stream	READ	proc/path-finding/src/main/java/org/neo4j/gds/paths/traverse/BfsStreamProc.java:41	facade.algorithms	Map<String,Object> configuration	Stream<BfsStreamResult>	gds_public_surface	Not applicable unless procedure allocates bounded work	No estimator implied by annotation	Row stream only	Direct public surface		DirectSource	Re-run rg -n '@Procedure|@GdsCallable' against src/main/java and compare names, modes, and source lines.
gds.bfs.stream.estimate	READ	proc/path-finding/src/main/java/org/neo4j/gds/paths/traverse/BfsStreamProc.java:50	facade.algorithms	Map<String,Object> configuration	Stream<MemoryEstimateResult>	gds_public_surface	Explicit public estimate endpoint	Estimate procedure	MemoryEstimateResult stream	Direct public surface		DirectSource	Re-run rg -n '@Procedure|@GdsCallable' against src/main/java and compare names, modes, and source lines.
gds.closeness.harmonic.mutate	MUTATE_NODE_PROPERTY	algorithm-specifications/src/main/java/org/neo4j/gds/harmonic/HarmonicCentralityMutateSpec.java:34	AlgorithmSpec loaded by procedure-collector	HarmonicCentralityMutateConfig	AlgorithmSpec class HarmonicCentralityMutateSpec	gds_public_surface	AlgorithmFactory.memoryEstimation or MemoryEstimateDefinition	Executor estimator required	In-memory catalog graph mutation	Direct public surface		DirectSource	Re-run rg -n '@Procedure|@GdsCallable' against src/main/java and compare names, modes, and source lines.
gds.closeness.harmonic.mutate	READ	proc/centrality/src/main/java/org/neo4j/gds/harmonic/HarmonicCentralityMutateProc.java:39	facade.algorithms	Map<String,Object> configuration	Stream<CentralityMutateResult>	gds_public_surface	Pair with estimate endpoint or unsupported status	Requires paired estimate or reject path	In-memory catalog graph mutation	Direct public surface	Support requires paired estimator or deterministic unsupported response before claiming compatibility	DirectSource	Re-run rg -n '@Procedure|@GdsCallable' against src/main/java and compare names, modes, and source lines.
gds.closeness.harmonic.stats	STATS	algorithm-specifications/src/main/java/org/neo4j/gds/harmonic/HarmonicCentralityStatsSpec.java:34	AlgorithmSpec loaded by procedure-collector	HarmonicCentralityStatsConfig	AlgorithmSpec class HarmonicCentralityStatsSpec	gds_public_surface	AlgorithmFactory.memoryEstimation or MemoryEstimateDefinition	Executor estimator required	Stats result stream	Direct public surface		DirectSource	Re-run rg -n '@Procedure|@GdsCallable' against src/main/java and compare names, modes, and source lines.
gds.closeness.harmonic.stats	READ	proc/centrality/src/main/java/org/neo4j/gds/harmonic/HarmonicCentralityStatsProc.java:39	facade.algorithms	Map<String,Object> configuration	Stream<CentralityStatsResult>	gds_public_surface	Not applicable unless procedure allocates bounded work	No estimator implied by annotation	Stats result stream	Direct public surface		DirectSource	Re-run rg -n '@Procedure|@GdsCallable' against src/main/java and compare names, modes, and source lines.
gds.closeness.harmonic.stream	READ	proc/centrality/src/main/java/org/neo4j/gds/harmonic/HarmonicCentralityStreamProc.java:42	facade.algorithms	Map<String,Object> configuration	Stream<CentralityStreamResult>	gds_public_surface	Not applicable unless procedure allocates bounded work	No estimator implied by annotation	Row stream only	Direct public surface		DirectSource	Re-run rg -n '@Procedure|@GdsCallable' against src/main/java and compare names, modes, and source lines.
gds.closeness.harmonic.write	WRITE_NODE_PROPERTY	algorithm-specifications/src/main/java/org/neo4j/gds/harmonic/HarmonicCentralityWriteSpec.java:34	AlgorithmSpec loaded by procedure-collector	HarmonicCentralityWriteConfig	AlgorithmSpec class HarmonicCentralityWriteSpec	gds_public_surface	AlgorithmFactory.memoryEstimation or MemoryEstimateDefinition	Executor estimator required	Neo4j write-back or export side effect	Direct public surface		DirectSource	Re-run rg -n '@Procedure|@GdsCallable' against src/main/java and compare names, modes, and source lines.
gds.closeness.mutate	MUTATE_NODE_PROPERTY	algorithm-specifications/src/main/java/org/neo4j/gds/closeness/ClosenessCentralityMutateSpec.java:34	AlgorithmSpec loaded by procedure-collector	ClosenessCentralityMutateConfig	AlgorithmSpec class ClosenessCentralityMutateSpec	gds_public_surface	AlgorithmFactory.memoryEstimation or MemoryEstimateDefinition	Executor estimator required	In-memory catalog graph mutation	Direct public surface		DirectSource	Re-run rg -n '@Procedure|@GdsCallable' against src/main/java and compare names, modes, and source lines.
gds.closeness.stats	STATS	algorithm-specifications/src/main/java/org/neo4j/gds/closeness/ClosenessCentralityStatsSpec.java:34	AlgorithmSpec loaded by procedure-collector	ClosenessCentralityStatsConfig	AlgorithmSpec class ClosenessCentralityStatsSpec	gds_public_surface	AlgorithmFactory.memoryEstimation or MemoryEstimateDefinition	Executor estimator required	Stats result stream	Direct public surface		DirectSource	Re-run rg -n '@Procedure|@GdsCallable' against src/main/java and compare names, modes, and source lines.
gds.closeness.stream	STREAM	algorithm-specifications/src/main/java/org/neo4j/gds/closeness/ClosenessCentralityStreamSpec.java:34	AlgorithmSpec loaded by procedure-collector	ClosenessCentralityStreamConfig	AlgorithmSpec class ClosenessCentralityStreamSpec	gds_public_surface	AlgorithmFactory.memoryEstimation or MemoryEstimateDefinition	Executor estimator required	Row stream only	Direct public surface		DirectSource	Re-run rg -n '@Procedure|@GdsCallable' against src/main/java and compare names, modes, and source lines.
gds.closeness.write	WRITE_NODE_PROPERTY	algorithm-specifications/src/main/java/org/neo4j/gds/closeness/ClosenessCentralityWriteSpec.java:34	AlgorithmSpec loaded by procedure-collector	ClosenessCentralityWriteConfig	AlgorithmSpec class ClosenessCentralityWriteSpec	gds_public_surface	AlgorithmFactory.memoryEstimation or MemoryEstimateDefinition	Executor estimator required	Neo4j write-back or export side effect	Direct public surface		DirectSource	Re-run rg -n '@Procedure|@GdsCallable' against src/main/java and compare names, modes, and source lines.
gds.collapsePath.mutate	MUTATE_RELATIONSHIP	algorithm-specifications/src/main/java/org/neo4j/gds/walking/CollapsePathMutateSpec.java:36	AlgorithmSpec loaded by procedure-collector	CollapsePathConfig	AlgorithmSpec class CollapsePathMutateSpec	gds_public_surface	AlgorithmFactory.memoryEstimation or MemoryEstimateDefinition	Executor estimator required	In-memory catalog graph mutation	Direct public surface		DirectSource	Re-run rg -n '@Procedure|@GdsCallable' against src/main/java and compare names, modes, and source lines.
gds.collapsePath.mutate	READ	proc/misc/src/main/java/org/neo4j/gds/walking/CollapsePathMutateProc.java:40	facade.algorithms	Map<String,Object> configuration	Stream<CollapsePathMutateResult>	gds_public_surface	Pair with estimate endpoint or unsupported status	Requires paired estimate or reject path	In-memory catalog graph mutation	Direct public surface	Support requires paired estimator or deterministic unsupported response before claiming compatibility	DirectSource	Re-run rg -n '@Procedure|@GdsCallable' against src/main/java and compare names, modes, and source lines.
gds.conductance.stream	STREAM	algorithm-specifications/src/main/java/org/neo4j/gds/conductance/ConductanceStreamSpec.java:35	AlgorithmSpec loaded by procedure-collector	ConductanceStreamConfig	AlgorithmSpec class ConductanceStreamSpec	gds_public_surface	AlgorithmFactory.memoryEstimation or MemoryEstimateDefinition	Executor estimator required	Row stream only	Direct public surface		DirectSource	Re-run rg -n '@Procedure|@GdsCallable' against src/main/java and compare names, modes, and source lines.
gds.dag.longestPath.stream	STREAM	algorithm-specifications/src/main/java/org/neo4j/gds/longestpath/DagLongestPathStreamSpec.java:38	AlgorithmSpec loaded by procedure-collector	DagLongestPathStreamConfig	AlgorithmSpec class DagLongestPathStreamSpec	gds_public_surface	AlgorithmFactory.memoryEstimation or MemoryEstimateDefinition	Executor estimator required	Row stream only	Direct public surface		DirectSource	Re-run rg -n '@Procedure|@GdsCallable' against src/main/java and compare names, modes, and source lines.
gds.dag.topologicalSort.stream	STREAM	algorithm-specifications/src/main/java/org/neo4j/gds/topologicalsort/TopologicalSortStreamSpec.java:38	AlgorithmSpec loaded by procedure-collector	TopologicalSortStreamConfig	AlgorithmSpec class TopologicalSortStreamSpec	gds_public_surface	AlgorithmFactory.memoryEstimation or MemoryEstimateDefinition	Executor estimator required	Row stream only	Direct public surface		DirectSource	Re-run rg -n '@Procedure|@GdsCallable' against src/main/java and compare names, modes, and source lines.
gds.debug.sysInfo	READ_DEFAULT	proc/sysinfo/src/main/java/org/neo4j/gds/SysInfoProc.java:63	Neo4j procedure facade or local method	Procedure parameters	Stream<DebugValue>	gds_public_surface	Not applicable unless procedure allocates bounded work	No estimator implied by annotation	Procedure result stream	Direct public surface		DirectSource	Re-run rg -n '@Procedure|@GdsCallable' against src/main/java and compare names, modes, and source lines.
gds.dfs.mutate	READ	proc/path-finding/src/main/java/org/neo4j/gds/paths/traverse/DfsMutateProc.java:41	facade.algorithms	Map<String,Object> configuration	Stream<PathFindingMutateResult>	gds_public_surface	Pair with estimate endpoint or unsupported status	Requires paired estimate or reject path	In-memory catalog graph mutation	Direct public surface	Support requires paired estimator or deterministic unsupported response before claiming compatibility	DirectSource	Re-run rg -n '@Procedure|@GdsCallable' against src/main/java and compare names, modes, and source lines.
gds.dfs.mutate.estimate	READ	proc/path-finding/src/main/java/org/neo4j/gds/paths/traverse/DfsMutateProc.java:50	facade.algorithms	graphNameOrConfiguration plus algoConfiguration	Stream<MemoryEstimateResult>	gds_public_surface	Explicit public estimate endpoint	Estimate procedure	MemoryEstimateResult stream	Direct public surface		DirectSource	Re-run rg -n '@Procedure|@GdsCallable' against src/main/java and compare names, modes, and source lines.
gds.dfs.stream	READ	proc/path-finding/src/main/java/org/neo4j/gds/paths/traverse/DfsStreamProc.java:41	facade.algorithms	Map<String,Object> configuration	Stream<DfsStreamResult>	gds_public_surface	Not applicable unless procedure allocates bounded work	No estimator implied by annotation	Row stream only	Direct public surface		DirectSource	Re-run rg -n '@Procedure|@GdsCallable' against src/main/java and compare names, modes, and source lines.
gds.dfs.stream.estimate	READ	proc/path-finding/src/main/java/org/neo4j/gds/paths/traverse/DfsStreamProc.java:50	facade.algorithms	Map<String,Object> configuration	Stream<MemoryEstimateResult>	gds_public_surface	Explicit public estimate endpoint	Estimate procedure	MemoryEstimateResult stream	Direct public surface		DirectSource	Re-run rg -n '@Procedure|@GdsCallable' against src/main/java and compare names, modes, and source lines.
gds.features.adjacencyPackingStrategy	READ_DEFAULT	proc/misc/src/main/java/org/neo4j/gds/FeatureToggleProc.java:44	facade.operations	adjacencyPackingStrategy, enableAdjacencyCompressionMemoryTracking, useReorderedAdjacencyList	Stream<FeatureStringValue>	gds_public_surface	Not applicable unless procedure allocates bounded work	No estimator implied by annotation	Procedure result stream	Internal surface		DirectSource	Re-run rg -n '@Procedure|@GdsCallable' against src/main/java and compare names, modes, and source lines.
gds.features.adjacencyPackingStrategy.reset	READ_DEFAULT	proc/misc/src/main/java/org/neo4j/gds/FeatureToggleProc.java:72	facade.operations	Procedure parameters	Stream<FeatureStringValue>	gds_public_surface	Not applicable unless procedure allocates bounded work	No estimator implied by annotation	Procedure result stream	Internal surface		DirectSource	Re-run rg -n '@Procedure|@GdsCallable' against src/main/java and compare names, modes, and source lines.
gds.features.enableAdjacencyCompressionMemoryTracking	READ_DEFAULT	proc/misc/src/main/java/org/neo4j/gds/FeatureToggleProc.java:51	facade.operations	enableAdjacencyCompressionMemoryTracking, useReorderedAdjacencyList, pagesPerThread	Stream<FeatureStringValue>	gds_public_surface	Not applicable unless procedure allocates bounded work	No estimator implied by annotation	Procedure result stream	Internal surface		DirectSource	Re-run rg -n '@Procedure|@GdsCallable' against src/main/java and compare names, modes, and source lines.
gds.features.enableAdjacencyCompressionMemoryTracking.reset	READ_DEFAULT	proc/misc/src/main/java/org/neo4j/gds/FeatureToggleProc.java:79	facade.operations	Procedure parameters	Stream<FeatureState>	gds_public_surface	Not applicable unless procedure allocates bounded work	No estimator implied by annotation	Procedure result stream	Internal surface		DirectSource	Re-run rg -n '@Procedure|@GdsCallable' against src/main/java and compare names, modes, and source lines.
gds.features.enableArrowDatabaseImport	READ_DEFAULT	proc/misc/src/main/java/org/neo4j/gds/FeatureToggleProc.java:58	facade.operations	useReorderedAdjacencyList, pagesPerThread	Stream<FeatureStringValue>	gds_public_surface	Not applicable unless procedure allocates bounded work	No estimator implied by annotation	Procedure result stream	Internal surface		DirectSource	Re-run rg -n '@Procedure|@GdsCallable' against src/main/java and compare names, modes, and source lines.
gds.features.enableArrowDatabaseImport.reset	READ_DEFAULT	proc/misc/src/main/java/org/neo4j/gds/FeatureToggleProc.java:86	facade.operations	Procedure parameters	Stream<FeatureState>	gds_public_surface	Not applicable unless procedure allocates bounded work	No estimator implied by annotation	Procedure result stream	Internal surface		DirectSource	Re-run rg -n '@Procedure|@GdsCallable' against src/main/java and compare names, modes, and source lines.
gds.features.pagesPerThread	READ_DEFAULT	proc/misc/src/main/java/org/neo4j/gds/FeatureToggleProc.java:65	facade.operations	pagesPerThread	Stream<FeatureStringValue>	gds_public_surface	Not applicable unless procedure allocates bounded work	No estimator implied by annotation	Procedure result stream	Internal surface		DirectSource	Re-run rg -n '@Procedure|@GdsCallable' against src/main/java and compare names, modes, and source lines.
gds.features.pagesPerThread.reset	READ_DEFAULT	proc/misc/src/main/java/org/neo4j/gds/FeatureToggleProc.java:93	facade.operations	Procedure parameters	Stream<FeatureLongValue>	gds_public_surface	Not applicable unless procedure allocates bounded work	No estimator implied by annotation	Procedure result stream	Internal surface		DirectSource	Re-run rg -n '@Procedure|@GdsCallable' against src/main/java and compare names, modes, and source lines.
gds.features.useMixedAdjacencyList	READ_DEFAULT	proc/misc/src/main/java/org/neo4j/gds/FeatureToggleProc.java:128	facade.operations	useMixedAdjacencyList, usePackedAdjacencyList, useReorderedAdjacencyList	void	gds_public_surface	Not applicable unless procedure allocates bounded work	No estimator implied by annotation	Procedure result stream	Internal surface		DirectSource	Re-run rg -n '@Procedure|@GdsCallable' against src/main/java and compare names, modes, and source lines.
gds.features.useMixedAdjacencyList.reset	READ_DEFAULT	proc/misc/src/main/java/org/neo4j/gds/FeatureToggleProc.java:100	facade.operations	Procedure parameters	Stream<FeatureState>	gds_public_surface	Not applicable unless procedure allocates bounded work	No estimator implied by annotation	Procedure result stream	Internal surface		DirectSource	Re-run rg -n '@Procedure|@GdsCallable' against src/main/java and compare names, modes, and source lines.
gds.features.usePackedAdjacencyList	READ_DEFAULT	proc/misc/src/main/java/org/neo4j/gds/FeatureToggleProc.java:135	facade.operations	usePackedAdjacencyList, useReorderedAdjacencyList, useUncompressedAdjacencyList	void	gds_public_surface	Not applicable unless procedure allocates bounded work	No estimator implied by annotation	Procedure result stream	Internal surface		DirectSource	Re-run rg -n '@Procedure|@GdsCallable' against src/main/java and compare names, modes, and source lines.
gds.features.usePackedAdjacencyList.reset	READ_DEFAULT	proc/misc/src/main/java/org/neo4j/gds/FeatureToggleProc.java:107	facade.operations	Procedure parameters	Stream<FeatureState>	gds_public_surface	Not applicable unless procedure allocates bounded work	No estimator implied by annotation	Procedure result stream	Internal surface		DirectSource	Re-run rg -n '@Procedure|@GdsCallable' against src/main/java and compare names, modes, and source lines.
gds.features.useReorderedAdjacencyList	READ_DEFAULT	proc/misc/src/main/java/org/neo4j/gds/FeatureToggleProc.java:142	facade.operations	useReorderedAdjacencyList, useUncompressedAdjacencyList	void	gds_public_surface	Not applicable unless procedure allocates bounded work	No estimator implied by annotation	Procedure result stream	Internal surface		DirectSource	Re-run rg -n '@Procedure|@GdsCallable' against src/main/java and compare names, modes, and source lines.
gds.features.useReorderedAdjacencyList.reset	READ_DEFAULT	proc/misc/src/main/java/org/neo4j/gds/FeatureToggleProc.java:114	facade.operations	useMixedAdjacencyList	Stream<FeatureState>	gds_public_surface	Not applicable unless procedure allocates bounded work	No estimator implied by annotation	Procedure result stream	Internal surface		DirectSource	Re-run rg -n '@Procedure|@GdsCallable' against src/main/java and compare names, modes, and source lines.
gds.features.useUncompressedAdjacencyList	READ_DEFAULT	proc/misc/src/main/java/org/neo4j/gds/FeatureToggleProc.java:149	facade.operations	useUncompressedAdjacencyList	void	gds_public_surface	Not applicable unless procedure allocates bounded work	No estimator implied by annotation	Procedure result stream	Internal surface		DirectSource	Re-run rg -n '@Procedure|@GdsCallable' against src/main/java and compare names, modes, and source lines.
gds.features.useUncompressedAdjacencyList.reset	READ_DEFAULT	proc/misc/src/main/java/org/neo4j/gds/FeatureToggleProc.java:121	facade.operations	useMixedAdjacencyList, usePackedAdjacencyList	Stream<FeatureState>	gds_public_surface	Not applicable unless procedure allocates bounded work	No estimator implied by annotation	Procedure result stream	Internal surface		DirectSource	Re-run rg -n '@Procedure|@GdsCallable' against src/main/java and compare names, modes, and source lines.
gds.graph.deleteRelationships	READ	proc/catalog/src/main/java/org/neo4j/gds/catalog/GraphDropRelationshipProc.java:50	facade.graphCatalog	graphName, relationshipType	Stream<GraphDropRelationshipResult>	graph_catalog	Not applicable unless procedure allocates bounded work	No estimator implied by annotation	Procedure result stream	Deprecated alias		DirectSource	Re-run rg -n '@Procedure|@GdsCallable' against src/main/java and compare names, modes, and source lines.
gds.graph.drop	READ	proc/catalog/src/main/java/org/neo4j/gds/catalog/GraphDropProc.java:45	facade.graphCatalog	graphName, failIfMissing, dbName, username	Stream<GraphInfo>	graph_catalog	Not applicable unless procedure allocates bounded work	No estimator implied by annotation	Catalog artifact removal	Direct public surface		DirectSource	Re-run rg -n '@Procedure|@GdsCallable' against src/main/java and compare names, modes, and source lines.
gds.graph.exists	READ	proc/catalog/src/main/java/org/neo4j/gds/catalog/GraphExistsProc.java:42	facade.graphCatalog	graphName	Stream<GraphExistsResult>	graph_catalog	Not applicable unless procedure allocates bounded work	No estimator implied by annotation	Catalog metadata result	Direct public surface		DirectSource	Re-run rg -n '@Procedure|@GdsCallable' against src/main/java and compare names, modes, and source lines.
gds.graph.export	READ	proc/catalog/src/main/java/org/neo4j/gds/catalog/GraphStoreExportProc.java:44	facade.graphCatalog	Map<String,Object> configuration	Stream<DatabaseExportResult>	graph_catalog	Not applicable unless procedure allocates bounded work	No estimator implied by annotation	Procedure result stream	Direct public surface		DirectSource	Re-run rg -n '@Procedure|@GdsCallable' against src/main/java and compare names, modes, and source lines.
gds.graph.export.csv	READ	proc/catalog/src/main/java/org/neo4j/gds/catalog/GraphStoreExportProc.java:67	facade.graphCatalog	Map<String,Object> configuration	Stream<FileExportResult>	graph_catalog	Not applicable unless procedure allocates bounded work	No estimator implied by annotation	Procedure result stream	Direct public surface		DirectSource	Re-run rg -n '@Procedure|@GdsCallable' against src/main/java and compare names, modes, and source lines.
gds.graph.export.csv.estimate	READ	proc/catalog/src/main/java/org/neo4j/gds/catalog/GraphStoreExportProc.java:90	facade.graphCatalog	Map<String,Object> configuration	Stream<MemoryEstimateResult>	graph_catalog	Explicit public estimate endpoint	Estimate procedure	MemoryEstimateResult stream	Direct public surface		DirectSource	Re-run rg -n '@Procedure|@GdsCallable' against src/main/java and compare names, modes, and source lines.
gds.graph.filter	READ	proc/catalog/src/main/java/org/neo4j/gds/catalog/GraphFilterProc.java:41	facade.graphCatalog	Map<String,Object> configuration	Stream<GraphFilterResult>	graph_catalog	Not applicable unless procedure allocates bounded work	No estimator implied by annotation	Procedure result stream	Direct public surface		DirectSource	Re-run rg -n '@Procedure|@GdsCallable' against src/main/java and compare names, modes, and source lines.
gds.graph.generate	READ	proc/catalog/src/main/java/org/neo4j/gds/beta/generator/GraphGenerateProc.java:59	facade.graphCatalog	Map<String,Object> configuration	Stream<GraphGenerationStats>	graph_catalog	Not applicable unless procedure allocates bounded work	No estimator implied by annotation	Procedure result stream	Direct public surface		DirectSource	Re-run rg -n '@Procedure|@GdsCallable' against src/main/java and compare names, modes, and source lines.
gds.graph.graphProperty.drop	READ	proc/catalog/src/main/java/org/neo4j/gds/catalog/GraphDropGraphPropertiesProc.java:56	facade.graphCatalog	Map<String,Object> configuration	Stream<GraphDropGraphPropertiesResult>	graph_catalog	Not applicable unless procedure allocates bounded work	No estimator implied by annotation	Catalog artifact removal	Direct public surface		DirectSource	Re-run rg -n '@Procedure|@GdsCallable' against src/main/java and compare names, modes, and source lines.
gds.graph.graphProperty.stream	READ	proc/catalog/src/main/java/org/neo4j/gds/catalog/GraphStreamGraphPropertiesProc.java:61	facade.graphCatalog	Map<String,Object> configuration	Stream<StreamGraphPropertyResult>	graph_catalog	Not applicable unless procedure allocates bounded work	No estimator implied by annotation	Row stream only	Direct public surface		DirectSource	Re-run rg -n '@Procedure|@GdsCallable' against src/main/java and compare names, modes, and source lines.
gds.graph.list	READ	proc/catalog/src/main/java/org/neo4j/gds/catalog/GraphListProc.java:47	facade.graphCatalog	graphName	Stream<GraphInfoWithHistogram>	graph_catalog	Not applicable unless procedure allocates bounded work	No estimator implied by annotation	Catalog metadata result	Direct public surface		DirectSource	Re-run rg -n '@Procedure|@GdsCallable' against src/main/java and compare names, modes, and source lines.
gds.graph.nodeLabel.mutate	READ	proc/catalog/src/main/java/org/neo4j/gds/catalog/GraphMutateNodeLabelProc.java:39	facade.graphCatalog	Map<String,Object> configuration	Stream<MutateLabelResult>	graph_catalog	Pair with estimate endpoint or unsupported status	Requires paired estimate or reject path	In-memory catalog graph mutation	Direct public surface	Support requires paired estimator or deterministic unsupported response before claiming compatibility	DirectSource	Re-run rg -n '@Procedure|@GdsCallable' against src/main/java and compare names, modes, and source lines.
gds.graph.nodeLabel.write	WRITE	proc/catalog/src/main/java/org/neo4j/gds/catalog/GraphWriteNodeLabelProc.java:40	facade.graphCatalog	Map<String,Object> configuration	Stream<WriteLabelResult>	graph_catalog	Pair with estimate endpoint or unsupported status	Requires paired estimate or reject path	Neo4j write-back or export side effect	Direct public surface	Support requires paired estimator or deterministic unsupported response before claiming compatibility	DirectSource	Re-run rg -n '@Procedure|@GdsCallable' against src/main/java and compare names, modes, and source lines.
gds.graph.nodeProperties.drop	READ	proc/catalog/src/main/java/org/neo4j/gds/catalog/GraphDropNodePropertiesProc.java:42	facade.graphCatalog	Map<String,Object> configuration	Stream<GraphDropNodePropertiesResult>	graph_catalog	Not applicable unless procedure allocates bounded work	No estimator implied by annotation	Catalog artifact removal	Direct public surface		DirectSource	Re-run rg -n '@Procedure|@GdsCallable' against src/main/java and compare names, modes, and source lines.
gds.graph.nodeProperties.stream	READ	proc/catalog/src/main/java/org/neo4j/gds/catalog/GraphStreamNodePropertiesProc.java:43	facade.graphCatalog	Map<String,Object> configuration	Stream<GraphStreamNodePropertiesResult>	graph_catalog	Not applicable unless procedure allocates bounded work	No estimator implied by annotation	Row stream only	Direct public surface		DirectSource	Re-run rg -n '@Procedure|@GdsCallable' against src/main/java and compare names, modes, and source lines.
gds.graph.nodeProperties.write	WRITE	proc/catalog/src/main/java/org/neo4j/gds/catalog/GraphWriteNodePropertiesProc.java:41	facade.graphCatalog	Map<String,Object> configuration	Stream<NodePropertiesWriteResult>	graph_catalog	Pair with estimate endpoint or unsupported status	Requires paired estimate or reject path	Neo4j write-back or export side effect	Direct public surface	Support requires paired estimator or deterministic unsupported response before claiming compatibility	DirectSource	Re-run rg -n '@Procedure|@GdsCallable' against src/main/java and compare names, modes, and source lines.
gds.graph.nodeProperty.stream	READ	proc/catalog/src/main/java/org/neo4j/gds/catalog/GraphStreamNodePropertiesProc.java:86	facade.graphCatalog	Map<String,Object> configuration	Stream<GraphStreamNodePropertyResult>	graph_catalog	Not applicable unless procedure allocates bounded work	No estimator implied by annotation	Row stream only	Direct public surface		DirectSource	Re-run rg -n '@Procedure|@GdsCallable' against src/main/java and compare names, modes, and source lines.
gds.graph.project	READ	proc/catalog/src/main/java/org/neo4j/gds/catalog/GraphProjectProc.java:52	facade.graphCatalog	Map<String,Object> configuration	Stream<GraphProjectNativeResult>	graph_catalog	Not applicable unless procedure allocates bounded work	No estimator implied by annotation	Procedure result stream	Direct public surface		DirectSource	Re-run rg -n '@Procedure|@GdsCallable' against src/main/java and compare names, modes, and source lines.
gds.graph.project.cypher	READ	proc/catalog/src/main/java/org/neo4j/gds/catalog/GraphProjectProc.java:78	facade.graphCatalog	Map<String,Object> configuration	Stream<GraphProjectCypherResult>	graph_catalog	Not applicable unless procedure allocates bounded work	No estimator implied by annotation	Procedure result stream	Deprecated alias		DirectSource	Re-run rg -n '@Procedure|@GdsCallable' against src/main/java and compare names, modes, and source lines.
gds.graph.project.cypher.estimate	READ	proc/catalog/src/main/java/org/neo4j/gds/catalog/GraphProjectProc.java:94	facade.graphCatalog	Map<String,Object> configuration	Stream<MemoryEstimateResult>	graph_catalog	Explicit public estimate endpoint	Estimate procedure	MemoryEstimateResult stream	Deprecated alias		DirectSource	Re-run rg -n '@Procedure|@GdsCallable' against src/main/java and compare names, modes, and source lines.
gds.graph.project.estimate	READ	proc/catalog/src/main/java/org/neo4j/gds/catalog/GraphProjectProc.java:68	facade.graphCatalog	Map<String,Object> configuration	Stream<MemoryEstimateResult>	graph_catalog	Explicit public estimate endpoint	Estimate procedure	MemoryEstimateResult stream	Direct public surface		DirectSource	Re-run rg -n '@Procedure|@GdsCallable' against src/main/java and compare names, modes, and source lines.
gds.graph.relationship.write	WRITE	proc/catalog/src/main/java/org/neo4j/gds/catalog/GraphWriteRelationshipProc.java:42	facade.graphCatalog	Map<String,Object> configuration	Stream<WriteRelationshipResult>	graph_catalog	Pair with estimate endpoint or unsupported status	Requires paired estimate or reject path	Neo4j write-back or export side effect	Direct public surface	Support requires paired estimator or deterministic unsupported response before claiming compatibility	DirectSource	Re-run rg -n '@Procedure|@GdsCallable' against src/main/java and compare names, modes, and source lines.
gds.graph.relationshipProperties.stream	READ	proc/catalog/src/main/java/org/neo4j/gds/catalog/GraphStreamRelationshipPropertiesProc.java:44	facade.graphCatalog	Map<String,Object> configuration	Stream<GraphStreamRelationshipPropertiesResult>	graph_catalog	Not applicable unless procedure allocates bounded work	No estimator implied by annotation	Row stream only	Direct public surface		DirectSource	Re-run rg -n '@Procedure|@GdsCallable' against src/main/java and compare names, modes, and source lines.
gds.graph.relationshipProperties.write	WRITE	proc/catalog/src/main/java/org/neo4j/gds/catalog/GraphWriteRelationshipPropertiesProc.java:41	facade.graphCatalog	Map<String,Object> configuration	Stream<WriteRelationshipPropertiesResult>	graph_catalog	Pair with estimate endpoint or unsupported status	Requires paired estimate or reject path	Neo4j write-back or export side effect	Direct public surface	Support requires paired estimator or deterministic unsupported response before claiming compatibility	DirectSource	Re-run rg -n '@Procedure|@GdsCallable' against src/main/java and compare names, modes, and source lines.
gds.graph.relationshipProperty.stream	READ	proc/catalog/src/main/java/org/neo4j/gds/catalog/GraphStreamRelationshipPropertiesProc.java:83	facade.graphCatalog	Map<String,Object> configuration	Stream<GraphStreamRelationshipPropertyResult>	graph_catalog	Not applicable unless procedure allocates bounded work	No estimator implied by annotation	Row stream only	Direct public surface		DirectSource	Re-run rg -n '@Procedure|@GdsCallable' against src/main/java and compare names, modes, and source lines.
gds.graph.relationships.drop	READ	proc/catalog/src/main/java/org/neo4j/gds/catalog/GraphDropRelationshipProc.java:40	facade.graphCatalog	graphName, relationshipType, graphName, relationshipType	Stream<GraphDropRelationshipResult>	graph_catalog	Not applicable unless procedure allocates bounded work	No estimator implied by annotation	Catalog artifact removal	Direct public surface		DirectSource	Re-run rg -n '@Procedure|@GdsCallable' against src/main/java and compare names, modes, and source lines.
gds.graph.relationships.stream	READ	proc/catalog/src/main/java/org/neo4j/gds/catalog/GraphStreamRelationshipsProc.java:41	facade.graphCatalog	Map<String,Object> configuration	Stream<TopologyResult>	graph_catalog	Not applicable unless procedure allocates bounded work	No estimator implied by annotation	Row stream only	Direct public surface		DirectSource	Re-run rg -n '@Procedure|@GdsCallable' against src/main/java and compare names, modes, and source lines.
gds.graph.removeNodeProperties	READ	proc/catalog/src/main/java/org/neo4j/gds/catalog/GraphDropNodePropertiesProc.java:53	facade.graphCatalog	Map<String,Object> configuration	Stream<GraphDropNodePropertiesResult>	graph_catalog	Not applicable unless procedure allocates bounded work	No estimator implied by annotation	Procedure result stream	Deprecated alias		DirectSource	Re-run rg -n '@Procedure|@GdsCallable' against src/main/java and compare names, modes, and source lines.
gds.graph.sample.cnarw	READ	proc/catalog/src/main/java/org/neo4j/gds/catalog/GraphSampleProc.java:71	facade.graphCatalog	Map<String,Object> configuration	Stream<RandomWalkSamplingResult>	graph_catalog	Not applicable unless procedure allocates bounded work	No estimator implied by annotation	Procedure result stream	Direct public surface		DirectSource	Re-run rg -n '@Procedure|@GdsCallable' against src/main/java and compare names, modes, and source lines.
gds.graph.sample.cnarw.estimate	READ	proc/catalog/src/main/java/org/neo4j/gds/catalog/GraphSampleProc.java:82	facade.graphCatalog	Map<String,Object> configuration	Stream<MemoryEstimateResult>	graph_catalog	Explicit public estimate endpoint	Estimate procedure	MemoryEstimateResult stream	Direct public surface		DirectSource	Re-run rg -n '@Procedure|@GdsCallable' against src/main/java and compare names, modes, and source lines.
gds.graph.sample.rwr	READ	proc/catalog/src/main/java/org/neo4j/gds/catalog/GraphSampleProc.java:44	facade.graphCatalog	Map<String,Object> configuration	Stream<RandomWalkSamplingResult>	graph_catalog	Not applicable unless procedure allocates bounded work	No estimator implied by annotation	Procedure result stream	Direct public surface		DirectSource	Re-run rg -n '@Procedure|@GdsCallable' against src/main/java and compare names, modes, and source lines.
gds.graph.streamNodeProperties	READ	proc/catalog/src/main/java/org/neo4j/gds/catalog/GraphStreamNodePropertiesProc.java:60	facade.graphCatalog	Map<String,Object> configuration	Stream<GraphStreamNodePropertiesResult>	graph_catalog	Not applicable unless procedure allocates bounded work	No estimator implied by annotation	Row stream only	Deprecated alias		DirectSource	Re-run rg -n '@Procedure|@GdsCallable' against src/main/java and compare names, modes, and source lines.
gds.graph.streamNodeProperty	READ	proc/catalog/src/main/java/org/neo4j/gds/catalog/GraphStreamNodePropertiesProc.java:102	facade.graphCatalog	Map<String,Object> configuration	Stream<GraphStreamNodePropertyResult>	graph_catalog	Not applicable unless procedure allocates bounded work	No estimator implied by annotation	Row stream only	Deprecated alias		DirectSource	Re-run rg -n '@Procedure|@GdsCallable' against src/main/java and compare names, modes, and source lines.
gds.graph.streamRelationshipProperties	READ	proc/catalog/src/main/java/org/neo4j/gds/catalog/GraphStreamRelationshipPropertiesProc.java:59	facade.graphCatalog	Map<String,Object> configuration	Stream<GraphStreamRelationshipPropertiesResult>	graph_catalog	Not applicable unless procedure allocates bounded work	No estimator implied by annotation	Row stream only	Deprecated alias		DirectSource	Re-run rg -n '@Procedure|@GdsCallable' against src/main/java and compare names, modes, and source lines.
gds.graph.streamRelationshipProperty	READ	proc/catalog/src/main/java/org/neo4j/gds/catalog/GraphStreamRelationshipPropertiesProc.java:100	facade.graphCatalog	Map<String,Object> configuration	Stream<GraphStreamRelationshipPropertyResult>	graph_catalog	Not applicable unless procedure allocates bounded work	No estimator implied by annotation	Row stream only	Deprecated alias		DirectSource	Re-run rg -n '@Procedure|@GdsCallable' against src/main/java and compare names, modes, and source lines.
gds.graph.writeNodeProperties	WRITE	proc/catalog/src/main/java/org/neo4j/gds/catalog/GraphWriteNodePropertiesProc.java:52	facade.graphCatalog	Map<String,Object> configuration	Stream<NodePropertiesWriteResult>	graph_catalog	Pair with estimate endpoint or unsupported status	Requires paired estimate or reject path	Neo4j write-back or export side effect	Deprecated alias	Support requires paired estimator or deterministic unsupported response before claiming compatibility	DirectSource	Re-run rg -n '@Procedure|@GdsCallable' against src/main/java and compare names, modes, and source lines.
gds.graph.writeRelationship	WRITE	proc/catalog/src/main/java/org/neo4j/gds/catalog/GraphWriteRelationshipProc.java:53	facade.graphCatalog	Map<String,Object> configuration	Stream<WriteRelationshipResult>	graph_catalog	Pair with estimate endpoint or unsupported status	Requires paired estimate or reject path	Neo4j write-back or export side effect	Deprecated alias	Support requires paired estimator or deterministic unsupported response before claiming compatibility	DirectSource	Re-run rg -n '@Procedure|@GdsCallable' against src/main/java and compare names, modes, and source lines.
gds.hits.stats	READ	proc/centrality/src/main/java/org/neo4j/gds/hits/HitsStatsProc.java:43	facade.algorithms	Map<String,Object> configuration	Stream<HitsStatsResult>	gds_public_surface	Not applicable unless procedure allocates bounded work	No estimator implied by annotation	Stats result stream	Direct public surface		DirectSource	Re-run rg -n '@Procedure|@GdsCallable' against src/main/java and compare names, modes, and source lines.
gds.hits.stats.estimate	READ	proc/centrality/src/main/java/org/neo4j/gds/hits/HitsStatsProc.java:52	facade.algorithms	Map<String,Object> configuration	Stream<MemoryEstimateResult>	gds_public_surface	Explicit public estimate endpoint	Estimate procedure	MemoryEstimateResult stream	Direct public surface		DirectSource	Re-run rg -n '@Procedure|@GdsCallable' against src/main/java and compare names, modes, and source lines.
gds.hits.stream	READ	proc/centrality/src/main/java/org/neo4j/gds/hits/HitsStreamProc.java:42	facade.algorithms	Map<String,Object> configuration	Stream<HitsStreamResult>	gds_public_surface	Not applicable unless procedure allocates bounded work	No estimator implied by annotation	Row stream only	Direct public surface		DirectSource	Re-run rg -n '@Procedure|@GdsCallable' against src/main/java and compare names, modes, and source lines.
gds.hits.stream.estimate	READ	proc/centrality/src/main/java/org/neo4j/gds/hits/HitsStreamProc.java:51	facade.algorithms	Map<String,Object> configuration	Stream<MemoryEstimateResult>	gds_public_surface	Explicit public estimate endpoint	Estimate procedure	MemoryEstimateResult stream	Direct public surface		DirectSource	Re-run rg -n '@Procedure|@GdsCallable' against src/main/java and compare names, modes, and source lines.
gds.hits.write	WRITE	proc/centrality/src/main/java/org/neo4j/gds/hits/HitsWriteProc.java:43	facade.algorithms	Map<String,Object> configuration	Stream<HitsWriteResult>	gds_public_surface	Pair with estimate endpoint or unsupported status	Requires paired estimate or reject path	Neo4j write-back or export side effect	Direct public surface	Support requires paired estimator or deterministic unsupported response before claiming compatibility	DirectSource	Re-run rg -n '@Procedure|@GdsCallable' against src/main/java and compare names, modes, and source lines.
gds.hits.write.estimate	READ	proc/centrality/src/main/java/org/neo4j/gds/hits/HitsWriteProc.java:52	facade.algorithms	Map<String,Object> configuration	Stream<MemoryEstimateResult>	gds_public_surface	Explicit public estimate endpoint	Estimate procedure	MemoryEstimateResult stream	Direct public surface		DirectSource	Re-run rg -n '@Procedure|@GdsCallable' against src/main/java and compare names, modes, and source lines.
gds.influenceMaximization.celf.mutate	READ	proc/centrality/src/main/java/org/neo4j/gds/influenceMaximization/CELFMutateProc.java:42	facade.algorithms	Map<String,Object> configuration	Stream<CELFMutateResult>	gds_public_surface	Pair with estimate endpoint or unsupported status	Requires paired estimate or reject path	In-memory catalog graph mutation	Direct public surface	Support requires paired estimator or deterministic unsupported response before claiming compatibility	DirectSource	Re-run rg -n '@Procedure|@GdsCallable' against src/main/java and compare names, modes, and source lines.
gds.influenceMaximization.celf.mutate.estimate	READ	proc/centrality/src/main/java/org/neo4j/gds/influenceMaximization/CELFMutateProc.java:51	facade.algorithms	Map<String,Object> configuration	Stream<MemoryEstimateResult>	gds_public_surface	Explicit public estimate endpoint	Estimate procedure	MemoryEstimateResult stream	Direct public surface		DirectSource	Re-run rg -n '@Procedure|@GdsCallable' against src/main/java and compare names, modes, and source lines.
gds.influenceMaximization.celf.stats.estimate	READ	proc/centrality/src/main/java/org/neo4j/gds/influenceMaximization/CELFStatsProc.java:51	facade.algorithms	Map<String,Object> configuration	Stream<MemoryEstimateResult>	gds_public_surface	Explicit public estimate endpoint	Estimate procedure	MemoryEstimateResult stream	Direct public surface		DirectSource	Re-run rg -n '@Procedure|@GdsCallable' against src/main/java and compare names, modes, and source lines.
gds.influenceMaximization.celf.stream	READ	proc/centrality/src/main/java/org/neo4j/gds/influenceMaximization/CELFStreamProc.java:42	facade.algorithms	Map<String,Object> configuration	Stream<CELFStreamResult>	gds_public_surface	Not applicable unless procedure allocates bounded work	No estimator implied by annotation	Row stream only	Direct public surface		DirectSource	Re-run rg -n '@Procedure|@GdsCallable' against src/main/java and compare names, modes, and source lines.
gds.influenceMaximization.celf.stream.estimate	READ	proc/centrality/src/main/java/org/neo4j/gds/influenceMaximization/CELFStreamProc.java:51	facade.algorithms	Map<String,Object> configuration	Stream<MemoryEstimateResult>	gds_public_surface	Explicit public estimate endpoint	Estimate procedure	MemoryEstimateResult stream	Direct public surface		DirectSource	Re-run rg -n '@Procedure|@GdsCallable' against src/main/java and compare names, modes, and source lines.
gds.influenceMaximization.celf.write.estimate	READ	proc/centrality/src/main/java/org/neo4j/gds/influenceMaximization/CELFWriteProc.java:52	facade.algorithms	Map<String,Object> configuration	Stream<MemoryEstimateResult>	gds_public_surface	Explicit public estimate endpoint	Estimate procedure	MemoryEstimateResult stream	Direct public surface		DirectSource	Re-run rg -n '@Procedure|@GdsCallable' against src/main/java and compare names, modes, and source lines.
gds.internal.graph.sizeOf	READ	proc/catalog/src/main/java/org/neo4j/gds/catalog/GraphMemoryUsageProc.java:38	facade.graphCatalog	graphName	Stream<GraphMemoryUsage>	graph_catalog	Not applicable unless procedure allocates bounded work	No estimator implied by annotation	Procedure result stream	Internal surface		DirectSource	Re-run rg -n '@Procedure|@GdsCallable' against src/main/java and compare names, modes, and source lines.
gds.k1coloring.stats	READ	proc/community/src/main/java/org/neo4j/gds/k1coloring/K1ColoringStatsProc.java:42	facade.algorithms	Map<String,Object> configuration	Stream<K1ColoringStatsResult>	gds_public_surface	Not applicable unless procedure allocates bounded work	No estimator implied by annotation	Stats result stream	Direct public surface		DirectSource	Re-run rg -n '@Procedure|@GdsCallable' against src/main/java and compare names, modes, and source lines.
gds.k1coloring.stream	READ	proc/community/src/main/java/org/neo4j/gds/k1coloring/K1ColoringStreamProc.java:42	facade.algorithms	Map<String,Object> configuration	Stream<K1ColoringStreamResult>	gds_public_surface	Not applicable unless procedure allocates bounded work	No estimator implied by annotation	Row stream only	Direct public surface		DirectSource	Re-run rg -n '@Procedure|@GdsCallable' against src/main/java and compare names, modes, and source lines.
gds.k1coloring.write	WRITE	proc/community/src/main/java/org/neo4j/gds/k1coloring/K1ColoringWriteProc.java:43	facade.algorithms	Map<String,Object> configuration	Stream<K1ColoringWriteResult>	gds_public_surface	Pair with estimate endpoint or unsupported status	Requires paired estimate or reject path	Neo4j write-back or export side effect	Direct public surface	Support requires paired estimator or deterministic unsupported response before claiming compatibility	DirectSource	Re-run rg -n '@Procedure|@GdsCallable' against src/main/java and compare names, modes, and source lines.
gds.kcore.mutate	MUTATE_NODE_PROPERTY	algorithm-specifications/src/main/java/org/neo4j/gds/kcore/KCoreDecompositionMutateSpec.java:35	AlgorithmSpec loaded by procedure-collector	KCoreDecompositionMutateConfig	AlgorithmSpec class KCoreDecompositionMutateSpec	gds_public_surface	AlgorithmFactory.memoryEstimation or MemoryEstimateDefinition	Executor estimator required	In-memory catalog graph mutation	Direct public surface		DirectSource	Re-run rg -n '@Procedure|@GdsCallable' against src/main/java and compare names, modes, and source lines.
gds.kcore.stats	STATS	algorithm-specifications/src/main/java/org/neo4j/gds/kcore/KCoreDecompositionStatsSpec.java:35	AlgorithmSpec loaded by procedure-collector	KCoreDecompositionStatsConfig	AlgorithmSpec class KCoreDecompositionStatsSpec	gds_public_surface	AlgorithmFactory.memoryEstimation or MemoryEstimateDefinition	Executor estimator required	Stats result stream	Direct public surface		DirectSource	Re-run rg -n '@Procedure|@GdsCallable' against src/main/java and compare names, modes, and source lines.
gds.kcore.stream	STREAM	algorithm-specifications/src/main/java/org/neo4j/gds/kcore/KCoreDecompositionStreamSpec.java:35	AlgorithmSpec loaded by procedure-collector	KCoreDecompositionStreamConfig	AlgorithmSpec class KCoreDecompositionStreamSpec	gds_public_surface	AlgorithmFactory.memoryEstimation or MemoryEstimateDefinition	Executor estimator required	Row stream only	Direct public surface		DirectSource	Re-run rg -n '@Procedure|@GdsCallable' against src/main/java and compare names, modes, and source lines.
gds.kcore.write	WRITE_NODE_PROPERTY	algorithm-specifications/src/main/java/org/neo4j/gds/kcore/KCoreDecompositionWriteSpec.java:35	AlgorithmSpec loaded by procedure-collector	KCoreDecompositionWriteConfig	AlgorithmSpec class KCoreDecompositionWriteSpec	gds_public_surface	AlgorithmFactory.memoryEstimation or MemoryEstimateDefinition	Executor estimator required	Neo4j write-back or export side effect	Direct public surface		DirectSource	Re-run rg -n '@Procedure|@GdsCallable' against src/main/java and compare names, modes, and source lines.
gds.knn.filtered.mutate	READ	proc/similarity/src/main/java/org/neo4j/gds/similarity/filteredknn/FilteredKnnMutateProc.java:42	facade.algorithms	Map<String,Object> configuration	Stream<KnnMutateResult>	similarity	Pair with estimate endpoint or unsupported status	Requires paired estimate or reject path	In-memory catalog graph mutation	Direct public surface	Support requires paired estimator or deterministic unsupported response before claiming compatibility	DirectSource	Re-run rg -n '@Procedure|@GdsCallable' against src/main/java and compare names, modes, and source lines.
gds.knn.filtered.stats	READ	proc/similarity/src/main/java/org/neo4j/gds/similarity/filteredknn/FilteredKnnStatsProc.java:42	facade.algorithms	Map<String,Object> configuration	Stream<KnnStatsResult>	similarity	Not applicable unless procedure allocates bounded work	No estimator implied by annotation	Stats result stream	Direct public surface		DirectSource	Re-run rg -n '@Procedure|@GdsCallable' against src/main/java and compare names, modes, and source lines.
gds.knn.filtered.write	WRITE	proc/similarity/src/main/java/org/neo4j/gds/similarity/filteredknn/FilteredKnnWriteProc.java:43	facade.algorithms	Map<String,Object> configuration	Stream<KnnWriteResult>	similarity	Pair with estimate endpoint or unsupported status	Requires paired estimate or reject path	Neo4j write-back or export side effect	Direct public surface	Support requires paired estimator or deterministic unsupported response before claiming compatibility	DirectSource	Re-run rg -n '@Procedure|@GdsCallable' against src/main/java and compare names, modes, and source lines.
gds.knn.mutate	READ	proc/similarity/src/main/java/org/neo4j/gds/similarity/knn/KnnMutateProc.java:41	facade.algorithms	Map<String,Object> configuration	Stream<KnnMutateResult>	similarity	Pair with estimate endpoint or unsupported status	Requires paired estimate or reject path	In-memory catalog graph mutation	Direct public surface	Support requires paired estimator or deterministic unsupported response before claiming compatibility	DirectSource	Re-run rg -n '@Procedure|@GdsCallable' against src/main/java and compare names, modes, and source lines.
gds.knn.stats	READ	proc/similarity/src/main/java/org/neo4j/gds/similarity/knn/KnnStatsProc.java:41	facade.algorithms	Map<String,Object> configuration	Stream<KnnStatsResult>	similarity	Not applicable unless procedure allocates bounded work	No estimator implied by annotation	Stats result stream	Direct public surface		DirectSource	Re-run rg -n '@Procedure|@GdsCallable' against src/main/java and compare names, modes, and source lines.
gds.knn.write	WRITE	proc/similarity/src/main/java/org/neo4j/gds/similarity/knn/KnnWriteProc.java:42	facade.algorithms	Map<String,Object> configuration	Stream<KnnWriteResult>	similarity	Pair with estimate endpoint or unsupported status	Requires paired estimate or reject path	Neo4j write-back or export side effect	Direct public surface	Support requires paired estimator or deterministic unsupported response before claiming compatibility	DirectSource	Re-run rg -n '@Procedure|@GdsCallable' against src/main/java and compare names, modes, and source lines.
gds.leiden.stream	READ	proc/community/src/main/java/org/neo4j/gds/leiden/LeidenStreamProc.java:42	facade.algorithms	Map<String,Object> configuration	Stream<LeidenStreamResult>	community	Not applicable unless procedure allocates bounded work	No estimator implied by annotation	Row stream only	Direct public surface		DirectSource	Re-run rg -n '@Procedure|@GdsCallable' against src/main/java and compare names, modes, and source lines.
gds.license.state	READ_DEFAULT	proc/sysinfo/src/main/java/org/neo4j/gds/LicenseStateProc.java:34	facade.licenseStateResult	Procedure parameters	Stream<LicenseStateResult>	gds_public_surface	Not applicable unless procedure allocates bounded work	No estimator implied by annotation	Procedure result stream	Direct public surface		DirectSource	Re-run rg -n '@Procedure|@GdsCallable' against src/main/java and compare names, modes, and source lines.
gds.list	READ_DEFAULT	proc/misc/src/main/java/org/neo4j/gds/ListProc.java:57	Neo4j procedure facade or local method	name	Stream<ListResult>	gds_public_surface	Not applicable unless procedure allocates bounded work	No estimator implied by annotation	Catalog metadata result	Direct public surface		DirectSource	Re-run rg -n '@Procedure|@GdsCallable' against src/main/java and compare names, modes, and source lines.
gds.listProgress	READ_DEFAULT	proc/misc/src/main/java/org/neo4j/gds/ListProgressProc.java:49	facade.operations	jobId	Stream<ProgressResult>	gds_public_surface	Not applicable unless procedure allocates bounded work	No estimator implied by annotation	Catalog metadata result	Direct public surface		DirectSource	Re-run rg -n '@Procedure|@GdsCallable' against src/main/java and compare names, modes, and source lines.
gds.localClusteringCoefficient.mutate	MUTATE_NODE_PROPERTY	algorithm-specifications/src/main/java/org/neo4j/gds/triangle/LocalClusteringCoefficientMutateSpec.java:34	AlgorithmSpec loaded by procedure-collector	LocalClusteringCoefficientMutateConfig	AlgorithmSpec class LocalClusteringCoefficientMutateSpec	gds_public_surface	AlgorithmFactory.memoryEstimation or MemoryEstimateDefinition	Executor estimator required	In-memory catalog graph mutation	Direct public surface		DirectSource	Re-run rg -n '@Procedure|@GdsCallable' against src/main/java and compare names, modes, and source lines.
gds.localClusteringCoefficient.stats	STATS	algorithm-specifications/src/main/java/org/neo4j/gds/triangle/LocalClusteringCoefficientStatsSpec.java:34	AlgorithmSpec loaded by procedure-collector	LocalClusteringCoefficientStatsConfig	AlgorithmSpec class LocalClusteringCoefficientStatsSpec	gds_public_surface	AlgorithmFactory.memoryEstimation or MemoryEstimateDefinition	Executor estimator required	Stats result stream	Direct public surface		DirectSource	Re-run rg -n '@Procedure|@GdsCallable' against src/main/java and compare names, modes, and source lines.
gds.localClusteringCoefficient.stream	STREAM	algorithm-specifications/src/main/java/org/neo4j/gds/triangle/LocalClusteringCoefficientStreamSpec.java:34	AlgorithmSpec loaded by procedure-collector	LocalClusteringCoefficientStreamConfig	AlgorithmSpec class LocalClusteringCoefficientStreamSpec	gds_public_surface	AlgorithmFactory.memoryEstimation or MemoryEstimateDefinition	Executor estimator required	Row stream only	Direct public surface		DirectSource	Re-run rg -n '@Procedure|@GdsCallable' against src/main/java and compare names, modes, and source lines.
gds.localClusteringCoefficient.stream	READ	proc/community/src/main/java/org/neo4j/gds/triangle/LocalClusteringCoefficientStreamProc.java:41	facade.algorithms	Map<String,Object> configuration	Stream<LocalClusteringCoefficientStreamResult>	gds_public_surface	Not applicable unless procedure allocates bounded work	No estimator implied by annotation	Row stream only	Direct public surface		DirectSource	Re-run rg -n '@Procedure|@GdsCallable' against src/main/java and compare names, modes, and source lines.
gds.localClusteringCoefficient.write	WRITE_NODE_PROPERTY	algorithm-specifications/src/main/java/org/neo4j/gds/triangle/LocalClusteringCoefficientWriteSpec.java:34	AlgorithmSpec loaded by procedure-collector	LocalClusteringCoefficientWriteConfig	AlgorithmSpec class LocalClusteringCoefficientWriteSpec	gds_public_surface	AlgorithmFactory.memoryEstimation or MemoryEstimateDefinition	Executor estimator required	Neo4j write-back or export side effect	Direct public surface		DirectSource	Re-run rg -n '@Procedure|@GdsCallable' against src/main/java and compare names, modes, and source lines.
gds.maxkcut.mutate	MUTATE_NODE_PROPERTY	algorithm-specifications/src/main/java/org/neo4j/gds/approxmaxkcut/ApproxMaxKCutMutateSpec.java:36	AlgorithmSpec loaded by procedure-collector	ApproxMaxKCutMutateConfig	AlgorithmSpec class ApproxMaxKCutMutateSpec	gds_public_surface	AlgorithmFactory.memoryEstimation or MemoryEstimateDefinition	Executor estimator required	In-memory catalog graph mutation	Direct public surface		DirectSource	Re-run rg -n '@Procedure|@GdsCallable' against src/main/java and compare names, modes, and source lines.
gds.maxkcut.stream	MUTATE_NODE_PROPERTY	algorithm-specifications/src/main/java/org/neo4j/gds/approxmaxkcut/ApproxMaxKCutStreamSpec.java:37	AlgorithmSpec loaded by procedure-collector	ApproxMaxKCutStreamConfig	AlgorithmSpec class ApproxMaxKCutStreamSpec	gds_public_surface	AlgorithmFactory.memoryEstimation or MemoryEstimateDefinition	Executor estimator required	Row stream only	Direct public surface		DirectSource	Re-run rg -n '@Procedure|@GdsCallable' against src/main/java and compare names, modes, and source lines.
gds.memory.list	READ_DEFAULT	proc/misc/src/main/java/org/neo4j/gds/memory/MemoryProc.java:37	facade.list	Procedure parameters	Stream<UserEntityMemory>	gds_public_surface	Not applicable unless procedure allocates bounded work	No estimator implied by annotation	Catalog metadata result	Direct public surface		DirectSource	Re-run rg -n '@Procedure|@GdsCallable' against src/main/java and compare names, modes, and source lines.
gds.memory.summary	READ_DEFAULT	proc/misc/src/main/java/org/neo4j/gds/memory/MemoryProc.java:43	facade.memorySummary	Procedure parameters	Stream<UserMemorySummary>	gds_public_surface	Not applicable unless procedure allocates bounded work	No estimator implied by annotation	Procedure result stream	Direct public surface		DirectSource	Re-run rg -n '@Procedure|@GdsCallable' against src/main/java and compare names, modes, and source lines.
gds.ml.kge.predict.mutate	READ	proc/machine-learning/src/main/java/org/neo4j/gds/ml/kge/KGEPredictMutateProc.java:38	facade.algorithms	Map<String,Object> configuration	Stream<KGEMutateResult>	machine_learning_kge	Pair with estimate endpoint or unsupported status	Requires paired estimate or reject path	In-memory catalog graph mutation	Internal surface	Support requires paired estimator or deterministic unsupported response before claiming compatibility	DirectSource	Re-run rg -n '@Procedure|@GdsCallable' against src/main/java and compare names, modes, and source lines.
gds.ml.kge.predict.mutate	MUTATE_RELATIONSHIP	proc/machine-learning/src/main/java/org/neo4j/gds/ml/kge/KGEPredictMutateSpec.java:37	AlgorithmSpec loaded by procedure-collector	KGEPredictMutateConfig	AlgorithmSpec class KGEPredictMutateSpec	machine_learning_kge	AlgorithmFactory.memoryEstimation or MemoryEstimateDefinition	Executor estimator required	In-memory catalog graph mutation	Direct public surface		DirectSource	Re-run rg -n '@Procedure|@GdsCallable' against src/main/java and compare names, modes, and source lines.
gds.ml.kge.predict.stream	READ	proc/machine-learning/src/main/java/org/neo4j/gds/ml/kge/KGEPredictStreamProc.java:38	facade.algorithms	Map<String,Object> configuration	Stream<KGEStreamResult>	machine_learning_kge	Not applicable unless procedure allocates bounded work	No estimator implied by annotation	Row stream only	Internal surface		DirectSource	Re-run rg -n '@Procedure|@GdsCallable' against src/main/java and compare names, modes, and source lines.
gds.ml.kge.predict.stream	STREAM	proc/machine-learning/src/main/java/org/neo4j/gds/ml/kge/KGEPredictStreamSpec.java:37	AlgorithmSpec loaded by procedure-collector	KGEPredictStreamConfig	AlgorithmSpec class KGEPredictStreamSpec	machine_learning_kge	AlgorithmFactory.memoryEstimation or MemoryEstimateDefinition	Executor estimator required	Row stream only	Direct public surface		DirectSource	Re-run rg -n '@Procedure|@GdsCallable' against src/main/java and compare names, modes, and source lines.
gds.ml.kge.predict.write	WRITE	proc/machine-learning/src/main/java/org/neo4j/gds/ml/kge/KGEPredictWriteProc.java:39	facade.algorithms	Map<String,Object> configuration	Stream<KGEWriteResult>	machine_learning_kge	Pair with estimate endpoint or unsupported status	Requires paired estimate or reject path	Neo4j write-back or export side effect	Internal surface	Support requires paired estimator or deterministic unsupported response before claiming compatibility	DirectSource	Re-run rg -n '@Procedure|@GdsCallable' against src/main/java and compare names, modes, and source lines.
gds.ml.kge.predict.write	WRITE_RELATIONSHIP	proc/machine-learning/src/main/java/org/neo4j/gds/ml/kge/KGEPredictWriteSpec.java:41	AlgorithmSpec loaded by procedure-collector	KGEPredictWriteConfig	AlgorithmSpec class KGEPredictWriteSpec	machine_learning_kge	AlgorithmFactory.memoryEstimation or MemoryEstimateDefinition	Executor estimator required	Neo4j write-back or export side effect	Direct public surface		DirectSource	Re-run rg -n '@Procedure|@GdsCallable' against src/main/java and compare names, modes, and source lines.
gds.model.drop	READ	proc/catalog/src/main/java/org/neo4j/gds/model/catalog/ModelDropProc.java:40	facade.modelCatalog	modelName, failIfMissing, modelName, failIfMissing	Stream<ModelCatalogResult>	model_catalog	Not applicable unless procedure allocates bounded work	No estimator implied by annotation	Catalog artifact removal	Direct public surface		DirectSource	Re-run rg -n '@Procedure|@GdsCallable' against src/main/java and compare names, modes, and source lines.
gds.model.exists	READ	proc/catalog/src/main/java/org/neo4j/gds/model/catalog/ModelExistsProc.java:40	facade.modelCatalog	modelName, modelName	Stream<ModelExistsResult>	model_catalog	Not applicable unless procedure allocates bounded work	No estimator implied by annotation	Catalog metadata result	Direct public surface		DirectSource	Re-run rg -n '@Procedure|@GdsCallable' against src/main/java and compare names, modes, and source lines.
gds.model.list	READ	proc/catalog/src/main/java/org/neo4j/gds/model/catalog/ModelListProc.java:41	facade.modelCatalog	modelName, modelName	Stream<ModelCatalogResult>	model_catalog	Not applicable unless procedure allocates bounded work	No estimator implied by annotation	Catalog metadata result	Direct public surface		DirectSource	Re-run rg -n '@Procedure|@GdsCallable' against src/main/java and compare names, modes, and source lines.
gds.modularityOptimization.stream	READ	proc/community/src/main/java/org/neo4j/gds/modularityoptimization/ModularityOptimizationStreamProc.java:42	facade.algorithms	Map<String,Object> configuration	Stream<ModularityOptimizationStreamResult>	gds_public_surface	Not applicable unless procedure allocates bounded work	No estimator implied by annotation	Row stream only	Direct public surface		DirectSource	Re-run rg -n '@Procedure|@GdsCallable' against src/main/java and compare names, modes, and source lines.
gds.modularityOptimization.write	WRITE	proc/community/src/main/java/org/neo4j/gds/modularityoptimization/ModularityOptimizationWriteProc.java:43	facade.algorithms	Map<String,Object> configuration	Stream<ModularityOptimizationWriteResult>	gds_public_surface	Pair with estimate endpoint or unsupported status	Requires paired estimate or reject path	Neo4j write-back or export side effect	Direct public surface	Support requires paired estimator or deterministic unsupported response before claiming compatibility	DirectSource	Re-run rg -n '@Procedure|@GdsCallable' against src/main/java and compare names, modes, and source lines.
gds.nodeSimilarity.filtered.mutate	READ	proc/similarity/src/main/java/org/neo4j/gds/similarity/filterednodesim/FilteredNodeSimilarityMutateProc.java:42	facade.algorithms	Map<String,Object> configuration	Stream<SimilarityMutateResult>	similarity	Pair with estimate endpoint or unsupported status	Requires paired estimate or reject path	In-memory catalog graph mutation	Direct public surface	Support requires paired estimator or deterministic unsupported response before claiming compatibility	DirectSource	Re-run rg -n '@Procedure|@GdsCallable' against src/main/java and compare names, modes, and source lines.
gds.nodeSimilarity.filtered.mutate.estimate	READ	proc/similarity/src/main/java/org/neo4j/gds/similarity/filterednodesim/FilteredNodeSimilarityMutateProc.java:51	facade.algorithms	Map<String,Object> configuration	Stream<MemoryEstimateResult>	similarity	Explicit public estimate endpoint	Estimate procedure	MemoryEstimateResult stream	Direct public surface		DirectSource	Re-run rg -n '@Procedure|@GdsCallable' against src/main/java and compare names, modes, and source lines.
gds.nodeSimilarity.mutate	READ	proc/similarity/src/main/java/org/neo4j/gds/similarity/nodesim/NodeSimilarityMutateProc.java:41	facade.algorithms	Map<String,Object> configuration	Stream<SimilarityMutateResult>	similarity	Pair with estimate endpoint or unsupported status	Requires paired estimate or reject path	In-memory catalog graph mutation	Direct public surface	Support requires paired estimator or deterministic unsupported response before claiming compatibility	DirectSource	Re-run rg -n '@Procedure|@GdsCallable' against src/main/java and compare names, modes, and source lines.
gds.nodeSimilarity.stats	READ	proc/similarity/src/main/java/org/neo4j/gds/similarity/nodesim/NodeSimilarityStatsProc.java:41	facade.algorithms	Map<String,Object> configuration	Stream<SimilarityStatsResult>	similarity	Not applicable unless procedure allocates bounded work	No estimator implied by annotation	Stats result stream	Direct public surface		DirectSource	Re-run rg -n '@Procedure|@GdsCallable' against src/main/java and compare names, modes, and source lines.
gds.nodeSimilarity.write	WRITE	proc/similarity/src/main/java/org/neo4j/gds/similarity/nodesim/NodeSimilarityWriteProc.java:42	facade.algorithms	Map<String,Object> configuration	Stream<SimilarityWriteResult>	similarity	Pair with estimate endpoint or unsupported status	Requires paired estimate or reject path	Neo4j write-back or export side effect	Direct public surface	Support requires paired estimator or deterministic unsupported response before claiming compatibility	DirectSource	Re-run rg -n '@Procedure|@GdsCallable' against src/main/java and compare names, modes, and source lines.
gds.pipeline.drop	READ	proc/pipeline-catalog/src/main/java/org/neo4j/gds/pipeline/catalog/PipelineDropProc.java:40	facade.pipelines	pipelineName, failIfMissing, pipelineName, failIfMissing	Stream<PipelineCatalogResult>	machine_learning_pipeline	Not applicable unless procedure allocates bounded work	No estimator implied by annotation	Catalog artifact removal	Direct public surface		DirectSource	Re-run rg -n '@Procedure|@GdsCallable' against src/main/java and compare names, modes, and source lines.
gds.pipeline.exists	READ	proc/pipeline-catalog/src/main/java/org/neo4j/gds/pipeline/catalog/PipelineExistsProc.java:40	facade.pipelines	pipelineName, pipelineName	Stream<PipelineExistsResult>	machine_learning_pipeline	Not applicable unless procedure allocates bounded work	No estimator implied by annotation	Catalog metadata result	Direct public surface		DirectSource	Re-run rg -n '@Procedure|@GdsCallable' against src/main/java and compare names, modes, and source lines.
gds.pipeline.list	READ	proc/pipeline-catalog/src/main/java/org/neo4j/gds/pipeline/catalog/PipelineListProc.java:41	facade.pipelines	pipelineName, pipelineName	Stream<PipelineCatalogResult>	machine_learning_pipeline	Not applicable unless procedure allocates bounded work	No estimator implied by annotation	Catalog metadata result	Direct public surface		DirectSource	Re-run rg -n '@Procedure|@GdsCallable' against src/main/java and compare names, modes, and source lines.
gds.randomWalk.mutate	READ	proc/path-finding/src/main/java/org/neo4j/gds/paths/randomwalk/RandomWalkMutateProc.java:41	facade.algorithms	Map<String,Object> configuration	Stream<RandomWalkMutateResult>	gds_public_surface	Pair with estimate endpoint or unsupported status	Requires paired estimate or reject path	In-memory catalog graph mutation	Direct public surface	Support requires paired estimator or deterministic unsupported response before claiming compatibility	DirectSource	Re-run rg -n '@Procedure|@GdsCallable' against src/main/java and compare names, modes, and source lines.
gds.randomWalk.stats	STATS	algorithm-specifications/src/main/java/org/neo4j/gds/randomwalk/RandomWalkStatsSpec.java:37	AlgorithmSpec loaded by procedure-collector	RandomWalkStatsConfig	AlgorithmSpec class RandomWalkStatsSpec	gds_public_surface	AlgorithmFactory.memoryEstimation or MemoryEstimateDefinition	Executor estimator required	Stats result stream	Direct public surface		DirectSource	Re-run rg -n '@Procedure|@GdsCallable' against src/main/java and compare names, modes, and source lines.
gds.randomWalk.stats	READ	proc/path-finding/src/main/java/org/neo4j/gds/paths/randomwalk/RandomWalkStatsProc.java:42	facade.algorithms	Map<String,Object> configuration	Stream<StandardModeResult>	gds_public_surface	Not applicable unless procedure allocates bounded work	No estimator implied by annotation	Stats result stream	Direct public surface		DirectSource	Re-run rg -n '@Procedure|@GdsCallable' against src/main/java and compare names, modes, and source lines.
gds.randomWalk.stream	STREAM	algorithm-specifications/src/main/java/org/neo4j/gds/randomwalk/RandomWalkStreamSpec.java:38	AlgorithmSpec loaded by procedure-collector	RandomWalkStreamConfig	AlgorithmSpec class RandomWalkStreamSpec	gds_public_surface	AlgorithmFactory.memoryEstimation or MemoryEstimateDefinition	Executor estimator required	Row stream only	Direct public surface		DirectSource	Re-run rg -n '@Procedure|@GdsCallable' against src/main/java and compare names, modes, and source lines.
gds.randomWalk.stream	READ	proc/path-finding/src/main/java/org/neo4j/gds/paths/randomwalk/RandomWalkStreamProc.java:41	facade.algorithms	Map<String,Object> configuration	Stream<RandomWalkStreamResult>	gds_public_surface	Not applicable unless procedure allocates bounded work	No estimator implied by annotation	Row stream only	Direct public surface		DirectSource	Re-run rg -n '@Procedure|@GdsCallable' against src/main/java and compare names, modes, and source lines.
gds.scaleProperties.mutate	MUTATE_NODE_PROPERTY	algorithm-specifications/src/main/java/org/neo4j/gds/scaling/ScalePropertiesMutateSpec.java:39	AlgorithmSpec loaded by procedure-collector	ScalePropertiesMutateConfig	AlgorithmSpec class ScalePropertiesMutateSpec	gds_public_surface	AlgorithmFactory.memoryEstimation or MemoryEstimateDefinition	Executor estimator required	In-memory catalog graph mutation	Direct public surface		DirectSource	Re-run rg -n '@Procedure|@GdsCallable' against src/main/java and compare names, modes, and source lines.
gds.scaleProperties.mutate	READ_DEFAULT	proc/misc/src/main/java/org/neo4j/gds/scaling/ScalePropertiesMutateProc.java:42	facade.algorithms	Map<String,Object> configuration	Stream<ScalePropertiesMutateResult>	gds_public_surface	Pair with estimate endpoint or unsupported status	Requires paired estimate or reject path	In-memory catalog graph mutation	Direct public surface	Support requires paired estimator or deterministic unsupported response before claiming compatibility	DirectSource	Re-run rg -n '@Procedure|@GdsCallable' against src/main/java and compare names, modes, and source lines.
gds.scaleProperties.stats	STREAM	algorithm-specifications/src/main/java/org/neo4j/gds/scaling/ScalePropertiesStatsSpec.java:39	AlgorithmSpec loaded by procedure-collector	ScalePropertiesStatsConfig	AlgorithmSpec class ScalePropertiesStatsSpec	gds_public_surface	AlgorithmFactory.memoryEstimation or MemoryEstimateDefinition	Executor estimator required	Row stream only	Direct public surface		DirectSource	Re-run rg -n '@Procedure|@GdsCallable' against src/main/java and compare names, modes, and source lines.
gds.scaleProperties.stream	STREAM	algorithm-specifications/src/main/java/org/neo4j/gds/scaling/ScalePropertiesStreamSpec.java:39	AlgorithmSpec loaded by procedure-collector	ScalePropertiesStreamConfig	AlgorithmSpec class ScalePropertiesStreamSpec	gds_public_surface	AlgorithmFactory.memoryEstimation or MemoryEstimateDefinition	Executor estimator required	Row stream only	Direct public surface		DirectSource	Re-run rg -n '@Procedure|@GdsCallable' against src/main/java and compare names, modes, and source lines.
gds.scaleProperties.stream	READ_DEFAULT	proc/misc/src/main/java/org/neo4j/gds/scaling/ScalePropertiesStreamProc.java:42	facade.algorithms	Map<String,Object> configuration	Stream<ScalePropertiesStreamResult>	gds_public_surface	Not applicable unless procedure allocates bounded work	No estimator implied by annotation	Row stream only	Direct public surface		DirectSource	Re-run rg -n '@Procedure|@GdsCallable' against src/main/java and compare names, modes, and source lines.
gds.scaleProperties.write	WRITE_NODE_PROPERTY	algorithm-specifications/src/main/java/org/neo4j/gds/scaling/ScalePropertiesWriteSpec.java:39	AlgorithmSpec loaded by procedure-collector	ScalePropertiesWriteConfig	AlgorithmSpec class ScalePropertiesWriteSpec	gds_public_surface	AlgorithmFactory.memoryEstimation or MemoryEstimateDefinition	Executor estimator required	Neo4j write-back or export side effect	Direct public surface		DirectSource	Re-run rg -n '@Procedure|@GdsCallable' against src/main/java and compare names, modes, and source lines.
gds.shortestPath.astar.mutate	READ	proc/path-finding/src/main/java/org/neo4j/gds/paths/sourcetarget/ShortestPathAStarMutateProc.java:41	facade.algorithms	Map<String,Object> configuration	Stream<PathFindingMutateResult>	path_finding	Pair with estimate endpoint or unsupported status	Requires paired estimate or reject path	In-memory catalog graph mutation	Direct public surface	Support requires paired estimator or deterministic unsupported response before claiming compatibility	DirectSource	Re-run rg -n '@Procedure|@GdsCallable' against src/main/java and compare names, modes, and source lines.
gds.shortestPath.astar.mutate.estimate	READ	proc/path-finding/src/main/java/org/neo4j/gds/paths/sourcetarget/ShortestPathAStarMutateProc.java:50	facade.algorithms	graphNameOrConfiguration plus algoConfiguration	Stream<MemoryEstimateResult>	path_finding	Explicit public estimate endpoint	Estimate procedure	MemoryEstimateResult stream	Direct public surface		DirectSource	Re-run rg -n '@Procedure|@GdsCallable' against src/main/java and compare names, modes, and source lines.
gds.shortestPath.astar.stream	READ	proc/path-finding/src/main/java/org/neo4j/gds/paths/sourcetarget/ShortestPathAStarStreamProc.java:41	facade.algorithms	Map<String,Object> configuration	Stream<PathFindingStreamResult>	path_finding	Not applicable unless procedure allocates bounded work	No estimator implied by annotation	Row stream only	Direct public surface		DirectSource	Re-run rg -n '@Procedure|@GdsCallable' against src/main/java and compare names, modes, and source lines.
gds.shortestPath.astar.stream.estimate	READ	proc/path-finding/src/main/java/org/neo4j/gds/paths/sourcetarget/ShortestPathAStarStreamProc.java:50	facade.algorithms	graphNameOrConfiguration plus algoConfiguration	Stream<MemoryEstimateResult>	path_finding	Explicit public estimate endpoint	Estimate procedure	MemoryEstimateResult stream	Direct public surface		DirectSource	Re-run rg -n '@Procedure|@GdsCallable' against src/main/java and compare names, modes, and source lines.
gds.shortestPath.astar.write	WRITE	proc/path-finding/src/main/java/org/neo4j/gds/paths/sourcetarget/ShortestPathAStarWriteProc.java:42	facade.algorithms	Map<String,Object> configuration	Stream<StandardWriteRelationshipsResult>	path_finding	Pair with estimate endpoint or unsupported status	Requires paired estimate or reject path	Neo4j write-back or export side effect	Direct public surface	Support requires paired estimator or deterministic unsupported response before claiming compatibility	DirectSource	Re-run rg -n '@Procedure|@GdsCallable' against src/main/java and compare names, modes, and source lines.
gds.shortestPath.astar.write.estimate	READ	proc/path-finding/src/main/java/org/neo4j/gds/paths/sourcetarget/ShortestPathAStarWriteProc.java:51	facade.algorithms	graphNameOrConfiguration plus algoConfiguration	Stream<MemoryEstimateResult>	path_finding	Explicit public estimate endpoint	Estimate procedure	MemoryEstimateResult stream	Direct public surface		DirectSource	Re-run rg -n '@Procedure|@GdsCallable' against src/main/java and compare names, modes, and source lines.
gds.shortestPath.dijkstra.mutate	READ	proc/path-finding/src/main/java/org/neo4j/gds/paths/sourcetarget/ShortestPathDijkstraMutateProc.java:41	facade.algorithms	Map<String,Object> configuration	Stream<PathFindingMutateResult>	path_finding	Pair with estimate endpoint or unsupported status	Requires paired estimate or reject path	In-memory catalog graph mutation	Direct public surface	Support requires paired estimator or deterministic unsupported response before claiming compatibility	DirectSource	Re-run rg -n '@Procedure|@GdsCallable' against src/main/java and compare names, modes, and source lines.
gds.shortestPath.dijkstra.mutate.estimate	READ	proc/path-finding/src/main/java/org/neo4j/gds/paths/sourcetarget/ShortestPathDijkstraMutateProc.java:50	facade.algorithms	graphNameOrConfiguration plus algoConfiguration	Stream<MemoryEstimateResult>	path_finding	Explicit public estimate endpoint	Estimate procedure	MemoryEstimateResult stream	Direct public surface		DirectSource	Re-run rg -n '@Procedure|@GdsCallable' against src/main/java and compare names, modes, and source lines.
gds.shortestPath.dijkstra.stream	READ	proc/path-finding/src/main/java/org/neo4j/gds/paths/sourcetarget/ShortestPathDijkstraStreamProc.java:41	facade.algorithms	Map<String,Object> configuration	Stream<PathFindingStreamResult>	path_finding	Not applicable unless procedure allocates bounded work	No estimator implied by annotation	Row stream only	Direct public surface		DirectSource	Re-run rg -n '@Procedure|@GdsCallable' against src/main/java and compare names, modes, and source lines.
gds.shortestPath.dijkstra.stream.estimate	READ	proc/path-finding/src/main/java/org/neo4j/gds/paths/sourcetarget/ShortestPathDijkstraStreamProc.java:50	facade.algorithms	graphNameOrConfiguration plus algoConfiguration	Stream<MemoryEstimateResult>	path_finding	Explicit public estimate endpoint	Estimate procedure	MemoryEstimateResult stream	Direct public surface		DirectSource	Re-run rg -n '@Procedure|@GdsCallable' against src/main/java and compare names, modes, and source lines.
gds.shortestPath.dijkstra.write	WRITE	proc/path-finding/src/main/java/org/neo4j/gds/paths/sourcetarget/ShortestPathDijkstraWriteProc.java:42	facade.algorithms	Map<String,Object> configuration	Stream<StandardWriteRelationshipsResult>	path_finding	Pair with estimate endpoint or unsupported status	Requires paired estimate or reject path	Neo4j write-back or export side effect	Direct public surface	Support requires paired estimator or deterministic unsupported response before claiming compatibility	DirectSource	Re-run rg -n '@Procedure|@GdsCallable' against src/main/java and compare names, modes, and source lines.
gds.shortestPath.dijkstra.write.estimate	READ	proc/path-finding/src/main/java/org/neo4j/gds/paths/sourcetarget/ShortestPathDijkstraWriteProc.java:51	facade.algorithms	graphNameOrConfiguration plus algoConfiguration	Stream<MemoryEstimateResult>	path_finding	Explicit public estimate endpoint	Estimate procedure	MemoryEstimateResult stream	Direct public surface		DirectSource	Re-run rg -n '@Procedure|@GdsCallable' against src/main/java and compare names, modes, and source lines.
gds.shortestPath.yens.mutate	READ	proc/path-finding/src/main/java/org/neo4j/gds/paths/sourcetarget/ShortestPathYensMutateProc.java:41	facade.algorithms	Map<String,Object> configuration	Stream<PathFindingMutateResult>	path_finding	Pair with estimate endpoint or unsupported status	Requires paired estimate or reject path	In-memory catalog graph mutation	Direct public surface	Support requires paired estimator or deterministic unsupported response before claiming compatibility	DirectSource	Re-run rg -n '@Procedure|@GdsCallable' against src/main/java and compare names, modes, and source lines.
gds.shortestPath.yens.mutate.estimate	READ	proc/path-finding/src/main/java/org/neo4j/gds/paths/sourcetarget/ShortestPathYensMutateProc.java:50	facade.algorithms	Map<String,Object> configuration	Stream<MemoryEstimateResult>	path_finding	Explicit public estimate endpoint	Estimate procedure	MemoryEstimateResult stream	Direct public surface		DirectSource	Re-run rg -n '@Procedure|@GdsCallable' against src/main/java and compare names, modes, and source lines.
gds.shortestPath.yens.stream	READ	proc/path-finding/src/main/java/org/neo4j/gds/paths/sourcetarget/ShortestPathYensStreamProc.java:41	facade.algorithms	Map<String,Object> configuration	Stream<PathFindingStreamResult>	path_finding	Not applicable unless procedure allocates bounded work	No estimator implied by annotation	Row stream only	Direct public surface		DirectSource	Re-run rg -n '@Procedure|@GdsCallable' against src/main/java and compare names, modes, and source lines.
gds.shortestPath.yens.stream.estimate	READ	proc/path-finding/src/main/java/org/neo4j/gds/paths/sourcetarget/ShortestPathYensStreamProc.java:50	facade.algorithms	Map<String,Object> configuration	Stream<MemoryEstimateResult>	path_finding	Explicit public estimate endpoint	Estimate procedure	MemoryEstimateResult stream	Direct public surface		DirectSource	Re-run rg -n '@Procedure|@GdsCallable' against src/main/java and compare names, modes, and source lines.
gds.shortestPath.yens.write	WRITE	proc/path-finding/src/main/java/org/neo4j/gds/paths/sourcetarget/ShortestPathYensWriteProc.java:42	facade.algorithms	Map<String,Object> configuration	Stream<StandardWriteRelationshipsResult>	path_finding	Pair with estimate endpoint or unsupported status	Requires paired estimate or reject path	Neo4j write-back or export side effect	Direct public surface	Support requires paired estimator or deterministic unsupported response before claiming compatibility	DirectSource	Re-run rg -n '@Procedure|@GdsCallable' against src/main/java and compare names, modes, and source lines.
gds.shortestPath.yens.write.estimate	READ	proc/path-finding/src/main/java/org/neo4j/gds/paths/sourcetarget/ShortestPathYensWriteProc.java:51	facade.algorithms	Map<String,Object> configuration	Stream<MemoryEstimateResult>	path_finding	Explicit public estimate endpoint	Estimate procedure	MemoryEstimateResult stream	Direct public surface		DirectSource	Re-run rg -n '@Procedure|@GdsCallable' against src/main/java and compare names, modes, and source lines.
gds.testProc.mutate	MUTATE_NODE_PROPERTY	proc/test/src/main/java/org/neo4j/gds/test/TestMutateSpec.java:44	AlgorithmSpec loaded by procedure-collector	TestMutateConfig	AlgorithmSpec class TestMutateSpec	gds_public_surface	AlgorithmFactory.memoryEstimation or MemoryEstimateDefinition	Executor estimator required	In-memory catalog graph mutation	Direct public surface		DirectSource	Re-run rg -n '@Procedure|@GdsCallable' against src/main/java and compare names, modes, and source lines.
gds.testProc.write	STATS	proc/test/src/main/java/org/neo4j/gds/test/TestSpec.java:35	AlgorithmSpec loaded by procedure-collector	TestWriteConfig	AlgorithmSpec class TestSpec	gds_public_surface	AlgorithmFactory.memoryEstimation or MemoryEstimateDefinition	Executor estimator required	Stats result stream	Direct public surface		DirectSource	Re-run rg -n '@Procedure|@GdsCallable' against src/main/java and compare names, modes, and source lines.
gds.triangleCount.mutate	MUTATE_NODE_PROPERTY	algorithm-specifications/src/main/java/org/neo4j/gds/triangle/TriangleCountMutateSpec.java:34	AlgorithmSpec loaded by procedure-collector	TriangleCountMutateConfig	AlgorithmSpec class TriangleCountMutateSpec	gds_public_surface	AlgorithmFactory.memoryEstimation or MemoryEstimateDefinition	Executor estimator required	In-memory catalog graph mutation	Direct public surface		DirectSource	Re-run rg -n '@Procedure|@GdsCallable' against src/main/java and compare names, modes, and source lines.
gds.triangleCount.stats	STATS	algorithm-specifications/src/main/java/org/neo4j/gds/triangle/TriangleCountStatsSpec.java:34	AlgorithmSpec loaded by procedure-collector	TriangleCountStatsConfig	AlgorithmSpec class TriangleCountStatsSpec	gds_public_surface	AlgorithmFactory.memoryEstimation or MemoryEstimateDefinition	Executor estimator required	Stats result stream	Direct public surface		DirectSource	Re-run rg -n '@Procedure|@GdsCallable' against src/main/java and compare names, modes, and source lines.
gds.triangleCount.stream	STREAM	algorithm-specifications/src/main/java/org/neo4j/gds/triangle/TriangleCountStreamSpec.java:34	AlgorithmSpec loaded by procedure-collector	TriangleCountStreamConfig	AlgorithmSpec class TriangleCountStreamSpec	gds_public_surface	AlgorithmFactory.memoryEstimation or MemoryEstimateDefinition	Executor estimator required	Row stream only	Direct public surface		DirectSource	Re-run rg -n '@Procedure|@GdsCallable' against src/main/java and compare names, modes, and source lines.
gds.triangleCount.stream	READ	proc/community/src/main/java/org/neo4j/gds/triangle/TriangleCountStreamProc.java:43	facade.algorithms	Map<String,Object> configuration	Stream<TriangleCountStreamResult>	gds_public_surface	Not applicable unless procedure allocates bounded work	No estimator implied by annotation	Row stream only	Direct public surface		DirectSource	Re-run rg -n '@Procedure|@GdsCallable' against src/main/java and compare names, modes, and source lines.
gds.triangleCount.write	WRITE_NODE_PROPERTY	algorithm-specifications/src/main/java/org/neo4j/gds/triangle/TriangleCountWriteSpec.java:34	AlgorithmSpec loaded by procedure-collector	TriangleCountWriteConfig	AlgorithmSpec class TriangleCountWriteSpec	gds_public_surface	AlgorithmFactory.memoryEstimation or MemoryEstimateDefinition	Executor estimator required	Neo4j write-back or export side effect	Direct public surface		DirectSource	Re-run rg -n '@Procedure|@GdsCallable' against src/main/java and compare names, modes, and source lines.
gds.triangles	STREAM	algorithm-specifications/src/main/java/org/neo4j/gds/triangle/TriangleStreamSpecification.java:33	AlgorithmSpec loaded by procedure-collector	TriangleCountBaseConfig	AlgorithmSpec class TriangleStreamSpecification	gds_public_surface	AlgorithmFactory.memoryEstimation or MemoryEstimateDefinition	Executor estimator required	Row stream only	Direct public surface		DirectSource	Re-run rg -n '@Procedure|@GdsCallable' against src/main/java and compare names, modes, and source lines.
gds.triangles	READ	proc/community/src/main/java/org/neo4j/gds/triangle/TriangleProc.java:41	facade.algorithms	Map<String,Object> configuration	Stream<TriangleStreamResult>	gds_public_surface	Not applicable unless procedure allocates bounded work	No estimator implied by annotation	Procedure result stream	Direct public surface		DirectSource	Re-run rg -n '@Procedure|@GdsCallable' against src/main/java and compare names, modes, and source lines.
gds.userLog	READ_DEFAULT	alpha/alpha-proc/src/main/java/org/neo4j/gds/userlog/UserLogProc.java:51	facade.operations	jobId, jobId	Stream<UserLogEntry>	gds_public_surface	Not applicable unless procedure allocates bounded work	No estimator implied by annotation	Procedure result stream	Direct public surface		DirectSource	Re-run rg -n '@Procedure|@GdsCallable' against src/main/java and compare names, modes, and source lines.
test.testProc	READ_DEFAULT	test-utils/src/main/java/org/neo4j/gds/TerminateProcedure.java:40	Neo4j procedure facade or local method	config	void	gds_public_surface	Not applicable unless procedure allocates bounded work	No estimator implied by annotation	Procedure result stream	Direct public surface		DirectSource	Re-run rg -n '@Procedure|@GdsCallable' against src/main/java and compare names, modes, and source lines.
