entry_kind	name	family	mode	estimate_variant	config_inputs	result_columns	source_file	source_line	support_status	architecture_needs	memory_needs	test_oracle	prd_impact	deprecated_by
procedure	gds.alpha.graph.graphProperty.drop	catalog	READ	no	MissingEvidence	MissingEvidence	gitrefrepo/neo4j-gds-src/proc/catalog/src/main/java/org/neo4j/gds/catalog/GraphDropGraphPropertiesProc.java	42	NeedsArchitectureSpike	snapshot catalog plus sidecars	MissingEvidence	MissingEvidence	Complete GDS surface; Atomic publication	gds.graph.graphProperty.drop
procedure	gds.alpha.graph.nodeLabel.mutate	catalog	READ	no	MissingEvidence	MissingEvidence	gitrefrepo/neo4j-gds-src/proc/catalog/src/main/java/org/neo4j/gds/catalog/GraphMutateNodeLabelProc.java	50	NeedsArchitectureSpike	snapshot catalog plus sidecars	MissingEvidence	MissingEvidence	Complete GDS surface; Atomic publication	gds.graph.nodeLabel.mutate
procedure	gds.alpha.graph.nodeLabel.write	catalog	WRITE	no	MissingEvidence	MissingEvidence	gitrefrepo/neo4j-gds-src/proc/catalog/src/main/java/org/neo4j/gds/catalog/GraphWriteNodeLabelProc.java	50	NeedsArchitectureSpike	snapshot catalog plus sidecars	MissingEvidence	MissingEvidence	Complete GDS surface; Atomic publication	gds.graph.nodeLabel.write
procedure	gds.alpha.graph.sample.rwr	catalog	READ	no	MissingEvidence	MissingEvidence	gitrefrepo/neo4j-gds-src/proc/catalog/src/main/java/org/neo4j/gds/catalog/GraphSampleProc.java	56	NeedsArchitectureSpike	snapshot catalog plus sidecars	MissingEvidence	MissingEvidence	Complete GDS surface; Atomic publication	gds.graph.sample.rwr
procedure	gds.beta.graph.export.csv	catalog	READ	no	MissingEvidence	MissingEvidence	gitrefrepo/neo4j-gds-src/proc/catalog/src/main/java/org/neo4j/gds/catalog/GraphStoreExportProc.java	54	NeedsArchitectureSpike	snapshot catalog plus sidecars	MissingEvidence	MissingEvidence	Complete GDS surface; Atomic publication	gds.graph.export.csv
procedure	gds.beta.graph.export.csv.estimate	catalog	READ	yes	MissingEvidence	MissingEvidence	gitrefrepo/neo4j-gds-src/proc/catalog/src/main/java/org/neo4j/gds/catalog/GraphStoreExportProc.java	77	NeedsArchitectureSpike	snapshot catalog plus sidecars	MissingEvidence	MissingEvidence	Complete GDS surface; Atomic publication	gds.graph.export.csv.estimate
procedure	gds.beta.graph.generate	catalog	READ	no	MissingEvidence	MissingEvidence	gitrefrepo/neo4j-gds-src/proc/catalog/src/main/java/org/neo4j/gds/beta/generator/GraphGenerateProc.java	43	NeedsArchitectureSpike	snapshot catalog plus sidecars	MissingEvidence	MissingEvidence	Complete GDS surface; Atomic publication	gds.graph.generate
procedure	gds.beta.graph.project.subgraph	catalog	READ	no	MissingEvidence	MissingEvidence	gitrefrepo/neo4j-gds-src/proc/catalog/src/main/java/org/neo4j/gds/catalog/GraphProjectProc.java	111	NeedsArchitectureSpike	snapshot catalog plus sidecars	MissingEvidence	MissingEvidence	Complete GDS surface; Atomic publication	gds.graph.filter
procedure	gds.beta.graph.relationships.stream	catalog	READ	no	MissingEvidence	MissingEvidence	gitrefrepo/neo4j-gds-src/proc/catalog/src/main/java/org/neo4j/gds/catalog/GraphStreamRelationshipsProc.java	51	NeedsArchitectureSpike	snapshot catalog plus sidecars	MissingEvidence	MissingEvidence	Complete GDS surface; Atomic publication	gds.graph.relationships.stream
procedure	gds.beta.model.drop	catalog	READ	no	MissingEvidence	MissingEvidence	gitrefrepo/neo4j-gds-src/proc/catalog/src/main/java/org/neo4j/gds/model/catalog/ModelDropProc.java	49	NeedsArchitectureSpike	snapshot catalog plus sidecars	MissingEvidence	MissingEvidence	Complete GDS surface; Atomic publication	gds.model.drop
procedure	gds.beta.model.exists	catalog	READ	no	MissingEvidence	MissingEvidence	gitrefrepo/neo4j-gds-src/proc/catalog/src/main/java/org/neo4j/gds/model/catalog/ModelExistsProc.java	46	NeedsArchitectureSpike	snapshot catalog plus sidecars	MissingEvidence	MissingEvidence	Complete GDS surface; Atomic publication	gds.model.exists
procedure	gds.beta.model.list	catalog	READ	no	MissingEvidence	MissingEvidence	gitrefrepo/neo4j-gds-src/proc/catalog/src/main/java/org/neo4j/gds/model/catalog/ModelListProc.java	47	NeedsArchitectureSpike	snapshot catalog plus sidecars	MissingEvidence	MissingEvidence	Complete GDS surface; Atomic publication	gds.model.list
procedure	gds.graph.deleteRelationships	catalog	READ	no	MissingEvidence	MissingEvidence	gitrefrepo/neo4j-gds-src/proc/catalog/src/main/java/org/neo4j/gds/catalog/GraphDropRelationshipProc.java	50	NeedsArchitectureSpike	snapshot catalog plus sidecars	MissingEvidence	MissingEvidence	Complete GDS surface; Atomic publication	gds.graph.relationships.drop
procedure	gds.graph.drop	catalog	READ	no	MissingEvidence	MissingEvidence	gitrefrepo/neo4j-gds-src/proc/catalog/src/main/java/org/neo4j/gds/catalog/GraphDropProc.java	45	NeedsArchitectureSpike	snapshot catalog plus sidecars	MissingEvidence	MissingEvidence	Complete GDS surface; Atomic publication	none
user_function	gds.graph.exists	catalog	MissingEvidence	no	MissingEvidence	MissingEvidence	gitrefrepo/neo4j-gds-src/proc/catalog/src/main/java/org/neo4j/gds/catalog/GraphExistsFunc.java	38	NeedsArchitectureSpike	snapshot catalog plus sidecars	MissingEvidence	MissingEvidence	Complete GDS surface; Atomic publication	none
procedure	gds.graph.exists	catalog	READ	no	MissingEvidence	MissingEvidence	gitrefrepo/neo4j-gds-src/proc/catalog/src/main/java/org/neo4j/gds/catalog/GraphExistsProc.java	42	NeedsArchitectureSpike	snapshot catalog plus sidecars	MissingEvidence	MissingEvidence	Complete GDS surface; Atomic publication	none
procedure	gds.graph.export	catalog	READ	no	MissingEvidence	MissingEvidence	gitrefrepo/neo4j-gds-src/proc/catalog/src/main/java/org/neo4j/gds/catalog/GraphStoreExportProc.java	44	NeedsArchitectureSpike	snapshot catalog plus sidecars	MissingEvidence	MissingEvidence	Complete GDS surface; Atomic publication	none
procedure	gds.graph.export.csv	catalog	READ	no	MissingEvidence	MissingEvidence	gitrefrepo/neo4j-gds-src/proc/catalog/src/main/java/org/neo4j/gds/catalog/GraphStoreExportProc.java	67	NeedsArchitectureSpike	snapshot catalog plus sidecars	MissingEvidence	MissingEvidence	Complete GDS surface; Atomic publication	none
procedure	gds.graph.export.csv.estimate	catalog	READ	yes	MissingEvidence	MissingEvidence	gitrefrepo/neo4j-gds-src/proc/catalog/src/main/java/org/neo4j/gds/catalog/GraphStoreExportProc.java	90	NeedsArchitectureSpike	snapshot catalog plus sidecars	MissingEvidence	MissingEvidence	Complete GDS surface; Atomic publication	none
procedure	gds.graph.filter	catalog	READ	no	MissingEvidence	MissingEvidence	gitrefrepo/neo4j-gds-src/proc/catalog/src/main/java/org/neo4j/gds/catalog/GraphFilterProc.java	41	NeedsArchitectureSpike	snapshot catalog plus sidecars	MissingEvidence	MissingEvidence	Complete GDS surface; Atomic publication	none
procedure	gds.graph.generate	catalog	READ	no	MissingEvidence	MissingEvidence	gitrefrepo/neo4j-gds-src/proc/catalog/src/main/java/org/neo4j/gds/beta/generator/GraphGenerateProc.java	59	NeedsArchitectureSpike	snapshot catalog plus sidecars	MissingEvidence	MissingEvidence	Complete GDS surface; Atomic publication	none
procedure	gds.graph.graphProperty.drop	catalog	READ	no	MissingEvidence	MissingEvidence	gitrefrepo/neo4j-gds-src/proc/catalog/src/main/java/org/neo4j/gds/catalog/GraphDropGraphPropertiesProc.java	56	NeedsArchitectureSpike	snapshot catalog plus sidecars	MissingEvidence	MissingEvidence	Complete GDS surface; Atomic publication	none
procedure	gds.graph.graphProperty.stream	catalog	READ	no	MissingEvidence	MissingEvidence	gitrefrepo/neo4j-gds-src/proc/catalog/src/main/java/org/neo4j/gds/catalog/GraphStreamGraphPropertiesProc.java	61	NeedsArchitectureSpike	snapshot catalog plus sidecars	MissingEvidence	MissingEvidence	Complete GDS surface; Atomic publication	none
procedure	gds.graph.list	catalog	READ	no	MissingEvidence	MissingEvidence	gitrefrepo/neo4j-gds-src/proc/catalog/src/main/java/org/neo4j/gds/catalog/GraphListProc.java	47	NeedsArchitectureSpike	snapshot catalog plus sidecars	MissingEvidence	MissingEvidence	Complete GDS surface; Atomic publication	none
procedure	gds.graph.nodeLabel.mutate	catalog	READ	no	MissingEvidence	MissingEvidence	gitrefrepo/neo4j-gds-src/proc/catalog/src/main/java/org/neo4j/gds/catalog/GraphMutateNodeLabelProc.java	39	NeedsArchitectureSpike	snapshot catalog plus sidecars	MissingEvidence	MissingEvidence	Complete GDS surface; Atomic publication	none
procedure	gds.graph.nodeLabel.write	catalog	WRITE	no	MissingEvidence	MissingEvidence	gitrefrepo/neo4j-gds-src/proc/catalog/src/main/java/org/neo4j/gds/catalog/GraphWriteNodeLabelProc.java	40	NeedsArchitectureSpike	snapshot catalog plus sidecars	MissingEvidence	MissingEvidence	Complete GDS surface; Atomic publication	none
procedure	gds.graph.nodeProperties.drop	catalog	READ	no	MissingEvidence	MissingEvidence	gitrefrepo/neo4j-gds-src/proc/catalog/src/main/java/org/neo4j/gds/catalog/GraphDropNodePropertiesProc.java	42	NeedsArchitectureSpike	snapshot catalog plus sidecars	MissingEvidence	MissingEvidence	Complete GDS surface; Atomic publication	none
procedure	gds.graph.nodeProperties.stream	catalog	READ	no	MissingEvidence	MissingEvidence	gitrefrepo/neo4j-gds-src/proc/catalog/src/main/java/org/neo4j/gds/catalog/GraphStreamNodePropertiesProc.java	43	NeedsArchitectureSpike	snapshot catalog plus sidecars	MissingEvidence	MissingEvidence	Complete GDS surface; Atomic publication	none
procedure	gds.graph.nodeProperties.write	catalog	WRITE	no	MissingEvidence	MissingEvidence	gitrefrepo/neo4j-gds-src/proc/catalog/src/main/java/org/neo4j/gds/catalog/GraphWriteNodePropertiesProc.java	41	NeedsArchitectureSpike	snapshot catalog plus sidecars	MissingEvidence	MissingEvidence	Complete GDS surface; Atomic publication	none
procedure	gds.graph.nodeProperty.stream	catalog	READ	no	MissingEvidence	MissingEvidence	gitrefrepo/neo4j-gds-src/proc/catalog/src/main/java/org/neo4j/gds/catalog/GraphStreamNodePropertiesProc.java	86	NeedsArchitectureSpike	snapshot catalog plus sidecars	MissingEvidence	MissingEvidence	Complete GDS surface; Atomic publication	none
procedure	gds.graph.project	catalog	READ	no	MissingEvidence	MissingEvidence	gitrefrepo/neo4j-gds-src/proc/catalog/src/main/java/org/neo4j/gds/catalog/GraphProjectProc.java	52	NeedsArchitectureSpike	snapshot catalog plus sidecars	MissingEvidence	MissingEvidence	Complete GDS surface; Atomic publication	none
procedure	gds.graph.project.cypher	catalog	READ	no	MissingEvidence	MissingEvidence	gitrefrepo/neo4j-gds-src/proc/catalog/src/main/java/org/neo4j/gds/catalog/GraphProjectProc.java	78	NeedsArchitectureSpike	snapshot catalog plus sidecars	MissingEvidence	MissingEvidence	Complete GDS surface; Atomic publication	gds.graph.project Cypher projection as an aggregation function
procedure	gds.graph.project.cypher.estimate	catalog	READ	yes	MissingEvidence	MissingEvidence	gitrefrepo/neo4j-gds-src/proc/catalog/src/main/java/org/neo4j/gds/catalog/GraphProjectProc.java	94	NeedsArchitectureSpike	snapshot catalog plus sidecars	MissingEvidence	MissingEvidence	Complete GDS surface; Atomic publication	gds.graph.project Cypher projection as an aggregation function
procedure	gds.graph.project.estimate	catalog	READ	yes	MissingEvidence	MissingEvidence	gitrefrepo/neo4j-gds-src/proc/catalog/src/main/java/org/neo4j/gds/catalog/GraphProjectProc.java	68	NeedsArchitectureSpike	snapshot catalog plus sidecars	MissingEvidence	MissingEvidence	Complete GDS surface; Atomic publication	none
procedure	gds.graph.relationship.write	catalog	WRITE	no	MissingEvidence	MissingEvidence	gitrefrepo/neo4j-gds-src/proc/catalog/src/main/java/org/neo4j/gds/catalog/GraphWriteRelationshipProc.java	42	NeedsArchitectureSpike	snapshot catalog plus sidecars	MissingEvidence	MissingEvidence	Complete GDS surface; Atomic publication	none
procedure	gds.graph.relationshipProperties.stream	catalog	READ	no	MissingEvidence	MissingEvidence	gitrefrepo/neo4j-gds-src/proc/catalog/src/main/java/org/neo4j/gds/catalog/GraphStreamRelationshipPropertiesProc.java	44	NeedsArchitectureSpike	snapshot catalog plus sidecars	MissingEvidence	MissingEvidence	Complete GDS surface; Atomic publication	none
procedure	gds.graph.relationshipProperties.write	catalog	WRITE	no	MissingEvidence	MissingEvidence	gitrefrepo/neo4j-gds-src/proc/catalog/src/main/java/org/neo4j/gds/catalog/GraphWriteRelationshipPropertiesProc.java	41	NeedsArchitectureSpike	snapshot catalog plus sidecars	MissingEvidence	MissingEvidence	Complete GDS surface; Atomic publication	none
procedure	gds.graph.relationshipProperty.stream	catalog	READ	no	MissingEvidence	MissingEvidence	gitrefrepo/neo4j-gds-src/proc/catalog/src/main/java/org/neo4j/gds/catalog/GraphStreamRelationshipPropertiesProc.java	83	NeedsArchitectureSpike	snapshot catalog plus sidecars	MissingEvidence	MissingEvidence	Complete GDS surface; Atomic publication	none
procedure	gds.graph.relationships.drop	catalog	READ	no	MissingEvidence	MissingEvidence	gitrefrepo/neo4j-gds-src/proc/catalog/src/main/java/org/neo4j/gds/catalog/GraphDropRelationshipProc.java	40	NeedsArchitectureSpike	snapshot catalog plus sidecars	MissingEvidence	MissingEvidence	Complete GDS surface; Atomic publication	none
procedure	gds.graph.relationships.stream	catalog	READ	no	MissingEvidence	MissingEvidence	gitrefrepo/neo4j-gds-src/proc/catalog/src/main/java/org/neo4j/gds/catalog/GraphStreamRelationshipsProc.java	41	NeedsArchitectureSpike	snapshot catalog plus sidecars	MissingEvidence	MissingEvidence	Complete GDS surface; Atomic publication	none
procedure	gds.graph.removeNodeProperties	catalog	READ	no	MissingEvidence	MissingEvidence	gitrefrepo/neo4j-gds-src/proc/catalog/src/main/java/org/neo4j/gds/catalog/GraphDropNodePropertiesProc.java	53	NeedsArchitectureSpike	snapshot catalog plus sidecars	MissingEvidence	MissingEvidence	Complete GDS surface; Atomic publication	gds.graph.nodeProperties.drop
procedure	gds.graph.sample.cnarw	catalog	READ	no	MissingEvidence	MissingEvidence	gitrefrepo/neo4j-gds-src/proc/catalog/src/main/java/org/neo4j/gds/catalog/GraphSampleProc.java	71	NeedsArchitectureSpike	snapshot catalog plus sidecars	MissingEvidence	MissingEvidence	Complete GDS surface; Atomic publication	none
procedure	gds.graph.sample.cnarw.estimate	catalog	READ	yes	MissingEvidence	MissingEvidence	gitrefrepo/neo4j-gds-src/proc/catalog/src/main/java/org/neo4j/gds/catalog/GraphSampleProc.java	82	NeedsArchitectureSpike	snapshot catalog plus sidecars	MissingEvidence	MissingEvidence	Complete GDS surface; Atomic publication	none
procedure	gds.graph.sample.rwr	catalog	READ	no	MissingEvidence	MissingEvidence	gitrefrepo/neo4j-gds-src/proc/catalog/src/main/java/org/neo4j/gds/catalog/GraphSampleProc.java	44	NeedsArchitectureSpike	snapshot catalog plus sidecars	MissingEvidence	MissingEvidence	Complete GDS surface; Atomic publication	none
procedure	gds.graph.streamNodeProperties	catalog	READ	no	MissingEvidence	MissingEvidence	gitrefrepo/neo4j-gds-src/proc/catalog/src/main/java/org/neo4j/gds/catalog/GraphStreamNodePropertiesProc.java	60	NeedsArchitectureSpike	snapshot catalog plus sidecars	MissingEvidence	MissingEvidence	Complete GDS surface; Atomic publication	gds.graph.nodeProperties.stream
procedure	gds.graph.streamNodeProperty	catalog	READ	no	MissingEvidence	MissingEvidence	gitrefrepo/neo4j-gds-src/proc/catalog/src/main/java/org/neo4j/gds/catalog/GraphStreamNodePropertiesProc.java	102	NeedsArchitectureSpike	snapshot catalog plus sidecars	MissingEvidence	MissingEvidence	Complete GDS surface; Atomic publication	gds.graph.nodeProperty.stream
procedure	gds.graph.streamRelationshipProperties	catalog	READ	no	MissingEvidence	MissingEvidence	gitrefrepo/neo4j-gds-src/proc/catalog/src/main/java/org/neo4j/gds/catalog/GraphStreamRelationshipPropertiesProc.java	59	NeedsArchitectureSpike	snapshot catalog plus sidecars	MissingEvidence	MissingEvidence	Complete GDS surface; Atomic publication	gds.graph.relationshipProperties.stream
procedure	gds.graph.streamRelationshipProperty	catalog	READ	no	MissingEvidence	MissingEvidence	gitrefrepo/neo4j-gds-src/proc/catalog/src/main/java/org/neo4j/gds/catalog/GraphStreamRelationshipPropertiesProc.java	100	NeedsArchitectureSpike	snapshot catalog plus sidecars	MissingEvidence	MissingEvidence	Complete GDS surface; Atomic publication	gds.graph.relationshipProperty.stream
procedure	gds.graph.writeNodeProperties	catalog	WRITE	no	MissingEvidence	MissingEvidence	gitrefrepo/neo4j-gds-src/proc/catalog/src/main/java/org/neo4j/gds/catalog/GraphWriteNodePropertiesProc.java	52	NeedsArchitectureSpike	snapshot catalog plus sidecars	MissingEvidence	MissingEvidence	Complete GDS surface; Atomic publication	gds.graph.nodeProperties.write
procedure	gds.graph.writeRelationship	catalog	WRITE	no	MissingEvidence	MissingEvidence	gitrefrepo/neo4j-gds-src/proc/catalog/src/main/java/org/neo4j/gds/catalog/GraphWriteRelationshipProc.java	53	NeedsArchitectureSpike	snapshot catalog plus sidecars	MissingEvidence	MissingEvidence	Complete GDS surface; Atomic publication	gds.graph.relationships.write
procedure	gds.internal.graph.sizeOf	catalog	READ	no	MissingEvidence	MissingEvidence	gitrefrepo/neo4j-gds-src/proc/catalog/src/main/java/org/neo4j/gds/catalog/GraphMemoryUsageProc.java	38	NeedsArchitectureSpike	snapshot catalog plus sidecars	MissingEvidence	MissingEvidence	Complete GDS surface; Atomic publication	none
procedure	gds.model.drop	catalog	READ	no	MissingEvidence	MissingEvidence	gitrefrepo/neo4j-gds-src/proc/catalog/src/main/java/org/neo4j/gds/model/catalog/ModelDropProc.java	40	NeedsArchitectureSpike	snapshot catalog plus sidecars	MissingEvidence	MissingEvidence	Complete GDS surface; Atomic publication	none
procedure	gds.model.exists	catalog	READ	no	MissingEvidence	MissingEvidence	gitrefrepo/neo4j-gds-src/proc/catalog/src/main/java/org/neo4j/gds/model/catalog/ModelExistsProc.java	40	NeedsArchitectureSpike	snapshot catalog plus sidecars	MissingEvidence	MissingEvidence	Complete GDS surface; Atomic publication	none
procedure	gds.model.list	catalog	READ	no	MissingEvidence	MissingEvidence	gitrefrepo/neo4j-gds-src/proc/catalog/src/main/java/org/neo4j/gds/model/catalog/ModelListProc.java	41	NeedsArchitectureSpike	snapshot catalog plus sidecars	MissingEvidence	MissingEvidence	Complete GDS surface; Atomic publication	none
procedure	gds.alpha.closeness.harmonic.stream	centrality	READ	no	MissingEvidence	MissingEvidence	gitrefrepo/neo4j-gds-src/proc/centrality/src/main/java/org/neo4j/gds/harmonic/HarmonicCentralityStreamProc.java	53	NeedsArchitectureSpike	topology plus sidecars plus algorithm state	MissingEvidence	MissingEvidence	Complete GDS surface; Strict holistic RAM	gds.closeness.harmonic.stream
procedure	gds.alpha.closeness.harmonic.write	centrality	WRITE	no	MissingEvidence	MissingEvidence	gitrefrepo/neo4j-gds-src/proc/centrality/src/main/java/org/neo4j/gds/harmonic/HarmonicCentralityWriteProc.java	53	NeedsArchitectureSpike	topology plus sidecars plus algorithm state	MissingEvidence	MissingEvidence	Complete GDS surface; Strict holistic RAM	gds.closeness.harmonic.write
procedure	gds.alpha.hits.mutate	centrality	READ	no	MissingEvidence	MissingEvidence	gitrefrepo/neo4j-gds-src/proc/centrality/src/main/java/org/neo4j/gds/hits/HitsMutateProc.java	64	NeedsArchitectureSpike	topology plus sidecars plus algorithm state	MissingEvidence	MissingEvidence	Complete GDS surface; Strict holistic RAM	gds.hits.mutate
procedure	gds.alpha.hits.mutate.estimate	centrality	M	yes	MissingEvidence	MissingEvidence	gitrefrepo/neo4j-gds-src/proc/centrality/src/main/java/org/neo4j/gds/hits/HitsMutateProc.java	76	NeedsArchitectureSpike	topology plus sidecars plus algorithm state	MissingEvidence	MissingEvidence	Complete GDS surface; Strict holistic RAM	gds.hits.mutate.estimate
procedure	gds.articleRank.mutate	centrality	READ	no	MissingEvidence	MissingEvidence	gitrefrepo/neo4j-gds-src/proc/centrality/src/main/java/org/neo4j/gds/pagerank/ArticleRankMutateProc.java	41	NeedsArchitectureSpike	topology plus sidecars plus algorithm state	MissingEvidence	MissingEvidence	Complete GDS surface; Strict holistic RAM	none
procedure	gds.articleRank.mutate.estimate	centrality	READ	yes	MissingEvidence	MissingEvidence	gitrefrepo/neo4j-gds-src/proc/centrality/src/main/java/org/neo4j/gds/pagerank/ArticleRankMutateProc.java	50	NeedsArchitectureSpike	topology plus sidecars plus algorithm state	MissingEvidence	MissingEvidence	Complete GDS surface; Strict holistic RAM	none
procedure	gds.articleRank.stats	centrality	READ	no	MissingEvidence	MissingEvidence	gitrefrepo/neo4j-gds-src/proc/centrality/src/main/java/org/neo4j/gds/pagerank/ArticleRankStatsProc.java	41	NeedsArchitectureSpike	topology plus sidecars plus algorithm state	MissingEvidence	MissingEvidence	Complete GDS surface; Strict holistic RAM	none
procedure	gds.articleRank.stats.estimate	centrality	READ	yes	MissingEvidence	MissingEvidence	gitrefrepo/neo4j-gds-src/proc/centrality/src/main/java/org/neo4j/gds/pagerank/ArticleRankStatsProc.java	50	NeedsArchitectureSpike	topology plus sidecars plus algorithm state	MissingEvidence	MissingEvidence	Complete GDS surface; Strict holistic RAM	none
procedure	gds.articleRank.stream	centrality	READ	no	MissingEvidence	MissingEvidence	gitrefrepo/neo4j-gds-src/proc/centrality/src/main/java/org/neo4j/gds/pagerank/ArticleRankStreamProc.java	41	NeedsArchitectureSpike	topology plus sidecars plus algorithm state	MissingEvidence	MissingEvidence	Complete GDS surface; Strict holistic RAM	none
procedure	gds.articleRank.stream.estimate	centrality	READ	yes	MissingEvidence	MissingEvidence	gitrefrepo/neo4j-gds-src/proc/centrality/src/main/java/org/neo4j/gds/pagerank/ArticleRankStreamProc.java	50	NeedsArchitectureSpike	topology plus sidecars plus algorithm state	MissingEvidence	MissingEvidence	Complete GDS surface; Strict holistic RAM	none
procedure	gds.articleRank.write	centrality	WRITE	no	MissingEvidence	MissingEvidence	gitrefrepo/neo4j-gds-src/proc/centrality/src/main/java/org/neo4j/gds/pagerank/ArticleRankWriteProc.java	42	NeedsArchitectureSpike	topology plus sidecars plus algorithm state	MissingEvidence	MissingEvidence	Complete GDS surface; Strict holistic RAM	none
procedure	gds.articleRank.write.estimate	centrality	READ	yes	MissingEvidence	MissingEvidence	gitrefrepo/neo4j-gds-src/proc/centrality/src/main/java/org/neo4j/gds/pagerank/ArticleRankWriteProc.java	51	NeedsArchitectureSpike	topology plus sidecars plus algorithm state	MissingEvidence	MissingEvidence	Complete GDS surface; Strict holistic RAM	none
procedure	gds.articulationPoints.mutate	centrality	READ	no	MissingEvidence	MissingEvidence	gitrefrepo/neo4j-gds-src/proc/centrality/src/main/java/org/neo4j/gds/articulationpoints/ArticulationPointsMutateProc.java	42	NeedsArchitectureSpike	topology plus sidecars plus algorithm state	MissingEvidence	MissingEvidence	Complete GDS surface; Strict holistic RAM	none
procedure	gds.articulationPoints.mutate.estimate	centrality	READ	yes	MissingEvidence	MissingEvidence	gitrefrepo/neo4j-gds-src/proc/centrality/src/main/java/org/neo4j/gds/articulationpoints/ArticulationPointsMutateProc.java	51	NeedsArchitectureSpike	topology plus sidecars plus algorithm state	MissingEvidence	MissingEvidence	Complete GDS surface; Strict holistic RAM	none
procedure	gds.articulationPoints.stats	centrality	READ	no	MissingEvidence	MissingEvidence	gitrefrepo/neo4j-gds-src/proc/centrality/src/main/java/org/neo4j/gds/articulationpoints/ArticulationPointsStatsProc.java	42	NeedsArchitectureSpike	topology plus sidecars plus algorithm state	MissingEvidence	MissingEvidence	Complete GDS surface; Strict holistic RAM	none
procedure	gds.articulationPoints.stats.estimate	centrality	READ	yes	MissingEvidence	MissingEvidence	gitrefrepo/neo4j-gds-src/proc/centrality/src/main/java/org/neo4j/gds/articulationpoints/ArticulationPointsStatsProc.java	51	NeedsArchitectureSpike	topology plus sidecars plus algorithm state	MissingEvidence	MissingEvidence	Complete GDS surface; Strict holistic RAM	none
procedure	gds.articulationPoints.stream	centrality	READ	no	MissingEvidence	MissingEvidence	gitrefrepo/neo4j-gds-src/proc/centrality/src/main/java/org/neo4j/gds/articulationpoints/ArticulationPointsStreamProc.java	42	NeedsArchitectureSpike	topology plus sidecars plus algorithm state	MissingEvidence	MissingEvidence	Complete GDS surface; Strict holistic RAM	none
procedure	gds.articulationPoints.stream.estimate	centrality	READ	yes	MissingEvidence	MissingEvidence	gitrefrepo/neo4j-gds-src/proc/centrality/src/main/java/org/neo4j/gds/articulationpoints/ArticulationPointsStreamProc.java	51	NeedsArchitectureSpike	topology plus sidecars plus algorithm state	MissingEvidence	MissingEvidence	Complete GDS surface; Strict holistic RAM	none
procedure	gds.articulationPoints.write	centrality	WRITE	no	MissingEvidence	MissingEvidence	gitrefrepo/neo4j-gds-src/proc/centrality/src/main/java/org/neo4j/gds/articulationpoints/ArticulationPointsWriteProc.java	42	NeedsArchitectureSpike	topology plus sidecars plus algorithm state	MissingEvidence	MissingEvidence	Complete GDS surface; Strict holistic RAM	none
procedure	gds.articulationPoints.write.estimate	centrality	READ	yes	MissingEvidence	MissingEvidence	gitrefrepo/neo4j-gds-src/proc/centrality/src/main/java/org/neo4j/gds/articulationpoints/ArticulationPointsWriteProc.java	51	NeedsArchitectureSpike	topology plus sidecars plus algorithm state	MissingEvidence	MissingEvidence	Complete GDS surface; Strict holistic RAM	none
procedure	gds.beta.closeness.mutate	centrality	READ	no	MissingEvidence	MissingEvidence	gitrefrepo/neo4j-gds-src/proc/centrality/src/main/java/org/neo4j/gds/closeness/ClosenessCentralityMutateProc.java	52	NeedsArchitectureSpike	topology plus sidecars plus algorithm state	MissingEvidence	MissingEvidence	Complete GDS surface; Strict holistic RAM	gds.closeness.mutate
procedure	gds.beta.closeness.stats	centrality	READ	no	MissingEvidence	MissingEvidence	gitrefrepo/neo4j-gds-src/proc/centrality/src/main/java/org/neo4j/gds/closeness/ClosenessCentralityStatsProc.java	51	NeedsArchitectureSpike	topology plus sidecars plus algorithm state	MissingEvidence	MissingEvidence	Complete GDS surface; Strict holistic RAM	gds.closeness.stats
procedure	gds.beta.closeness.stream	centrality	READ	no	MissingEvidence	MissingEvidence	gitrefrepo/neo4j-gds-src/proc/centrality/src/main/java/org/neo4j/gds/closeness/ClosenessCentralityStreamProc.java	51	NeedsArchitectureSpike	topology plus sidecars plus algorithm state	MissingEvidence	MissingEvidence	Complete GDS surface; Strict holistic RAM	gds.closeness.stream
procedure	gds.beta.closeness.write	centrality	WRITE	no	MissingEvidence	MissingEvidence	gitrefrepo/neo4j-gds-src/proc/centrality/src/main/java/org/neo4j/gds/closeness/ClosenessCentralityWriteProc.java	52	NeedsArchitectureSpike	topology plus sidecars plus algorithm state	MissingEvidence	MissingEvidence	Complete GDS surface; Strict holistic RAM	gds.closeness.write
procedure	gds.betweenness.mutate	centrality	READ	no	MissingEvidence	MissingEvidence	gitrefrepo/neo4j-gds-src/proc/centrality/src/main/java/org/neo4j/gds/betweenness/BetweennessCentralityMutateProc.java	41	NeedsArchitectureSpike	topology plus sidecars plus algorithm state	MissingEvidence	MissingEvidence	Complete GDS surface; Strict holistic RAM	none
procedure	gds.betweenness.mutate.estimate	centrality	READ	yes	MissingEvidence	MissingEvidence	gitrefrepo/neo4j-gds-src/proc/centrality/src/main/java/org/neo4j/gds/betweenness/BetweennessCentralityMutateProc.java	50	NeedsArchitectureSpike	topology plus sidecars plus algorithm state	MissingEvidence	MissingEvidence	Complete GDS surface; Strict holistic RAM	none
procedure	gds.betweenness.stats	centrality	READ	no	MissingEvidence	MissingEvidence	gitrefrepo/neo4j-gds-src/proc/centrality/src/main/java/org/neo4j/gds/betweenness/BetweennessCentralityStatsProc.java	41	NeedsArchitectureSpike	topology plus sidecars plus algorithm state	MissingEvidence	MissingEvidence	Complete GDS surface; Strict holistic RAM	none
procedure	gds.betweenness.stats.estimate	centrality	READ	yes	MissingEvidence	MissingEvidence	gitrefrepo/neo4j-gds-src/proc/centrality/src/main/java/org/neo4j/gds/betweenness/BetweennessCentralityStatsProc.java	50	NeedsArchitectureSpike	topology plus sidecars plus algorithm state	MissingEvidence	MissingEvidence	Complete GDS surface; Strict holistic RAM	none
procedure	gds.betweenness.stream	centrality	READ	no	MissingEvidence	MissingEvidence	gitrefrepo/neo4j-gds-src/proc/centrality/src/main/java/org/neo4j/gds/betweenness/BetweennessCentralityStreamProc.java	41	NeedsArchitectureSpike	topology plus sidecars plus algorithm state	MissingEvidence	MissingEvidence	Complete GDS surface; Strict holistic RAM	none
procedure	gds.betweenness.stream.estimate	centrality	READ	yes	MissingEvidence	MissingEvidence	gitrefrepo/neo4j-gds-src/proc/centrality/src/main/java/org/neo4j/gds/betweenness/BetweennessCentralityStreamProc.java	50	NeedsArchitectureSpike	topology plus sidecars plus algorithm state	MissingEvidence	MissingEvidence	Complete GDS surface; Strict holistic RAM	none
procedure	gds.betweenness.write	centrality	WRITE	no	MissingEvidence	MissingEvidence	gitrefrepo/neo4j-gds-src/proc/centrality/src/main/java/org/neo4j/gds/betweenness/BetweennessCentralityWriteProc.java	42	NeedsArchitectureSpike	topology plus sidecars plus algorithm state	MissingEvidence	MissingEvidence	Complete GDS surface; Strict holistic RAM	none
procedure	gds.betweenness.write.estimate	centrality	READ	yes	MissingEvidence	MissingEvidence	gitrefrepo/neo4j-gds-src/proc/centrality/src/main/java/org/neo4j/gds/betweenness/BetweennessCentralityWriteProc.java	51	NeedsArchitectureSpike	topology plus sidecars plus algorithm state	MissingEvidence	MissingEvidence	Complete GDS surface; Strict holistic RAM	none
procedure	gds.bridges.stream	centrality	READ	no	MissingEvidence	MissingEvidence	gitrefrepo/neo4j-gds-src/proc/centrality/src/main/java/org/neo4j/gds/bridges/BridgesStreamProc.java	42	NeedsArchitectureSpike	topology plus sidecars plus algorithm state	MissingEvidence	MissingEvidence	Complete GDS surface; Strict holistic RAM	none
procedure	gds.bridges.stream.estimate	centrality	READ	yes	MissingEvidence	MissingEvidence	gitrefrepo/neo4j-gds-src/proc/centrality/src/main/java/org/neo4j/gds/bridges/BridgesStreamProc.java	51	NeedsArchitectureSpike	topology plus sidecars plus algorithm state	MissingEvidence	MissingEvidence	Complete GDS surface; Strict holistic RAM	none
procedure	gds.closeness.harmonic.mutate	centrality	READ	no	MissingEvidence	MissingEvidence	gitrefrepo/neo4j-gds-src/proc/centrality/src/main/java/org/neo4j/gds/harmonic/HarmonicCentralityMutateProc.java	39	NeedsArchitectureSpike	topology plus sidecars plus algorithm state	MissingEvidence	MissingEvidence	Complete GDS surface; Strict holistic RAM	none
procedure	gds.closeness.harmonic.stats	centrality	READ	no	MissingEvidence	MissingEvidence	gitrefrepo/neo4j-gds-src/proc/centrality/src/main/java/org/neo4j/gds/harmonic/HarmonicCentralityStatsProc.java	39	NeedsArchitectureSpike	topology plus sidecars plus algorithm state	MissingEvidence	MissingEvidence	Complete GDS surface; Strict holistic RAM	none
procedure	gds.closeness.harmonic.stream	centrality	READ	no	MissingEvidence	MissingEvidence	gitrefrepo/neo4j-gds-src/proc/centrality/src/main/java/org/neo4j/gds/harmonic/HarmonicCentralityStreamProc.java	42	NeedsArchitectureSpike	topology plus sidecars plus algorithm state	MissingEvidence	MissingEvidence	Complete GDS surface; Strict holistic RAM	none
procedure	gds.closeness.harmonic.write	centrality	WRITE	no	MissingEvidence	MissingEvidence	gitrefrepo/neo4j-gds-src/proc/centrality/src/main/java/org/neo4j/gds/harmonic/HarmonicCentralityWriteProc.java	42	NeedsArchitectureSpike	topology plus sidecars plus algorithm state	MissingEvidence	MissingEvidence	Complete GDS surface; Strict holistic RAM	none
procedure	gds.closeness.mutate	centrality	READ	no	MissingEvidence	MissingEvidence	gitrefrepo/neo4j-gds-src/proc/centrality/src/main/java/org/neo4j/gds/closeness/ClosenessCentralityMutateProc.java	41	NeedsArchitectureSpike	topology plus sidecars plus algorithm state	MissingEvidence	MissingEvidence	Complete GDS surface; Strict holistic RAM	none
procedure	gds.closeness.stats	centrality	READ	no	MissingEvidence	MissingEvidence	gitrefrepo/neo4j-gds-src/proc/centrality/src/main/java/org/neo4j/gds/closeness/ClosenessCentralityStatsProc.java	40	NeedsArchitectureSpike	topology plus sidecars plus algorithm state	MissingEvidence	MissingEvidence	Complete GDS surface; Strict holistic RAM	none
procedure	gds.closeness.stream	centrality	READ	no	MissingEvidence	MissingEvidence	gitrefrepo/neo4j-gds-src/proc/centrality/src/main/java/org/neo4j/gds/closeness/ClosenessCentralityStreamProc.java	40	NeedsArchitectureSpike	topology plus sidecars plus algorithm state	MissingEvidence	MissingEvidence	Complete GDS surface; Strict holistic RAM	none
procedure	gds.closeness.write	centrality	WRITE	no	MissingEvidence	MissingEvidence	gitrefrepo/neo4j-gds-src/proc/centrality/src/main/java/org/neo4j/gds/closeness/ClosenessCentralityWriteProc.java	41	NeedsArchitectureSpike	topology plus sidecars plus algorithm state	MissingEvidence	MissingEvidence	Complete GDS surface; Strict holistic RAM	none
procedure	gds.degree.mutate	centrality	READ	no	MissingEvidence	MissingEvidence	gitrefrepo/neo4j-gds-src/proc/centrality/src/main/java/org/neo4j/gds/degree/DegreeCentralityMutateProc.java	41	NeedsArchitectureSpike	topology plus sidecars plus algorithm state	MissingEvidence	MissingEvidence	Complete GDS surface; Strict holistic RAM	none
procedure	gds.degree.mutate.estimate	centrality	READ	yes	MissingEvidence	MissingEvidence	gitrefrepo/neo4j-gds-src/proc/centrality/src/main/java/org/neo4j/gds/degree/DegreeCentralityMutateProc.java	50	NeedsArchitectureSpike	topology plus sidecars plus algorithm state	MissingEvidence	MissingEvidence	Complete GDS surface; Strict holistic RAM	none
procedure	gds.degree.stats	centrality	READ	no	MissingEvidence	MissingEvidence	gitrefrepo/neo4j-gds-src/proc/centrality/src/main/java/org/neo4j/gds/degree/DegreeCentralityStatsProc.java	41	NeedsArchitectureSpike	topology plus sidecars plus algorithm state	MissingEvidence	MissingEvidence	Complete GDS surface; Strict holistic RAM	none
procedure	gds.degree.stats.estimate	centrality	READ	yes	MissingEvidence	MissingEvidence	gitrefrepo/neo4j-gds-src/proc/centrality/src/main/java/org/neo4j/gds/degree/DegreeCentralityStatsProc.java	50	NeedsArchitectureSpike	topology plus sidecars plus algorithm state	MissingEvidence	MissingEvidence	Complete GDS surface; Strict holistic RAM	none
procedure	gds.degree.stream	centrality	READ	no	MissingEvidence	MissingEvidence	gitrefrepo/neo4j-gds-src/proc/centrality/src/main/java/org/neo4j/gds/degree/DegreeCentralityStreamProc.java	41	NeedsArchitectureSpike	topology plus sidecars plus algorithm state	MissingEvidence	MissingEvidence	Complete GDS surface; Strict holistic RAM	none
procedure	gds.degree.stream.estimate	centrality	READ	yes	MissingEvidence	MissingEvidence	gitrefrepo/neo4j-gds-src/proc/centrality/src/main/java/org/neo4j/gds/degree/DegreeCentralityStreamProc.java	50	NeedsArchitectureSpike	topology plus sidecars plus algorithm state	MissingEvidence	MissingEvidence	Complete GDS surface; Strict holistic RAM	none
procedure	gds.degree.write	centrality	WRITE	no	MissingEvidence	MissingEvidence	gitrefrepo/neo4j-gds-src/proc/centrality/src/main/java/org/neo4j/gds/degree/DegreeCentralityWriteProc.java	42	NeedsArchitectureSpike	topology plus sidecars plus algorithm state	MissingEvidence	MissingEvidence	Complete GDS surface; Strict holistic RAM	none
procedure	gds.degree.write.estimate	centrality	READ	yes	MissingEvidence	MissingEvidence	gitrefrepo/neo4j-gds-src/proc/centrality/src/main/java/org/neo4j/gds/degree/DegreeCentralityWriteProc.java	51	NeedsArchitectureSpike	topology plus sidecars plus algorithm state	MissingEvidence	MissingEvidence	Complete GDS surface; Strict holistic RAM	none
procedure	gds.eigenvector.mutate	centrality	READ	no	MissingEvidence	MissingEvidence	gitrefrepo/neo4j-gds-src/proc/centrality/src/main/java/org/neo4j/gds/pagerank/EigenvectorMutateProc.java	41	NeedsArchitectureSpike	topology plus sidecars plus algorithm state	MissingEvidence	MissingEvidence	Complete GDS surface; Strict holistic RAM	none
procedure	gds.eigenvector.mutate.estimate	centrality	READ	yes	MissingEvidence	MissingEvidence	gitrefrepo/neo4j-gds-src/proc/centrality/src/main/java/org/neo4j/gds/pagerank/EigenvectorMutateProc.java	50	NeedsArchitectureSpike	topology plus sidecars plus algorithm state	MissingEvidence	MissingEvidence	Complete GDS surface; Strict holistic RAM	none
procedure	gds.eigenvector.stats	centrality	READ	no	MissingEvidence	MissingEvidence	gitrefrepo/neo4j-gds-src/proc/centrality/src/main/java/org/neo4j/gds/pagerank/EigenvectorStatsProc.java	41	NeedsArchitectureSpike	topology plus sidecars plus algorithm state	MissingEvidence	MissingEvidence	Complete GDS surface; Strict holistic RAM	none
procedure	gds.eigenvector.stats.estimate	centrality	READ	yes	MissingEvidence	MissingEvidence	gitrefrepo/neo4j-gds-src/proc/centrality/src/main/java/org/neo4j/gds/pagerank/EigenvectorStatsProc.java	50	NeedsArchitectureSpike	topology plus sidecars plus algorithm state	MissingEvidence	MissingEvidence	Complete GDS surface; Strict holistic RAM	none
procedure	gds.eigenvector.stream	centrality	READ	no	MissingEvidence	MissingEvidence	gitrefrepo/neo4j-gds-src/proc/centrality/src/main/java/org/neo4j/gds/pagerank/EigenvectorStreamProc.java	41	NeedsArchitectureSpike	topology plus sidecars plus algorithm state	MissingEvidence	MissingEvidence	Complete GDS surface; Strict holistic RAM	none
procedure	gds.eigenvector.stream.estimate	centrality	READ	yes	MissingEvidence	MissingEvidence	gitrefrepo/neo4j-gds-src/proc/centrality/src/main/java/org/neo4j/gds/pagerank/EigenvectorStreamProc.java	50	NeedsArchitectureSpike	topology plus sidecars plus algorithm state	MissingEvidence	MissingEvidence	Complete GDS surface; Strict holistic RAM	none
procedure	gds.eigenvector.write	centrality	WRITE	no	MissingEvidence	MissingEvidence	gitrefrepo/neo4j-gds-src/proc/centrality/src/main/java/org/neo4j/gds/pagerank/EigenvectorWriteProc.java	42	NeedsArchitectureSpike	topology plus sidecars plus algorithm state	MissingEvidence	MissingEvidence	Complete GDS surface; Strict holistic RAM	none
procedure	gds.eigenvector.write.estimate	centrality	READ	yes	MissingEvidence	MissingEvidence	gitrefrepo/neo4j-gds-src/proc/centrality/src/main/java/org/neo4j/gds/pagerank/EigenvectorWriteProc.java	51	NeedsArchitectureSpike	topology plus sidecars plus algorithm state	MissingEvidence	MissingEvidence	Complete GDS surface; Strict holistic RAM	none
procedure	gds.hits.mutate	centrality	READ	no	MissingEvidence	MissingEvidence	gitrefrepo/neo4j-gds-src/proc/centrality/src/main/java/org/neo4j/gds/hits/HitsMutateProc.java	44	NeedsArchitectureSpike	topology plus sidecars plus algorithm state	MissingEvidence	MissingEvidence	Complete GDS surface; Strict holistic RAM	none
procedure	gds.hits.mutate.estimate	centrality	READ	yes	MissingEvidence	MissingEvidence	gitrefrepo/neo4j-gds-src/proc/centrality/src/main/java/org/neo4j/gds/hits/HitsMutateProc.java	53	NeedsArchitectureSpike	topology plus sidecars plus algorithm state	MissingEvidence	MissingEvidence	Complete GDS surface; Strict holistic RAM	none
procedure	gds.hits.stats	centrality	READ	no	MissingEvidence	MissingEvidence	gitrefrepo/neo4j-gds-src/proc/centrality/src/main/java/org/neo4j/gds/hits/HitsStatsProc.java	43	NeedsArchitectureSpike	topology plus sidecars plus algorithm state	MissingEvidence	MissingEvidence	Complete GDS surface; Strict holistic RAM	none
procedure	gds.hits.stats.estimate	centrality	READ	yes	MissingEvidence	MissingEvidence	gitrefrepo/neo4j-gds-src/proc/centrality/src/main/java/org/neo4j/gds/hits/HitsStatsProc.java	52	NeedsArchitectureSpike	topology plus sidecars plus algorithm state	MissingEvidence	MissingEvidence	Complete GDS surface; Strict holistic RAM	none
procedure	gds.hits.stream	centrality	READ	no	MissingEvidence	MissingEvidence	gitrefrepo/neo4j-gds-src/proc/centrality/src/main/java/org/neo4j/gds/hits/HitsStreamProc.java	42	NeedsArchitectureSpike	topology plus sidecars plus algorithm state	MissingEvidence	MissingEvidence	Complete GDS surface; Strict holistic RAM	none
procedure	gds.hits.stream.estimate	centrality	READ	yes	MissingEvidence	MissingEvidence	gitrefrepo/neo4j-gds-src/proc/centrality/src/main/java/org/neo4j/gds/hits/HitsStreamProc.java	51	NeedsArchitectureSpike	topology plus sidecars plus algorithm state	MissingEvidence	MissingEvidence	Complete GDS surface; Strict holistic RAM	none
procedure	gds.hits.write	centrality	WRITE	no	MissingEvidence	MissingEvidence	gitrefrepo/neo4j-gds-src/proc/centrality/src/main/java/org/neo4j/gds/hits/HitsWriteProc.java	43	NeedsArchitectureSpike	topology plus sidecars plus algorithm state	MissingEvidence	MissingEvidence	Complete GDS surface; Strict holistic RAM	none
procedure	gds.hits.write.estimate	centrality	READ	yes	MissingEvidence	MissingEvidence	gitrefrepo/neo4j-gds-src/proc/centrality/src/main/java/org/neo4j/gds/hits/HitsWriteProc.java	52	NeedsArchitectureSpike	topology plus sidecars plus algorithm state	MissingEvidence	MissingEvidence	Complete GDS surface; Strict holistic RAM	none
procedure	gds.influenceMaximization.celf.mutate	centrality	READ	no	MissingEvidence	MissingEvidence	gitrefrepo/neo4j-gds-src/proc/centrality/src/main/java/org/neo4j/gds/influenceMaximization/CELFMutateProc.java	42	NeedsArchitectureSpike	topology plus sidecars plus algorithm state	MissingEvidence	MissingEvidence	Complete GDS surface; Strict holistic RAM	none
procedure	gds.influenceMaximization.celf.mutate.estimate	centrality	READ	yes	MissingEvidence	MissingEvidence	gitrefrepo/neo4j-gds-src/proc/centrality/src/main/java/org/neo4j/gds/influenceMaximization/CELFMutateProc.java	51	NeedsArchitectureSpike	topology plus sidecars plus algorithm state	MissingEvidence	MissingEvidence	Complete GDS surface; Strict holistic RAM	none
procedure	gds.influenceMaximization.celf.stats	centrality	READ	no	MissingEvidence	MissingEvidence	gitrefrepo/neo4j-gds-src/proc/centrality/src/main/java/org/neo4j/gds/influenceMaximization/CELFStatsProc.java	42	NeedsArchitectureSpike	topology plus sidecars plus algorithm state	MissingEvidence	MissingEvidence	Complete GDS surface; Strict holistic RAM	none
procedure	gds.influenceMaximization.celf.stats.estimate	centrality	READ	yes	MissingEvidence	MissingEvidence	gitrefrepo/neo4j-gds-src/proc/centrality/src/main/java/org/neo4j/gds/influenceMaximization/CELFStatsProc.java	51	NeedsArchitectureSpike	topology plus sidecars plus algorithm state	MissingEvidence	MissingEvidence	Complete GDS surface; Strict holistic RAM	none
procedure	gds.influenceMaximization.celf.stream	centrality	READ	no	MissingEvidence	MissingEvidence	gitrefrepo/neo4j-gds-src/proc/centrality/src/main/java/org/neo4j/gds/influenceMaximization/CELFStreamProc.java	42	NeedsArchitectureSpike	topology plus sidecars plus algorithm state	MissingEvidence	MissingEvidence	Complete GDS surface; Strict holistic RAM	none
procedure	gds.influenceMaximization.celf.stream.estimate	centrality	READ	yes	MissingEvidence	MissingEvidence	gitrefrepo/neo4j-gds-src/proc/centrality/src/main/java/org/neo4j/gds/influenceMaximization/CELFStreamProc.java	51	NeedsArchitectureSpike	topology plus sidecars plus algorithm state	MissingEvidence	MissingEvidence	Complete GDS surface; Strict holistic RAM	none
procedure	gds.influenceMaximization.celf.write	centrality	WRITE	no	MissingEvidence	MissingEvidence	gitrefrepo/neo4j-gds-src/proc/centrality/src/main/java/org/neo4j/gds/influenceMaximization/CELFWriteProc.java	43	NeedsArchitectureSpike	topology plus sidecars plus algorithm state	MissingEvidence	MissingEvidence	Complete GDS surface; Strict holistic RAM	none
procedure	gds.influenceMaximization.celf.write.estimate	centrality	READ	yes	MissingEvidence	MissingEvidence	gitrefrepo/neo4j-gds-src/proc/centrality/src/main/java/org/neo4j/gds/influenceMaximization/CELFWriteProc.java	52	NeedsArchitectureSpike	topology plus sidecars plus algorithm state	MissingEvidence	MissingEvidence	Complete GDS surface; Strict holistic RAM	none
procedure	gds.pageRank.mutate	centrality	READ	no	MissingEvidence	MissingEvidence	gitrefrepo/neo4j-gds-src/proc/centrality/src/main/java/org/neo4j/gds/pagerank/PageRankMutateProc.java	41	NeedsArchitectureSpike	topology plus sidecars plus algorithm state	MissingEvidence	MissingEvidence	Complete GDS surface; Strict holistic RAM	none
procedure	gds.pageRank.mutate.estimate	centrality	READ	yes	MissingEvidence	MissingEvidence	gitrefrepo/neo4j-gds-src/proc/centrality/src/main/java/org/neo4j/gds/pagerank/PageRankMutateProc.java	50	NeedsArchitectureSpike	topology plus sidecars plus algorithm state	MissingEvidence	MissingEvidence	Complete GDS surface; Strict holistic RAM	none
procedure	gds.pageRank.stats	centrality	READ	no	MissingEvidence	MissingEvidence	gitrefrepo/neo4j-gds-src/proc/centrality/src/main/java/org/neo4j/gds/pagerank/PageRankStatsProc.java	41	NeedsArchitectureSpike	topology plus sidecars plus algorithm state	MissingEvidence	MissingEvidence	Complete GDS surface; Strict holistic RAM	none
procedure	gds.pageRank.stats.estimate	centrality	READ	yes	MissingEvidence	MissingEvidence	gitrefrepo/neo4j-gds-src/proc/centrality/src/main/java/org/neo4j/gds/pagerank/PageRankStatsProc.java	50	NeedsArchitectureSpike	topology plus sidecars plus algorithm state	MissingEvidence	MissingEvidence	Complete GDS surface; Strict holistic RAM	none
procedure	gds.pageRank.stream	centrality	READ	no	MissingEvidence	MissingEvidence	gitrefrepo/neo4j-gds-src/proc/centrality/src/main/java/org/neo4j/gds/pagerank/PageRankStreamProc.java	41	NeedsArchitectureSpike	topology plus sidecars plus algorithm state	MissingEvidence	MissingEvidence	Complete GDS surface; Strict holistic RAM	none
procedure	gds.pageRank.stream.estimate	centrality	READ	yes	MissingEvidence	MissingEvidence	gitrefrepo/neo4j-gds-src/proc/centrality/src/main/java/org/neo4j/gds/pagerank/PageRankStreamProc.java	50	NeedsArchitectureSpike	topology plus sidecars plus algorithm state	MissingEvidence	MissingEvidence	Complete GDS surface; Strict holistic RAM	none
procedure	gds.pageRank.write	centrality	WRITE	no	MissingEvidence	MissingEvidence	gitrefrepo/neo4j-gds-src/proc/centrality/src/main/java/org/neo4j/gds/pagerank/PageRankWriteProc.java	42	NeedsArchitectureSpike	topology plus sidecars plus algorithm state	MissingEvidence	MissingEvidence	Complete GDS surface; Strict holistic RAM	none
procedure	gds.pageRank.write.estimate	centrality	READ	yes	MissingEvidence	MissingEvidence	gitrefrepo/neo4j-gds-src/proc/centrality/src/main/java/org/neo4j/gds/pagerank/PageRankWriteProc.java	51	NeedsArchitectureSpike	topology plus sidecars plus algorithm state	MissingEvidence	MissingEvidence	Complete GDS surface; Strict holistic RAM	none
user_function	gds.similarity.cosine	common	MissingEvidence	no	MissingEvidence	MissingEvidence	gitrefrepo/neo4j-gds-src/proc/common/src/main/java/org/neo4j/gds/functions/SimilaritiesFunc.java	52	NeedsArchitectureSpike	MissingEvidence	MissingEvidence	MissingEvidence	Complete GDS surface	none
user_function	gds.similarity.euclidean	common	MissingEvidence	no	MissingEvidence	MissingEvidence	gitrefrepo/neo4j-gds-src/proc/common/src/main/java/org/neo4j/gds/functions/SimilaritiesFunc.java	88	NeedsArchitectureSpike	MissingEvidence	MissingEvidence	MissingEvidence	Complete GDS surface	none
user_function	gds.similarity.euclideanDistance	common	MissingEvidence	no	MissingEvidence	MissingEvidence	gitrefrepo/neo4j-gds-src/proc/common/src/main/java/org/neo4j/gds/functions/SimilaritiesFunc.java	76	NeedsArchitectureSpike	MissingEvidence	MissingEvidence	MissingEvidence	Complete GDS surface	none
user_function	gds.similarity.jaccard	common	MissingEvidence	no	MissingEvidence	MissingEvidence	gitrefrepo/neo4j-gds-src/proc/common/src/main/java/org/neo4j/gds/functions/SimilaritiesFunc.java	40	NeedsArchitectureSpike	MissingEvidence	MissingEvidence	MissingEvidence	Complete GDS surface	none
user_function	gds.similarity.overlap	common	MissingEvidence	no	MissingEvidence	MissingEvidence	gitrefrepo/neo4j-gds-src/proc/common/src/main/java/org/neo4j/gds/functions/SimilaritiesFunc.java	97	NeedsArchitectureSpike	MissingEvidence	MissingEvidence	MissingEvidence	Complete GDS surface	none
user_function	gds.similarity.pearson	common	MissingEvidence	no	MissingEvidence	MissingEvidence	gitrefrepo/neo4j-gds-src/proc/common/src/main/java/org/neo4j/gds/functions/SimilaritiesFunc.java	64	NeedsArchitectureSpike	MissingEvidence	MissingEvidence	MissingEvidence	Complete GDS surface	none
user_function	gds.util.NaN	common	MissingEvidence	no	MissingEvidence	MissingEvidence	gitrefrepo/neo4j-gds-src/proc/common/src/main/java/org/neo4j/gds/functions/IsFiniteFunc.java	46	NeedsArchitectureSpike	MissingEvidence	MissingEvidence	MissingEvidence	Complete GDS surface	none
user_function	gds.util.asNode	common	MissingEvidence	no	MissingEvidence	MissingEvidence	gitrefrepo/neo4j-gds-src/proc/common/src/main/java/org/neo4j/gds/functions/AsNodeFunc.java	42	NeedsArchitectureSpike	MissingEvidence	MissingEvidence	MissingEvidence	Complete GDS surface	none
user_function	gds.util.asNodes	common	MissingEvidence	no	MissingEvidence	MissingEvidence	gitrefrepo/neo4j-gds-src/proc/common/src/main/java/org/neo4j/gds/functions/AsNodeFunc.java	48	NeedsArchitectureSpike	MissingEvidence	MissingEvidence	MissingEvidence	Complete GDS surface	none
user_function	gds.util.infinity	common	MissingEvidence	no	MissingEvidence	MissingEvidence	gitrefrepo/neo4j-gds-src/proc/common/src/main/java/org/neo4j/gds/functions/IsFiniteFunc.java	40	NeedsArchitectureSpike	MissingEvidence	MissingEvidence	MissingEvidence	Complete GDS surface	none
user_function	gds.util.isFinite	common	MissingEvidence	no	MissingEvidence	MissingEvidence	gitrefrepo/neo4j-gds-src/proc/common/src/main/java/org/neo4j/gds/functions/IsFiniteFunc.java	28	NeedsArchitectureSpike	MissingEvidence	MissingEvidence	MissingEvidence	Complete GDS surface	none
user_function	gds.util.isInfinite	common	MissingEvidence	no	MissingEvidence	MissingEvidence	gitrefrepo/neo4j-gds-src/proc/common/src/main/java/org/neo4j/gds/functions/IsFiniteFunc.java	34	NeedsArchitectureSpike	MissingEvidence	MissingEvidence	MissingEvidence	Complete GDS surface	none
user_function	gds.util.nodeProperty	common	MissingEvidence	no	MissingEvidence	MissingEvidence	gitrefrepo/neo4j-gds-src/proc/common/src/main/java/org/neo4j/gds/functions/NodePropertyFunc.java	50	NeedsArchitectureSpike	MissingEvidence	MissingEvidence	MissingEvidence	Complete GDS surface	none
procedure	gds.alpha.conductance.stream	community	READ	no	MissingEvidence	MissingEvidence	gitrefrepo/neo4j-gds-src/proc/community/src/main/java/org/neo4j/gds/conductance/ConductanceStreamProc.java	54	NeedsArchitectureSpike	topology plus sidecars plus iterative state	MissingEvidence	MissingEvidence	Complete GDS surface; Strict holistic RAM	gds.conductance.stream
procedure	gds.alpha.maxkcut.mutate	community	READ	no	MissingEvidence	MissingEvidence	gitrefrepo/neo4j-gds-src/proc/community/src/main/java/org/neo4j/gds/approxmaxkcut/ApproxMaxKCutMutateProc.java	62	NeedsArchitectureSpike	topology plus sidecars plus iterative state	MissingEvidence	MissingEvidence	Complete GDS surface; Strict holistic RAM	gds.maxkcut.mutate
procedure	gds.alpha.maxkcut.mutate.estimate	community	READ	yes	MissingEvidence	MissingEvidence	gitrefrepo/neo4j-gds-src/proc/community/src/main/java/org/neo4j/gds/approxmaxkcut/ApproxMaxKCutMutateProc.java	78	NeedsArchitectureSpike	topology plus sidecars plus iterative state	MissingEvidence	MissingEvidence	Complete GDS surface; Strict holistic RAM	gds.maxkcut.mutate.estimate
procedure	gds.alpha.maxkcut.stream	community	READ	no	MissingEvidence	MissingEvidence	gitrefrepo/neo4j-gds-src/proc/community/src/main/java/org/neo4j/gds/approxmaxkcut/ApproxMaxKCutStreamProc.java	62	NeedsArchitectureSpike	topology plus sidecars plus iterative state	MissingEvidence	MissingEvidence	Complete GDS surface; Strict holistic RAM	gds.maxcut.stream
procedure	gds.alpha.maxkcut.stream.estimate	community	READ	yes	MissingEvidence	MissingEvidence	gitrefrepo/neo4j-gds-src/proc/community/src/main/java/org/neo4j/gds/approxmaxkcut/ApproxMaxKCutStreamProc.java	77	NeedsArchitectureSpike	topology plus sidecars plus iterative state	MissingEvidence	MissingEvidence	Complete GDS surface; Strict holistic RAM	gds.maxcut.stream.estimate
procedure	gds.alpha.modularity.stats	community	READ	no	MissingEvidence	MissingEvidence	gitrefrepo/neo4j-gds-src/proc/community/src/main/java/org/neo4j/gds/modularity/ModularityStatsProc.java	62	NeedsArchitectureSpike	topology plus sidecars plus iterative state	MissingEvidence	MissingEvidence	Complete GDS surface; Strict holistic RAM	gds.modularity.stats
procedure	gds.alpha.modularity.stream	community	READ	no	MissingEvidence	MissingEvidence	gitrefrepo/neo4j-gds-src/proc/community/src/main/java/org/neo4j/gds/modularity/ModularityStreamProc.java	62	NeedsArchitectureSpike	topology plus sidecars plus iterative state	MissingEvidence	MissingEvidence	Complete GDS surface; Strict holistic RAM	gds.modularity.stream
procedure	gds.alpha.scc.stream	community	READ	no	MissingEvidence	MissingEvidence	gitrefrepo/neo4j-gds-src/proc/community/src/main/java/org/neo4j/gds/scc/SccStreamProc.java	60	NeedsArchitectureSpike	topology plus sidecars plus iterative state	MissingEvidence	MissingEvidence	Complete GDS surface; Strict holistic RAM	gds.scc.stream
procedure	gds.alpha.scc.write	community	WRITE	no	MissingEvidence	MissingEvidence	gitrefrepo/neo4j-gds-src/proc/community/src/main/java/org/neo4j/gds/scc/SccWriteProc.java	62	NeedsArchitectureSpike	topology plus sidecars plus iterative state	MissingEvidence	MissingEvidence	Complete GDS surface; Strict holistic RAM	gds.scc.write
procedure	gds.alpha.sllpa.mutate	community	READ	no	MissingEvidence	MissingEvidence	gitrefrepo/neo4j-gds-src/proc/community/src/main/java/org/neo4j/gds/sllpa/SpeakerListenerLPAMutateProc.java	64	NeedsArchitectureSpike	topology plus sidecars plus iterative state	MissingEvidence	MissingEvidence	Complete GDS surface; Strict holistic RAM	gds.sllpa.mutate
procedure	gds.alpha.sllpa.mutate.estimate	community	M	yes	MissingEvidence	MissingEvidence	gitrefrepo/neo4j-gds-src/proc/community/src/main/java/org/neo4j/gds/sllpa/SpeakerListenerLPAMutateProc.java	76	NeedsArchitectureSpike	topology plus sidecars plus iterative state	MissingEvidence	MissingEvidence	Complete GDS surface; Strict holistic RAM	gds.sllpa.mutate.estimate
procedure	gds.alpha.sllpa.stats	community	M	no	MissingEvidence	MissingEvidence	gitrefrepo/neo4j-gds-src/proc/community/src/main/java/org/neo4j/gds/sllpa/SpeakerListenerLPAStatsProc.java	64	NeedsArchitectureSpike	topology plus sidecars plus iterative state	MissingEvidence	MissingEvidence	Complete GDS surface; Strict holistic RAM	gds.sllpa.stats
procedure	gds.alpha.sllpa.stats.estimate	community	M	yes	MissingEvidence	MissingEvidence	gitrefrepo/neo4j-gds-src/proc/community/src/main/java/org/neo4j/gds/sllpa/SpeakerListenerLPAStatsProc.java	76	NeedsArchitectureSpike	topology plus sidecars plus iterative state	MissingEvidence	MissingEvidence	Complete GDS surface; Strict holistic RAM	gds.sllpa.stats.estimate
procedure	gds.alpha.sllpa.stream	community	M	no	MissingEvidence	MissingEvidence	gitrefrepo/neo4j-gds-src/proc/community/src/main/java/org/neo4j/gds/sllpa/SpeakerListenerLPAStreamProc.java	64	NeedsArchitectureSpike	topology plus sidecars plus iterative state	MissingEvidence	MissingEvidence	Complete GDS surface; Strict holistic RAM	gds.sllpa.stream
procedure	gds.alpha.sllpa.stream.estimate	community	M	yes	MissingEvidence	MissingEvidence	gitrefrepo/neo4j-gds-src/proc/community/src/main/java/org/neo4j/gds/sllpa/SpeakerListenerLPAStreamProc.java	76	NeedsArchitectureSpike	topology plus sidecars plus iterative state	MissingEvidence	MissingEvidence	Complete GDS surface; Strict holistic RAM	gds.sllpa.stream.estimate
procedure	gds.alpha.sllpa.write	community	M	no	MissingEvidence	MissingEvidence	gitrefrepo/neo4j-gds-src/proc/community/src/main/java/org/neo4j/gds/sllpa/SpeakerListenerLPAWriteProc.java	65	NeedsArchitectureSpike	topology plus sidecars plus iterative state	MissingEvidence	MissingEvidence	Complete GDS surface; Strict holistic RAM	gds.sllpa.write
procedure	gds.alpha.sllpa.write.estimate	community	M	yes	MissingEvidence	MissingEvidence	gitrefrepo/neo4j-gds-src/proc/community/src/main/java/org/neo4j/gds/sllpa/SpeakerListenerLPAWriteProc.java	77	NeedsArchitectureSpike	topology plus sidecars plus iterative state	MissingEvidence	MissingEvidence	Complete GDS surface; Strict holistic RAM	gds.sllpa.write.estimate
procedure	gds.alpha.triangles	community	READ	no	MissingEvidence	MissingEvidence	gitrefrepo/neo4j-gds-src/proc/community/src/main/java/org/neo4j/gds/triangle/TriangleProc.java	50	NeedsArchitectureSpike	topology plus sidecars plus iterative state	MissingEvidence	MissingEvidence	Complete GDS surface; Strict holistic RAM	gds.triangles
procedure	gds.beta.k1coloring.mutate	community	READ	no	MissingEvidence	MissingEvidence	gitrefrepo/neo4j-gds-src/proc/community/src/main/java/org/neo4j/gds/k1coloring/K1ColoringMutateProc.java	60	NeedsArchitectureSpike	topology plus sidecars plus iterative state	MissingEvidence	MissingEvidence	Complete GDS surface; Strict holistic RAM	gds.beta.k1coloring.mutate
procedure	gds.beta.k1coloring.mutate.estimate	community	READ	yes	MissingEvidence	MissingEvidence	gitrefrepo/neo4j-gds-src/proc/community/src/main/java/org/neo4j/gds/k1coloring/K1ColoringMutateProc.java	76	NeedsArchitectureSpike	topology plus sidecars plus iterative state	MissingEvidence	MissingEvidence	Complete GDS surface; Strict holistic RAM	gds.k1coloring.mutate.estimate
procedure	gds.beta.k1coloring.stats	community	READ	no	MissingEvidence	MissingEvidence	gitrefrepo/neo4j-gds-src/proc/community/src/main/java/org/neo4j/gds/k1coloring/K1ColoringStatsProc.java	60	NeedsArchitectureSpike	topology plus sidecars plus iterative state	MissingEvidence	MissingEvidence	Complete GDS surface; Strict holistic RAM	gds.k1coloring.stats
procedure	gds.beta.k1coloring.stats.estimate	community	READ	yes	MissingEvidence	MissingEvidence	gitrefrepo/neo4j-gds-src/proc/community/src/main/java/org/neo4j/gds/k1coloring/K1ColoringStatsProc.java	76	NeedsArchitectureSpike	topology plus sidecars plus iterative state	MissingEvidence	MissingEvidence	Complete GDS surface; Strict holistic RAM	gds.k1coloring.stats.estimate
procedure	gds.beta.k1coloring.stream	community	READ	no	MissingEvidence	MissingEvidence	gitrefrepo/neo4j-gds-src/proc/community/src/main/java/org/neo4j/gds/k1coloring/K1ColoringStreamProc.java	60	NeedsArchitectureSpike	topology plus sidecars plus iterative state	MissingEvidence	MissingEvidence	Complete GDS surface; Strict holistic RAM	gds.k1coloring.stream
procedure	gds.beta.k1coloring.stream.estimate	community	READ	yes	MissingEvidence	MissingEvidence	gitrefrepo/neo4j-gds-src/proc/community/src/main/java/org/neo4j/gds/k1coloring/K1ColoringStreamProc.java	76	NeedsArchitectureSpike	topology plus sidecars plus iterative state	MissingEvidence	MissingEvidence	Complete GDS surface; Strict holistic RAM	gds.k1coloring.stream.estimate
procedure	gds.beta.k1coloring.write	community	WRITE	no	MissingEvidence	MissingEvidence	gitrefrepo/neo4j-gds-src/proc/community/src/main/java/org/neo4j/gds/k1coloring/K1ColoringWriteProc.java	61	NeedsArchitectureSpike	topology plus sidecars plus iterative state	MissingEvidence	MissingEvidence	Complete GDS surface; Strict holistic RAM	gds.k1coloring.write
procedure	gds.beta.k1coloring.write.estimate	community	READ	yes	MissingEvidence	MissingEvidence	gitrefrepo/neo4j-gds-src/proc/community/src/main/java/org/neo4j/gds/k1coloring/K1ColoringWriteProc.java	77	NeedsArchitectureSpike	topology plus sidecars plus iterative state	MissingEvidence	MissingEvidence	Complete GDS surface; Strict holistic RAM	gds.k1coloring.write.estimate
procedure	gds.beta.kmeans.mutate	community	READ	no	MissingEvidence	MissingEvidence	gitrefrepo/neo4j-gds-src/proc/community/src/main/java/org/neo4j/gds/kmeans/KmeansMutateProc.java	53	NeedsArchitectureSpike	topology plus sidecars plus iterative state	MissingEvidence	MissingEvidence	Complete GDS surface; Strict holistic RAM	gds.kmeans.mutate
procedure	gds.beta.kmeans.mutate.estimate	community	READ	yes	MissingEvidence	MissingEvidence	gitrefrepo/neo4j-gds-src/proc/community/src/main/java/org/neo4j/gds/kmeans/KmeansMutateProc.java	77	NeedsArchitectureSpike	topology plus sidecars plus iterative state	MissingEvidence	MissingEvidence	Complete GDS surface; Strict holistic RAM	gds.kmeans.mutate.estimate
procedure	gds.beta.kmeans.stats	community	READ	no	MissingEvidence	MissingEvidence	gitrefrepo/neo4j-gds-src/proc/community/src/main/java/org/neo4j/gds/kmeans/KmeansStatsProc.java	53	NeedsArchitectureSpike	topology plus sidecars plus iterative state	MissingEvidence	MissingEvidence	Complete GDS surface; Strict holistic RAM	gds.kmeans.stats
procedure	gds.beta.kmeans.stats.estimate	community	READ	yes	MissingEvidence	MissingEvidence	gitrefrepo/neo4j-gds-src/proc/community/src/main/java/org/neo4j/gds/kmeans/KmeansStatsProc.java	77	NeedsArchitectureSpike	topology plus sidecars plus iterative state	MissingEvidence	MissingEvidence	Complete GDS surface; Strict holistic RAM	gds.kmeans.stats.estimate
procedure	gds.beta.kmeans.stream	community	READ	no	MissingEvidence	MissingEvidence	gitrefrepo/neo4j-gds-src/proc/community/src/main/java/org/neo4j/gds/kmeans/KmeansStreamProc.java	53	NeedsArchitectureSpike	topology plus sidecars plus iterative state	MissingEvidence	MissingEvidence	Complete GDS surface; Strict holistic RAM	gds.kmeans.stream
procedure	gds.beta.kmeans.stream.estimate	community	READ	yes	MissingEvidence	MissingEvidence	gitrefrepo/neo4j-gds-src/proc/community/src/main/java/org/neo4j/gds/kmeans/KmeansStreamProc.java	76	NeedsArchitectureSpike	topology plus sidecars plus iterative state	MissingEvidence	MissingEvidence	Complete GDS surface; Strict holistic RAM	gds.kmeans.stream.estimate
procedure	gds.beta.kmeans.write	community	WRITE	no	MissingEvidence	MissingEvidence	gitrefrepo/neo4j-gds-src/proc/community/src/main/java/org/neo4j/gds/kmeans/KmeansWriteProc.java	54	NeedsArchitectureSpike	topology plus sidecars plus iterative state	MissingEvidence	MissingEvidence	Complete GDS surface; Strict holistic RAM	gds.beta.kmeans.write
procedure	gds.beta.kmeans.write.estimate	community	READ	yes	MissingEvidence	MissingEvidence	gitrefrepo/neo4j-gds-src/proc/community/src/main/java/org/neo4j/gds/kmeans/KmeansWriteProc.java	78	NeedsArchitectureSpike	topology plus sidecars plus iterative state	MissingEvidence	MissingEvidence	Complete GDS surface; Strict holistic RAM	gds.kmeans.write.estimate
procedure	gds.beta.leiden.mutate	community	READ	no	MissingEvidence	MissingEvidence	gitrefrepo/neo4j-gds-src/proc/community/src/main/java/org/neo4j/gds/leiden/LeidenMutateProc.java	62	NeedsArchitectureSpike	topology plus sidecars plus iterative state	MissingEvidence	MissingEvidence	Complete GDS surface; Strict holistic RAM	gds.leiden.mutate
procedure	gds.beta.leiden.mutate.estimate	community	READ	yes	MissingEvidence	MissingEvidence	gitrefrepo/neo4j-gds-src/proc/community/src/main/java/org/neo4j/gds/leiden/LeidenMutateProc.java	78	NeedsArchitectureSpike	topology plus sidecars plus iterative state	MissingEvidence	MissingEvidence	Complete GDS surface; Strict holistic RAM	gds.leiden.mutate.estimate
procedure	gds.beta.leiden.stats	community	READ	no	MissingEvidence	MissingEvidence	gitrefrepo/neo4j-gds-src/proc/community/src/main/java/org/neo4j/gds/leiden/LeidenStatsProc.java	62	NeedsArchitectureSpike	topology plus sidecars plus iterative state	MissingEvidence	MissingEvidence	Complete GDS surface; Strict holistic RAM	gds.leiden.stats
procedure	gds.beta.leiden.stats.estimate	community	READ	yes	MissingEvidence	MissingEvidence	gitrefrepo/neo4j-gds-src/proc/community/src/main/java/org/neo4j/gds/leiden/LeidenStatsProc.java	78	NeedsArchitectureSpike	topology plus sidecars plus iterative state	MissingEvidence	MissingEvidence	Complete GDS surface; Strict holistic RAM	gds.leiden.stats.estimate
procedure	gds.beta.leiden.stream	community	READ	no	MissingEvidence	MissingEvidence	gitrefrepo/neo4j-gds-src/proc/community/src/main/java/org/neo4j/gds/leiden/LeidenStreamProc.java	62	NeedsArchitectureSpike	topology plus sidecars plus iterative state	MissingEvidence	MissingEvidence	Complete GDS surface; Strict holistic RAM	gds.leiden.stream
procedure	gds.beta.leiden.stream.estimate	community	READ	yes	MissingEvidence	MissingEvidence	gitrefrepo/neo4j-gds-src/proc/community/src/main/java/org/neo4j/gds/leiden/LeidenStreamProc.java	78	NeedsArchitectureSpike	topology plus sidecars plus iterative state	MissingEvidence	MissingEvidence	Complete GDS surface; Strict holistic RAM	gds.leiden.stream.estimate
procedure	gds.beta.leiden.write	community	WRITE	no	MissingEvidence	MissingEvidence	gitrefrepo/neo4j-gds-src/proc/community/src/main/java/org/neo4j/gds/leiden/LeidenWriteProc.java	63	NeedsArchitectureSpike	topology plus sidecars plus iterative state	MissingEvidence	MissingEvidence	Complete GDS surface; Strict holistic RAM	gds.leiden.write
procedure	gds.beta.leiden.write.estimate	community	READ	yes	MissingEvidence	MissingEvidence	gitrefrepo/neo4j-gds-src/proc/community/src/main/java/org/neo4j/gds/leiden/LeidenWriteProc.java	79	NeedsArchitectureSpike	topology plus sidecars plus iterative state	MissingEvidence	MissingEvidence	Complete GDS surface; Strict holistic RAM	gds.leiden.write.estimate
procedure	gds.beta.modularityOptimization.mutate	community	READ	no	MissingEvidence	MissingEvidence	gitrefrepo/neo4j-gds-src/proc/community/src/main/java/org/neo4j/gds/modularityoptimization/ModularityOptimizationMutateProc.java	62	NeedsArchitectureSpike	topology plus sidecars plus iterative state	MissingEvidence	MissingEvidence	Complete GDS surface; Strict holistic RAM	gds.modularityOptimization.mutate
procedure	gds.beta.modularityOptimization.mutate.estimate	community	READ	yes	MissingEvidence	MissingEvidence	gitrefrepo/neo4j-gds-src/proc/community/src/main/java/org/neo4j/gds/modularityoptimization/ModularityOptimizationMutateProc.java	78	NeedsArchitectureSpike	topology plus sidecars plus iterative state	MissingEvidence	MissingEvidence	Complete GDS surface; Strict holistic RAM	gds.modularityOptimization.mutate.estimate
procedure	gds.beta.modularityOptimization.stream	community	READ	no	MissingEvidence	MissingEvidence	gitrefrepo/neo4j-gds-src/proc/community/src/main/java/org/neo4j/gds/modularityoptimization/ModularityOptimizationStreamProc.java	62	NeedsArchitectureSpike	topology plus sidecars plus iterative state	MissingEvidence	MissingEvidence	Complete GDS surface; Strict holistic RAM	gds.modularityOptimization.stream
procedure	gds.beta.modularityOptimization.stream.estimate	community	READ	yes	MissingEvidence	MissingEvidence	gitrefrepo/neo4j-gds-src/proc/community/src/main/java/org/neo4j/gds/modularityoptimization/ModularityOptimizationStreamProc.java	78	NeedsArchitectureSpike	topology plus sidecars plus iterative state	MissingEvidence	MissingEvidence	Complete GDS surface; Strict holistic RAM	gds.modularityOptimization.stream.estimate
procedure	gds.beta.modularityOptimization.write	community	WRITE	no	MissingEvidence	MissingEvidence	gitrefrepo/neo4j-gds-src/proc/community/src/main/java/org/neo4j/gds/modularityoptimization/ModularityOptimizationWriteProc.java	63	NeedsArchitectureSpike	topology plus sidecars plus iterative state	MissingEvidence	MissingEvidence	Complete GDS surface; Strict holistic RAM	gds.modularityOptimization.write
procedure	gds.beta.modularityOptimization.write.estimate	community	READ	yes	MissingEvidence	MissingEvidence	gitrefrepo/neo4j-gds-src/proc/community/src/main/java/org/neo4j/gds/modularityoptimization/ModularityOptimizationWriteProc.java	79	NeedsArchitectureSpike	topology plus sidecars plus iterative state	MissingEvidence	MissingEvidence	Complete GDS surface; Strict holistic RAM	gds.modularityOptimization.write.estimate
procedure	gds.conductance.stream	community	READ	no	MissingEvidence	MissingEvidence	gitrefrepo/neo4j-gds-src/proc/community/src/main/java/org/neo4j/gds/conductance/ConductanceStreamProc.java	43	NeedsArchitectureSpike	topology plus sidecars plus iterative state	MissingEvidence	MissingEvidence	Complete GDS surface; Strict holistic RAM	none
procedure	gds.k1coloring.mutate	community	READ	no	MissingEvidence	MissingEvidence	gitrefrepo/neo4j-gds-src/proc/community/src/main/java/org/neo4j/gds/k1coloring/K1ColoringMutateProc.java	42	NeedsArchitectureSpike	topology plus sidecars plus iterative state	MissingEvidence	MissingEvidence	Complete GDS surface; Strict holistic RAM	none
procedure	gds.k1coloring.mutate.estimate	community	READ	yes	MissingEvidence	MissingEvidence	gitrefrepo/neo4j-gds-src/proc/community/src/main/java/org/neo4j/gds/k1coloring/K1ColoringMutateProc.java	51	NeedsArchitectureSpike	topology plus sidecars plus iterative state	MissingEvidence	MissingEvidence	Complete GDS surface; Strict holistic RAM	none
procedure	gds.k1coloring.stats	community	READ	no	MissingEvidence	MissingEvidence	gitrefrepo/neo4j-gds-src/proc/community/src/main/java/org/neo4j/gds/k1coloring/K1ColoringStatsProc.java	42	NeedsArchitectureSpike	topology plus sidecars plus iterative state	MissingEvidence	MissingEvidence	Complete GDS surface; Strict holistic RAM	none
procedure	gds.k1coloring.stats.estimate	community	READ	yes	MissingEvidence	MissingEvidence	gitrefrepo/neo4j-gds-src/proc/community/src/main/java/org/neo4j/gds/k1coloring/K1ColoringStatsProc.java	51	NeedsArchitectureSpike	topology plus sidecars plus iterative state	MissingEvidence	MissingEvidence	Complete GDS surface; Strict holistic RAM	none
procedure	gds.k1coloring.stream	community	READ	no	MissingEvidence	MissingEvidence	gitrefrepo/neo4j-gds-src/proc/community/src/main/java/org/neo4j/gds/k1coloring/K1ColoringStreamProc.java	42	NeedsArchitectureSpike	topology plus sidecars plus iterative state	MissingEvidence	MissingEvidence	Complete GDS surface; Strict holistic RAM	none
procedure	gds.k1coloring.stream.estimate	community	READ	yes	MissingEvidence	MissingEvidence	gitrefrepo/neo4j-gds-src/proc/community/src/main/java/org/neo4j/gds/k1coloring/K1ColoringStreamProc.java	51	NeedsArchitectureSpike	topology plus sidecars plus iterative state	MissingEvidence	MissingEvidence	Complete GDS surface; Strict holistic RAM	none
procedure	gds.k1coloring.write	community	WRITE	no	MissingEvidence	MissingEvidence	gitrefrepo/neo4j-gds-src/proc/community/src/main/java/org/neo4j/gds/k1coloring/K1ColoringWriteProc.java	43	NeedsArchitectureSpike	topology plus sidecars plus iterative state	MissingEvidence	MissingEvidence	Complete GDS surface; Strict holistic RAM	none
procedure	gds.k1coloring.write.estimate	community	READ	yes	MissingEvidence	MissingEvidence	gitrefrepo/neo4j-gds-src/proc/community/src/main/java/org/neo4j/gds/k1coloring/K1ColoringWriteProc.java	52	NeedsArchitectureSpike	topology plus sidecars plus iterative state	MissingEvidence	MissingEvidence	Complete GDS surface; Strict holistic RAM	none
procedure	gds.kcore.mutate	community	READ	no	MissingEvidence	MissingEvidence	gitrefrepo/neo4j-gds-src/proc/community/src/main/java/org/neo4j/gds/kcore/KCoreDecompositionMutateProc.java	41	NeedsArchitectureSpike	topology plus sidecars plus iterative state	MissingEvidence	MissingEvidence	Complete GDS surface; Strict holistic RAM	none
procedure	gds.kcore.mutate.estimate	community	READ	yes	MissingEvidence	MissingEvidence	gitrefrepo/neo4j-gds-src/proc/community/src/main/java/org/neo4j/gds/kcore/KCoreDecompositionMutateProc.java	50	NeedsArchitectureSpike	topology plus sidecars plus iterative state	MissingEvidence	MissingEvidence	Complete GDS surface; Strict holistic RAM	none
procedure	gds.kcore.stats	community	READ	no	MissingEvidence	MissingEvidence	gitrefrepo/neo4j-gds-src/proc/community/src/main/java/org/neo4j/gds/kcore/KCoreDecompositionStatsProc.java	41	NeedsArchitectureSpike	topology plus sidecars plus iterative state	MissingEvidence	MissingEvidence	Complete GDS surface; Strict holistic RAM	none
procedure	gds.kcore.stats.estimate	community	READ	yes	MissingEvidence	MissingEvidence	gitrefrepo/neo4j-gds-src/proc/community/src/main/java/org/neo4j/gds/kcore/KCoreDecompositionStatsProc.java	50	NeedsArchitectureSpike	topology plus sidecars plus iterative state	MissingEvidence	MissingEvidence	Complete GDS surface; Strict holistic RAM	none
procedure	gds.kcore.stream	community	READ	no	MissingEvidence	MissingEvidence	gitrefrepo/neo4j-gds-src/proc/community/src/main/java/org/neo4j/gds/kcore/KCoreDecompositionStreamProc.java	41	NeedsArchitectureSpike	topology plus sidecars plus iterative state	MissingEvidence	MissingEvidence	Complete GDS surface; Strict holistic RAM	none
procedure	gds.kcore.stream.estimate	community	READ	yes	MissingEvidence	MissingEvidence	gitrefrepo/neo4j-gds-src/proc/community/src/main/java/org/neo4j/gds/kcore/KCoreDecompositionStreamProc.java	49	NeedsArchitectureSpike	topology plus sidecars plus iterative state	MissingEvidence	MissingEvidence	Complete GDS surface; Strict holistic RAM	none
procedure	gds.kcore.write	community	WRITE	no	MissingEvidence	MissingEvidence	gitrefrepo/neo4j-gds-src/proc/community/src/main/java/org/neo4j/gds/kcore/KCoreDecompositionWriteProc.java	42	NeedsArchitectureSpike	topology plus sidecars plus iterative state	MissingEvidence	MissingEvidence	Complete GDS surface; Strict holistic RAM	none
procedure	gds.kcore.write.estimate	community	READ	yes	MissingEvidence	MissingEvidence	gitrefrepo/neo4j-gds-src/proc/community/src/main/java/org/neo4j/gds/kcore/KCoreDecompositionWriteProc.java	51	NeedsArchitectureSpike	topology plus sidecars plus iterative state	MissingEvidence	MissingEvidence	Complete GDS surface; Strict holistic RAM	none
procedure	gds.kmeans.mutate	community	READ	no	MissingEvidence	MissingEvidence	gitrefrepo/neo4j-gds-src/proc/community/src/main/java/org/neo4j/gds/kmeans/KmeansMutateProc.java	42	NeedsArchitectureSpike	topology plus sidecars plus iterative state	MissingEvidence	MissingEvidence	Complete GDS surface; Strict holistic RAM	none
procedure	gds.kmeans.mutate.estimate	community	READ	yes	MissingEvidence	MissingEvidence	gitrefrepo/neo4j-gds-src/proc/community/src/main/java/org/neo4j/gds/kmeans/KmeansMutateProc.java	66	NeedsArchitectureSpike	topology plus sidecars plus iterative state	MissingEvidence	MissingEvidence	Complete GDS surface; Strict holistic RAM	none
procedure	gds.kmeans.stats	community	READ	no	MissingEvidence	MissingEvidence	gitrefrepo/neo4j-gds-src/proc/community/src/main/java/org/neo4j/gds/kmeans/KmeansStatsProc.java	42	NeedsArchitectureSpike	topology plus sidecars plus iterative state	MissingEvidence	MissingEvidence	Complete GDS surface; Strict holistic RAM	none
procedure	gds.kmeans.stats.estimate	community	READ	yes	MissingEvidence	MissingEvidence	gitrefrepo/neo4j-gds-src/proc/community/src/main/java/org/neo4j/gds/kmeans/KmeansStatsProc.java	66	NeedsArchitectureSpike	topology plus sidecars plus iterative state	MissingEvidence	MissingEvidence	Complete GDS surface; Strict holistic RAM	none
procedure	gds.kmeans.stream	community	READ	no	MissingEvidence	MissingEvidence	gitrefrepo/neo4j-gds-src/proc/community/src/main/java/org/neo4j/gds/kmeans/KmeansStreamProc.java	42	NeedsArchitectureSpike	topology plus sidecars plus iterative state	MissingEvidence	MissingEvidence	Complete GDS surface; Strict holistic RAM	none
procedure	gds.kmeans.stream.estimate	community	READ	yes	MissingEvidence	MissingEvidence	gitrefrepo/neo4j-gds-src/proc/community/src/main/java/org/neo4j/gds/kmeans/KmeansStreamProc.java	65	NeedsArchitectureSpike	topology plus sidecars plus iterative state	MissingEvidence	MissingEvidence	Complete GDS surface; Strict holistic RAM	none
procedure	gds.kmeans.write	community	WRITE	no	MissingEvidence	MissingEvidence	gitrefrepo/neo4j-gds-src/proc/community/src/main/java/org/neo4j/gds/kmeans/KmeansWriteProc.java	43	NeedsArchitectureSpike	topology plus sidecars plus iterative state	MissingEvidence	MissingEvidence	Complete GDS surface; Strict holistic RAM	none
procedure	gds.kmeans.write.estimate	community	READ	yes	MissingEvidence	MissingEvidence	gitrefrepo/neo4j-gds-src/proc/community/src/main/java/org/neo4j/gds/kmeans/KmeansWriteProc.java	67	NeedsArchitectureSpike	topology plus sidecars plus iterative state	MissingEvidence	MissingEvidence	Complete GDS surface; Strict holistic RAM	none
procedure	gds.labelPropagation.mutate	community	READ	no	MissingEvidence	MissingEvidence	gitrefrepo/neo4j-gds-src/proc/community/src/main/java/org/neo4j/gds/labelpropagation/LabelPropagationMutateProc.java	41	NeedsArchitectureSpike	topology plus sidecars plus iterative state	MissingEvidence	MissingEvidence	Complete GDS surface; Strict holistic RAM	none
procedure	gds.labelPropagation.mutate.estimate	community	READ	yes	MissingEvidence	MissingEvidence	gitrefrepo/neo4j-gds-src/proc/community/src/main/java/org/neo4j/gds/labelpropagation/LabelPropagationMutateProc.java	50	NeedsArchitectureSpike	topology plus sidecars plus iterative state	MissingEvidence	MissingEvidence	Complete GDS surface; Strict holistic RAM	none
procedure	gds.labelPropagation.stats	community	READ	no	MissingEvidence	MissingEvidence	gitrefrepo/neo4j-gds-src/proc/community/src/main/java/org/neo4j/gds/labelpropagation/LabelPropagationStatsProc.java	41	NeedsArchitectureSpike	topology plus sidecars plus iterative state	MissingEvidence	MissingEvidence	Complete GDS surface; Strict holistic RAM	none
procedure	gds.labelPropagation.stats.estimate	community	READ	yes	MissingEvidence	MissingEvidence	gitrefrepo/neo4j-gds-src/proc/community/src/main/java/org/neo4j/gds/labelpropagation/LabelPropagationStatsProc.java	50	NeedsArchitectureSpike	topology plus sidecars plus iterative state	MissingEvidence	MissingEvidence	Complete GDS surface; Strict holistic RAM	none
procedure	gds.labelPropagation.stream	community	READ	no	MissingEvidence	MissingEvidence	gitrefrepo/neo4j-gds-src/proc/community/src/main/java/org/neo4j/gds/labelpropagation/LabelPropagationStreamProc.java	41	NeedsArchitectureSpike	topology plus sidecars plus iterative state	MissingEvidence	MissingEvidence	Complete GDS surface; Strict holistic RAM	none
procedure	gds.labelPropagation.stream.estimate	community	READ	yes	MissingEvidence	MissingEvidence	gitrefrepo/neo4j-gds-src/proc/community/src/main/java/org/neo4j/gds/labelpropagation/LabelPropagationStreamProc.java	50	NeedsArchitectureSpike	topology plus sidecars plus iterative state	MissingEvidence	MissingEvidence	Complete GDS surface; Strict holistic RAM	none
procedure	gds.labelPropagation.write	community	WRITE	no	MissingEvidence	MissingEvidence	gitrefrepo/neo4j-gds-src/proc/community/src/main/java/org/neo4j/gds/labelpropagation/LabelPropagationWriteProc.java	42	NeedsArchitectureSpike	topology plus sidecars plus iterative state	MissingEvidence	MissingEvidence	Complete GDS surface; Strict holistic RAM	none
procedure	gds.labelPropagation.write.estimate	community	READ	yes	MissingEvidence	MissingEvidence	gitrefrepo/neo4j-gds-src/proc/community/src/main/java/org/neo4j/gds/labelpropagation/LabelPropagationWriteProc.java	51	NeedsArchitectureSpike	topology plus sidecars plus iterative state	MissingEvidence	MissingEvidence	Complete GDS surface; Strict holistic RAM	none
procedure	gds.leiden.mutate	community	READ	no	MissingEvidence	MissingEvidence	gitrefrepo/neo4j-gds-src/proc/community/src/main/java/org/neo4j/gds/leiden/LeidenMutateProc.java	42	NeedsArchitectureSpike	topology plus sidecars plus iterative state	MissingEvidence	MissingEvidence	Complete GDS surface; Strict holistic RAM	none
procedure	gds.leiden.mutate.estimate	community	READ	yes	MissingEvidence	MissingEvidence	gitrefrepo/neo4j-gds-src/proc/community/src/main/java/org/neo4j/gds/leiden/LeidenMutateProc.java	51	NeedsArchitectureSpike	topology plus sidecars plus iterative state	MissingEvidence	MissingEvidence	Complete GDS surface; Strict holistic RAM	none
procedure	gds.leiden.stats	community	READ	no	MissingEvidence	MissingEvidence	gitrefrepo/neo4j-gds-src/proc/community/src/main/java/org/neo4j/gds/leiden/LeidenStatsProc.java	42	NeedsArchitectureSpike	topology plus sidecars plus iterative state	MissingEvidence	MissingEvidence	Complete GDS surface; Strict holistic RAM	none
procedure	gds.leiden.stats.estimate	community	READ	yes	MissingEvidence	MissingEvidence	gitrefrepo/neo4j-gds-src/proc/community/src/main/java/org/neo4j/gds/leiden/LeidenStatsProc.java	51	NeedsArchitectureSpike	topology plus sidecars plus iterative state	MissingEvidence	MissingEvidence	Complete GDS surface; Strict holistic RAM	none
procedure	gds.leiden.stream	community	READ	no	MissingEvidence	MissingEvidence	gitrefrepo/neo4j-gds-src/proc/community/src/main/java/org/neo4j/gds/leiden/LeidenStreamProc.java	42	NeedsArchitectureSpike	topology plus sidecars plus iterative state	MissingEvidence	MissingEvidence	Complete GDS surface; Strict holistic RAM	none
procedure	gds.leiden.stream.estimate	community	READ	yes	MissingEvidence	MissingEvidence	gitrefrepo/neo4j-gds-src/proc/community/src/main/java/org/neo4j/gds/leiden/LeidenStreamProc.java	51	NeedsArchitectureSpike	topology plus sidecars plus iterative state	MissingEvidence	MissingEvidence	Complete GDS surface; Strict holistic RAM	none
procedure	gds.leiden.write	community	WRITE	no	MissingEvidence	MissingEvidence	gitrefrepo/neo4j-gds-src/proc/community/src/main/java/org/neo4j/gds/leiden/LeidenWriteProc.java	43	NeedsArchitectureSpike	topology plus sidecars plus iterative state	MissingEvidence	MissingEvidence	Complete GDS surface; Strict holistic RAM	none
procedure	gds.leiden.write.estimate	community	READ	yes	MissingEvidence	MissingEvidence	gitrefrepo/neo4j-gds-src/proc/community/src/main/java/org/neo4j/gds/leiden/LeidenWriteProc.java	52	NeedsArchitectureSpike	topology plus sidecars plus iterative state	MissingEvidence	MissingEvidence	Complete GDS surface; Strict holistic RAM	none
procedure	gds.localClusteringCoefficient.mutate	community	READ	no	MissingEvidence	MissingEvidence	gitrefrepo/neo4j-gds-src/proc/community/src/main/java/org/neo4j/gds/triangle/LocalClusteringCoefficientMutateProc.java	41	NeedsArchitectureSpike	topology plus sidecars plus iterative state	MissingEvidence	MissingEvidence	Complete GDS surface; Strict holistic RAM	none
procedure	gds.localClusteringCoefficient.mutate.estimate	community	READ	yes	MissingEvidence	MissingEvidence	gitrefrepo/neo4j-gds-src/proc/community/src/main/java/org/neo4j/gds/triangle/LocalClusteringCoefficientMutateProc.java	50	NeedsArchitectureSpike	topology plus sidecars plus iterative state	MissingEvidence	MissingEvidence	Complete GDS surface; Strict holistic RAM	none
procedure	gds.localClusteringCoefficient.stats	community	READ	no	MissingEvidence	MissingEvidence	gitrefrepo/neo4j-gds-src/proc/community/src/main/java/org/neo4j/gds/triangle/LocalClusteringCoefficientStatsProc.java	41	NeedsArchitectureSpike	topology plus sidecars plus iterative state	MissingEvidence	MissingEvidence	Complete GDS surface; Strict holistic RAM	none
procedure	gds.localClusteringCoefficient.stats.estimate	community	READ	yes	MissingEvidence	MissingEvidence	gitrefrepo/neo4j-gds-src/proc/community/src/main/java/org/neo4j/gds/triangle/LocalClusteringCoefficientStatsProc.java	50	NeedsArchitectureSpike	topology plus sidecars plus iterative state	MissingEvidence	MissingEvidence	Complete GDS surface; Strict holistic RAM	none
procedure	gds.localClusteringCoefficient.stream	community	READ	no	MissingEvidence	MissingEvidence	gitrefrepo/neo4j-gds-src/proc/community/src/main/java/org/neo4j/gds/triangle/LocalClusteringCoefficientStreamProc.java	41	NeedsArchitectureSpike	topology plus sidecars plus iterative state	MissingEvidence	MissingEvidence	Complete GDS surface; Strict holistic RAM	none
procedure	gds.localClusteringCoefficient.stream.estimate	community	READ	yes	MissingEvidence	MissingEvidence	gitrefrepo/neo4j-gds-src/proc/community/src/main/java/org/neo4j/gds/triangle/LocalClusteringCoefficientStreamProc.java	50	NeedsArchitectureSpike	topology plus sidecars plus iterative state	MissingEvidence	MissingEvidence	Complete GDS surface; Strict holistic RAM	none
procedure	gds.localClusteringCoefficient.write	community	WRITE	no	MissingEvidence	MissingEvidence	gitrefrepo/neo4j-gds-src/proc/community/src/main/java/org/neo4j/gds/triangle/LocalClusteringCoefficientWriteProc.java	42	NeedsArchitectureSpike	topology plus sidecars plus iterative state	MissingEvidence	MissingEvidence	Complete GDS surface; Strict holistic RAM	none
procedure	gds.localClusteringCoefficient.write.estimate	community	READ	yes	MissingEvidence	MissingEvidence	gitrefrepo/neo4j-gds-src/proc/community/src/main/java/org/neo4j/gds/triangle/LocalClusteringCoefficientWriteProc.java	51	NeedsArchitectureSpike	topology plus sidecars plus iterative state	MissingEvidence	MissingEvidence	Complete GDS surface; Strict holistic RAM	none
procedure	gds.louvain.mutate	community	READ	no	MissingEvidence	MissingEvidence	gitrefrepo/neo4j-gds-src/proc/community/src/main/java/org/neo4j/gds/louvain/LouvainMutateProc.java	41	NeedsArchitectureSpike	topology plus sidecars plus iterative state	MissingEvidence	MissingEvidence	Complete GDS surface; Strict holistic RAM	none
procedure	gds.louvain.mutate.estimate	community	READ	yes	MissingEvidence	MissingEvidence	gitrefrepo/neo4j-gds-src/proc/community/src/main/java/org/neo4j/gds/louvain/LouvainMutateProc.java	50	NeedsArchitectureSpike	topology plus sidecars plus iterative state	MissingEvidence	MissingEvidence	Complete GDS surface; Strict holistic RAM	none
procedure	gds.louvain.stats	community	READ	no	MissingEvidence	MissingEvidence	gitrefrepo/neo4j-gds-src/proc/community/src/main/java/org/neo4j/gds/louvain/LouvainStatsProc.java	41	NeedsArchitectureSpike	topology plus sidecars plus iterative state	MissingEvidence	MissingEvidence	Complete GDS surface; Strict holistic RAM	none
procedure	gds.louvain.stats.estimate	community	READ	yes	MissingEvidence	MissingEvidence	gitrefrepo/neo4j-gds-src/proc/community/src/main/java/org/neo4j/gds/louvain/LouvainStatsProc.java	50	NeedsArchitectureSpike	topology plus sidecars plus iterative state	MissingEvidence	MissingEvidence	Complete GDS surface; Strict holistic RAM	none
procedure	gds.louvain.stream	community	READ	no	MissingEvidence	MissingEvidence	gitrefrepo/neo4j-gds-src/proc/community/src/main/java/org/neo4j/gds/louvain/LouvainStreamProc.java	41	NeedsArchitectureSpike	topology plus sidecars plus iterative state	MissingEvidence	MissingEvidence	Complete GDS surface; Strict holistic RAM	none
procedure	gds.louvain.stream.estimate	community	READ	yes	MissingEvidence	MissingEvidence	gitrefrepo/neo4j-gds-src/proc/community/src/main/java/org/neo4j/gds/louvain/LouvainStreamProc.java	50	NeedsArchitectureSpike	topology plus sidecars plus iterative state	MissingEvidence	MissingEvidence	Complete GDS surface; Strict holistic RAM	none
procedure	gds.louvain.write	community	WRITE	no	MissingEvidence	MissingEvidence	gitrefrepo/neo4j-gds-src/proc/community/src/main/java/org/neo4j/gds/louvain/LouvainWriteProc.java	42	NeedsArchitectureSpike	topology plus sidecars plus iterative state	MissingEvidence	MissingEvidence	Complete GDS surface; Strict holistic RAM	none
procedure	gds.louvain.write.estimate	community	READ	yes	MissingEvidence	MissingEvidence	gitrefrepo/neo4j-gds-src/proc/community/src/main/java/org/neo4j/gds/louvain/LouvainWriteProc.java	51	NeedsArchitectureSpike	topology plus sidecars plus iterative state	MissingEvidence	MissingEvidence	Complete GDS surface; Strict holistic RAM	none
procedure	gds.maxkcut.mutate	community	READ	no	MissingEvidence	MissingEvidence	gitrefrepo/neo4j-gds-src/proc/community/src/main/java/org/neo4j/gds/approxmaxkcut/ApproxMaxKCutMutateProc.java	42	NeedsArchitectureSpike	topology plus sidecars plus iterative state	MissingEvidence	MissingEvidence	Complete GDS surface; Strict holistic RAM	none
procedure	gds.maxkcut.mutate.estimate	community	READ	yes	MissingEvidence	MissingEvidence	gitrefrepo/neo4j-gds-src/proc/community/src/main/java/org/neo4j/gds/approxmaxkcut/ApproxMaxKCutMutateProc.java	51	NeedsArchitectureSpike	topology plus sidecars plus iterative state	MissingEvidence	MissingEvidence	Complete GDS surface; Strict holistic RAM	none
procedure	gds.maxkcut.stream	community	READ	no	MissingEvidence	MissingEvidence	gitrefrepo/neo4j-gds-src/proc/community/src/main/java/org/neo4j/gds/approxmaxkcut/ApproxMaxKCutStreamProc.java	42	NeedsArchitectureSpike	topology plus sidecars plus iterative state	MissingEvidence	MissingEvidence	Complete GDS surface; Strict holistic RAM	none
procedure	gds.maxkcut.stream.estimate	community	READ	yes	MissingEvidence	MissingEvidence	gitrefrepo/neo4j-gds-src/proc/community/src/main/java/org/neo4j/gds/approxmaxkcut/ApproxMaxKCutStreamProc.java	51	NeedsArchitectureSpike	topology plus sidecars plus iterative state	MissingEvidence	MissingEvidence	Complete GDS surface; Strict holistic RAM	none
procedure	gds.modularity.stats	community	READ	no	MissingEvidence	MissingEvidence	gitrefrepo/neo4j-gds-src/proc/community/src/main/java/org/neo4j/gds/modularity/ModularityStatsProc.java	42	NeedsArchitectureSpike	topology plus sidecars plus iterative state	MissingEvidence	MissingEvidence	Complete GDS surface; Strict holistic RAM	none
procedure	gds.modularity.stats.estimate	community	READ	yes	MissingEvidence	MissingEvidence	gitrefrepo/neo4j-gds-src/proc/community/src/main/java/org/neo4j/gds/modularity/ModularityStatsProc.java	51	NeedsArchitectureSpike	topology plus sidecars plus iterative state	MissingEvidence	MissingEvidence	Complete GDS surface; Strict holistic RAM	none
procedure	gds.modularity.stream	community	READ	no	MissingEvidence	MissingEvidence	gitrefrepo/neo4j-gds-src/proc/community/src/main/java/org/neo4j/gds/modularity/ModularityStreamProc.java	42	NeedsArchitectureSpike	topology plus sidecars plus iterative state	MissingEvidence	MissingEvidence	Complete GDS surface; Strict holistic RAM	none
procedure	gds.modularity.stream.estimate	community	READ	yes	MissingEvidence	MissingEvidence	gitrefrepo/neo4j-gds-src/proc/community/src/main/java/org/neo4j/gds/modularity/ModularityStreamProc.java	51	NeedsArchitectureSpike	topology plus sidecars plus iterative state	MissingEvidence	MissingEvidence	Complete GDS surface; Strict holistic RAM	none
procedure	gds.modularityOptimization.mutate	community	READ	no	MissingEvidence	MissingEvidence	gitrefrepo/neo4j-gds-src/proc/community/src/main/java/org/neo4j/gds/modularityoptimization/ModularityOptimizationMutateProc.java	42	NeedsArchitectureSpike	topology plus sidecars plus iterative state	MissingEvidence	MissingEvidence	Complete GDS surface; Strict holistic RAM	none
procedure	gds.modularityOptimization.mutate.estimate	community	READ	yes	MissingEvidence	MissingEvidence	gitrefrepo/neo4j-gds-src/proc/community/src/main/java/org/neo4j/gds/modularityoptimization/ModularityOptimizationMutateProc.java	51	NeedsArchitectureSpike	topology plus sidecars plus iterative state	MissingEvidence	MissingEvidence	Complete GDS surface; Strict holistic RAM	none
procedure	gds.modularityOptimization.stats	community	READ	no	MissingEvidence	MissingEvidence	gitrefrepo/neo4j-gds-src/proc/community/src/main/java/org/neo4j/gds/modularityoptimization/ModularityOptimizationStatsProc.java	41	NeedsArchitectureSpike	topology plus sidecars plus iterative state	MissingEvidence	MissingEvidence	Complete GDS surface; Strict holistic RAM	none
procedure	gds.modularityOptimization.stats.estimate	community	READ	yes	MissingEvidence	MissingEvidence	gitrefrepo/neo4j-gds-src/proc/community/src/main/java/org/neo4j/gds/modularityoptimization/ModularityOptimizationStatsProc.java	50	NeedsArchitectureSpike	topology plus sidecars plus iterative state	MissingEvidence	MissingEvidence	Complete GDS surface; Strict holistic RAM	none
procedure	gds.modularityOptimization.stream	community	READ	no	MissingEvidence	MissingEvidence	gitrefrepo/neo4j-gds-src/proc/community/src/main/java/org/neo4j/gds/modularityoptimization/ModularityOptimizationStreamProc.java	42	NeedsArchitectureSpike	topology plus sidecars plus iterative state	MissingEvidence	MissingEvidence	Complete GDS surface; Strict holistic RAM	none
procedure	gds.modularityOptimization.stream.estimate	community	READ	yes	MissingEvidence	MissingEvidence	gitrefrepo/neo4j-gds-src/proc/community/src/main/java/org/neo4j/gds/modularityoptimization/ModularityOptimizationStreamProc.java	51	NeedsArchitectureSpike	topology plus sidecars plus iterative state	MissingEvidence	MissingEvidence	Complete GDS surface; Strict holistic RAM	none
procedure	gds.modularityOptimization.write	community	WRITE	no	MissingEvidence	MissingEvidence	gitrefrepo/neo4j-gds-src/proc/community/src/main/java/org/neo4j/gds/modularityoptimization/ModularityOptimizationWriteProc.java	43	NeedsArchitectureSpike	topology plus sidecars plus iterative state	MissingEvidence	MissingEvidence	Complete GDS surface; Strict holistic RAM	none
procedure	gds.modularityOptimization.write.estimate	community	READ	yes	MissingEvidence	MissingEvidence	gitrefrepo/neo4j-gds-src/proc/community/src/main/java/org/neo4j/gds/modularityoptimization/ModularityOptimizationWriteProc.java	52	NeedsArchitectureSpike	topology plus sidecars plus iterative state	MissingEvidence	MissingEvidence	Complete GDS surface; Strict holistic RAM	none
procedure	gds.scc.mutate	community	READ	no	MissingEvidence	MissingEvidence	gitrefrepo/neo4j-gds-src/proc/community/src/main/java/org/neo4j/gds/scc/SccMutateProc.java	41	NeedsArchitectureSpike	topology plus sidecars plus iterative state	MissingEvidence	MissingEvidence	Complete GDS surface; Strict holistic RAM	none
procedure	gds.scc.mutate.estimate	community	READ	yes	MissingEvidence	MissingEvidence	gitrefrepo/neo4j-gds-src/proc/community/src/main/java/org/neo4j/gds/scc/SccMutateProc.java	50	NeedsArchitectureSpike	topology plus sidecars plus iterative state	MissingEvidence	MissingEvidence	Complete GDS surface; Strict holistic RAM	none
procedure	gds.scc.stats	community	READ	no	MissingEvidence	MissingEvidence	gitrefrepo/neo4j-gds-src/proc/community/src/main/java/org/neo4j/gds/scc/SccStatsProc.java	41	NeedsArchitectureSpike	topology plus sidecars plus iterative state	MissingEvidence	MissingEvidence	Complete GDS surface; Strict holistic RAM	none
procedure	gds.scc.stats.estimate	community	READ	yes	MissingEvidence	MissingEvidence	gitrefrepo/neo4j-gds-src/proc/community/src/main/java/org/neo4j/gds/scc/SccStatsProc.java	50	NeedsArchitectureSpike	topology plus sidecars plus iterative state	MissingEvidence	MissingEvidence	Complete GDS surface; Strict holistic RAM	none
procedure	gds.scc.stream	community	READ	no	MissingEvidence	MissingEvidence	gitrefrepo/neo4j-gds-src/proc/community/src/main/java/org/neo4j/gds/scc/SccStreamProc.java	42	NeedsArchitectureSpike	topology plus sidecars plus iterative state	MissingEvidence	MissingEvidence	Complete GDS surface; Strict holistic RAM	none
procedure	gds.scc.stream.estimate	community	READ	yes	MissingEvidence	MissingEvidence	gitrefrepo/neo4j-gds-src/proc/community/src/main/java/org/neo4j/gds/scc/SccStreamProc.java	51	NeedsArchitectureSpike	topology plus sidecars plus iterative state	MissingEvidence	MissingEvidence	Complete GDS surface; Strict holistic RAM	none
procedure	gds.scc.write	community	WRITE	no	MissingEvidence	MissingEvidence	gitrefrepo/neo4j-gds-src/proc/community/src/main/java/org/neo4j/gds/scc/SccWriteProc.java	44	NeedsArchitectureSpike	topology plus sidecars plus iterative state	MissingEvidence	MissingEvidence	Complete GDS surface; Strict holistic RAM	none
procedure	gds.scc.write.estimate	community	READ	yes	MissingEvidence	MissingEvidence	gitrefrepo/neo4j-gds-src/proc/community/src/main/java/org/neo4j/gds/scc/SccWriteProc.java	53	NeedsArchitectureSpike	topology plus sidecars plus iterative state	MissingEvidence	MissingEvidence	Complete GDS surface; Strict holistic RAM	none
procedure	gds.sllpa.mutate	community	READ	no	MissingEvidence	MissingEvidence	gitrefrepo/neo4j-gds-src/proc/community/src/main/java/org/neo4j/gds/sllpa/SpeakerListenerLPAMutateProc.java	44	NeedsArchitectureSpike	topology plus sidecars plus iterative state	MissingEvidence	MissingEvidence	Complete GDS surface; Strict holistic RAM	none
procedure	gds.sllpa.mutate.estimate	community	READ	yes	MissingEvidence	MissingEvidence	gitrefrepo/neo4j-gds-src/proc/community/src/main/java/org/neo4j/gds/sllpa/SpeakerListenerLPAMutateProc.java	53	NeedsArchitectureSpike	topology plus sidecars plus iterative state	MissingEvidence	MissingEvidence	Complete GDS surface; Strict holistic RAM	none
procedure	gds.sllpa.stats	community	READ	no	MissingEvidence	MissingEvidence	gitrefrepo/neo4j-gds-src/proc/community/src/main/java/org/neo4j/gds/sllpa/SpeakerListenerLPAStatsProc.java	44	NeedsArchitectureSpike	topology plus sidecars plus iterative state	MissingEvidence	MissingEvidence	Complete GDS surface; Strict holistic RAM	none
procedure	gds.sllpa.stats.estimate	community	READ	yes	MissingEvidence	MissingEvidence	gitrefrepo/neo4j-gds-src/proc/community/src/main/java/org/neo4j/gds/sllpa/SpeakerListenerLPAStatsProc.java	53	NeedsArchitectureSpike	topology plus sidecars plus iterative state	MissingEvidence	MissingEvidence	Complete GDS surface; Strict holistic RAM	none
procedure	gds.sllpa.stream	community	READ	no	MissingEvidence	MissingEvidence	gitrefrepo/neo4j-gds-src/proc/community/src/main/java/org/neo4j/gds/sllpa/SpeakerListenerLPAStreamProc.java	44	NeedsArchitectureSpike	topology plus sidecars plus iterative state	MissingEvidence	MissingEvidence	Complete GDS surface; Strict holistic RAM	none
procedure	gds.sllpa.stream.estimate	community	READ	yes	MissingEvidence	MissingEvidence	gitrefrepo/neo4j-gds-src/proc/community/src/main/java/org/neo4j/gds/sllpa/SpeakerListenerLPAStreamProc.java	53	NeedsArchitectureSpike	topology plus sidecars plus iterative state	MissingEvidence	MissingEvidence	Complete GDS surface; Strict holistic RAM	none
procedure	gds.sllpa.write	community	WRITE	no	MissingEvidence	MissingEvidence	gitrefrepo/neo4j-gds-src/proc/community/src/main/java/org/neo4j/gds/sllpa/SpeakerListenerLPAWriteProc.java	45	NeedsArchitectureSpike	topology plus sidecars plus iterative state	MissingEvidence	MissingEvidence	Complete GDS surface; Strict holistic RAM	none
procedure	gds.sllpa.write.estimate	community	READ	yes	MissingEvidence	MissingEvidence	gitrefrepo/neo4j-gds-src/proc/community/src/main/java/org/neo4j/gds/sllpa/SpeakerListenerLPAWriteProc.java	54	NeedsArchitectureSpike	topology plus sidecars plus iterative state	MissingEvidence	MissingEvidence	Complete GDS surface; Strict holistic RAM	none
procedure	gds.triangleCount.mutate	community	READ	no	MissingEvidence	MissingEvidence	gitrefrepo/neo4j-gds-src/proc/community/src/main/java/org/neo4j/gds/triangle/TriangleCountMutateProc.java	41	NeedsArchitectureSpike	topology plus sidecars plus iterative state	MissingEvidence	MissingEvidence	Complete GDS surface; Strict holistic RAM	none
procedure	gds.triangleCount.mutate.estimate	community	READ	yes	MissingEvidence	MissingEvidence	gitrefrepo/neo4j-gds-src/proc/community/src/main/java/org/neo4j/gds/triangle/TriangleCountMutateProc.java	50	NeedsArchitectureSpike	topology plus sidecars plus iterative state	MissingEvidence	MissingEvidence	Complete GDS surface; Strict holistic RAM	none
procedure	gds.triangleCount.stats	community	READ	no	MissingEvidence	MissingEvidence	gitrefrepo/neo4j-gds-src/proc/community/src/main/java/org/neo4j/gds/triangle/TriangleCountStatsProc.java	41	NeedsArchitectureSpike	topology plus sidecars plus iterative state	MissingEvidence	MissingEvidence	Complete GDS surface; Strict holistic RAM	none
procedure	gds.triangleCount.stats.estimate	community	READ	yes	MissingEvidence	MissingEvidence	gitrefrepo/neo4j-gds-src/proc/community/src/main/java/org/neo4j/gds/triangle/TriangleCountStatsProc.java	50	NeedsArchitectureSpike	topology plus sidecars plus iterative state	MissingEvidence	MissingEvidence	Complete GDS surface; Strict holistic RAM	none
procedure	gds.triangleCount.stream	community	M	no	MissingEvidence	MissingEvidence	gitrefrepo/neo4j-gds-src/proc/community/src/main/java/org/neo4j/gds/triangle/TriangleCountStreamProc.java	43	NeedsArchitectureSpike	topology plus sidecars plus iterative state	MissingEvidence	MissingEvidence	Complete GDS surface; Strict holistic RAM	none
procedure	gds.triangleCount.stream.estimate	community	READ	yes	MissingEvidence	MissingEvidence	gitrefrepo/neo4j-gds-src/proc/community/src/main/java/org/neo4j/gds/triangle/TriangleCountStreamProc.java	51	NeedsArchitectureSpike	topology plus sidecars plus iterative state	MissingEvidence	MissingEvidence	Complete GDS surface; Strict holistic RAM	none
procedure	gds.triangleCount.write	community	WRITE	no	MissingEvidence	MissingEvidence	gitrefrepo/neo4j-gds-src/proc/community/src/main/java/org/neo4j/gds/triangle/TriangleCountWriteProc.java	42	NeedsArchitectureSpike	topology plus sidecars plus iterative state	MissingEvidence	MissingEvidence	Complete GDS surface; Strict holistic RAM	none
procedure	gds.triangleCount.write.estimate	community	READ	yes	MissingEvidence	MissingEvidence	gitrefrepo/neo4j-gds-src/proc/community/src/main/java/org/neo4j/gds/triangle/TriangleCountWriteProc.java	51	NeedsArchitectureSpike	topology plus sidecars plus iterative state	MissingEvidence	MissingEvidence	Complete GDS surface; Strict holistic RAM	none
procedure	gds.triangles	community	READ	no	MissingEvidence	MissingEvidence	gitrefrepo/neo4j-gds-src/proc/community/src/main/java/org/neo4j/gds/triangle/TriangleProc.java	41	NeedsArchitectureSpike	topology plus sidecars plus iterative state	MissingEvidence	MissingEvidence	Complete GDS surface; Strict holistic RAM	none
procedure	gds.wcc.mutate	community	READ	no	MissingEvidence	MissingEvidence	gitrefrepo/neo4j-gds-src/proc/community/src/main/java/org/neo4j/gds/wcc/WccMutateProc.java	41	NeedsArchitectureSpike	topology plus sidecars plus iterative state	MissingEvidence	MissingEvidence	Complete GDS surface; Strict holistic RAM	none
procedure	gds.wcc.mutate.estimate	community	READ	yes	MissingEvidence	MissingEvidence	gitrefrepo/neo4j-gds-src/proc/community/src/main/java/org/neo4j/gds/wcc/WccMutateProc.java	50	NeedsArchitectureSpike	topology plus sidecars plus iterative state	MissingEvidence	MissingEvidence	Complete GDS surface; Strict holistic RAM	none
procedure	gds.wcc.stats	community	READ	no	MissingEvidence	MissingEvidence	gitrefrepo/neo4j-gds-src/proc/community/src/main/java/org/neo4j/gds/wcc/WccStatsProc.java	42	NeedsArchitectureSpike	topology plus sidecars plus iterative state	MissingEvidence	MissingEvidence	Complete GDS surface; Strict holistic RAM	none
procedure	gds.wcc.stats.estimate	community	READ	yes	MissingEvidence	MissingEvidence	gitrefrepo/neo4j-gds-src/proc/community/src/main/java/org/neo4j/gds/wcc/WccStatsProc.java	51	NeedsArchitectureSpike	topology plus sidecars plus iterative state	MissingEvidence	MissingEvidence	Complete GDS surface; Strict holistic RAM	none
procedure	gds.wcc.stream	community	READ	no	MissingEvidence	MissingEvidence	gitrefrepo/neo4j-gds-src/proc/community/src/main/java/org/neo4j/gds/wcc/WccStreamProc.java	41	NeedsArchitectureSpike	topology plus sidecars plus iterative state	MissingEvidence	MissingEvidence	Complete GDS surface; Strict holistic RAM	none
procedure	gds.wcc.stream.estimate	community	READ	yes	MissingEvidence	MissingEvidence	gitrefrepo/neo4j-gds-src/proc/community/src/main/java/org/neo4j/gds/wcc/WccStreamProc.java	50	NeedsArchitectureSpike	topology plus sidecars plus iterative state	MissingEvidence	MissingEvidence	Complete GDS surface; Strict holistic RAM	none
procedure	gds.wcc.write	community	WRITE	no	MissingEvidence	MissingEvidence	gitrefrepo/neo4j-gds-src/proc/community/src/main/java/org/neo4j/gds/wcc/WccWriteProc.java	42	NeedsArchitectureSpike	topology plus sidecars plus iterative state	MissingEvidence	MissingEvidence	Complete GDS surface; Strict holistic RAM	none
procedure	gds.wcc.write.estimate	community	READ	yes	MissingEvidence	MissingEvidence	gitrefrepo/neo4j-gds-src/proc/community/src/main/java/org/neo4j/gds/wcc/WccWriteProc.java	51	NeedsArchitectureSpike	topology plus sidecars plus iterative state	MissingEvidence	MissingEvidence	Complete GDS surface; Strict holistic RAM	none
procedure	gds.beta.graphSage.mutate	embeddings	M	no	MissingEvidence	MissingEvidence	gitrefrepo/neo4j-gds-src/proc/embeddings/src/main/java/org/neo4j/gds/embeddings/graphsage/GraphSageMutateProc.java	42	NeedsArchitectureSpike	topology plus sidecars plus model/result artifacts	MissingEvidence	MissingEvidence	Complete GDS surface; Strict holistic RAM	none
procedure	gds.beta.graphSage.mutate.estimate	embeddings	READ	yes	MissingEvidence	MissingEvidence	gitrefrepo/neo4j-gds-src/proc/embeddings/src/main/java/org/neo4j/gds/embeddings/graphsage/GraphSageMutateProc.java	51	NeedsArchitectureSpike	topology plus sidecars plus model/result artifacts	MissingEvidence	MissingEvidence	Complete GDS surface; Strict holistic RAM	none
procedure	gds.beta.graphSage.stream	embeddings	M	no	MissingEvidence	MissingEvidence	gitrefrepo/neo4j-gds-src/proc/embeddings/src/main/java/org/neo4j/gds/embeddings/graphsage/GraphSageStreamProc.java	42	NeedsArchitectureSpike	topology plus sidecars plus model/result artifacts	MissingEvidence	MissingEvidence	Complete GDS surface; Strict holistic RAM	none
procedure	gds.beta.graphSage.stream.estimate	embeddings	M	yes	MissingEvidence	MissingEvidence	gitrefrepo/neo4j-gds-src/proc/embeddings/src/main/java/org/neo4j/gds/embeddings/graphsage/GraphSageStreamProc.java	50	NeedsArchitectureSpike	topology plus sidecars plus model/result artifacts	MissingEvidence	MissingEvidence	Complete GDS surface; Strict holistic RAM	none
procedure	gds.beta.graphSage.train	embeddings	M	no	MissingEvidence	MissingEvidence	gitrefrepo/neo4j-gds-src/proc/embeddings/src/main/java/org/neo4j/gds/embeddings/graphsage/GraphSageTrainProc.java	42	NeedsArchitectureSpike	topology plus sidecars plus model/result artifacts	MissingEvidence	MissingEvidence	Complete GDS surface; Strict holistic RAM	none
procedure	gds.beta.graphSage.train.estimate	embeddings	M	yes	MissingEvidence	MissingEvidence	gitrefrepo/neo4j-gds-src/proc/embeddings/src/main/java/org/neo4j/gds/embeddings/graphsage/GraphSageTrainProc.java	51	NeedsArchitectureSpike	topology plus sidecars plus model/result artifacts	MissingEvidence	MissingEvidence	Complete GDS surface; Strict holistic RAM	none
procedure	gds.beta.graphSage.write	embeddings	M	no	MissingEvidence	MissingEvidence	gitrefrepo/neo4j-gds-src/proc/embeddings/src/main/java/org/neo4j/gds/embeddings/graphsage/GraphSageWriteProc.java	41	NeedsArchitectureSpike	topology plus sidecars plus model/result artifacts	MissingEvidence	MissingEvidence	Complete GDS surface; Strict holistic RAM	none
procedure	gds.beta.graphSage.write.estimate	embeddings	M	yes	MissingEvidence	MissingEvidence	gitrefrepo/neo4j-gds-src/proc/embeddings/src/main/java/org/neo4j/gds/embeddings/graphsage/GraphSageWriteProc.java	50	NeedsArchitectureSpike	topology plus sidecars plus model/result artifacts	MissingEvidence	MissingEvidence	Complete GDS surface; Strict holistic RAM	none
procedure	gds.beta.hashgnn.mutate	embeddings	READ	no	MissingEvidence	MissingEvidence	gitrefrepo/neo4j-gds-src/proc/embeddings/src/main/java/org/neo4j/gds/embeddings/hashgnn/HashGNNMutateProc.java	53	NeedsArchitectureSpike	topology plus sidecars plus model/result artifacts	MissingEvidence	MissingEvidence	Complete GDS surface; Strict holistic RAM	gds.hashgnn.mutate
procedure	gds.beta.hashgnn.mutate.estimate	embeddings	READ	yes	MissingEvidence	MissingEvidence	gitrefrepo/neo4j-gds-src/proc/embeddings/src/main/java/org/neo4j/gds/embeddings/hashgnn/HashGNNMutateProc.java	81	NeedsArchitectureSpike	topology plus sidecars plus model/result artifacts	MissingEvidence	MissingEvidence	Complete GDS surface; Strict holistic RAM	gds.hashgnn.mutate.estimate
procedure	gds.beta.hashgnn.stream	embeddings	READ	no	MissingEvidence	MissingEvidence	gitrefrepo/neo4j-gds-src/proc/embeddings/src/main/java/org/neo4j/gds/embeddings/hashgnn/HashGNNStreamProc.java	53	NeedsArchitectureSpike	topology plus sidecars plus model/result artifacts	MissingEvidence	MissingEvidence	Complete GDS surface; Strict holistic RAM	gds.hashgnn.stream
procedure	gds.beta.hashgnn.stream.estimate	embeddings	READ	yes	MissingEvidence	MissingEvidence	gitrefrepo/neo4j-gds-src/proc/embeddings/src/main/java/org/neo4j/gds/embeddings/hashgnn/HashGNNStreamProc.java	78	NeedsArchitectureSpike	topology plus sidecars plus model/result artifacts	MissingEvidence	MissingEvidence	Complete GDS surface; Strict holistic RAM	gds.hashgnn.stream.estimate
procedure	gds.beta.node2vec.mutate	embeddings	READ	no	MissingEvidence	MissingEvidence	gitrefrepo/neo4j-gds-src/proc/embeddings/src/main/java/org/neo4j/gds/embeddings/node2vec/Node2VecMutateProc.java	60	NeedsArchitectureSpike	topology plus sidecars plus model/result artifacts	MissingEvidence	MissingEvidence	Complete GDS surface; Strict holistic RAM	gds.node2vec.mutate
procedure	gds.beta.node2vec.mutate.estimate	embeddings	READ	yes	MissingEvidence	MissingEvidence	gitrefrepo/neo4j-gds-src/proc/embeddings/src/main/java/org/neo4j/gds/embeddings/node2vec/Node2VecMutateProc.java	76	NeedsArchitectureSpike	topology plus sidecars plus model/result artifacts	MissingEvidence	MissingEvidence	Complete GDS surface; Strict holistic RAM	gds.node2vec.mutate.estimate
procedure	gds.beta.node2vec.stream	embeddings	READ	no	MissingEvidence	MissingEvidence	gitrefrepo/neo4j-gds-src/proc/embeddings/src/main/java/org/neo4j/gds/embeddings/node2vec/Node2VecStreamProc.java	60	NeedsArchitectureSpike	topology plus sidecars plus model/result artifacts	MissingEvidence	MissingEvidence	Complete GDS surface; Strict holistic RAM	gds.node2vec.stream
procedure	gds.beta.node2vec.stream.estimate	embeddings	READ	yes	MissingEvidence	MissingEvidence	gitrefrepo/neo4j-gds-src/proc/embeddings/src/main/java/org/neo4j/gds/embeddings/node2vec/Node2VecStreamProc.java	76	NeedsArchitectureSpike	topology plus sidecars plus model/result artifacts	MissingEvidence	MissingEvidence	Complete GDS surface; Strict holistic RAM	gds.node2vec.stream.estimate
procedure	gds.beta.node2vec.write	embeddings	WRITE	no	MissingEvidence	MissingEvidence	gitrefrepo/neo4j-gds-src/proc/embeddings/src/main/java/org/neo4j/gds/embeddings/node2vec/Node2VecWriteProc.java	61	NeedsArchitectureSpike	topology plus sidecars plus model/result artifacts	MissingEvidence	MissingEvidence	Complete GDS surface; Strict holistic RAM	gds.node2vec.write
procedure	gds.beta.node2vec.write.estimate	embeddings	READ	yes	MissingEvidence	MissingEvidence	gitrefrepo/neo4j-gds-src/proc/embeddings/src/main/java/org/neo4j/gds/embeddings/node2vec/Node2VecWriteProc.java	77	NeedsArchitectureSpike	topology plus sidecars plus model/result artifacts	MissingEvidence	MissingEvidence	Complete GDS surface; Strict holistic RAM	gds.node2vec.write.estimate
procedure	gds.fastRP.mutate	embeddings	READ	no	MissingEvidence	MissingEvidence	gitrefrepo/neo4j-gds-src/proc/embeddings/src/main/java/org/neo4j/gds/embeddings/fastrp/FastRPMutateProc.java	41	NeedsArchitectureSpike	topology plus sidecars plus model/result artifacts	MissingEvidence	MissingEvidence	Complete GDS surface; Strict holistic RAM	none
procedure	gds.fastRP.mutate.estimate	embeddings	READ	yes	MissingEvidence	MissingEvidence	gitrefrepo/neo4j-gds-src/proc/embeddings/src/main/java/org/neo4j/gds/embeddings/fastrp/FastRPMutateProc.java	50	NeedsArchitectureSpike	topology plus sidecars plus model/result artifacts	MissingEvidence	MissingEvidence	Complete GDS surface; Strict holistic RAM	none
procedure	gds.fastRP.stats	embeddings	READ	no	MissingEvidence	MissingEvidence	gitrefrepo/neo4j-gds-src/proc/embeddings/src/main/java/org/neo4j/gds/embeddings/fastrp/FastRPStatsProc.java	41	NeedsArchitectureSpike	topology plus sidecars plus model/result artifacts	MissingEvidence	MissingEvidence	Complete GDS surface; Strict holistic RAM	none
procedure	gds.fastRP.stats.estimate	embeddings	READ	yes	MissingEvidence	MissingEvidence	gitrefrepo/neo4j-gds-src/proc/embeddings/src/main/java/org/neo4j/gds/embeddings/fastrp/FastRPStatsProc.java	50	NeedsArchitectureSpike	topology plus sidecars plus model/result artifacts	MissingEvidence	MissingEvidence	Complete GDS surface; Strict holistic RAM	none
procedure	gds.fastRP.stream	embeddings	READ	no	MissingEvidence	MissingEvidence	gitrefrepo/neo4j-gds-src/proc/embeddings/src/main/java/org/neo4j/gds/embeddings/fastrp/FastRPStreamProc.java	41	NeedsArchitectureSpike	topology plus sidecars plus model/result artifacts	MissingEvidence	MissingEvidence	Complete GDS surface; Strict holistic RAM	none
procedure	gds.fastRP.stream.estimate	embeddings	READ	yes	MissingEvidence	MissingEvidence	gitrefrepo/neo4j-gds-src/proc/embeddings/src/main/java/org/neo4j/gds/embeddings/fastrp/FastRPStreamProc.java	50	NeedsArchitectureSpike	topology plus sidecars plus model/result artifacts	MissingEvidence	MissingEvidence	Complete GDS surface; Strict holistic RAM	none
procedure	gds.fastRP.write	embeddings	WRITE	no	MissingEvidence	MissingEvidence	gitrefrepo/neo4j-gds-src/proc/embeddings/src/main/java/org/neo4j/gds/embeddings/fastrp/FastRPWriteProc.java	42	NeedsArchitectureSpike	topology plus sidecars plus model/result artifacts	MissingEvidence	MissingEvidence	Complete GDS surface; Strict holistic RAM	none
procedure	gds.fastRP.write.estimate	embeddings	READ	yes	MissingEvidence	MissingEvidence	gitrefrepo/neo4j-gds-src/proc/embeddings/src/main/java/org/neo4j/gds/embeddings/fastrp/FastRPWriteProc.java	51	NeedsArchitectureSpike	topology plus sidecars plus model/result artifacts	MissingEvidence	MissingEvidence	Complete GDS surface; Strict holistic RAM	none
procedure	gds.hashgnn.mutate	embeddings	READ	no	MissingEvidence	MissingEvidence	gitrefrepo/neo4j-gds-src/proc/embeddings/src/main/java/org/neo4j/gds/embeddings/hashgnn/HashGNNMutateProc.java	42	NeedsArchitectureSpike	topology plus sidecars plus model/result artifacts	MissingEvidence	MissingEvidence	Complete GDS surface; Strict holistic RAM	none
procedure	gds.hashgnn.mutate.estimate	embeddings	READ	yes	MissingEvidence	MissingEvidence	gitrefrepo/neo4j-gds-src/proc/embeddings/src/main/java/org/neo4j/gds/embeddings/hashgnn/HashGNNMutateProc.java	67	NeedsArchitectureSpike	topology plus sidecars plus model/result artifacts	MissingEvidence	MissingEvidence	Complete GDS surface; Strict holistic RAM	none
procedure	gds.hashgnn.stream	embeddings	READ	no	MissingEvidence	MissingEvidence	gitrefrepo/neo4j-gds-src/proc/embeddings/src/main/java/org/neo4j/gds/embeddings/hashgnn/HashGNNStreamProc.java	42	NeedsArchitectureSpike	topology plus sidecars plus model/result artifacts	MissingEvidence	MissingEvidence	Complete GDS surface; Strict holistic RAM	none
procedure	gds.hashgnn.stream.estimate	embeddings	READ	yes	MissingEvidence	MissingEvidence	gitrefrepo/neo4j-gds-src/proc/embeddings/src/main/java/org/neo4j/gds/embeddings/hashgnn/HashGNNStreamProc.java	67	NeedsArchitectureSpike	topology plus sidecars plus model/result artifacts	MissingEvidence	MissingEvidence	Complete GDS surface; Strict holistic RAM	none
procedure	gds.node2vec.mutate	embeddings	READ	no	MissingEvidence	MissingEvidence	gitrefrepo/neo4j-gds-src/proc/embeddings/src/main/java/org/neo4j/gds/embeddings/node2vec/Node2VecMutateProc.java	42	NeedsArchitectureSpike	topology plus sidecars plus model/result artifacts	MissingEvidence	MissingEvidence	Complete GDS surface; Strict holistic RAM	none
procedure	gds.node2vec.mutate.estimate	embeddings	READ	yes	MissingEvidence	MissingEvidence	gitrefrepo/neo4j-gds-src/proc/embeddings/src/main/java/org/neo4j/gds/embeddings/node2vec/Node2VecMutateProc.java	51	NeedsArchitectureSpike	topology plus sidecars plus model/result artifacts	MissingEvidence	MissingEvidence	Complete GDS surface; Strict holistic RAM	none
procedure	gds.node2vec.stream	embeddings	READ	no	MissingEvidence	MissingEvidence	gitrefrepo/neo4j-gds-src/proc/embeddings/src/main/java/org/neo4j/gds/embeddings/node2vec/Node2VecStreamProc.java	42	NeedsArchitectureSpike	topology plus sidecars plus model/result artifacts	MissingEvidence	MissingEvidence	Complete GDS surface; Strict holistic RAM	none
procedure	gds.node2vec.stream.estimate	embeddings	READ	yes	MissingEvidence	MissingEvidence	gitrefrepo/neo4j-gds-src/proc/embeddings/src/main/java/org/neo4j/gds/embeddings/node2vec/Node2VecStreamProc.java	51	NeedsArchitectureSpike	topology plus sidecars plus model/result artifacts	MissingEvidence	MissingEvidence	Complete GDS surface; Strict holistic RAM	none
procedure	gds.node2vec.write	embeddings	WRITE	no	MissingEvidence	MissingEvidence	gitrefrepo/neo4j-gds-src/proc/embeddings/src/main/java/org/neo4j/gds/embeddings/node2vec/Node2VecWriteProc.java	43	NeedsArchitectureSpike	topology plus sidecars plus model/result artifacts	MissingEvidence	MissingEvidence	Complete GDS surface; Strict holistic RAM	none
procedure	gds.node2vec.write.estimate	embeddings	READ	yes	MissingEvidence	MissingEvidence	gitrefrepo/neo4j-gds-src/proc/embeddings/src/main/java/org/neo4j/gds/embeddings/node2vec/Node2VecWriteProc.java	52	NeedsArchitectureSpike	topology plus sidecars plus model/result artifacts	MissingEvidence	MissingEvidence	Complete GDS surface; Strict holistic RAM	none
procedure	gds.alpha.ml.splitRelationships.mutate	machine-learning	READ	no	MissingEvidence	MissingEvidence	gitrefrepo/neo4j-gds-src/proc/machine-learning/src/main/java/org/neo4j/gds/ml/splitting/SplitRelationshipsMutateProc.java	38	NeedsArchitectureSpike	model catalog plus feature sidecars plus artifacts	MissingEvidence	MissingEvidence	Complete GDS surface; Strict holistic RAM	none
procedure	gds.alpha.pipeline.linkPrediction.addMLP	machine-learning	READ	no	MissingEvidence	MissingEvidence	gitrefrepo/neo4j-gds-src/proc/machine-learning/src/main/java/org/neo4j/gds/ml/linkmodels/pipeline/LinkPredictionPipelineAddTrainerMethodProcs.java	76	NeedsArchitectureSpike	model catalog plus feature sidecars plus artifacts	MissingEvidence	MissingEvidence	Complete GDS surface; Strict holistic RAM	none
procedure	gds.alpha.pipeline.linkPrediction.addRandomForest	machine-learning	READ	no	MissingEvidence	MissingEvidence	gitrefrepo/neo4j-gds-src/proc/machine-learning/src/main/java/org/neo4j/gds/ml/linkmodels/pipeline/LinkPredictionPipelineAddTrainerMethodProcs.java	60	NeedsArchitectureSpike	model catalog plus feature sidecars plus artifacts	MissingEvidence	MissingEvidence	Complete GDS surface; Strict holistic RAM	gds.beta.pipeline.linkPrediction.addRandomForest
procedure	gds.alpha.pipeline.linkPrediction.configureAutoTuning	machine-learning	READ	no	MissingEvidence	MissingEvidence	gitrefrepo/neo4j-gds-src/proc/machine-learning/src/main/java/org/neo4j/gds/ml/linkmodels/pipeline/LinkPredictionPipelineConfigureAutoTuningProc.java	38	NeedsArchitectureSpike	model catalog plus feature sidecars plus artifacts	MissingEvidence	MissingEvidence	Complete GDS surface; Strict holistic RAM	none
procedure	gds.alpha.pipeline.nodeClassification.addMLP	machine-learning	READ	no	MissingEvidence	MissingEvidence	gitrefrepo/neo4j-gds-src/proc/machine-learning/src/main/java/org/neo4j/gds/ml/pipeline/node/classification/NodeClassificationPipelineAddTrainerMethodProcs.java	71	NeedsArchitectureSpike	model catalog plus feature sidecars plus artifacts	MissingEvidence	MissingEvidence	Complete GDS surface; Strict holistic RAM	none
procedure	gds.alpha.pipeline.nodeClassification.addRandomForest	machine-learning	READ	no	MissingEvidence	MissingEvidence	gitrefrepo/neo4j-gds-src/proc/machine-learning/src/main/java/org/neo4j/gds/ml/pipeline/node/classification/NodeClassificationPipelineAddTrainerMethodProcs.java	57	NeedsArchitectureSpike	model catalog plus feature sidecars plus artifacts	MissingEvidence	MissingEvidence	Complete GDS surface; Strict holistic RAM	gds.beta.pipeline.nodeClassification.addRandomForest
procedure	gds.alpha.pipeline.nodeClassification.configureAutoTuning	machine-learning	READ	no	MissingEvidence	MissingEvidence	gitrefrepo/neo4j-gds-src/proc/machine-learning/src/main/java/org/neo4j/gds/ml/pipeline/node/classification/NodeClassificationPipelineConfigureAutoTuningProc.java	38	NeedsArchitectureSpike	model catalog plus feature sidecars plus artifacts	MissingEvidence	MissingEvidence	Complete GDS surface; Strict holistic RAM	none
procedure	gds.alpha.pipeline.nodeRegression.addLinearRegression	machine-learning	READ	no	MissingEvidence	MissingEvidence	gitrefrepo/neo4j-gds-src/proc/machine-learning/src/main/java/org/neo4j/gds/ml/pipeline/node/regression/configure/NodeRegressionPipelineAddTrainerMethodProcs.java	38	NeedsArchitectureSpike	model catalog plus feature sidecars plus artifacts	MissingEvidence	MissingEvidence	Complete GDS surface; Strict holistic RAM	none
procedure	gds.alpha.pipeline.nodeRegression.addNodeProperty	machine-learning	READ	no	MissingEvidence	MissingEvidence	gitrefrepo/neo4j-gds-src/proc/machine-learning/src/main/java/org/neo4j/gds/ml/pipeline/node/regression/configure/NodeRegressionPipelineAddStepProcs.java	38	NeedsArchitectureSpike	model catalog plus feature sidecars plus artifacts	MissingEvidence	MissingEvidence	Complete GDS surface; Strict holistic RAM	none
procedure	gds.alpha.pipeline.nodeRegression.addRandomForest	machine-learning	READ	no	MissingEvidence	MissingEvidence	gitrefrepo/neo4j-gds-src/proc/machine-learning/src/main/java/org/neo4j/gds/ml/pipeline/node/regression/configure/NodeRegressionPipelineAddTrainerMethodProcs.java	47	NeedsArchitectureSpike	model catalog plus feature sidecars plus artifacts	MissingEvidence	MissingEvidence	Complete GDS surface; Strict holistic RAM	none
procedure	gds.alpha.pipeline.nodeRegression.configureAutoTuning	machine-learning	READ	no	MissingEvidence	MissingEvidence	gitrefrepo/neo4j-gds-src/proc/machine-learning/src/main/java/org/neo4j/gds/ml/pipeline/node/regression/configure/NodeRegressionPipelineConfigureAutoTuningProc.java	38	NeedsArchitectureSpike	model catalog plus feature sidecars plus artifacts	MissingEvidence	MissingEvidence	Complete GDS surface; Strict holistic RAM	none
procedure	gds.alpha.pipeline.nodeRegression.configureSplit	machine-learning	READ	no	MissingEvidence	MissingEvidence	gitrefrepo/neo4j-gds-src/proc/machine-learning/src/main/java/org/neo4j/gds/ml/pipeline/node/regression/configure/NodeRegressionPipelineConfigureSplitProc.java	38	NeedsArchitectureSpike	model catalog plus feature sidecars plus artifacts	MissingEvidence	MissingEvidence	Complete GDS surface; Strict holistic RAM	none
procedure	gds.alpha.pipeline.nodeRegression.create	machine-learning	READ	no	MissingEvidence	MissingEvidence	gitrefrepo/neo4j-gds-src/proc/machine-learning/src/main/java/org/neo4j/gds/ml/pipeline/node/regression/configure/NodeRegressionPipelineCreateProc.java	37	NeedsArchitectureSpike	model catalog plus feature sidecars plus artifacts	MissingEvidence	MissingEvidence	Complete GDS surface; Strict holistic RAM	none
procedure	gds.alpha.pipeline.nodeRegression.predict.mutate	machine-learning	M	no	MissingEvidence	MissingEvidence	gitrefrepo/neo4j-gds-src/proc/machine-learning/src/main/java/org/neo4j/gds/ml/pipeline/node/regression/predict/NodeRegressionPipelineMutateProc.java	39	NeedsArchitectureSpike	model catalog plus feature sidecars plus artifacts	MissingEvidence	MissingEvidence	Complete GDS surface; Strict holistic RAM	none
procedure	gds.alpha.pipeline.nodeRegression.predict.stream	machine-learning	M	no	MissingEvidence	MissingEvidence	gitrefrepo/neo4j-gds-src/proc/machine-learning/src/main/java/org/neo4j/gds/ml/pipeline/node/regression/predict/NodeRegressionPipelineStreamProc.java	39	NeedsArchitectureSpike	model catalog plus feature sidecars plus artifacts	MissingEvidence	MissingEvidence	Complete GDS surface; Strict holistic RAM	none
procedure	gds.alpha.pipeline.nodeRegression.selectFeatures	machine-learning	READ	no	MissingEvidence	MissingEvidence	gitrefrepo/neo4j-gds-src/proc/machine-learning/src/main/java/org/neo4j/gds/ml/pipeline/node/regression/configure/NodeRegressionPipelineAddStepProcs.java	48	NeedsArchitectureSpike	model catalog plus feature sidecars plus artifacts	MissingEvidence	MissingEvidence	Complete GDS surface; Strict holistic RAM	none
procedure	gds.alpha.pipeline.nodeRegression.train	machine-learning	M	no	MissingEvidence	MissingEvidence	gitrefrepo/neo4j-gds-src/proc/machine-learning/src/main/java/org/neo4j/gds/ml/pipeline/node/regression/NodeRegressionPipelineTrainProc.java	37	NeedsArchitectureSpike	model catalog plus feature sidecars plus artifacts	MissingEvidence	MissingEvidence	Complete GDS surface; Strict holistic RAM	none
procedure	gds.beta.pipeline.linkPrediction.addFeature	machine-learning	READ	no	MissingEvidence	MissingEvidence	gitrefrepo/neo4j-gds-src/proc/machine-learning/src/main/java/org/neo4j/gds/ml/linkmodels/pipeline/LinkPredictionPipelineAddStepProcs.java	48	NeedsArchitectureSpike	model catalog plus feature sidecars plus artifacts	MissingEvidence	MissingEvidence	Complete GDS surface; Strict holistic RAM	none
procedure	gds.beta.pipeline.linkPrediction.addLogisticRegression	machine-learning	READ	no	MissingEvidence	MissingEvidence	gitrefrepo/neo4j-gds-src/proc/machine-learning/src/main/java/org/neo4j/gds/ml/linkmodels/pipeline/LinkPredictionPipelineAddTrainerMethodProcs.java	39	NeedsArchitectureSpike	model catalog plus feature sidecars plus artifacts	MissingEvidence	MissingEvidence	Complete GDS surface; Strict holistic RAM	none
procedure	gds.beta.pipeline.linkPrediction.addNodeProperty	machine-learning	READ	no	MissingEvidence	MissingEvidence	gitrefrepo/neo4j-gds-src/proc/machine-learning/src/main/java/org/neo4j/gds/ml/linkmodels/pipeline/LinkPredictionPipelineAddStepProcs.java	38	NeedsArchitectureSpike	model catalog plus feature sidecars plus artifacts	MissingEvidence	MissingEvidence	Complete GDS surface; Strict holistic RAM	none
procedure	gds.beta.pipeline.linkPrediction.addRandomForest	machine-learning	READ	no	MissingEvidence	MissingEvidence	gitrefrepo/neo4j-gds-src/proc/machine-learning/src/main/java/org/neo4j/gds/ml/linkmodels/pipeline/LinkPredictionPipelineAddTrainerMethodProcs.java	51	NeedsArchitectureSpike	model catalog plus feature sidecars plus artifacts	MissingEvidence	MissingEvidence	Complete GDS surface; Strict holistic RAM	none
procedure	gds.beta.pipeline.linkPrediction.configureSplit	machine-learning	READ	no	MissingEvidence	MissingEvidence	gitrefrepo/neo4j-gds-src/proc/machine-learning/src/main/java/org/neo4j/gds/ml/linkmodels/pipeline/LinkPredictionPipelineConfigureSplitProc.java	38	NeedsArchitectureSpike	model catalog plus feature sidecars plus artifacts	MissingEvidence	MissingEvidence	Complete GDS surface; Strict holistic RAM	none
procedure	gds.beta.pipeline.linkPrediction.create	machine-learning	READ	no	MissingEvidence	MissingEvidence	gitrefrepo/neo4j-gds-src/proc/machine-learning/src/main/java/org/neo4j/gds/ml/linkmodels/pipeline/LinkPredictionPipelineCreateProc.java	37	NeedsArchitectureSpike	model catalog plus feature sidecars plus artifacts	MissingEvidence	MissingEvidence	Complete GDS surface; Strict holistic RAM	none
procedure	gds.beta.pipeline.linkPrediction.predict.mutate	machine-learning	M	no	MissingEvidence	MissingEvidence	gitrefrepo/neo4j-gds-src/proc/machine-learning/src/main/java/org/neo4j/gds/ml/linkmodels/pipeline/predict/LinkPredictionPipelineMutateProc.java	41	NeedsArchitectureSpike	model catalog plus feature sidecars plus artifacts	MissingEvidence	MissingEvidence	Complete GDS surface; Strict holistic RAM	none
procedure	gds.beta.pipeline.linkPrediction.predict.mutate.estimate	machine-learning	M	yes	MissingEvidence	MissingEvidence	gitrefrepo/neo4j-gds-src/proc/machine-learning/src/main/java/org/neo4j/gds/ml/linkmodels/pipeline/predict/LinkPredictionPipelineMutateProc.java	50	NeedsArchitectureSpike	model catalog plus feature sidecars plus artifacts	MissingEvidence	MissingEvidence	Complete GDS surface; Strict holistic RAM	none
procedure	gds.beta.pipeline.linkPrediction.predict.stream	machine-learning	M	no	MissingEvidence	MissingEvidence	gitrefrepo/neo4j-gds-src/proc/machine-learning/src/main/java/org/neo4j/gds/ml/linkmodels/pipeline/predict/LinkPredictionPipelineStreamProc.java	41	NeedsArchitectureSpike	model catalog plus feature sidecars plus artifacts	MissingEvidence	MissingEvidence	Complete GDS surface; Strict holistic RAM	none
procedure	gds.beta.pipeline.linkPrediction.predict.stream.estimate	machine-learning	M	yes	MissingEvidence	MissingEvidence	gitrefrepo/neo4j-gds-src/proc/machine-learning/src/main/java/org/neo4j/gds/ml/linkmodels/pipeline/predict/LinkPredictionPipelineStreamProc.java	50	NeedsArchitectureSpike	model catalog plus feature sidecars plus artifacts	MissingEvidence	MissingEvidence	Complete GDS surface; Strict holistic RAM	none
procedure	gds.beta.pipeline.linkPrediction.train	machine-learning	M	no	MissingEvidence	MissingEvidence	gitrefrepo/neo4j-gds-src/proc/machine-learning/src/main/java/org/neo4j/gds/ml/linkmodels/pipeline/train/LinkPredictionPipelineTrainProc.java	40	NeedsArchitectureSpike	model catalog plus feature sidecars plus artifacts	MissingEvidence	MissingEvidence	Complete GDS surface; Strict holistic RAM	none
procedure	gds.beta.pipeline.linkPrediction.train.estimate	machine-learning	READ	yes	MissingEvidence	MissingEvidence	gitrefrepo/neo4j-gds-src/proc/machine-learning/src/main/java/org/neo4j/gds/ml/linkmodels/pipeline/train/LinkPredictionPipelineTrainProc.java	49	NeedsArchitectureSpike	model catalog plus feature sidecars plus artifacts	MissingEvidence	MissingEvidence	Complete GDS surface; Strict holistic RAM	none
procedure	gds.beta.pipeline.nodeClassification.addLogisticRegression	machine-learning	READ	no	MissingEvidence	MissingEvidence	gitrefrepo/neo4j-gds-src/proc/machine-learning/src/main/java/org/neo4j/gds/ml/pipeline/node/classification/NodeClassificationPipelineAddTrainerMethodProcs.java	39	NeedsArchitectureSpike	model catalog plus feature sidecars plus artifacts	MissingEvidence	MissingEvidence	Complete GDS surface; Strict holistic RAM	none
procedure	gds.beta.pipeline.nodeClassification.addNodeProperty	machine-learning	READ	no	MissingEvidence	MissingEvidence	gitrefrepo/neo4j-gds-src/proc/machine-learning/src/main/java/org/neo4j/gds/ml/pipeline/node/classification/NodeClassificationPipelineAddStepProcs.java	38	NeedsArchitectureSpike	model catalog plus feature sidecars plus artifacts	MissingEvidence	MissingEvidence	Complete GDS surface; Strict holistic RAM	none
procedure	gds.beta.pipeline.nodeClassification.addRandomForest	machine-learning	READ	no	MissingEvidence	MissingEvidence	gitrefrepo/neo4j-gds-src/proc/machine-learning/src/main/java/org/neo4j/gds/ml/pipeline/node/classification/NodeClassificationPipelineAddTrainerMethodProcs.java	48	NeedsArchitectureSpike	model catalog plus feature sidecars plus artifacts	MissingEvidence	MissingEvidence	Complete GDS surface; Strict holistic RAM	none
procedure	gds.beta.pipeline.nodeClassification.configureSplit	machine-learning	READ	no	MissingEvidence	MissingEvidence	gitrefrepo/neo4j-gds-src/proc/machine-learning/src/main/java/org/neo4j/gds/ml/pipeline/node/classification/NodeClassificationPipelineConfigureSplitProc.java	38	NeedsArchitectureSpike	model catalog plus feature sidecars plus artifacts	MissingEvidence	MissingEvidence	Complete GDS surface; Strict holistic RAM	none
procedure	gds.beta.pipeline.nodeClassification.create	machine-learning	READ	no	MissingEvidence	MissingEvidence	gitrefrepo/neo4j-gds-src/proc/machine-learning/src/main/java/org/neo4j/gds/ml/pipeline/node/classification/NodeClassificationPipelineCreateProc.java	37	NeedsArchitectureSpike	model catalog plus feature sidecars plus artifacts	MissingEvidence	MissingEvidence	Complete GDS surface; Strict holistic RAM	none
procedure	gds.beta.pipeline.nodeClassification.predict.mutate	machine-learning	M	no	MissingEvidence	MissingEvidence	gitrefrepo/neo4j-gds-src/proc/machine-learning/src/main/java/org/neo4j/gds/ml/pipeline/node/classification/predict/NodeClassificationPipelineMutateProc.java	41	NeedsArchitectureSpike	model catalog plus feature sidecars plus artifacts	MissingEvidence	MissingEvidence	Complete GDS surface; Strict holistic RAM	none
procedure	gds.beta.pipeline.nodeClassification.predict.mutate.estimate	machine-learning	M	yes	MissingEvidence	MissingEvidence	gitrefrepo/neo4j-gds-src/proc/machine-learning/src/main/java/org/neo4j/gds/ml/pipeline/node/classification/predict/NodeClassificationPipelineMutateProc.java	50	NeedsArchitectureSpike	model catalog plus feature sidecars plus artifacts	MissingEvidence	MissingEvidence	Complete GDS surface; Strict holistic RAM	none
procedure	gds.beta.pipeline.nodeClassification.predict.stream	machine-learning	M	no	MissingEvidence	MissingEvidence	gitrefrepo/neo4j-gds-src/proc/machine-learning/src/main/java/org/neo4j/gds/ml/pipeline/node/classification/predict/NodeClassificationPipelineStreamProc.java	41	NeedsArchitectureSpike	model catalog plus feature sidecars plus artifacts	MissingEvidence	MissingEvidence	Complete GDS surface; Strict holistic RAM	none
procedure	gds.beta.pipeline.nodeClassification.predict.stream.estimate	machine-learning	M	yes	MissingEvidence	MissingEvidence	gitrefrepo/neo4j-gds-src/proc/machine-learning/src/main/java/org/neo4j/gds/ml/pipeline/node/classification/predict/NodeClassificationPipelineStreamProc.java	50	NeedsArchitectureSpike	model catalog plus feature sidecars plus artifacts	MissingEvidence	MissingEvidence	Complete GDS surface; Strict holistic RAM	none
procedure	gds.beta.pipeline.nodeClassification.predict.write	machine-learning	M	no	MissingEvidence	MissingEvidence	gitrefrepo/neo4j-gds-src/proc/machine-learning/src/main/java/org/neo4j/gds/ml/pipeline/node/classification/predict/NodeClassificationPipelineWriteProc.java	41	NeedsArchitectureSpike	model catalog plus feature sidecars plus artifacts	MissingEvidence	MissingEvidence	Complete GDS surface; Strict holistic RAM	none
procedure	gds.beta.pipeline.nodeClassification.predict.write.estimate	machine-learning	M	yes	MissingEvidence	MissingEvidence	gitrefrepo/neo4j-gds-src/proc/machine-learning/src/main/java/org/neo4j/gds/ml/pipeline/node/classification/predict/NodeClassificationPipelineWriteProc.java	50	NeedsArchitectureSpike	model catalog plus feature sidecars plus artifacts	MissingEvidence	MissingEvidence	Complete GDS surface; Strict holistic RAM	none
procedure	gds.beta.pipeline.nodeClassification.selectFeatures	machine-learning	READ	no	MissingEvidence	MissingEvidence	gitrefrepo/neo4j-gds-src/proc/machine-learning/src/main/java/org/neo4j/gds/ml/pipeline/node/classification/NodeClassificationPipelineAddStepProcs.java	48	NeedsArchitectureSpike	model catalog plus feature sidecars plus artifacts	MissingEvidence	MissingEvidence	Complete GDS surface; Strict holistic RAM	none
procedure	gds.beta.pipeline.nodeClassification.train	machine-learning	M	no	MissingEvidence	MissingEvidence	gitrefrepo/neo4j-gds-src/proc/machine-learning/src/main/java/org/neo4j/gds/ml/pipeline/node/classification/predict/NodeClassificationPipelineTrainProc.java	38	NeedsArchitectureSpike	model catalog plus feature sidecars plus artifacts	MissingEvidence	MissingEvidence	Complete GDS surface; Strict holistic RAM	none
procedure	gds.beta.pipeline.nodeClassification.train.estimate	machine-learning	M	yes	MissingEvidence	MissingEvidence	gitrefrepo/neo4j-gds-src/proc/machine-learning/src/main/java/org/neo4j/gds/ml/pipeline/node/classification/predict/NodeClassificationPipelineTrainProc.java	47	NeedsArchitectureSpike	model catalog plus feature sidecars plus artifacts	MissingEvidence	MissingEvidence	Complete GDS surface; Strict holistic RAM	none
procedure	gds.ml.kge.predict.mutate	machine-learning	M	no	MissingEvidence	MissingEvidence	gitrefrepo/neo4j-gds-src/proc/machine-learning/src/main/java/org/neo4j/gds/ml/kge/KGEPredictMutateProc.java	38	NeedsArchitectureSpike	model catalog plus feature sidecars plus artifacts	MissingEvidence	MissingEvidence	Complete GDS surface; Strict holistic RAM	none
procedure	gds.ml.kge.predict.stream	machine-learning	M	no	MissingEvidence	MissingEvidence	gitrefrepo/neo4j-gds-src/proc/machine-learning/src/main/java/org/neo4j/gds/ml/kge/KGEPredictStreamProc.java	38	NeedsArchitectureSpike	model catalog plus feature sidecars plus artifacts	MissingEvidence	MissingEvidence	Complete GDS surface; Strict holistic RAM	none
procedure	gds.ml.kge.predict.write	machine-learning	WRITE	no	MissingEvidence	MissingEvidence	gitrefrepo/neo4j-gds-src/proc/machine-learning/src/main/java/org/neo4j/gds/ml/kge/KGEPredictWriteProc.java	39	NeedsArchitectureSpike	model catalog plus feature sidecars plus artifacts	MissingEvidence	MissingEvidence	Complete GDS surface; Strict holistic RAM	none
procedure	gds.alpha.scaleProperties.mutate	misc	MissingEvidence	no	MissingEvidence	MissingEvidence	gitrefrepo/neo4j-gds-src/proc/misc/src/main/java/org/neo4j/gds/scaling/ScalePropertiesMutateProc.java	62	NeedsArchitectureSpike	catalog or sidecar operations	MissingEvidence	MissingEvidence	Complete GDS surface	gds.scaleProperties.mutate
procedure	gds.alpha.scaleProperties.stream	misc	MissingEvidence	no	MissingEvidence	MissingEvidence	gitrefrepo/neo4j-gds-src/proc/misc/src/main/java/org/neo4j/gds/scaling/ScalePropertiesStreamProc.java	62	NeedsArchitectureSpike	catalog or sidecar operations	MissingEvidence	MissingEvidence	Complete GDS surface	gds.scaleProperties.stream
procedure	gds.beta.collapsePath.mutate	misc	READ	no	MissingEvidence	MissingEvidence	gitrefrepo/neo4j-gds-src/proc/misc/src/main/java/org/neo4j/gds/walking/CollapsePathMutateProc.java	49	NeedsArchitectureSpike	catalog or sidecar operations	MissingEvidence	MissingEvidence	Complete GDS surface	gds.collapsePath.mutate
procedure	gds.beta.listProgress	misc	MissingEvidence	no	MissingEvidence	MissingEvidence	gitrefrepo/neo4j-gds-src/proc/misc/src/main/java/org/neo4j/gds/ListProgressProc.java	40	NeedsArchitectureSpike	catalog or sidecar operations	MissingEvidence	MissingEvidence	Complete GDS surface	gds.listProgress
procedure	gds.collapsePath.mutate	misc	READ	no	MissingEvidence	MissingEvidence	gitrefrepo/neo4j-gds-src/proc/misc/src/main/java/org/neo4j/gds/walking/CollapsePathMutateProc.java	40	NeedsArchitectureSpike	catalog or sidecar operations	MissingEvidence	MissingEvidence	Complete GDS surface	none
procedure	gds.features.adjacencyPackingStrategy	misc	MissingEvidence	no	MissingEvidence	MissingEvidence	gitrefrepo/neo4j-gds-src/proc/misc/src/main/java/org/neo4j/gds/FeatureToggleProc.java	44	NeedsArchitectureSpike	catalog or sidecar operations	MissingEvidence	MissingEvidence	Complete GDS surface	none
procedure	gds.features.adjacencyPackingStrategy.reset	misc	MissingEvidence	no	MissingEvidence	MissingEvidence	gitrefrepo/neo4j-gds-src/proc/misc/src/main/java/org/neo4j/gds/FeatureToggleProc.java	72	NeedsArchitectureSpike	catalog or sidecar operations	MissingEvidence	MissingEvidence	Complete GDS surface	none
procedure	gds.features.enableAdjacencyCompressionMemoryTracking	misc	MissingEvidence	no	MissingEvidence	MissingEvidence	gitrefrepo/neo4j-gds-src/proc/misc/src/main/java/org/neo4j/gds/FeatureToggleProc.java	51	NeedsArchitectureSpike	catalog or sidecar operations	MissingEvidence	MissingEvidence	Complete GDS surface	none
procedure	gds.features.enableAdjacencyCompressionMemoryTracking.reset	misc	MissingEvidence	no	MissingEvidence	MissingEvidence	gitrefrepo/neo4j-gds-src/proc/misc/src/main/java/org/neo4j/gds/FeatureToggleProc.java	79	NeedsArchitectureSpike	catalog or sidecar operations	MissingEvidence	MissingEvidence	Complete GDS surface	none
procedure	gds.features.enableArrowDatabaseImport	misc	MissingEvidence	no	MissingEvidence	MissingEvidence	gitrefrepo/neo4j-gds-src/proc/misc/src/main/java/org/neo4j/gds/FeatureToggleProc.java	58	NeedsArchitectureSpike	catalog or sidecar operations	MissingEvidence	MissingEvidence	Complete GDS surface	none
procedure	gds.features.enableArrowDatabaseImport.reset	misc	MissingEvidence	no	MissingEvidence	MissingEvidence	gitrefrepo/neo4j-gds-src/proc/misc/src/main/java/org/neo4j/gds/FeatureToggleProc.java	86	NeedsArchitectureSpike	catalog or sidecar operations	MissingEvidence	MissingEvidence	Complete GDS surface	none
procedure	gds.features.pagesPerThread	misc	MissingEvidence	no	MissingEvidence	MissingEvidence	gitrefrepo/neo4j-gds-src/proc/misc/src/main/java/org/neo4j/gds/FeatureToggleProc.java	65	NeedsArchitectureSpike	catalog or sidecar operations	MissingEvidence	MissingEvidence	Complete GDS surface	none
procedure	gds.features.pagesPerThread.reset	misc	MissingEvidence	no	MissingEvidence	MissingEvidence	gitrefrepo/neo4j-gds-src/proc/misc/src/main/java/org/neo4j/gds/FeatureToggleProc.java	93	NeedsArchitectureSpike	catalog or sidecar operations	MissingEvidence	MissingEvidence	Complete GDS surface	none
procedure	gds.features.useMixedAdjacencyList	misc	MissingEvidence	no	MissingEvidence	MissingEvidence	gitrefrepo/neo4j-gds-src/proc/misc/src/main/java/org/neo4j/gds/FeatureToggleProc.java	128	NeedsArchitectureSpike	catalog or sidecar operations	MissingEvidence	MissingEvidence	Complete GDS surface	none
procedure	gds.features.useMixedAdjacencyList.reset	misc	MissingEvidence	no	MissingEvidence	MissingEvidence	gitrefrepo/neo4j-gds-src/proc/misc/src/main/java/org/neo4j/gds/FeatureToggleProc.java	100	NeedsArchitectureSpike	catalog or sidecar operations	MissingEvidence	MissingEvidence	Complete GDS surface	none
procedure	gds.features.usePackedAdjacencyList	misc	MissingEvidence	no	MissingEvidence	MissingEvidence	gitrefrepo/neo4j-gds-src/proc/misc/src/main/java/org/neo4j/gds/FeatureToggleProc.java	135	NeedsArchitectureSpike	catalog or sidecar operations	MissingEvidence	MissingEvidence	Complete GDS surface	none
procedure	gds.features.usePackedAdjacencyList.reset	misc	MissingEvidence	no	MissingEvidence	MissingEvidence	gitrefrepo/neo4j-gds-src/proc/misc/src/main/java/org/neo4j/gds/FeatureToggleProc.java	107	NeedsArchitectureSpike	catalog or sidecar operations	MissingEvidence	MissingEvidence	Complete GDS surface	none
procedure	gds.features.useReorderedAdjacencyList	misc	MissingEvidence	no	MissingEvidence	MissingEvidence	gitrefrepo/neo4j-gds-src/proc/misc/src/main/java/org/neo4j/gds/FeatureToggleProc.java	142	NeedsArchitectureSpike	catalog or sidecar operations	MissingEvidence	MissingEvidence	Complete GDS surface	none
procedure	gds.features.useReorderedAdjacencyList.reset	misc	MissingEvidence	no	MissingEvidence	MissingEvidence	gitrefrepo/neo4j-gds-src/proc/misc/src/main/java/org/neo4j/gds/FeatureToggleProc.java	114	NeedsArchitectureSpike	catalog or sidecar operations	MissingEvidence	MissingEvidence	Complete GDS surface	none
procedure	gds.features.useUncompressedAdjacencyList	misc	MissingEvidence	no	MissingEvidence	MissingEvidence	gitrefrepo/neo4j-gds-src/proc/misc/src/main/java/org/neo4j/gds/FeatureToggleProc.java	149	NeedsArchitectureSpike	catalog or sidecar operations	MissingEvidence	MissingEvidence	Complete GDS surface	none
procedure	gds.features.useUncompressedAdjacencyList.reset	misc	MissingEvidence	no	MissingEvidence	MissingEvidence	gitrefrepo/neo4j-gds-src/proc/misc/src/main/java/org/neo4j/gds/FeatureToggleProc.java	121	NeedsArchitectureSpike	catalog or sidecar operations	MissingEvidence	MissingEvidence	Complete GDS surface	none
procedure	gds.graph.relationships.indexInverse	misc	READ	no	MissingEvidence	MissingEvidence	gitrefrepo/neo4j-gds-src/proc/misc/src/main/java/org/neo4j/gds/indexInverse/IndexInverseProc.java	43	NeedsArchitectureSpike	catalog or sidecar operations	MissingEvidence	MissingEvidence	Complete GDS surface	none
procedure	gds.graph.relationships.indexInverse.estimate	misc	READ	yes	MissingEvidence	MissingEvidence	gitrefrepo/neo4j-gds-src/proc/misc/src/main/java/org/neo4j/gds/indexInverse/IndexInverseProc.java	53	NeedsArchitectureSpike	catalog or sidecar operations	MissingEvidence	MissingEvidence	Complete GDS surface	none
procedure	gds.graph.relationships.toUndirected	misc	READ	no	MissingEvidence	MissingEvidence	gitrefrepo/neo4j-gds-src/proc/misc/src/main/java/org/neo4j/gds/undirected/ToUndirectedProc.java	60	NeedsArchitectureSpike	catalog or sidecar operations	MissingEvidence	MissingEvidence	Complete GDS surface	none
procedure	gds.graph.relationships.toUndirected.estimate	misc	READ	yes	MissingEvidence	MissingEvidence	gitrefrepo/neo4j-gds-src/proc/misc/src/main/java/org/neo4j/gds/undirected/ToUndirectedProc.java	87	NeedsArchitectureSpike	catalog or sidecar operations	MissingEvidence	MissingEvidence	Complete GDS surface	none
procedure	gds.list	misc	MissingEvidence	no	MissingEvidence	MissingEvidence	gitrefrepo/neo4j-gds-src/proc/misc/src/main/java/org/neo4j/gds/ListProc.java	57	NeedsArchitectureSpike	catalog or sidecar operations	MissingEvidence	MissingEvidence	Complete GDS surface	none
procedure	gds.listProgress	misc	MissingEvidence	no	MissingEvidence	MissingEvidence	gitrefrepo/neo4j-gds-src/proc/misc/src/main/java/org/neo4j/gds/ListProgressProc.java	49	NeedsArchitectureSpike	catalog or sidecar operations	MissingEvidence	MissingEvidence	Complete GDS surface	none
procedure	gds.memory.list	misc	MissingEvidence	no	MissingEvidence	MissingEvidence	gitrefrepo/neo4j-gds-src/proc/misc/src/main/java/org/neo4j/gds/memory/MemoryProc.java	37	NeedsArchitectureSpike	catalog or sidecar operations	MissingEvidence	MissingEvidence	Complete GDS surface	none
procedure	gds.memory.summary	misc	MissingEvidence	no	MissingEvidence	MissingEvidence	gitrefrepo/neo4j-gds-src/proc/misc/src/main/java/org/neo4j/gds/memory/MemoryProc.java	43	NeedsArchitectureSpike	catalog or sidecar operations	MissingEvidence	MissingEvidence	Complete GDS surface	none
procedure	gds.scaleProperties.mutate	misc	MissingEvidence	no	MissingEvidence	MissingEvidence	gitrefrepo/neo4j-gds-src/proc/misc/src/main/java/org/neo4j/gds/scaling/ScalePropertiesMutateProc.java	42	NeedsArchitectureSpike	catalog or sidecar operations	MissingEvidence	MissingEvidence	Complete GDS surface	none
procedure	gds.scaleProperties.mutate.estimate	misc	READ	yes	MissingEvidence	MissingEvidence	gitrefrepo/neo4j-gds-src/proc/misc/src/main/java/org/neo4j/gds/scaling/ScalePropertiesMutateProc.java	51	NeedsArchitectureSpike	catalog or sidecar operations	MissingEvidence	MissingEvidence	Complete GDS surface	none
procedure	gds.scaleProperties.stats	misc	READ	no	MissingEvidence	MissingEvidence	gitrefrepo/neo4j-gds-src/proc/misc/src/main/java/org/neo4j/gds/scaling/ScalePropertiesStatsProc.java	41	NeedsArchitectureSpike	catalog or sidecar operations	MissingEvidence	MissingEvidence	Complete GDS surface	none
procedure	gds.scaleProperties.stats.estimate	misc	READ	yes	MissingEvidence	MissingEvidence	gitrefrepo/neo4j-gds-src/proc/misc/src/main/java/org/neo4j/gds/scaling/ScalePropertiesStatsProc.java	50	NeedsArchitectureSpike	catalog or sidecar operations	MissingEvidence	MissingEvidence	Complete GDS surface	none
procedure	gds.scaleProperties.stream	misc	MissingEvidence	no	MissingEvidence	MissingEvidence	gitrefrepo/neo4j-gds-src/proc/misc/src/main/java/org/neo4j/gds/scaling/ScalePropertiesStreamProc.java	42	NeedsArchitectureSpike	catalog or sidecar operations	MissingEvidence	MissingEvidence	Complete GDS surface	none
procedure	gds.scaleProperties.stream.estimate	misc	READ	yes	MissingEvidence	MissingEvidence	gitrefrepo/neo4j-gds-src/proc/misc/src/main/java/org/neo4j/gds/scaling/ScalePropertiesStreamProc.java	51	NeedsArchitectureSpike	catalog or sidecar operations	MissingEvidence	MissingEvidence	Complete GDS surface	none
procedure	gds.scaleProperties.write	misc	WRITE	no	MissingEvidence	MissingEvidence	gitrefrepo/neo4j-gds-src/proc/misc/src/main/java/org/neo4j/gds/scaling/ScalePropertiesWriteProc.java	42	NeedsArchitectureSpike	catalog or sidecar operations	MissingEvidence	MissingEvidence	Complete GDS surface	none
procedure	gds.scaleProperties.write.estimate	misc	READ	yes	MissingEvidence	MissingEvidence	gitrefrepo/neo4j-gds-src/proc/misc/src/main/java/org/neo4j/gds/scaling/ScalePropertiesWriteProc.java	51	NeedsArchitectureSpike	catalog or sidecar operations	MissingEvidence	MissingEvidence	Complete GDS surface	none
procedure	gds.test.pl	misc	MissingEvidence	no	MissingEvidence	MissingEvidence	gitrefrepo/neo4j-gds-src/proc/misc/src/test/java/org/neo4j/gds/BaseProgressTest.java	63	NeedsArchitectureSpike	catalog or sidecar operations	MissingEvidence	MissingEvidence	Complete GDS surface	none
procedure	gds.test.plfinished	misc	MissingEvidence	no	MissingEvidence	MissingEvidence	gitrefrepo/neo4j-gds-src/proc/misc/src/test/java/org/neo4j/gds/ListProgressProcTest.java	152	NeedsArchitectureSpike	catalog or sidecar operations	MissingEvidence	MissingEvidence	Complete GDS surface	none
procedure	gds.test.track	misc	MissingEvidence	no	MissingEvidence	MissingEvidence	gitrefrepo/neo4j-gds-src/proc/misc/src/test/java/org/neo4j/gds/ListProgressDetailProcTest.java	145	NeedsArchitectureSpike	catalog or sidecar operations	MissingEvidence	MissingEvidence	Complete GDS surface	none
procedure	gds.allShortestPaths.delta.mutate	path-finding	READ	no	MissingEvidence	MissingEvidence	gitrefrepo/neo4j-gds-src/proc/path-finding/src/main/java/org/neo4j/gds/paths/singlesource/delta/AllShortestPathsDeltaMutateProc.java	41	NeedsArchitectureSpike	topology plus optional weight sidecars plus frontier state	MissingEvidence	MissingEvidence	Complete GDS surface; Strict holistic RAM	none
procedure	gds.allShortestPaths.delta.mutate.estimate	path-finding	READ	yes	MissingEvidence	MissingEvidence	gitrefrepo/neo4j-gds-src/proc/path-finding/src/main/java/org/neo4j/gds/paths/singlesource/delta/AllShortestPathsDeltaMutateProc.java	50	NeedsArchitectureSpike	topology plus optional weight sidecars plus frontier state	MissingEvidence	MissingEvidence	Complete GDS surface; Strict holistic RAM	none
procedure	gds.allShortestPaths.delta.stats	path-finding	READ	no	MissingEvidence	MissingEvidence	gitrefrepo/neo4j-gds-src/proc/path-finding/src/main/java/org/neo4j/gds/paths/singlesource/delta/AllShortestPathsDeltaStatsProc.java	41	NeedsArchitectureSpike	topology plus optional weight sidecars plus frontier state	MissingEvidence	MissingEvidence	Complete GDS surface; Strict holistic RAM	none
procedure	gds.allShortestPaths.delta.stats.estimate	path-finding	READ	yes	MissingEvidence	MissingEvidence	gitrefrepo/neo4j-gds-src/proc/path-finding/src/main/java/org/neo4j/gds/paths/singlesource/delta/AllShortestPathsDeltaStatsProc.java	50	NeedsArchitectureSpike	topology plus optional weight sidecars plus frontier state	MissingEvidence	MissingEvidence	Complete GDS surface; Strict holistic RAM	none
procedure	gds.allShortestPaths.delta.stream	path-finding	READ	no	MissingEvidence	MissingEvidence	gitrefrepo/neo4j-gds-src/proc/path-finding/src/main/java/org/neo4j/gds/paths/singlesource/delta/AllShortestPathsDeltaStreamProc.java	41	NeedsArchitectureSpike	topology plus optional weight sidecars plus frontier state	MissingEvidence	MissingEvidence	Complete GDS surface; Strict holistic RAM	none
procedure	gds.allShortestPaths.delta.stream.estimate	path-finding	READ	yes	MissingEvidence	MissingEvidence	gitrefrepo/neo4j-gds-src/proc/path-finding/src/main/java/org/neo4j/gds/paths/singlesource/delta/AllShortestPathsDeltaStreamProc.java	50	NeedsArchitectureSpike	topology plus optional weight sidecars plus frontier state	MissingEvidence	MissingEvidence	Complete GDS surface; Strict holistic RAM	none
procedure	gds.allShortestPaths.delta.write	path-finding	WRITE	no	MissingEvidence	MissingEvidence	gitrefrepo/neo4j-gds-src/proc/path-finding/src/main/java/org/neo4j/gds/paths/singlesource/delta/AllShortestPathsDeltaWriteProc.java	42	NeedsArchitectureSpike	topology plus optional weight sidecars plus frontier state	MissingEvidence	MissingEvidence	Complete GDS surface; Strict holistic RAM	none
procedure	gds.allShortestPaths.delta.write.estimate	path-finding	READ	yes	MissingEvidence	MissingEvidence	gitrefrepo/neo4j-gds-src/proc/path-finding/src/main/java/org/neo4j/gds/paths/singlesource/delta/AllShortestPathsDeltaWriteProc.java	51	NeedsArchitectureSpike	topology plus optional weight sidecars plus frontier state	MissingEvidence	MissingEvidence	Complete GDS surface; Strict holistic RAM	none
procedure	gds.allShortestPaths.dijkstra.mutate	path-finding	READ	no	MissingEvidence	MissingEvidence	gitrefrepo/neo4j-gds-src/proc/path-finding/src/main/java/org/neo4j/gds/paths/singlesource/dijkstra/AllShortestPathsDijkstraMutateProc.java	41	NeedsArchitectureSpike	topology plus optional weight sidecars plus frontier state	MissingEvidence	MissingEvidence	Complete GDS surface; Strict holistic RAM	none
procedure	gds.allShortestPaths.dijkstra.mutate.estimate	path-finding	READ	yes	MissingEvidence	MissingEvidence	gitrefrepo/neo4j-gds-src/proc/path-finding/src/main/java/org/neo4j/gds/paths/singlesource/dijkstra/AllShortestPathsDijkstraMutateProc.java	50	NeedsArchitectureSpike	topology plus optional weight sidecars plus frontier state	MissingEvidence	MissingEvidence	Complete GDS surface; Strict holistic RAM	none
procedure	gds.allShortestPaths.dijkstra.stream	path-finding	READ	no	MissingEvidence	MissingEvidence	gitrefrepo/neo4j-gds-src/proc/path-finding/src/main/java/org/neo4j/gds/paths/singlesource/dijkstra/AllShortestPathsDijkstraStreamProc.java	41	NeedsArchitectureSpike	topology plus optional weight sidecars plus frontier state	MissingEvidence	MissingEvidence	Complete GDS surface; Strict holistic RAM	none
procedure	gds.allShortestPaths.dijkstra.stream.estimate	path-finding	READ	yes	MissingEvidence	MissingEvidence	gitrefrepo/neo4j-gds-src/proc/path-finding/src/main/java/org/neo4j/gds/paths/singlesource/dijkstra/AllShortestPathsDijkstraStreamProc.java	50	NeedsArchitectureSpike	topology plus optional weight sidecars plus frontier state	MissingEvidence	MissingEvidence	Complete GDS surface; Strict holistic RAM	none
procedure	gds.allShortestPaths.dijkstra.write	path-finding	WRITE	no	MissingEvidence	MissingEvidence	gitrefrepo/neo4j-gds-src/proc/path-finding/src/main/java/org/neo4j/gds/paths/singlesource/dijkstra/AllShortestPathsDijkstraWriteProc.java	42	NeedsArchitectureSpike	topology plus optional weight sidecars plus frontier state	MissingEvidence	MissingEvidence	Complete GDS surface; Strict holistic RAM	none
procedure	gds.allShortestPaths.dijkstra.write.estimate	path-finding	READ	yes	MissingEvidence	MissingEvidence	gitrefrepo/neo4j-gds-src/proc/path-finding/src/main/java/org/neo4j/gds/paths/singlesource/dijkstra/AllShortestPathsDijkstraWriteProc.java	51	NeedsArchitectureSpike	topology plus optional weight sidecars plus frontier state	MissingEvidence	MissingEvidence	Complete GDS surface; Strict holistic RAM	none
procedure	gds.allShortestPaths.stream	path-finding	READ	no	MissingEvidence	MissingEvidence	gitrefrepo/neo4j-gds-src/proc/path-finding/src/main/java/org/neo4j/gds/paths/all/AllShortestPathsStreamProc.java	40	NeedsArchitectureSpike	topology plus optional weight sidecars plus frontier state	MissingEvidence	MissingEvidence	Complete GDS surface; Strict holistic RAM	none
procedure	gds.alpha.allShortestPaths.stream	path-finding	READ	no	MissingEvidence	MissingEvidence	gitrefrepo/neo4j-gds-src/proc/path-finding/src/main/java/org/neo4j/gds/paths/all/AllShortestPathsStreamProc.java	49	NeedsArchitectureSpike	topology plus optional weight sidecars plus frontier state	MissingEvidence	MissingEvidence	Complete GDS surface; Strict holistic RAM	gds.allShortestPaths.stream
procedure	gds.alpha.kSpanningTree.write	path-finding	WRITE	no	MissingEvidence	MissingEvidence	gitrefrepo/neo4j-gds-src/proc/path-finding/src/main/java/org/neo4j/gds/paths/kspanningtree/KSpanningTreeWriteProc.java	49	NeedsArchitectureSpike	topology plus optional weight sidecars plus frontier state	MissingEvidence	MissingEvidence	Complete GDS surface; Strict holistic RAM	gds.kSpanningTree.write
procedure	gds.bellmanFord.mutate	path-finding	READ	no	MissingEvidence	MissingEvidence	gitrefrepo/neo4j-gds-src/proc/path-finding/src/main/java/org/neo4j/gds/paths/singlesource/bellmanford/BellmanFordMutateProc.java	41	NeedsArchitectureSpike	topology plus optional weight sidecars plus frontier state	MissingEvidence	MissingEvidence	Complete GDS surface; Strict holistic RAM	none
procedure	gds.bellmanFord.mutate.estimate	path-finding	READ	yes	MissingEvidence	MissingEvidence	gitrefrepo/neo4j-gds-src/proc/path-finding/src/main/java/org/neo4j/gds/paths/singlesource/bellmanford/BellmanFordMutateProc.java	50	NeedsArchitectureSpike	topology plus optional weight sidecars plus frontier state	MissingEvidence	MissingEvidence	Complete GDS surface; Strict holistic RAM	none
procedure	gds.bellmanFord.stats	path-finding	READ	no	MissingEvidence	MissingEvidence	gitrefrepo/neo4j-gds-src/proc/path-finding/src/main/java/org/neo4j/gds/paths/singlesource/bellmanford/BellmanFordStatsProc.java	41	NeedsArchitectureSpike	topology plus optional weight sidecars plus frontier state	MissingEvidence	MissingEvidence	Complete GDS surface; Strict holistic RAM	none
procedure	gds.bellmanFord.stats.estimate	path-finding	READ	yes	MissingEvidence	MissingEvidence	gitrefrepo/neo4j-gds-src/proc/path-finding/src/main/java/org/neo4j/gds/paths/singlesource/bellmanford/BellmanFordStatsProc.java	50	NeedsArchitectureSpike	topology plus optional weight sidecars plus frontier state	MissingEvidence	MissingEvidence	Complete GDS surface; Strict holistic RAM	none
procedure	gds.bellmanFord.stream	path-finding	READ	no	MissingEvidence	MissingEvidence	gitrefrepo/neo4j-gds-src/proc/path-finding/src/main/java/org/neo4j/gds/paths/singlesource/bellmanford/BellmanFordStreamProc.java	41	NeedsArchitectureSpike	topology plus optional weight sidecars plus frontier state	MissingEvidence	MissingEvidence	Complete GDS surface; Strict holistic RAM	none
procedure	gds.bellmanFord.stream.estimate	path-finding	READ	yes	MissingEvidence	MissingEvidence	gitrefrepo/neo4j-gds-src/proc/path-finding/src/main/java/org/neo4j/gds/paths/singlesource/bellmanford/BellmanFordStreamProc.java	50	NeedsArchitectureSpike	topology plus optional weight sidecars plus frontier state	MissingEvidence	MissingEvidence	Complete GDS surface; Strict holistic RAM	none
procedure	gds.bellmanFord.write	path-finding	WRITE	no	MissingEvidence	MissingEvidence	gitrefrepo/neo4j-gds-src/proc/path-finding/src/main/java/org/neo4j/gds/paths/singlesource/bellmanford/BellmanFordWriteProc.java	42	NeedsArchitectureSpike	topology plus optional weight sidecars plus frontier state	MissingEvidence	MissingEvidence	Complete GDS surface; Strict holistic RAM	none
procedure	gds.bellmanFord.write.estimate	path-finding	READ	yes	MissingEvidence	MissingEvidence	gitrefrepo/neo4j-gds-src/proc/path-finding/src/main/java/org/neo4j/gds/paths/singlesource/bellmanford/BellmanFordWriteProc.java	51	NeedsArchitectureSpike	topology plus optional weight sidecars plus frontier state	MissingEvidence	MissingEvidence	Complete GDS surface; Strict holistic RAM	none
procedure	gds.beta.spanningTree.mutate	path-finding	READ	no	MissingEvidence	MissingEvidence	gitrefrepo/neo4j-gds-src/proc/path-finding/src/main/java/org/neo4j/gds/paths/spanningtree/SpanningTreeMutateProc.java	60	NeedsArchitectureSpike	topology plus optional weight sidecars plus frontier state	MissingEvidence	MissingEvidence	Complete GDS surface; Strict holistic RAM	gds.spanningTree.mutate
procedure	gds.beta.spanningTree.mutate	path-finding	READ	no	MissingEvidence	MissingEvidence	gitrefrepo/neo4j-gds-src/proc/path-finding/src/main/java/org/neo4j/gds/paths/spanningtree/SpanningTreeMutateProc.java	76	NeedsArchitectureSpike	topology plus optional weight sidecars plus frontier state	MissingEvidence	MissingEvidence	Complete GDS surface; Strict holistic RAM	gds.spanningTree.mutate
procedure	gds.beta.spanningTree.stats	path-finding	READ	no	MissingEvidence	MissingEvidence	gitrefrepo/neo4j-gds-src/proc/path-finding/src/main/java/org/neo4j/gds/paths/spanningtree/SpanningTreeStatsProc.java	60	NeedsArchitectureSpike	topology plus optional weight sidecars plus frontier state	MissingEvidence	MissingEvidence	Complete GDS surface; Strict holistic RAM	gds.spanningTree.stats
procedure	gds.beta.spanningTree.stats	path-finding	READ	no	MissingEvidence	MissingEvidence	gitrefrepo/neo4j-gds-src/proc/path-finding/src/main/java/org/neo4j/gds/paths/spanningtree/SpanningTreeStatsProc.java	76	NeedsArchitectureSpike	topology plus optional weight sidecars plus frontier state	MissingEvidence	MissingEvidence	Complete GDS surface; Strict holistic RAM	gds.spanningTree.stats
procedure	gds.beta.spanningTree.stream	path-finding	READ	no	MissingEvidence	MissingEvidence	gitrefrepo/neo4j-gds-src/proc/path-finding/src/main/java/org/neo4j/gds/paths/spanningtree/SpanningTreeStreamProc.java	60	NeedsArchitectureSpike	topology plus optional weight sidecars plus frontier state	MissingEvidence	MissingEvidence	Complete GDS surface; Strict holistic RAM	gds.spanningTree.stream
procedure	gds.beta.spanningTree.stream	path-finding	READ	no	MissingEvidence	MissingEvidence	gitrefrepo/neo4j-gds-src/proc/path-finding/src/main/java/org/neo4j/gds/paths/spanningtree/SpanningTreeStreamProc.java	75	NeedsArchitectureSpike	topology plus optional weight sidecars plus frontier state	MissingEvidence	MissingEvidence	Complete GDS surface; Strict holistic RAM	gds.spanningTree.stream
procedure	gds.beta.spanningTree.write	path-finding	READ	no	MissingEvidence	MissingEvidence	gitrefrepo/neo4j-gds-src/proc/path-finding/src/main/java/org/neo4j/gds/paths/spanningtree/SpanningTreeWriteProc.java	76	NeedsArchitectureSpike	topology plus optional weight sidecars plus frontier state	MissingEvidence	MissingEvidence	Complete GDS surface; Strict holistic RAM	gds.spanningTree.write
procedure	gds.beta.spanningTree.write	path-finding	WRITE	no	MissingEvidence	MissingEvidence	gitrefrepo/neo4j-gds-src/proc/path-finding/src/main/java/org/neo4j/gds/paths/spanningtree/SpanningTreeWriteProc.java	61	NeedsArchitectureSpike	topology plus optional weight sidecars plus frontier state	MissingEvidence	MissingEvidence	Complete GDS surface; Strict holistic RAM	gds.spanningTree.write
procedure	gds.beta.steinerTree.mutate	path-finding	READ	no	MissingEvidence	MissingEvidence	gitrefrepo/neo4j-gds-src/proc/path-finding/src/main/java/org/neo4j/gds/paths/steiner/SteinerTreeMutateProc.java	61	NeedsArchitectureSpike	topology plus optional weight sidecars plus frontier state	MissingEvidence	MissingEvidence	Complete GDS surface; Strict holistic RAM	gds.steinerTree.mutate
procedure	gds.beta.steinerTree.stats	path-finding	READ	no	MissingEvidence	MissingEvidence	gitrefrepo/neo4j-gds-src/proc/path-finding/src/main/java/org/neo4j/gds/paths/steiner/SteinerTreeStatsProc.java	61	NeedsArchitectureSpike	topology plus optional weight sidecars plus frontier state	MissingEvidence	MissingEvidence	Complete GDS surface; Strict holistic RAM	gds.steinerTree.stats
procedure	gds.beta.steinerTree.stream	path-finding	READ	no	MissingEvidence	MissingEvidence	gitrefrepo/neo4j-gds-src/proc/path-finding/src/main/java/org/neo4j/gds/paths/steiner/SteinerTreeStreamProc.java	61	NeedsArchitectureSpike	topology plus optional weight sidecars plus frontier state	MissingEvidence	MissingEvidence	Complete GDS surface; Strict holistic RAM	gds.steinerTree.stream
procedure	gds.beta.steinerTree.write	path-finding	WRITE	no	MissingEvidence	MissingEvidence	gitrefrepo/neo4j-gds-src/proc/path-finding/src/main/java/org/neo4j/gds/paths/steiner/SteinerTreeWriteProc.java	63	NeedsArchitectureSpike	topology plus optional weight sidecars plus frontier state	MissingEvidence	MissingEvidence	Complete GDS surface; Strict holistic RAM	gds.steinerTree.write
procedure	gds.bfs.mutate	path-finding	READ	no	MissingEvidence	MissingEvidence	gitrefrepo/neo4j-gds-src/proc/path-finding/src/main/java/org/neo4j/gds/paths/traverse/BfsMutateProc.java	41	NeedsArchitectureSpike	topology plus optional weight sidecars plus frontier state	MissingEvidence	MissingEvidence	Complete GDS surface; Strict holistic RAM	none
procedure	gds.bfs.mutate.estimate	path-finding	READ	yes	MissingEvidence	MissingEvidence	gitrefrepo/neo4j-gds-src/proc/path-finding/src/main/java/org/neo4j/gds/paths/traverse/BfsMutateProc.java	50	NeedsArchitectureSpike	topology plus optional weight sidecars plus frontier state	MissingEvidence	MissingEvidence	Complete GDS surface; Strict holistic RAM	none
procedure	gds.bfs.stats	path-finding	READ	no	MissingEvidence	MissingEvidence	gitrefrepo/neo4j-gds-src/proc/path-finding/src/main/java/org/neo4j/gds/paths/traverse/BfsStatsProc.java	41	NeedsArchitectureSpike	topology plus optional weight sidecars plus frontier state	MissingEvidence	MissingEvidence	Complete GDS surface; Strict holistic RAM	none
procedure	gds.bfs.stats.estimate	path-finding	READ	yes	MissingEvidence	MissingEvidence	gitrefrepo/neo4j-gds-src/proc/path-finding/src/main/java/org/neo4j/gds/paths/traverse/BfsStatsProc.java	50	NeedsArchitectureSpike	topology plus optional weight sidecars plus frontier state	MissingEvidence	MissingEvidence	Complete GDS surface; Strict holistic RAM	none
procedure	gds.bfs.stream	path-finding	READ	no	MissingEvidence	MissingEvidence	gitrefrepo/neo4j-gds-src/proc/path-finding/src/main/java/org/neo4j/gds/paths/traverse/BfsStreamProc.java	41	NeedsArchitectureSpike	topology plus optional weight sidecars plus frontier state	MissingEvidence	MissingEvidence	Complete GDS surface; Strict holistic RAM	none
procedure	gds.bfs.stream.estimate	path-finding	READ	yes	MissingEvidence	MissingEvidence	gitrefrepo/neo4j-gds-src/proc/path-finding/src/main/java/org/neo4j/gds/paths/traverse/BfsStreamProc.java	50	NeedsArchitectureSpike	topology plus optional weight sidecars plus frontier state	MissingEvidence	MissingEvidence	Complete GDS surface; Strict holistic RAM	none
procedure	gds.dag.longestPath.stream	path-finding	READ	no	MissingEvidence	MissingEvidence	gitrefrepo/neo4j-gds-src/proc/path-finding/src/main/java/org/neo4j/gds/paths/dag/longestPath/DagLongestPathStreamProc.java	39	NeedsArchitectureSpike	topology plus optional weight sidecars plus frontier state	MissingEvidence	MissingEvidence	Complete GDS surface; Strict holistic RAM	none
procedure	gds.dag.topologicalSort.stream	path-finding	READ	no	MissingEvidence	MissingEvidence	gitrefrepo/neo4j-gds-src/proc/path-finding/src/main/java/org/neo4j/gds/paths/dag/topologicalsort/TopologicalSortStreamProc.java	39	NeedsArchitectureSpike	topology plus optional weight sidecars plus frontier state	MissingEvidence	MissingEvidence	Complete GDS surface; Strict holistic RAM	none
procedure	gds.dfs.mutate	path-finding	READ	no	MissingEvidence	MissingEvidence	gitrefrepo/neo4j-gds-src/proc/path-finding/src/main/java/org/neo4j/gds/paths/traverse/DfsMutateProc.java	41	NeedsArchitectureSpike	topology plus optional weight sidecars plus frontier state	MissingEvidence	MissingEvidence	Complete GDS surface; Strict holistic RAM	none
procedure	gds.dfs.mutate.estimate	path-finding	READ	yes	MissingEvidence	MissingEvidence	gitrefrepo/neo4j-gds-src/proc/path-finding/src/main/java/org/neo4j/gds/paths/traverse/DfsMutateProc.java	50	NeedsArchitectureSpike	topology plus optional weight sidecars plus frontier state	MissingEvidence	MissingEvidence	Complete GDS surface; Strict holistic RAM	none
procedure	gds.dfs.stream	path-finding	READ	no	MissingEvidence	MissingEvidence	gitrefrepo/neo4j-gds-src/proc/path-finding/src/main/java/org/neo4j/gds/paths/traverse/DfsStreamProc.java	41	NeedsArchitectureSpike	topology plus optional weight sidecars plus frontier state	MissingEvidence	MissingEvidence	Complete GDS surface; Strict holistic RAM	none
procedure	gds.dfs.stream.estimate	path-finding	READ	yes	MissingEvidence	MissingEvidence	gitrefrepo/neo4j-gds-src/proc/path-finding/src/main/java/org/neo4j/gds/paths/traverse/DfsStreamProc.java	50	NeedsArchitectureSpike	topology plus optional weight sidecars plus frontier state	MissingEvidence	MissingEvidence	Complete GDS surface; Strict holistic RAM	none
procedure	gds.kSpanningTree.write	path-finding	WRITE	no	MissingEvidence	MissingEvidence	gitrefrepo/neo4j-gds-src/proc/path-finding/src/main/java/org/neo4j/gds/paths/kspanningtree/KSpanningTreeWriteProc.java	40	NeedsArchitectureSpike	topology plus optional weight sidecars plus frontier state	MissingEvidence	MissingEvidence	Complete GDS surface; Strict holistic RAM	none
procedure	gds.prizeSteinerTree.stream	path-finding	READ	no	MissingEvidence	MissingEvidence	gitrefrepo/neo4j-gds-src/proc/path-finding/src/main/java/org/neo4j/gds/paths/prizesteiner/PrizeCollectingSteinerTreeStreamProc.java	40	NeedsArchitectureSpike	topology plus optional weight sidecars plus frontier state	MissingEvidence	MissingEvidence	Complete GDS surface; Strict holistic RAM	none
procedure	gds.prizeSteinerTree.stream.estimate	path-finding	READ	yes	MissingEvidence	MissingEvidence	gitrefrepo/neo4j-gds-src/proc/path-finding/src/main/java/org/neo4j/gds/paths/prizesteiner/PrizeCollectingSteinerTreeStreamProc.java	49	NeedsArchitectureSpike	topology plus optional weight sidecars plus frontier state	MissingEvidence	MissingEvidence	Complete GDS surface; Strict holistic RAM	none
procedure	gds.randomWalk.mutate	path-finding	READ	no	MissingEvidence	MissingEvidence	gitrefrepo/neo4j-gds-src/proc/path-finding/src/main/java/org/neo4j/gds/paths/randomwalk/RandomWalkMutateProc.java	41	NeedsArchitectureSpike	topology plus optional weight sidecars plus frontier state	MissingEvidence	MissingEvidence	Complete GDS surface; Strict holistic RAM	none
procedure	gds.randomWalk.mutate.estimate	path-finding	READ	yes	MissingEvidence	MissingEvidence	gitrefrepo/neo4j-gds-src/proc/path-finding/src/main/java/org/neo4j/gds/paths/randomwalk/RandomWalkMutateProc.java	50	NeedsArchitectureSpike	topology plus optional weight sidecars plus frontier state	MissingEvidence	MissingEvidence	Complete GDS surface; Strict holistic RAM	none
procedure	gds.randomWalk.stats	path-finding	READ	no	MissingEvidence	MissingEvidence	gitrefrepo/neo4j-gds-src/proc/path-finding/src/main/java/org/neo4j/gds/paths/randomwalk/RandomWalkStatsProc.java	42	NeedsArchitectureSpike	topology plus optional weight sidecars plus frontier state	MissingEvidence	MissingEvidence	Complete GDS surface; Strict holistic RAM	none
procedure	gds.randomWalk.stats.estimate	path-finding	READ	yes	MissingEvidence	MissingEvidence	gitrefrepo/neo4j-gds-src/proc/path-finding/src/main/java/org/neo4j/gds/paths/randomwalk/RandomWalkStatsProc.java	50	NeedsArchitectureSpike	topology plus optional weight sidecars plus frontier state	MissingEvidence	MissingEvidence	Complete GDS surface; Strict holistic RAM	none
procedure	gds.randomWalk.stream	path-finding	READ	no	MissingEvidence	MissingEvidence	gitrefrepo/neo4j-gds-src/proc/path-finding/src/main/java/org/neo4j/gds/paths/randomwalk/RandomWalkStreamProc.java	41	NeedsArchitectureSpike	topology plus optional weight sidecars plus frontier state	MissingEvidence	MissingEvidence	Complete GDS surface; Strict holistic RAM	none
procedure	gds.randomWalk.stream.estimate	path-finding	READ	yes	MissingEvidence	MissingEvidence	gitrefrepo/neo4j-gds-src/proc/path-finding/src/main/java/org/neo4j/gds/paths/randomwalk/RandomWalkStreamProc.java	50	NeedsArchitectureSpike	topology plus optional weight sidecars plus frontier state	MissingEvidence	MissingEvidence	Complete GDS surface; Strict holistic RAM	none
procedure	gds.shortestPath.astar.mutate	path-finding	READ	no	MissingEvidence	MissingEvidence	gitrefrepo/neo4j-gds-src/proc/path-finding/src/main/java/org/neo4j/gds/paths/sourcetarget/ShortestPathAStarMutateProc.java	41	NeedsArchitectureSpike	topology plus optional weight sidecars plus frontier state	MissingEvidence	MissingEvidence	Complete GDS surface; Strict holistic RAM	none
procedure	gds.shortestPath.astar.mutate.estimate	path-finding	READ	yes	MissingEvidence	MissingEvidence	gitrefrepo/neo4j-gds-src/proc/path-finding/src/main/java/org/neo4j/gds/paths/sourcetarget/ShortestPathAStarMutateProc.java	50	NeedsArchitectureSpike	topology plus optional weight sidecars plus frontier state	MissingEvidence	MissingEvidence	Complete GDS surface; Strict holistic RAM	none
procedure	gds.shortestPath.astar.stream	path-finding	READ	no	MissingEvidence	MissingEvidence	gitrefrepo/neo4j-gds-src/proc/path-finding/src/main/java/org/neo4j/gds/paths/sourcetarget/ShortestPathAStarStreamProc.java	41	NeedsArchitectureSpike	topology plus optional weight sidecars plus frontier state	MissingEvidence	MissingEvidence	Complete GDS surface; Strict holistic RAM	none
procedure	gds.shortestPath.astar.stream.estimate	path-finding	READ	yes	MissingEvidence	MissingEvidence	gitrefrepo/neo4j-gds-src/proc/path-finding/src/main/java/org/neo4j/gds/paths/sourcetarget/ShortestPathAStarStreamProc.java	50	NeedsArchitectureSpike	topology plus optional weight sidecars plus frontier state	MissingEvidence	MissingEvidence	Complete GDS surface; Strict holistic RAM	none
procedure	gds.shortestPath.astar.write	path-finding	WRITE	no	MissingEvidence	MissingEvidence	gitrefrepo/neo4j-gds-src/proc/path-finding/src/main/java/org/neo4j/gds/paths/sourcetarget/ShortestPathAStarWriteProc.java	42	NeedsArchitectureSpike	topology plus optional weight sidecars plus frontier state	MissingEvidence	MissingEvidence	Complete GDS surface; Strict holistic RAM	none
procedure	gds.shortestPath.astar.write.estimate	path-finding	READ	yes	MissingEvidence	MissingEvidence	gitrefrepo/neo4j-gds-src/proc/path-finding/src/main/java/org/neo4j/gds/paths/sourcetarget/ShortestPathAStarWriteProc.java	51	NeedsArchitectureSpike	topology plus optional weight sidecars plus frontier state	MissingEvidence	MissingEvidence	Complete GDS surface; Strict holistic RAM	none
procedure	gds.shortestPath.dijkstra.mutate	path-finding	READ	no	MissingEvidence	MissingEvidence	gitrefrepo/neo4j-gds-src/proc/path-finding/src/main/java/org/neo4j/gds/paths/sourcetarget/ShortestPathDijkstraMutateProc.java	41	NeedsArchitectureSpike	topology plus optional weight sidecars plus frontier state	MissingEvidence	MissingEvidence	Complete GDS surface; Strict holistic RAM	none
procedure	gds.shortestPath.dijkstra.mutate.estimate	path-finding	READ	yes	MissingEvidence	MissingEvidence	gitrefrepo/neo4j-gds-src/proc/path-finding/src/main/java/org/neo4j/gds/paths/sourcetarget/ShortestPathDijkstraMutateProc.java	50	NeedsArchitectureSpike	topology plus optional weight sidecars plus frontier state	MissingEvidence	MissingEvidence	Complete GDS surface; Strict holistic RAM	none
procedure	gds.shortestPath.dijkstra.stream	path-finding	READ	no	MissingEvidence	MissingEvidence	gitrefrepo/neo4j-gds-src/proc/path-finding/src/main/java/org/neo4j/gds/paths/sourcetarget/ShortestPathDijkstraStreamProc.java	41	NeedsArchitectureSpike	topology plus optional weight sidecars plus frontier state	MissingEvidence	MissingEvidence	Complete GDS surface; Strict holistic RAM	none
procedure	gds.shortestPath.dijkstra.stream.estimate	path-finding	READ	yes	MissingEvidence	MissingEvidence	gitrefrepo/neo4j-gds-src/proc/path-finding/src/main/java/org/neo4j/gds/paths/sourcetarget/ShortestPathDijkstraStreamProc.java	50	NeedsArchitectureSpike	topology plus optional weight sidecars plus frontier state	MissingEvidence	MissingEvidence	Complete GDS surface; Strict holistic RAM	none
procedure	gds.shortestPath.dijkstra.write	path-finding	WRITE	no	MissingEvidence	MissingEvidence	gitrefrepo/neo4j-gds-src/proc/path-finding/src/main/java/org/neo4j/gds/paths/sourcetarget/ShortestPathDijkstraWriteProc.java	42	NeedsArchitectureSpike	topology plus optional weight sidecars plus frontier state	MissingEvidence	MissingEvidence	Complete GDS surface; Strict holistic RAM	none
procedure	gds.shortestPath.dijkstra.write.estimate	path-finding	READ	yes	MissingEvidence	MissingEvidence	gitrefrepo/neo4j-gds-src/proc/path-finding/src/main/java/org/neo4j/gds/paths/sourcetarget/ShortestPathDijkstraWriteProc.java	51	NeedsArchitectureSpike	topology plus optional weight sidecars plus frontier state	MissingEvidence	MissingEvidence	Complete GDS surface; Strict holistic RAM	none
procedure	gds.shortestPath.yens.mutate	path-finding	READ	no	MissingEvidence	MissingEvidence	gitrefrepo/neo4j-gds-src/proc/path-finding/src/main/java/org/neo4j/gds/paths/sourcetarget/ShortestPathYensMutateProc.java	41	NeedsArchitectureSpike	topology plus optional weight sidecars plus frontier state	MissingEvidence	MissingEvidence	Complete GDS surface; Strict holistic RAM	none
procedure	gds.shortestPath.yens.mutate.estimate	path-finding	READ	yes	MissingEvidence	MissingEvidence	gitrefrepo/neo4j-gds-src/proc/path-finding/src/main/java/org/neo4j/gds/paths/sourcetarget/ShortestPathYensMutateProc.java	50	NeedsArchitectureSpike	topology plus optional weight sidecars plus frontier state	MissingEvidence	MissingEvidence	Complete GDS surface; Strict holistic RAM	none
procedure	gds.shortestPath.yens.stream	path-finding	READ	no	MissingEvidence	MissingEvidence	gitrefrepo/neo4j-gds-src/proc/path-finding/src/main/java/org/neo4j/gds/paths/sourcetarget/ShortestPathYensStreamProc.java	41	NeedsArchitectureSpike	topology plus optional weight sidecars plus frontier state	MissingEvidence	MissingEvidence	Complete GDS surface; Strict holistic RAM	none
procedure	gds.shortestPath.yens.stream.estimate	path-finding	READ	yes	MissingEvidence	MissingEvidence	gitrefrepo/neo4j-gds-src/proc/path-finding/src/main/java/org/neo4j/gds/paths/sourcetarget/ShortestPathYensStreamProc.java	50	NeedsArchitectureSpike	topology plus optional weight sidecars plus frontier state	MissingEvidence	MissingEvidence	Complete GDS surface; Strict holistic RAM	none
procedure	gds.shortestPath.yens.write	path-finding	WRITE	no	MissingEvidence	MissingEvidence	gitrefrepo/neo4j-gds-src/proc/path-finding/src/main/java/org/neo4j/gds/paths/sourcetarget/ShortestPathYensWriteProc.java	42	NeedsArchitectureSpike	topology plus optional weight sidecars plus frontier state	MissingEvidence	MissingEvidence	Complete GDS surface; Strict holistic RAM	none
procedure	gds.shortestPath.yens.write.estimate	path-finding	READ	yes	MissingEvidence	MissingEvidence	gitrefrepo/neo4j-gds-src/proc/path-finding/src/main/java/org/neo4j/gds/paths/sourcetarget/ShortestPathYensWriteProc.java	51	NeedsArchitectureSpike	topology plus optional weight sidecars plus frontier state	MissingEvidence	MissingEvidence	Complete GDS surface; Strict holistic RAM	none
procedure	gds.spanningTree.mutate	path-finding	READ	no	MissingEvidence	MissingEvidence	gitrefrepo/neo4j-gds-src/proc/path-finding/src/main/java/org/neo4j/gds/paths/spanningtree/SpanningTreeMutateProc.java	42	NeedsArchitectureSpike	topology plus optional weight sidecars plus frontier state	MissingEvidence	MissingEvidence	Complete GDS surface; Strict holistic RAM	none
procedure	gds.spanningTree.mutate	path-finding	READ	no	MissingEvidence	MissingEvidence	gitrefrepo/neo4j-gds-src/proc/path-finding/src/main/java/org/neo4j/gds/paths/spanningtree/SpanningTreeMutateProc.java	51	NeedsArchitectureSpike	topology plus optional weight sidecars plus frontier state	MissingEvidence	MissingEvidence	Complete GDS surface; Strict holistic RAM	none
procedure	gds.spanningTree.stats	path-finding	READ	no	MissingEvidence	MissingEvidence	gitrefrepo/neo4j-gds-src/proc/path-finding/src/main/java/org/neo4j/gds/paths/spanningtree/SpanningTreeStatsProc.java	42	NeedsArchitectureSpike	topology plus optional weight sidecars plus frontier state	MissingEvidence	MissingEvidence	Complete GDS surface; Strict holistic RAM	none
procedure	gds.spanningTree.stats	path-finding	READ	no	MissingEvidence	MissingEvidence	gitrefrepo/neo4j-gds-src/proc/path-finding/src/main/java/org/neo4j/gds/paths/spanningtree/SpanningTreeStatsProc.java	51	NeedsArchitectureSpike	topology plus optional weight sidecars plus frontier state	MissingEvidence	MissingEvidence	Complete GDS surface; Strict holistic RAM	none
procedure	gds.spanningTree.stream	path-finding	READ	no	MissingEvidence	MissingEvidence	gitrefrepo/neo4j-gds-src/proc/path-finding/src/main/java/org/neo4j/gds/paths/spanningtree/SpanningTreeStreamProc.java	42	NeedsArchitectureSpike	topology plus optional weight sidecars plus frontier state	MissingEvidence	MissingEvidence	Complete GDS surface; Strict holistic RAM	none
procedure	gds.spanningTree.stream	path-finding	READ	no	MissingEvidence	MissingEvidence	gitrefrepo/neo4j-gds-src/proc/path-finding/src/main/java/org/neo4j/gds/paths/spanningtree/SpanningTreeStreamProc.java	51	NeedsArchitectureSpike	topology plus optional weight sidecars plus frontier state	MissingEvidence	MissingEvidence	Complete GDS surface; Strict holistic RAM	none
procedure	gds.spanningTree.write	path-finding	READ	no	MissingEvidence	MissingEvidence	gitrefrepo/neo4j-gds-src/proc/path-finding/src/main/java/org/neo4j/gds/paths/spanningtree/SpanningTreeWriteProc.java	52	NeedsArchitectureSpike	topology plus optional weight sidecars plus frontier state	MissingEvidence	MissingEvidence	Complete GDS surface; Strict holistic RAM	none
procedure	gds.spanningTree.write	path-finding	WRITE	no	MissingEvidence	MissingEvidence	gitrefrepo/neo4j-gds-src/proc/path-finding/src/main/java/org/neo4j/gds/paths/spanningtree/SpanningTreeWriteProc.java	43	NeedsArchitectureSpike	topology plus optional weight sidecars plus frontier state	MissingEvidence	MissingEvidence	Complete GDS surface; Strict holistic RAM	none
procedure	gds.steinerTree.mutate	path-finding	READ	no	MissingEvidence	MissingEvidence	gitrefrepo/neo4j-gds-src/proc/path-finding/src/main/java/org/neo4j/gds/paths/steiner/SteinerTreeMutateProc.java	42	NeedsArchitectureSpike	topology plus optional weight sidecars plus frontier state	MissingEvidence	MissingEvidence	Complete GDS surface; Strict holistic RAM	none
procedure	gds.steinerTree.mutate.estimate	path-finding	READ	yes	MissingEvidence	MissingEvidence	gitrefrepo/neo4j-gds-src/proc/path-finding/src/main/java/org/neo4j/gds/paths/steiner/SteinerTreeMutateProc.java	51	NeedsArchitectureSpike	topology plus optional weight sidecars plus frontier state	MissingEvidence	MissingEvidence	Complete GDS surface; Strict holistic RAM	none
procedure	gds.steinerTree.stats	path-finding	READ	no	MissingEvidence	MissingEvidence	gitrefrepo/neo4j-gds-src/proc/path-finding/src/main/java/org/neo4j/gds/paths/steiner/SteinerTreeStatsProc.java	42	NeedsArchitectureSpike	topology plus optional weight sidecars plus frontier state	MissingEvidence	MissingEvidence	Complete GDS surface; Strict holistic RAM	none
procedure	gds.steinerTree.stats.estimate	path-finding	READ	yes	MissingEvidence	MissingEvidence	gitrefrepo/neo4j-gds-src/proc/path-finding/src/main/java/org/neo4j/gds/paths/steiner/SteinerTreeStatsProc.java	51	NeedsArchitectureSpike	topology plus optional weight sidecars plus frontier state	MissingEvidence	MissingEvidence	Complete GDS surface; Strict holistic RAM	none
procedure	gds.steinerTree.stream	path-finding	READ	no	MissingEvidence	MissingEvidence	gitrefrepo/neo4j-gds-src/proc/path-finding/src/main/java/org/neo4j/gds/paths/steiner/SteinerTreeStreamProc.java	42	NeedsArchitectureSpike	topology plus optional weight sidecars plus frontier state	MissingEvidence	MissingEvidence	Complete GDS surface; Strict holistic RAM	none
procedure	gds.steinerTree.stream.estimate	path-finding	READ	yes	MissingEvidence	MissingEvidence	gitrefrepo/neo4j-gds-src/proc/path-finding/src/main/java/org/neo4j/gds/paths/steiner/SteinerTreeStreamProc.java	51	NeedsArchitectureSpike	topology plus optional weight sidecars plus frontier state	MissingEvidence	MissingEvidence	Complete GDS surface; Strict holistic RAM	none
procedure	gds.steinerTree.write	path-finding	WRITE	no	MissingEvidence	MissingEvidence	gitrefrepo/neo4j-gds-src/proc/path-finding/src/main/java/org/neo4j/gds/paths/steiner/SteinerTreeWriteProc.java	43	NeedsArchitectureSpike	topology plus optional weight sidecars plus frontier state	MissingEvidence	MissingEvidence	Complete GDS surface; Strict holistic RAM	none
procedure	gds.steinerTree.write.estimate	path-finding	READ	yes	MissingEvidence	MissingEvidence	gitrefrepo/neo4j-gds-src/proc/path-finding/src/main/java/org/neo4j/gds/paths/steiner/SteinerTreeWriteProc.java	52	NeedsArchitectureSpike	topology plus optional weight sidecars plus frontier state	MissingEvidence	MissingEvidence	Complete GDS surface; Strict holistic RAM	none
procedure	gds.beta.pipeline.drop	pipeline-catalog	READ	no	MissingEvidence	MissingEvidence	gitrefrepo/neo4j-gds-src/proc/pipeline-catalog/src/main/java/org/neo4j/gds/pipeline/catalog/PipelineDropProc.java	49	NeedsArchitectureSpike	pipeline catalog metadata	MissingEvidence	MissingEvidence	Complete GDS surface	gds.pipeline.drop
procedure	gds.beta.pipeline.exists	pipeline-catalog	READ	no	MissingEvidence	MissingEvidence	gitrefrepo/neo4j-gds-src/proc/pipeline-catalog/src/main/java/org/neo4j/gds/pipeline/catalog/PipelineExistsProc.java	46	NeedsArchitectureSpike	pipeline catalog metadata	MissingEvidence	MissingEvidence	Complete GDS surface	gds.pipeline.exists
procedure	gds.beta.pipeline.list	pipeline-catalog	READ	no	MissingEvidence	MissingEvidence	gitrefrepo/neo4j-gds-src/proc/pipeline-catalog/src/main/java/org/neo4j/gds/pipeline/catalog/PipelineListProc.java	47	NeedsArchitectureSpike	pipeline catalog metadata	MissingEvidence	MissingEvidence	Complete GDS surface	gds.pipeline.list
procedure	gds.pipeline.drop	pipeline-catalog	READ	no	MissingEvidence	MissingEvidence	gitrefrepo/neo4j-gds-src/proc/pipeline-catalog/src/main/java/org/neo4j/gds/pipeline/catalog/PipelineDropProc.java	40	NeedsArchitectureSpike	pipeline catalog metadata	MissingEvidence	MissingEvidence	Complete GDS surface	none
procedure	gds.pipeline.exists	pipeline-catalog	READ	no	MissingEvidence	MissingEvidence	gitrefrepo/neo4j-gds-src/proc/pipeline-catalog/src/main/java/org/neo4j/gds/pipeline/catalog/PipelineExistsProc.java	40	NeedsArchitectureSpike	pipeline catalog metadata	MissingEvidence	MissingEvidence	Complete GDS surface	none
procedure	gds.pipeline.list	pipeline-catalog	READ	no	MissingEvidence	MissingEvidence	gitrefrepo/neo4j-gds-src/proc/pipeline-catalog/src/main/java/org/neo4j/gds/pipeline/catalog/PipelineListProc.java	41	NeedsArchitectureSpike	pipeline catalog metadata	MissingEvidence	MissingEvidence	Complete GDS surface	none
procedure	gds.alpha.knn.filtered.mutate	similarity	READ	no	MissingEvidence	MissingEvidence	gitrefrepo/neo4j-gds-src/proc/similarity/src/main/java/org/neo4j/gds/similarity/filteredknn/FilteredKnnMutateProc.java	60	NeedsArchitectureSpike	sidecars plus candidate pruning plus top-k state	MissingEvidence	MissingEvidence	Complete GDS surface; Strict holistic RAM	gds.knn.filtered.mutate
procedure	gds.alpha.knn.filtered.stats	similarity	READ	no	MissingEvidence	MissingEvidence	gitrefrepo/neo4j-gds-src/proc/similarity/src/main/java/org/neo4j/gds/similarity/filteredknn/FilteredKnnStatsProc.java	60	NeedsArchitectureSpike	sidecars plus candidate pruning plus top-k state	MissingEvidence	MissingEvidence	Complete GDS surface; Strict holistic RAM	gds.knn.filtered.stats
procedure	gds.alpha.knn.filtered.stream	similarity	READ	no	MissingEvidence	MissingEvidence	gitrefrepo/neo4j-gds-src/proc/similarity/src/main/java/org/neo4j/gds/similarity/filteredknn/FilteredKnnStreamProc.java	60	NeedsArchitectureSpike	sidecars plus candidate pruning plus top-k state	MissingEvidence	MissingEvidence	Complete GDS surface; Strict holistic RAM	gds.knn.filtered.stream
procedure	gds.alpha.knn.filtered.write	similarity	WRITE	no	MissingEvidence	MissingEvidence	gitrefrepo/neo4j-gds-src/proc/similarity/src/main/java/org/neo4j/gds/similarity/filteredknn/FilteredKnnWriteProc.java	61	NeedsArchitectureSpike	sidecars plus candidate pruning plus top-k state	MissingEvidence	MissingEvidence	Complete GDS surface; Strict holistic RAM	gds.knn.filtered.write
procedure	gds.alpha.nodeSimilarity.filtered.mutate	similarity	READ	no	MissingEvidence	MissingEvidence	gitrefrepo/neo4j-gds-src/proc/similarity/src/main/java/org/neo4j/gds/similarity/filterednodesim/FilteredNodeSimilarityMutateProc.java	62	NeedsArchitectureSpike	sidecars plus candidate pruning plus top-k state	MissingEvidence	MissingEvidence	Complete GDS surface; Strict holistic RAM	gds.nodeSimilarity.filtered.mutate
procedure	gds.alpha.nodeSimilarity.filtered.mutate.estimate	similarity	READ	yes	MissingEvidence	MissingEvidence	gitrefrepo/neo4j-gds-src/proc/similarity/src/main/java/org/neo4j/gds/similarity/filterednodesim/FilteredNodeSimilarityMutateProc.java	78	NeedsArchitectureSpike	sidecars plus candidate pruning plus top-k state	MissingEvidence	MissingEvidence	Complete GDS surface; Strict holistic RAM	gds.nodeSimilarity.filtered.mutate.estimate
procedure	gds.alpha.nodeSimilarity.filtered.stats	similarity	READ	no	MissingEvidence	MissingEvidence	gitrefrepo/neo4j-gds-src/proc/similarity/src/main/java/org/neo4j/gds/similarity/filterednodesim/FilteredNodeSimilarityStatsProc.java	62	NeedsArchitectureSpike	sidecars plus candidate pruning plus top-k state	MissingEvidence	MissingEvidence	Complete GDS surface; Strict holistic RAM	gds.nodeSimilarity.filtered.stats
procedure	gds.alpha.nodeSimilarity.filtered.stats.estimate	similarity	READ	yes	MissingEvidence	MissingEvidence	gitrefrepo/neo4j-gds-src/proc/similarity/src/main/java/org/neo4j/gds/similarity/filterednodesim/FilteredNodeSimilarityStatsProc.java	78	NeedsArchitectureSpike	sidecars plus candidate pruning plus top-k state	MissingEvidence	MissingEvidence	Complete GDS surface; Strict holistic RAM	gds.nodeSimilarity.filtered.stats.estimate
procedure	gds.alpha.nodeSimilarity.filtered.stream	similarity	READ	no	MissingEvidence	MissingEvidence	gitrefrepo/neo4j-gds-src/proc/similarity/src/main/java/org/neo4j/gds/similarity/filterednodesim/FilteredNodeSimilarityStreamProc.java	62	NeedsArchitectureSpike	sidecars plus candidate pruning plus top-k state	MissingEvidence	MissingEvidence	Complete GDS surface; Strict holistic RAM	gds.nodeSimilarity.filtered.stream
procedure	gds.alpha.nodeSimilarity.filtered.stream.estimate	similarity	READ	yes	MissingEvidence	MissingEvidence	gitrefrepo/neo4j-gds-src/proc/similarity/src/main/java/org/neo4j/gds/similarity/filterednodesim/FilteredNodeSimilarityStreamProc.java	78	NeedsArchitectureSpike	sidecars plus candidate pruning plus top-k state	MissingEvidence	MissingEvidence	Complete GDS surface; Strict holistic RAM	gds.nodeSimilarity.filtered.stream.estimate
procedure	gds.alpha.nodeSimilarity.filtered.write	similarity	WRITE	no	MissingEvidence	MissingEvidence	gitrefrepo/neo4j-gds-src/proc/similarity/src/main/java/org/neo4j/gds/similarity/filterednodesim/FilteredNodeSimilarityWriteProc.java	63	NeedsArchitectureSpike	sidecars plus candidate pruning plus top-k state	MissingEvidence	MissingEvidence	Complete GDS surface; Strict holistic RAM	gds.nodeSimilarity.filtered.write
procedure	gds.alpha.nodeSimilarity.filtered.write.estimate	similarity	READ	yes	MissingEvidence	MissingEvidence	gitrefrepo/neo4j-gds-src/proc/similarity/src/main/java/org/neo4j/gds/similarity/filterednodesim/FilteredNodeSimilarityWriteProc.java	79	NeedsArchitectureSpike	sidecars plus candidate pruning plus top-k state	MissingEvidence	MissingEvidence	Complete GDS surface; Strict holistic RAM	gds.nodeSimilarity.filtered.write.estimate
procedure	gds.knn.filtered.mutate	similarity	READ	no	MissingEvidence	MissingEvidence	gitrefrepo/neo4j-gds-src/proc/similarity/src/main/java/org/neo4j/gds/similarity/filteredknn/FilteredKnnMutateProc.java	42	NeedsArchitectureSpike	sidecars plus candidate pruning plus top-k state	MissingEvidence	MissingEvidence	Complete GDS surface; Strict holistic RAM	none
procedure	gds.knn.filtered.mutate.estimate	similarity	READ	yes	MissingEvidence	MissingEvidence	gitrefrepo/neo4j-gds-src/proc/similarity/src/main/java/org/neo4j/gds/similarity/filteredknn/FilteredKnnMutateProc.java	51	NeedsArchitectureSpike	sidecars plus candidate pruning plus top-k state	MissingEvidence	MissingEvidence	Complete GDS surface; Strict holistic RAM	none
procedure	gds.knn.filtered.stats	similarity	READ	no	MissingEvidence	MissingEvidence	gitrefrepo/neo4j-gds-src/proc/similarity/src/main/java/org/neo4j/gds/similarity/filteredknn/FilteredKnnStatsProc.java	42	NeedsArchitectureSpike	sidecars plus candidate pruning plus top-k state	MissingEvidence	MissingEvidence	Complete GDS surface; Strict holistic RAM	none
procedure	gds.knn.filtered.stats.estimate	similarity	READ	yes	MissingEvidence	MissingEvidence	gitrefrepo/neo4j-gds-src/proc/similarity/src/main/java/org/neo4j/gds/similarity/filteredknn/FilteredKnnStatsProc.java	51	NeedsArchitectureSpike	sidecars plus candidate pruning plus top-k state	MissingEvidence	MissingEvidence	Complete GDS surface; Strict holistic RAM	none
procedure	gds.knn.filtered.stream	similarity	READ	no	MissingEvidence	MissingEvidence	gitrefrepo/neo4j-gds-src/proc/similarity/src/main/java/org/neo4j/gds/similarity/filteredknn/FilteredKnnStreamProc.java	42	NeedsArchitectureSpike	sidecars plus candidate pruning plus top-k state	MissingEvidence	MissingEvidence	Complete GDS surface; Strict holistic RAM	none
procedure	gds.knn.filtered.stream.estimate	similarity	READ	yes	MissingEvidence	MissingEvidence	gitrefrepo/neo4j-gds-src/proc/similarity/src/main/java/org/neo4j/gds/similarity/filteredknn/FilteredKnnStreamProc.java	51	NeedsArchitectureSpike	sidecars plus candidate pruning plus top-k state	MissingEvidence	MissingEvidence	Complete GDS surface; Strict holistic RAM	none
procedure	gds.knn.filtered.write	similarity	WRITE	no	MissingEvidence	MissingEvidence	gitrefrepo/neo4j-gds-src/proc/similarity/src/main/java/org/neo4j/gds/similarity/filteredknn/FilteredKnnWriteProc.java	43	NeedsArchitectureSpike	sidecars plus candidate pruning plus top-k state	MissingEvidence	MissingEvidence	Complete GDS surface; Strict holistic RAM	none
procedure	gds.knn.filtered.write.estimate	similarity	READ	yes	MissingEvidence	MissingEvidence	gitrefrepo/neo4j-gds-src/proc/similarity/src/main/java/org/neo4j/gds/similarity/filteredknn/FilteredKnnWriteProc.java	52	NeedsArchitectureSpike	sidecars plus candidate pruning plus top-k state	MissingEvidence	MissingEvidence	Complete GDS surface; Strict holistic RAM	none
procedure	gds.knn.mutate	similarity	READ	no	MissingEvidence	MissingEvidence	gitrefrepo/neo4j-gds-src/proc/similarity/src/main/java/org/neo4j/gds/similarity/knn/KnnMutateProc.java	41	NeedsArchitectureSpike	sidecars plus candidate pruning plus top-k state	MissingEvidence	MissingEvidence	Complete GDS surface; Strict holistic RAM	none
procedure	gds.knn.mutate.estimate	similarity	READ	yes	MissingEvidence	MissingEvidence	gitrefrepo/neo4j-gds-src/proc/similarity/src/main/java/org/neo4j/gds/similarity/knn/KnnMutateProc.java	50	NeedsArchitectureSpike	sidecars plus candidate pruning plus top-k state	MissingEvidence	MissingEvidence	Complete GDS surface; Strict holistic RAM	none
procedure	gds.knn.stats	similarity	READ	no	MissingEvidence	MissingEvidence	gitrefrepo/neo4j-gds-src/proc/similarity/src/main/java/org/neo4j/gds/similarity/knn/KnnStatsProc.java	41	NeedsArchitectureSpike	sidecars plus candidate pruning plus top-k state	MissingEvidence	MissingEvidence	Complete GDS surface; Strict holistic RAM	none
procedure	gds.knn.stats.estimate	similarity	READ	yes	MissingEvidence	MissingEvidence	gitrefrepo/neo4j-gds-src/proc/similarity/src/main/java/org/neo4j/gds/similarity/knn/KnnStatsProc.java	50	NeedsArchitectureSpike	sidecars plus candidate pruning plus top-k state	MissingEvidence	MissingEvidence	Complete GDS surface; Strict holistic RAM	none
procedure	gds.knn.stream	similarity	READ	no	MissingEvidence	MissingEvidence	gitrefrepo/neo4j-gds-src/proc/similarity/src/main/java/org/neo4j/gds/similarity/knn/KnnStreamProc.java	41	NeedsArchitectureSpike	sidecars plus candidate pruning plus top-k state	MissingEvidence	MissingEvidence	Complete GDS surface; Strict holistic RAM	none
procedure	gds.knn.stream.estimate	similarity	READ	yes	MissingEvidence	MissingEvidence	gitrefrepo/neo4j-gds-src/proc/similarity/src/main/java/org/neo4j/gds/similarity/knn/KnnStreamProc.java	50	NeedsArchitectureSpike	sidecars plus candidate pruning plus top-k state	MissingEvidence	MissingEvidence	Complete GDS surface; Strict holistic RAM	none
procedure	gds.knn.write	similarity	WRITE	no	MissingEvidence	MissingEvidence	gitrefrepo/neo4j-gds-src/proc/similarity/src/main/java/org/neo4j/gds/similarity/knn/KnnWriteProc.java	42	NeedsArchitectureSpike	sidecars plus candidate pruning plus top-k state	MissingEvidence	MissingEvidence	Complete GDS surface; Strict holistic RAM	none
procedure	gds.knn.write.estimate	similarity	READ	yes	MissingEvidence	MissingEvidence	gitrefrepo/neo4j-gds-src/proc/similarity/src/main/java/org/neo4j/gds/similarity/knn/KnnWriteProc.java	51	NeedsArchitectureSpike	sidecars plus candidate pruning plus top-k state	MissingEvidence	MissingEvidence	Complete GDS surface; Strict holistic RAM	none
procedure	gds.nodeSimilarity.filtered.mutate	similarity	READ	no	MissingEvidence	MissingEvidence	gitrefrepo/neo4j-gds-src/proc/similarity/src/main/java/org/neo4j/gds/similarity/filterednodesim/FilteredNodeSimilarityMutateProc.java	42	NeedsArchitectureSpike	sidecars plus candidate pruning plus top-k state	MissingEvidence	MissingEvidence	Complete GDS surface; Strict holistic RAM	none
procedure	gds.nodeSimilarity.filtered.mutate.estimate	similarity	READ	yes	MissingEvidence	MissingEvidence	gitrefrepo/neo4j-gds-src/proc/similarity/src/main/java/org/neo4j/gds/similarity/filterednodesim/FilteredNodeSimilarityMutateProc.java	51	NeedsArchitectureSpike	sidecars plus candidate pruning plus top-k state	MissingEvidence	MissingEvidence	Complete GDS surface; Strict holistic RAM	none
procedure	gds.nodeSimilarity.filtered.stats	similarity	READ	no	MissingEvidence	MissingEvidence	gitrefrepo/neo4j-gds-src/proc/similarity/src/main/java/org/neo4j/gds/similarity/filterednodesim/FilteredNodeSimilarityStatsProc.java	42	NeedsArchitectureSpike	sidecars plus candidate pruning plus top-k state	MissingEvidence	MissingEvidence	Complete GDS surface; Strict holistic RAM	none
procedure	gds.nodeSimilarity.filtered.stats.estimate	similarity	READ	yes	MissingEvidence	MissingEvidence	gitrefrepo/neo4j-gds-src/proc/similarity/src/main/java/org/neo4j/gds/similarity/filterednodesim/FilteredNodeSimilarityStatsProc.java	51	NeedsArchitectureSpike	sidecars plus candidate pruning plus top-k state	MissingEvidence	MissingEvidence	Complete GDS surface; Strict holistic RAM	none
procedure	gds.nodeSimilarity.filtered.stream	similarity	READ	no	MissingEvidence	MissingEvidence	gitrefrepo/neo4j-gds-src/proc/similarity/src/main/java/org/neo4j/gds/similarity/filterednodesim/FilteredNodeSimilarityStreamProc.java	42	NeedsArchitectureSpike	sidecars plus candidate pruning plus top-k state	MissingEvidence	MissingEvidence	Complete GDS surface; Strict holistic RAM	none
procedure	gds.nodeSimilarity.filtered.stream.estimate	similarity	READ	yes	MissingEvidence	MissingEvidence	gitrefrepo/neo4j-gds-src/proc/similarity/src/main/java/org/neo4j/gds/similarity/filterednodesim/FilteredNodeSimilarityStreamProc.java	51	NeedsArchitectureSpike	sidecars plus candidate pruning plus top-k state	MissingEvidence	MissingEvidence	Complete GDS surface; Strict holistic RAM	none
procedure	gds.nodeSimilarity.filtered.write	similarity	WRITE	no	MissingEvidence	MissingEvidence	gitrefrepo/neo4j-gds-src/proc/similarity/src/main/java/org/neo4j/gds/similarity/filterednodesim/FilteredNodeSimilarityWriteProc.java	43	NeedsArchitectureSpike	sidecars plus candidate pruning plus top-k state	MissingEvidence	MissingEvidence	Complete GDS surface; Strict holistic RAM	none
procedure	gds.nodeSimilarity.filtered.write.estimate	similarity	READ	yes	MissingEvidence	MissingEvidence	gitrefrepo/neo4j-gds-src/proc/similarity/src/main/java/org/neo4j/gds/similarity/filterednodesim/FilteredNodeSimilarityWriteProc.java	52	NeedsArchitectureSpike	sidecars plus candidate pruning plus top-k state	MissingEvidence	MissingEvidence	Complete GDS surface; Strict holistic RAM	none
procedure	gds.nodeSimilarity.mutate	similarity	READ	no	MissingEvidence	MissingEvidence	gitrefrepo/neo4j-gds-src/proc/similarity/src/main/java/org/neo4j/gds/similarity/nodesim/NodeSimilarityMutateProc.java	41	NeedsArchitectureSpike	sidecars plus candidate pruning plus top-k state	MissingEvidence	MissingEvidence	Complete GDS surface; Strict holistic RAM	none
procedure	gds.nodeSimilarity.mutate.estimate	similarity	READ	yes	MissingEvidence	MissingEvidence	gitrefrepo/neo4j-gds-src/proc/similarity/src/main/java/org/neo4j/gds/similarity/nodesim/NodeSimilarityMutateProc.java	50	NeedsArchitectureSpike	sidecars plus candidate pruning plus top-k state	MissingEvidence	MissingEvidence	Complete GDS surface; Strict holistic RAM	none
procedure	gds.nodeSimilarity.stats	similarity	READ	no	MissingEvidence	MissingEvidence	gitrefrepo/neo4j-gds-src/proc/similarity/src/main/java/org/neo4j/gds/similarity/nodesim/NodeSimilarityStatsProc.java	41	NeedsArchitectureSpike	sidecars plus candidate pruning plus top-k state	MissingEvidence	MissingEvidence	Complete GDS surface; Strict holistic RAM	none
procedure	gds.nodeSimilarity.stats.estimate	similarity	READ	yes	MissingEvidence	MissingEvidence	gitrefrepo/neo4j-gds-src/proc/similarity/src/main/java/org/neo4j/gds/similarity/nodesim/NodeSimilarityStatsProc.java	50	NeedsArchitectureSpike	sidecars plus candidate pruning plus top-k state	MissingEvidence	MissingEvidence	Complete GDS surface; Strict holistic RAM	none
procedure	gds.nodeSimilarity.stream	similarity	READ	no	MissingEvidence	MissingEvidence	gitrefrepo/neo4j-gds-src/proc/similarity/src/main/java/org/neo4j/gds/similarity/nodesim/NodeSimilarityStreamProc.java	41	NeedsArchitectureSpike	sidecars plus candidate pruning plus top-k state	MissingEvidence	MissingEvidence	Complete GDS surface; Strict holistic RAM	none
procedure	gds.nodeSimilarity.stream.estimate	similarity	READ	yes	MissingEvidence	MissingEvidence	gitrefrepo/neo4j-gds-src/proc/similarity/src/main/java/org/neo4j/gds/similarity/nodesim/NodeSimilarityStreamProc.java	50	NeedsArchitectureSpike	sidecars plus candidate pruning plus top-k state	MissingEvidence	MissingEvidence	Complete GDS surface; Strict holistic RAM	none
procedure	gds.nodeSimilarity.write	similarity	WRITE	no	MissingEvidence	MissingEvidence	gitrefrepo/neo4j-gds-src/proc/similarity/src/main/java/org/neo4j/gds/similarity/nodesim/NodeSimilarityWriteProc.java	42	NeedsArchitectureSpike	sidecars plus candidate pruning plus top-k state	MissingEvidence	MissingEvidence	Complete GDS surface; Strict holistic RAM	none
procedure	gds.nodeSimilarity.write.estimate	similarity	READ	yes	MissingEvidence	MissingEvidence	gitrefrepo/neo4j-gds-src/proc/similarity/src/main/java/org/neo4j/gds/similarity/nodesim/NodeSimilarityWriteProc.java	51	NeedsArchitectureSpike	sidecars plus candidate pruning plus top-k state	MissingEvidence	MissingEvidence	Complete GDS surface; Strict holistic RAM	none
procedure	gds.debug.sysInfo	sysinfo	MissingEvidence	no	MissingEvidence	MissingEvidence	gitrefrepo/neo4j-gds-src/proc/sysinfo/src/main/java/org/neo4j/gds/SysInfoProc.java	63	NeedsArchitectureSpike	operations metadata	MissingEvidence	MissingEvidence	Complete GDS surface	none
user_function	gds.isLicensed	sysinfo	MissingEvidence	no	MissingEvidence	MissingEvidence	gitrefrepo/neo4j-gds-src/proc/sysinfo/src/main/java/org/neo4j/gds/LicenseStateProc.java	40	NeedsArchitectureSpike	operations metadata	MissingEvidence	MissingEvidence	Complete GDS surface	none
procedure	gds.license.state	sysinfo	MissingEvidence	no	MissingEvidence	MissingEvidence	gitrefrepo/neo4j-gds-src/proc/sysinfo/src/main/java/org/neo4j/gds/LicenseStateProc.java	34	NeedsArchitectureSpike	operations metadata	MissingEvidence	MissingEvidence	Complete GDS surface	none
procedure	gds.version	sysinfo	M	no	MissingEvidence	MissingEvidence	gitrefrepo/neo4j-gds-src/proc/sysinfo/src/main/java/org/neo4j/gds/VersionProc.java	30	NeedsArchitectureSpike	operations metadata	MissingEvidence	MissingEvidence	Complete GDS surface	none
user_function	gds.version	sysinfo	MissingEvidence	no	MissingEvidence	MissingEvidence	gitrefrepo/neo4j-gds-src/proc/sysinfo/src/main/java/org/neo4j/gds/functions/VersionFunc.java	28	NeedsArchitectureSpike	operations metadata	MissingEvidence	MissingEvidence	Complete GDS surface	none
procedure	gds.testProc.mutate	test	READ	no	MissingEvidence	MissingEvidence	gitrefrepo/neo4j-gds-src/proc/test/src/main/java/org/neo4j/gds/test/TestMutateProc.java	35	NeedsArchitectureSpike	test-only surface	MissingEvidence	MissingEvidence	Complete GDS surface	none
procedure	gds.testProc.write	test	READ	no	MissingEvidence	MissingEvidence	gitrefrepo/neo4j-gds-src/proc/test/src/main/java/org/neo4j/gds/test/TestProc.java	37	NeedsArchitectureSpike	test-only surface	MissingEvidence	MissingEvidence	Complete GDS surface	none
procedure	gds.testProc.write.estimate	test	READ	yes	MissingEvidence	MissingEvidence	gitrefrepo/neo4j-gds-src/proc/test/src/main/java/org/neo4j/gds/test/TestProc.java	49	NeedsArchitectureSpike	test-only surface	MissingEvidence	MissingEvidence	Complete GDS surface	none
